ISO-10303-21;
HEADER;
FILE_DESCRIPTION (( 'STEP AP214' ),
    '1' );
FILE_NAME ('LTST-C230KRKT.STEP',
    '2026-01-30T22:38:59',
    ( '' ),
    ( '' ),
    'SwSTEP 2.0',
    'SolidWorks 2025',
    '' );
FILE_SCHEMA (( 'AUTOMOTIVE_DESIGN' ));
ENDSEC;

DATA;
#1 = STYLED_ITEM ( 'NONE', ( #1732 ), #2275 ) ;
#2 =( GEOMETRIC_REPRESENTATION_CONTEXT ( 3 ) GLOBAL_UNCERTAINTY_ASSIGNED_CONTEXT ( ( #1532 ) ) GLOBAL_UNIT_ASSIGNED_CONTEXT ( ( #674, #2934, #911 ) ) REPRESENTATION_CONTEXT ( 'NONE', 'WORKASPACE' ) );
#3 = ORIENTED_EDGE ( 'NONE', *, *, #56, .T. ) ;
#4 = CARTESIAN_POINT ( 'NONE',  ( 1.600000000000000089, 0.01000000000000000021, 0.5000000000000000000 ) ) ;
#5 =( NAMED_UNIT ( * ) PLANE_ANGLE_UNIT ( ) SI_UNIT ( $, .RADIAN. ) );
#6 = CARTESIAN_POINT ( 'NONE',  ( -0.6976642911749999509, 0.01000000000000000021, 0.2999999999999999889 ) ) ;
#7 = DIRECTION ( 'NONE',  ( 1.000000000000000000, 1.224646799146999945E-16, 2.371692252312000027E-16 ) ) ;
#8 = DIRECTION ( 'NONE',  ( 1.000000000000000000, 1.219727444045999957E-16, 0.000000000000000000 ) ) ;
#9 = MECHANICAL_DESIGN_GEOMETRIC_PRESENTATION_REPRESENTATION (  '', ( #1303 ), #403 ) ;
#10 = ORIENTED_EDGE ( 'NONE', *, *, #342, .T. ) ;
#11 = COLOUR_RGB ( '',0.9686274509803921573, 0.8784313725490195957, 0.5999999999999999778 ) ;
#12 = ORIENTED_EDGE ( 'NONE', *, *, #2195, .T. ) ;
#13 =( NAMED_UNIT ( * ) SI_UNIT ( $, .STERADIAN. ) SOLID_ANGLE_UNIT ( ) );
#14 = FILL_AREA_STYLE ('',( #215 ) ) ;
#15 = FACE_OUTER_BOUND ( 'NONE', #2067, .T. ) ;
#16 = CARTESIAN_POINT ( 'NONE',  ( 1.600000000000000089, -4.336808689941999987E-16, -0.2599999999999999534 ) ) ;
#17 = COLOUR_RGB ( '',1.000000000000000000, 1.000000000000000000, 1.000000000000000000 ) ;
#18 = DIRECTION ( 'NONE',  ( 0.000000000000000000, 0.000000000000000000, 1.000000000000000000 ) ) ;
#19 =( NAMED_UNIT ( * ) SI_UNIT ( $, .STERADIAN. ) SOLID_ANGLE_UNIT ( ) );
#20 = LINE ( 'NONE', #1831, #2796 ) ;
#21 = ORIENTED_EDGE ( 'NONE', *, *, #1709, .F. ) ;
#22 = ORIENTED_EDGE ( 'NONE', *, *, #487, .T. ) ;
#23 = ADVANCED_FACE ( 'NONE', ( #1485 ), #1072, .F. ) ;
#24 = CARTESIAN_POINT ( 'NONE',  ( -1.600000000000000089, -4.336808689941999987E-16, 0.8000000000000000444 ) ) ;
#25 = EDGE_CURVE ( 'NONE', #1484, #2461, #595, .T. ) ;
#26 = VERTEX_POINT ( 'NONE', #2414 ) ;
#27 = EDGE_LOOP ( 'NONE', ( #1170, #2221, #827, #890 ) ) ;
#28 = CYLINDRICAL_SURFACE ( 'NONE', #580, 0.2599999999999999534 ) ;
#29 = UNCERTAINTY_MEASURE_WITH_UNIT (LENGTH_MEASURE( 1.000000000000000082E-05 ), #2284, 'distance_accuracy_value', 'NONE');
#30 = VECTOR ( 'NONE', #2619, 1000.000000000000000 ) ;
#31 = CARTESIAN_POINT ( 'NONE',  ( 0.2000000000000000111, 0.01000000000000000021, -0.8000000000000000444 ) ) ;
#32 = DIRECTION ( 'NONE',  ( -2.371692252312000027E-16, -3.009265538104999640E-32, 1.000000000000000000 ) ) ;
#33 = SURFACE_STYLE_FILL_AREA ( #2013 ) ;
#34 = FILL_AREA_STYLE_COLOUR ( '', #373 ) ;
#35 = LINE ( 'NONE', #1847, #479 ) ;
#36 = EDGE_LOOP ( 'NONE', ( #257, #1662, #1212, #212 ) ) ;
#37 = CARTESIAN_POINT ( 'NONE',  ( -0.2000000000000000111, 0.01000000000000000021, 0.2999999999999999889 ) ) ;
#38 = AXIS2_PLACEMENT_3D ( 'NONE', #564, #964, #258 ) ;
#39 = STYLED_ITEM ( 'NONE', ( #882 ), #1978 ) ;
#40 = EDGE_CURVE ( 'NONE', #1065, #905, #1720, .T. ) ;
#41 = CIRCLE ( 'NONE', #2560, 0.2599999999999999534 ) ;
#42 = ORIENTED_EDGE ( 'NONE', *, *, #1695, .T. ) ;
#43 = ORIENTED_EDGE ( 'NONE', *, *, #25, .T. ) ;
#44 = VECTOR ( 'NONE', #2506, 1000.000000000000000 ) ;
#45 = FACE_OUTER_BOUND ( 'NONE', #2527, .T. ) ;
#46 = FILL_AREA_STYLE ('',( #551 ) ) ;
#47 = DIRECTION ( 'NONE',  ( -1.000000000000000000, -1.219727444045999957E-16, 0.000000000000000000 ) ) ;
#48 = LINE ( 'NONE', #1666, #1046 ) ;
#49 = CARTESIAN_POINT ( 'NONE',  ( 1.600000000000000089, -0.5813776741500000789, 0.2599999999999999534 ) ) ;
#50 = ORIENTED_EDGE ( 'NONE', *, *, #159, .F. ) ;
#51 = LINE ( 'NONE', #768, #1913 ) ;
#52 = STYLED_ITEM ( 'NONE', ( #980 ), #611 ) ;
#53 = ORIENTED_EDGE ( 'NONE', *, *, #2416, .F. ) ;
#54 = ORIENTED_EDGE ( 'NONE', *, *, #2278, .F. ) ;
#55 = CARTESIAN_POINT ( 'NONE',  ( -0.6976642911749999509, 0.01000000000000000021, 0.2999999999999999889 ) ) ;
#56 = EDGE_CURVE ( 'NONE', #1290, #2041, #330, .T. ) ;
#57 =( GEOMETRIC_REPRESENTATION_CONTEXT ( 3 ) GLOBAL_UNCERTAINTY_ASSIGNED_CONTEXT ( ( #2170 ) ) GLOBAL_UNIT_ASSIGNED_CONTEXT ( ( #2715, #2699, #2259 ) ) REPRESENTATION_CONTEXT ( 'NONE', 'WORKASPACE' ) );
#58 = DIRECTION ( 'NONE',  ( 1.000000000000000000, 1.224646799146999945E-16, 0.000000000000000000 ) ) ;
#59 = CARTESIAN_POINT ( 'NONE',  ( 1.600000000000000089, 0.01000000000000000021, 0.5000000000000000000 ) ) ;
#60 = LINE ( 'NONE', #1231, #2412 ) ;
#61 = CLOSED_SHELL ( 'NONE', ( #1268, #2355, #359, #1760, #1350, #2624, #1201, #2085, #622, #2436, #1293, #399, #2246, #845 ) ) ;
#62 = EDGE_CURVE ( 'NONE', #2028, #1544, #348, .T. ) ;
#63 = PRODUCT_DEFINITION_SHAPE ( 'NONE', 'NONE',  #767 ) ;
#64 = LINE ( 'NONE', #2785, #447 ) ;
#65 = DIRECTION ( 'NONE',  ( 0.9961946980917473216, -0.08715574274763790430, 0.000000000000000000 ) ) ;
#66 = LINE ( 'NONE', #1641, #2474 ) ;
#67 = VECTOR ( 'NONE', #698, 1000.000000000000000 ) ;
#68 = ORIENTED_EDGE ( 'NONE', *, *, #1962, .T. ) ;
#69 =( LENGTH_UNIT ( ) NAMED_UNIT ( * ) SI_UNIT ( .MILLI., .METRE. ) );
#70 = DIRECTION ( 'NONE',  ( 0.000000000000000000, 0.000000000000000000, 1.000000000000000000 ) ) ;
#71 = ORIENTED_EDGE ( 'NONE', *, *, #2804, .F. ) ;
#72 = ORIENTED_EDGE ( 'NONE', *, *, #2863, .F. ) ;
#73 = DIRECTION ( 'NONE',  ( 0.000000000000000000, -1.000000000000000000, 0.000000000000000000 ) ) ;
#74 = VERTEX_POINT ( 'NONE', #363 ) ;
#75 = DIRECTION ( 'NONE',  ( 2.371692252312000027E-16, 2.904485325356999604E-32, -1.000000000000000000 ) ) ;
#76 =( GEOMETRIC_REPRESENTATION_CONTEXT ( 3 ) GLOBAL_UNCERTAINTY_ASSIGNED_CONTEXT ( ( #86 ) ) GLOBAL_UNIT_ASSIGNED_CONTEXT ( ( #1187, #2293, #2548 ) ) REPRESENTATION_CONTEXT ( 'NONE', 'WORKASPACE' ) );
#77 = EDGE_CURVE ( 'NONE', #393, #2556, #1084, .T. ) ;
#78 = STYLED_ITEM ( 'NONE', ( #678 ), #1478 ) ;
#79 = SURFACE_SIDE_STYLE ('',( #2122 ) ) ;
#80 = ADVANCED_FACE ( 'NONE', ( #1736 ), #851, .F. ) ;
#81 = DIRECTION ( 'NONE',  ( 0.000000000000000000, 0.000000000000000000, 1.000000000000000000 ) ) ;
#82 = PLANE ( 'NONE',  #1339 ) ;
#83 = VECTOR ( 'NONE', #2538, 1000.000000000000114 ) ;
#84 = EDGE_LOOP ( 'NONE', ( #50, #2205, #119, #1507, #351, #702 ) ) ;
#85 = FACE_OUTER_BOUND ( 'NONE', #461, .T. ) ;
#86 = UNCERTAINTY_MEASURE_WITH_UNIT (LENGTH_MEASURE( 1.000000000000000082E-05 ), #1187, 'distance_accuracy_value', 'NONE');
#87 = ORIENTED_EDGE ( 'NONE', *, *, #1726, .T. ) ;
#88 = ORIENTED_EDGE ( 'NONE', *, *, #1878, .F. ) ;
#89 = CARTESIAN_POINT ( 'NONE',  ( 1.600000000000000089, 0.000000000000000000, 0.2500000000000000000 ) ) ;
#90 = FACE_OUTER_BOUND ( 'NONE', #1167, .T. ) ;
#91 = VECTOR ( 'NONE', #1101, 1000.000000000000000 ) ;
#92 = VERTEX_POINT ( 'NONE', #1037 ) ;
#93 = LINE ( 'NONE', #59, #559 ) ;
#94 = AXIS2_PLACEMENT_3D ( 'NONE', #662, #2511, #463 ) ;
#95 = VERTEX_POINT ( 'NONE', #2656 ) ;
#96 = SURFACE_STYLE_USAGE ( .BOTH. , #79 ) ;
#97 = LINE ( 'NONE', #2635, #1940 ) ;
#98 = CARTESIAN_POINT ( 'NONE',  ( -1.600000000000000089, 0.01000000000000000021, 0.5000000000000000000 ) ) ;
#99 = SURFACE_STYLE_USAGE ( .BOTH. , #1434 ) ;
#100 = DIRECTION ( 'NONE',  ( 1.000000000000000000, 1.219727444045999957E-16, 0.000000000000000000 ) ) ;
#101 = EDGE_CURVE ( 'NONE', #814, #1194, #1936, .T. ) ;
#102 = ORIENTED_EDGE ( 'NONE', *, *, #198, .F. ) ;
#103 = CARTESIAN_POINT ( 'NONE',  ( 0.7449999999999999956, 0.2799999999999999711, -0.8000000000000000444 ) ) ;
#104 = CARTESIAN_POINT ( 'NONE',  ( -0.6274427372079999232, 1.100000000000000089, -0.8000000000000000444 ) ) ;
#105 = CARTESIAN_POINT ( 'NONE',  ( -1.600000000000000089, 0.2799999999999999711, 0.000000000000000000 ) ) ;
#106 = VERTEX_POINT ( 'NONE', #1009 ) ;
#107 = LINE ( 'NONE', #381, #2015 ) ;
#108 = PRESENTATION_STYLE_ASSIGNMENT (( #856 ) ) ;
#109 = EDGE_LOOP ( 'NONE', ( #87, #2618, #1333, #1849 ) ) ;
#110 = DIRECTION ( 'NONE',  ( 0.000000000000000000, 0.000000000000000000, -1.000000000000000000 ) ) ;
#111 = FILL_AREA_STYLE_COLOUR ( '', #1047 ) ;
#112 = CARTESIAN_POINT ( 'NONE',  ( -1.600000000000000089, -1.118033988750000152, -0.5000000000000000000 ) ) ;
#113 = PRESENTATION_STYLE_ASSIGNMENT (( #2156 ) ) ;
#114 = EDGE_CURVE ( 'NONE', #2444, #1436, #2839, .T. ) ;
#115 = EDGE_LOOP ( 'NONE', ( #651, #1871, #298, #316 ) ) ;
#116 = LINE ( 'NONE', #1763, #1715 ) ;
#117 = DIRECTION ( 'NONE',  ( 1.626303258727999778E-16, 0.000000000000000000, -1.000000000000000000 ) ) ;
#118 = ADVANCED_FACE ( 'NONE', ( #1950 ), #1534, .F. ) ;
#119 = ORIENTED_EDGE ( 'NONE', *, *, #2261, .F. ) ;
#120 = DIRECTION ( 'NONE',  ( 1.000000000000000000, 1.224646799146999945E-16, -1.089290704307999941E-16 ) ) ;
#121 = DIRECTION ( 'NONE',  ( 1.000000000000000000, 0.000000000000000000, 0.000000000000000000 ) ) ;
#122 = DIRECTION ( 'NONE',  ( 1.000000000000000000, 1.237971230602438976E-16, 0.000000000000000000 ) ) ;
#123 = DIRECTION ( 'NONE',  ( 0.000000000000000000, 0.000000000000000000, 1.000000000000000000 ) ) ;
#124 = VECTOR ( 'NONE', #489, 1000.000000000000000 ) ;
#125 =( GEOMETRIC_REPRESENTATION_CONTEXT ( 3 ) GLOBAL_UNCERTAINTY_ASSIGNED_CONTEXT ( ( #1118 ) ) GLOBAL_UNIT_ASSIGNED_CONTEXT ( ( #2297, #1163, #19 ) ) REPRESENTATION_CONTEXT ( 'NONE', 'WORKASPACE' ) );
#126 = VECTOR ( 'NONE', #2509, 1000.000000000000000 ) ;
#127 = FILL_AREA_STYLE_COLOUR ( '', #2784 ) ;
#128 = PLANE ( 'NONE',  #875 ) ;
#129 = MECHANICAL_DESIGN_GEOMETRIC_PRESENTATION_REPRESENTATION (  '', ( #229 ), #1276 ) ;
#130 = VERTEX_POINT ( 'NONE', #1762 ) ;
#131 = CARTESIAN_POINT ( 'NONE',  ( -1.600000000000000089, 0.2700000000000000178, 0.8000000000000000444 ) ) ;
#132 = CARTESIAN_POINT ( 'NONE',  ( 1.600000000000000089, 0.01000000000000000021, 0.000000000000000000 ) ) ;
#133 = ADVANCED_FACE ( 'NONE', ( #164 ), #1334, .F. ) ;
#134 = VERTEX_POINT ( 'NONE', #412 ) ;
#135 = LINE ( 'NONE', #872, #1860 ) ;
#136 = DIRECTION ( 'NONE',  ( -0.000000000000000000, 1.000000000000000000, 0.000000000000000000 ) ) ;
#137 = EDGE_CURVE ( 'NONE', #1342, #578, #1773, .T. ) ;
#138 =( NAMED_UNIT ( * ) PLANE_ANGLE_UNIT ( ) SI_UNIT ( $, .RADIAN. ) );
#139 = COLOUR_RGB ( '',0.000000000000000000, 1.000000000000000000, 0.6549019607843137303 ) ;
#140 = STYLED_ITEM ( 'NONE', ( #1267 ), #2234 ) ;
#141 = DIRECTION ( 'NONE',  ( -2.371692252312000027E-16, 0.000000000000000000, 1.000000000000000000 ) ) ;
#142 =( GEOMETRIC_REPRESENTATION_CONTEXT ( 3 ) GLOBAL_UNCERTAINTY_ASSIGNED_CONTEXT ( ( #392 ) ) GLOBAL_UNIT_ASSIGNED_CONTEXT ( ( #2014, #2431, #2867 ) ) REPRESENTATION_CONTEXT ( 'NONE', 'WORKASPACE' ) );
#143 = CARTESIAN_POINT ( 'NONE',  ( 1.100000000000000089, 0.01000000000000000021, 0.5000000000000000000 ) ) ;
#144 = FILL_AREA_STYLE ('',( #127 ) ) ;
#145 = SURFACE_STYLE_USAGE ( .BOTH. , #621 ) ;
#146 = UNCERTAINTY_MEASURE_WITH_UNIT (LENGTH_MEASURE( 1.000000000000000082E-05 ), #655, 'distance_accuracy_value', 'NONE');
#147 = ORIENTED_EDGE ( 'NONE', *, *, #1080, .F. ) ;
#148 = DIRECTION ( 'NONE',  ( 0.000000000000000000, -1.000000000000000000, 0.000000000000000000 ) ) ;
#149 =( LENGTH_UNIT ( ) NAMED_UNIT ( * ) SI_UNIT ( .MILLI., .METRE. ) );
#150 = DIRECTION ( 'NONE',  ( 0.000000000000000000, 0.000000000000000000, -1.000000000000000000 ) ) ;
#151 = VERTEX_POINT ( 'NONE', #1319 ) ;
#152 = DIRECTION ( 'NONE',  ( 0.000000000000000000, 0.000000000000000000, -1.000000000000000000 ) ) ;
#153 = DIRECTION ( 'NONE',  ( -1.000000000000000000, -1.185846126155999767E-16, 0.000000000000000000 ) ) ;
#154 = COLOUR_RGB ( '',1.000000000000000000, 1.000000000000000000, 1.000000000000000000 ) ;
#155 = PLANE ( 'NONE',  #2307 ) ;
#156 = VECTOR ( 'NONE', #2827, 1000.000000000000000 ) ;
#157 = VERTEX_POINT ( 'NONE', #178 ) ;
#158 = CARTESIAN_POINT ( 'NONE',  ( -0.2000000000000000111, 0.01000000000000000021, 0.2999999999999999889 ) ) ;
#159 = EDGE_CURVE ( 'NONE', #2628, #1617, #1550, .T. ) ;
#160 = MECHANICAL_DESIGN_GEOMETRIC_PRESENTATION_REPRESENTATION (  '', ( #1814 ), #1306 ) ;
#161 =( NAMED_UNIT ( * ) SI_UNIT ( $, .STERADIAN. ) SOLID_ANGLE_UNIT ( ) );
#162 = AXIS2_PLACEMENT_3D ( 'NONE', #2429, #1902, #613 ) ;
#163 = ORIENTED_EDGE ( 'NONE', *, *, #523, .T. ) ;
#164 = FACE_OUTER_BOUND ( 'NONE', #2776, .T. ) ;
#165 = DIRECTION ( 'NONE',  ( 0.000000000000000000, 0.000000000000000000, 1.000000000000000000 ) ) ;
#166 = VECTOR ( 'NONE', #1442, 1000.000000000000000 ) ;
#167 = ORIENTED_EDGE ( 'NONE', *, *, #1995, .F. ) ;
#168 = DIRECTION ( 'NONE',  ( -1.224646799146999945E-16, 1.000000000000000000, 0.000000000000000000 ) ) ;
#169 = FACE_OUTER_BOUND ( 'NONE', #723, .T. ) ;
#170 = ORIENTED_EDGE ( 'NONE', *, *, #2220, .F. ) ;
#171 = PRESENTATION_STYLE_ASSIGNMENT (( #1295 ) ) ;
#172 = FILL_AREA_STYLE ('',( #2890 ) ) ;
#173 = DIRECTION ( 'NONE',  ( 1.000000000000000000, 1.224646799146999945E-16, 0.000000000000000000 ) ) ;
#174 = ADVANCED_FACE ( 'NONE', ( #1107 ), #2237, .T. ) ;
#175 = STYLED_ITEM ( 'NONE', ( #1411 ), #2769 ) ;
#176 = UNCERTAINTY_MEASURE_WITH_UNIT (LENGTH_MEASURE( 1.000000000000000082E-05 ), #1493, 'distance_accuracy_value', 'NONE');
#177 = ORIENTED_EDGE ( 'NONE', *, *, #2019, .F. ) ;
#178 = CARTESIAN_POINT ( 'NONE',  ( 0.7449999999999999956, 0.2700000000000000178, 0.8000000000000000444 ) ) ;
#179 = AXIS2_PLACEMENT_3D ( 'NONE', #1297, #1931, #2169 ) ;
#180 = DIRECTION ( 'NONE',  ( -1.224646799146999945E-16, 1.000000000000000000, 0.000000000000000000 ) ) ;
#181 = CARTESIAN_POINT ( 'NONE',  ( -0.6772524721120000146, 1.054357787137000013, -0.8000000000000000444 ) ) ;
#182 = ORIENTED_EDGE ( 'NONE', *, *, #214, .F. ) ;
#183 = DIRECTION ( 'NONE',  ( 1.000000000000000000, 0.000000000000000000, 0.000000000000000000 ) ) ;
#184 =( NAMED_UNIT ( * ) SI_UNIT ( $, .STERADIAN. ) SOLID_ANGLE_UNIT ( ) );
#185 = CARTESIAN_POINT ( 'NONE',  ( 1.600000000000000089, 0.2700000000000000178, -0.8000000000000000444 ) ) ;
#186 = DIRECTION ( 'NONE',  ( -0.9961946980917473216, -0.08715574274763790430, 0.000000000000000000 ) ) ;
#187 = COLOUR_RGB ( '',1.000000000000000000, 1.000000000000000000, 1.000000000000000000 ) ;
#188 = PRESENTATION_STYLE_ASSIGNMENT (( #1560 ) ) ;
#189 = PRESENTATION_LAYER_ASSIGNMENT (  '', '', ( #1479 ) ) ;
#190 = VECTOR ( 'NONE', #1068, 1000.000000000000000 ) ;
#191 = VECTOR ( 'NONE', #547, 1000.000000000000000 ) ;
#192 = CARTESIAN_POINT ( 'NONE',  ( -0.2000000000000000111, -2.168404344970999993E-16, 0.8000000000000000444 ) ) ;
#193 = EDGE_CURVE ( 'NONE', #411, #2528, #1162, .T. ) ;
#194 = CARTESIAN_POINT ( 'NONE',  ( 0.7449999999999999956, 0.2700000000000000178, -0.8000000000000000444 ) ) ;
#195 = EDGE_LOOP ( 'NONE', ( #1375, #1142, #2328, #2557 ) ) ;
#196 = CARTESIAN_POINT ( 'NONE',  ( 1.600000000000000089, 0.2700000000000000178, 0.000000000000000000 ) ) ;
#197 = EDGE_CURVE ( 'NONE', #1436, #720, #937, .T. ) ;
#198 = EDGE_CURVE ( 'NONE', #2302, #1299, #1627, .T. ) ;
#199 = ORIENTED_EDGE ( 'NONE', *, *, #647, .T. ) ;
#200 = SURFACE_STYLE_USAGE ( .BOTH. , #1337 ) ;
#201 = PRESENTATION_LAYER_ASSIGNMENT (  '', '', ( #2763 ) ) ;
#202 = SURFACE_STYLE_FILL_AREA ( #898 ) ;
#203 = LINE ( 'NONE', #1128, #2621 ) ;
#204 = FACE_OUTER_BOUND ( 'NONE', #499, .T. ) ;
#205 = CARTESIAN_POINT ( 'NONE',  ( -0.2000000000000000111, 0.01000000000000000021, -0.8000000000000000444 ) ) ;
#206 = VECTOR ( 'NONE', #75, 1000.000000000000000 ) ;
#207 = DIRECTION ( 'NONE',  ( 0.000000000000000000, 0.000000000000000000, 1.000000000000000000 ) ) ;
#208 = EDGE_LOOP ( 'NONE', ( #2516, #1727, #482, #1120 ) ) ;
#209 = DIRECTION ( 'NONE',  ( 1.000000000000000000, 1.185846126155999767E-16, 0.000000000000000000 ) ) ;
#210 = PRESENTATION_LAYER_ASSIGNMENT (  '', '', ( #739 ) ) ;
#211 = EDGE_CURVE ( 'NONE', #2313, #444, #1929, .T. ) ;
#212 = ORIENTED_EDGE ( 'NONE', *, *, #785, .T. ) ;
#213 = CARTESIAN_POINT ( 'NONE',  ( -1.185846126155999867E-18, 0.01000000000000000021, -2.812462069838000184E-34 ) ) ;
#214 = EDGE_CURVE ( 'NONE', #1488, #26, #984, .T. ) ;
#215 = FILL_AREA_STYLE_COLOUR ( '', #1731 ) ;
#216 = VECTOR ( 'NONE', #2923, 1000.000000000000000 ) ;
#217 = DIRECTION ( 'NONE',  ( -1.000000000000000000, -1.225452042346000054E-16, -1.089290704307999941E-16 ) ) ;
#218 = DIRECTION ( 'NONE',  ( 1.000000000000000000, 1.224646799146999945E-16, 0.000000000000000000 ) ) ;
#219 = DIRECTION ( 'NONE',  ( -0.000000000000000000, 1.000000000000000000, 0.000000000000000000 ) ) ;
#220 = VERTEX_POINT ( 'NONE', #1712 ) ;
#221 = SURFACE_STYLE_FILL_AREA ( #1561 ) ;
#222 = SURFACE_SIDE_STYLE ('',( #902 ) ) ;
#223 = ORIENTED_EDGE ( 'NONE', *, *, #2879, .F. ) ;
#224 = FACE_OUTER_BOUND ( 'NONE', #2282, .T. ) ;
#225 = COLOUR_RGB ( '',1.000000000000000000, 1.000000000000000000, 1.000000000000000000 ) ;
#226 = MECHANICAL_DESIGN_GEOMETRIC_PRESENTATION_REPRESENTATION (  '', ( #428 ), #1275 ) ;
#227 = ORIENTED_EDGE ( 'NONE', *, *, #966, .T. ) ;
#228 = DIRECTION ( 'NONE',  ( 0.000000000000000000, -1.000000000000000000, 0.000000000000000000 ) ) ;
#229 = STYLED_ITEM ( 'NONE', ( #605 ), #1636 ) ;
#230 = EDGE_CURVE ( 'NONE', #253, #1735, #1862, .T. ) ;
#231 =( LENGTH_UNIT ( ) NAMED_UNIT ( * ) SI_UNIT ( .MILLI., .METRE. ) );
#232 = LINE ( 'NONE', #1327, #2566 ) ;
#233 = VECTOR ( 'NONE', #2809, 1000.000000000000000 ) ;
#234 =( NAMED_UNIT ( * ) PLANE_ANGLE_UNIT ( ) SI_UNIT ( $, .RADIAN. ) );
#235 = CARTESIAN_POINT ( 'NONE',  ( 0.2000000000000000111, -2.168404344970999993E-16, 0.8000000000000000444 ) ) ;
#236 = STYLED_ITEM ( 'NONE', ( #1312 ), #2677 ) ;
#237 = VECTOR ( 'NONE', #2174, 1000.000000000000000 ) ;
#238 = ORIENTED_EDGE ( 'NONE', *, *, #589, .F. ) ;
#239 = SURFACE_SIDE_STYLE ('',( #2042 ) ) ;
#240 = ORIENTED_EDGE ( 'NONE', *, *, #1589, .F. ) ;
#241 = SURFACE_SIDE_STYLE ('',( #1788 ) ) ;
#242 =( LENGTH_UNIT ( ) NAMED_UNIT ( * ) SI_UNIT ( .MILLI., .METRE. ) );
#243 = PLANE ( 'NONE',  #1289 ) ;
#244 = CARTESIAN_POINT ( 'NONE',  ( 1.600000000000000089, 0.01000000000000000021, 0.5000000000000000000 ) ) ;
#245 = EDGE_CURVE ( 'NONE', #1544, #157, #48, .T. ) ;
#246 = SURFACE_SIDE_STYLE ('',( #1566 ) ) ;
#247 = EDGE_CURVE ( 'NONE', #1799, #2146, #556, .T. ) ;
#248 = DIRECTION ( 'NONE',  ( -2.371692252312000027E-16, 0.000000000000000000, 1.000000000000000000 ) ) ;
#249 = CARTESIAN_POINT ( 'NONE',  ( -0.2000000000000000111, 0.01000000000000000021, 0.8000000000000000444 ) ) ;
#250 =( GEOMETRIC_REPRESENTATION_CONTEXT ( 3 ) GLOBAL_UNCERTAINTY_ASSIGNED_CONTEXT ( ( #2627 ) ) GLOBAL_UNIT_ASSIGNED_CONTEXT ( ( #2119, #1890, #184 ) ) REPRESENTATION_CONTEXT ( 'NONE', 'WORKASPACE' ) );
#251 = ORIENTED_EDGE ( 'NONE', *, *, #983, .T. ) ;
#252 = VECTOR ( 'NONE', #1076, 1000.000000000000000 ) ;
#253 = VERTEX_POINT ( 'NONE', #1016 ) ;
#254 = CARTESIAN_POINT ( 'NONE',  ( 1.600000000000000089, 0.01000000000000000021, 0.5000000000000000000 ) ) ;
#255 =( GEOMETRIC_REPRESENTATION_CONTEXT ( 3 ) GLOBAL_UNCERTAINTY_ASSIGNED_CONTEXT ( ( #1733 ) ) GLOBAL_UNIT_ASSIGNED_CONTEXT ( ( #494, #2080, #2541 ) ) REPRESENTATION_CONTEXT ( 'NONE', 'WORKASPACE' ) );
#256 = EDGE_LOOP ( 'NONE', ( #1457, #1425, #2747, #318, #683, #2272, #2117, #2381 ) ) ;
#257 = ORIENTED_EDGE ( 'NONE', *, *, #680, .F. ) ;
#258 = DIRECTION ( 'NONE',  ( -1.224646799146999945E-16, 1.000000000000000000, 0.000000000000000000 ) ) ;
#259 = VECTOR ( 'NONE', #2150, 1000.000000000000000 ) ;
#260 = SURFACE_STYLE_FILL_AREA ( #46 ) ;
#261 =( LENGTH_UNIT ( ) NAMED_UNIT ( * ) SI_UNIT ( .MILLI., .METRE. ) );
#262 = CARTESIAN_POINT ( 'NONE',  ( 1.600000000000000089, 0.2700000000000000178, 0.2599999999999999534 ) ) ;
#263 = STYLED_ITEM ( 'NONE', ( #2251 ), #502 ) ;
#264 = EDGE_CURVE ( 'NONE', #2302, #2461, #1283, .T. ) ;
#265 = CARTESIAN_POINT ( 'NONE',  ( -1.600000000000000089, 0.01000000000000000021, 0.000000000000000000 ) ) ;
#266 = ORIENTED_EDGE ( 'NONE', *, *, #1103, .T. ) ;
#267 = ORIENTED_EDGE ( 'NONE', *, *, #282, .F. ) ;
#268 = FILL_AREA_STYLE ('',( #2269 ) ) ;
#269 = ORIENTED_EDGE ( 'NONE', *, *, #416, .T. ) ;
#270 = VERTEX_POINT ( 'NONE', #762 ) ;
#271 = CARTESIAN_POINT ( 'NONE',  ( 0.7449999999999999956, 0.2799999999999999711, 0.8000000000000000444 ) ) ;
#272 = STYLED_ITEM ( 'NONE', ( #113 ), #1417 ) ;
#273 = VECTOR ( 'NONE', #278, 1000.000000000000000 ) ;
#274 =( NAMED_UNIT ( * ) SI_UNIT ( $, .STERADIAN. ) SOLID_ANGLE_UNIT ( ) );
#275 = CARTESIAN_POINT ( 'NONE',  ( 1.100000000000000089, 0.000000000000000000, -0.5000000000000000000 ) ) ;
#276 = COLOUR_RGB ( '',1.000000000000000000, 1.000000000000000000, 1.000000000000000000 ) ;
#277 = FILL_AREA_STYLE_COLOUR ( '', #422 ) ;
#278 = DIRECTION ( 'NONE',  ( 0.000000000000000000, 0.000000000000000000, -1.000000000000000000 ) ) ;
#279 =( NAMED_UNIT ( * ) SI_UNIT ( $, .STERADIAN. ) SOLID_ANGLE_UNIT ( ) );
#280 = CARTESIAN_POINT ( 'NONE',  ( 1.600000000000000089, -1.118033988750000152, -0.5000000000000000000 ) ) ;
#281 = EDGE_LOOP ( 'NONE', ( #914, #177, #2631, #943 ) ) ;
#282 = EDGE_CURVE ( 'NONE', #545, #1671, #1443, .T. ) ;
#283 = CARTESIAN_POINT ( 'NONE',  ( -1.600000000000000089, 0.01000000000000000021, 0.5000000000000000000 ) ) ;
#284 = AXIS2_PLACEMENT_3D ( 'NONE', #2466, #1794, #2242 ) ;
#285 = PRESENTATION_LAYER_ASSIGNMENT (  '', '', ( #39 ) ) ;
#286 =( GEOMETRIC_REPRESENTATION_CONTEXT ( 3 ) GLOBAL_UNCERTAINTY_ASSIGNED_CONTEXT ( ( #1223 ) ) GLOBAL_UNIT_ASSIGNED_CONTEXT ( ( #2229, #1574, #900 ) ) REPRESENTATION_CONTEXT ( 'NONE', 'WORKASPACE' ) );
#287 = VERTEX_POINT ( 'NONE', #2108 ) ;
#288 = ORIENTED_EDGE ( 'NONE', *, *, #2756, .F. ) ;
#289 = CARTESIAN_POINT ( 'NONE',  ( 1.600000000000000089, 0.01000000000000000021, -0.2599999999999999534 ) ) ;
#290 = EDGE_CURVE ( 'NONE', #452, #544, #2550, .T. ) ;
#291 = EDGE_CURVE ( 'NONE', #1407, #270, #969, .T. ) ;
#292 = DIRECTION ( 'NONE',  ( -1.000000000000000000, 0.000000000000000000, 0.000000000000000000 ) ) ;
#293 = DIRECTION ( 'NONE',  ( -1.000000000000000000, -1.727969913732999869E-16, 0.000000000000000000 ) ) ;
#294 = DIRECTION ( 'NONE',  ( 0.000000000000000000, 0.000000000000000000, -1.000000000000000000 ) ) ;
#295 = CARTESIAN_POINT ( 'NONE',  ( -0.2000000000000000111, -2.449293598295000203E-17, 0.2999999999999999889 ) ) ;
#296 = FACE_OUTER_BOUND ( 'NONE', #2774, .T. ) ;
#297 = CARTESIAN_POINT ( 'NONE',  ( 1.600000000000000089, 0.2799999999999999711, -0.8000000000000000444 ) ) ;
#298 = ORIENTED_EDGE ( 'NONE', *, *, #137, .T. ) ;
#299 = CARTESIAN_POINT ( 'NONE',  ( -1.224646799146999976E-18, 0.01000000000000000021, 0.000000000000000000 ) ) ;
#300 = CARTESIAN_POINT ( 'NONE',  ( -1.100000000000000089, 0.01000000000000000021, 0.5000000000000000000 ) ) ;
#301 = ORIENTED_EDGE ( 'NONE', *, *, #114, .T. ) ;
#302 = ORIENTED_EDGE ( 'NONE', *, *, #323, .F. ) ;
#303 = CARTESIAN_POINT ( 'NONE',  ( 1.600000000000000089, 0.2700000000000000178, 0.2599999999999999534 ) ) ;
#304 = PRESENTATION_LAYER_ASSIGNMENT (  '', '', ( #1303 ) ) ;
#305 = EDGE_CURVE ( 'NONE', #814, #253, #2832, .T. ) ;
#306 = ADVANCED_FACE ( 'NONE', ( #309 ), #1218, .F. ) ;
#307 = ORIENTED_EDGE ( 'NONE', *, *, #1726, .F. ) ;
#308 = LINE ( 'NONE', #1460, #1325 ) ;
#309 = FACE_OUTER_BOUND ( 'NONE', #1165, .T. ) ;
#310 = LINE ( 'NONE', #1846, #1754 ) ;
#311 = CARTESIAN_POINT ( 'NONE',  ( -0.2000000000000000111, -2.449293598295000203E-17, 0.8000000000000000444 ) ) ;
#312 = MECHANICAL_DESIGN_GEOMETRIC_PRESENTATION_REPRESENTATION (  '', ( #458 ), #2345 ) ;
#313 = ORIENTED_EDGE ( 'NONE', *, *, #523, .F. ) ;
#314 = DIRECTION ( 'NONE',  ( 1.000000000000000000, 1.224646799146999945E-16, 0.000000000000000000 ) ) ;
#315 = ORIENTED_EDGE ( 'NONE', *, *, #1578, .F. ) ;
#316 = ORIENTED_EDGE ( 'NONE', *, *, #1878, .T. ) ;
#317 = DIRECTION ( 'NONE',  ( 0.000000000000000000, -1.000000000000000000, 0.000000000000000000 ) ) ;
#318 = ORIENTED_EDGE ( 'NONE', *, *, #1795, .F. ) ;
#319 = EDGE_CURVE ( 'NONE', #893, #1467, #2326, .T. ) ;
#320 = CARTESIAN_POINT ( 'NONE',  ( -0.2000000000000000111, -1.834611997030999975, -0.8000000000000000444 ) ) ;
#321 = CIRCLE ( 'NONE', #1274, 0.2500000000000000000 ) ;
#322 = FILL_AREA_STYLE_COLOUR ( '', #225 ) ;
#323 = EDGE_CURVE ( 'NONE', #2528, #1071, #2816, .T. ) ;
#324 =( GEOMETRIC_REPRESENTATION_CONTEXT ( 3 ) GLOBAL_UNCERTAINTY_ASSIGNED_CONTEXT ( ( #880 ) ) GLOBAL_UNIT_ASSIGNED_CONTEXT ( ( #1781, #1385, #901 ) ) REPRESENTATION_CONTEXT ( 'NONE', 'WORKASPACE' ) );
#325 = VERTEX_POINT ( 'NONE', #1205 ) ;
#326 = DIRECTION ( 'NONE',  ( 1.224646799146999945E-16, -1.000000000000000000, 0.000000000000000000 ) ) ;
#327 = DIRECTION ( 'NONE',  ( 0.000000000000000000, 1.000000000000000000, 0.000000000000000000 ) ) ;
#328 = CARTESIAN_POINT ( 'NONE',  ( -1.600000000000000089, -0.5813776741500000789, 0.2599999999999999534 ) ) ;
#329 = ORIENTED_EDGE ( 'NONE', *, *, #2486, .F. ) ;
#330 = LINE ( 'NONE', #2808, #2209 ) ;
#331 = VECTOR ( 'NONE', #2883, 1000.000000000000000 ) ;
#332 = CARTESIAN_POINT ( 'NONE',  ( -0.2000000000000000111, -2.168404344970999993E-16, 0.2999999999999999889 ) ) ;
#333 = VECTOR ( 'NONE', #1085, 1000.000000000000000 ) ;
#334 = VECTOR ( 'NONE', #209, 1000.000000000000000 ) ;
#335 = ORIENTED_EDGE ( 'NONE', *, *, #2220, .T. ) ;
#336 = CARTESIAN_POINT ( 'NONE',  ( 0.2000000000000000111, 0.01000000000000000021, -0.8000000000000000444 ) ) ;
#337 = CARTESIAN_POINT ( 'NONE',  ( -0.6976642911749999509, -2.168404344970999993E-16, -0.2999999999999999889 ) ) ;
#338 = CARTESIAN_POINT ( 'NONE',  ( 1.600000000000000089, -4.179389326704999716E-17, -0.8000000000000000444 ) ) ;
#339 = CARTESIAN_POINT ( 'NONE',  ( 0.7449999999999999956, 0.2799999999999999711, 0.8000000000000000444 ) ) ;
#340 = FILL_AREA_STYLE_COLOUR ( '', #666 ) ;
#341 = CARTESIAN_POINT ( 'NONE',  ( 1.600000000000000089, 1.959434878636000163E-16, 0.5000000000000000000 ) ) ;
#342 = EDGE_CURVE ( 'NONE', #2461, #1407, #64, .T. ) ;
#343 = ADVANCED_FACE ( 'NONE', ( #1475 ), #1232, .F. ) ;
#344 = SURFACE_STYLE_FILL_AREA ( #1480 ) ;
#345 = CARTESIAN_POINT ( 'NONE',  ( -0.6274427372079999232, 1.100000000000000089, 0.8000000000000000444 ) ) ;
#346 = AXIS2_PLACEMENT_3D ( 'NONE', #2828, #840, #1708 ) ;
#347 = ORIENTED_EDGE ( 'NONE', *, *, #2019, .T. ) ;
#348 = LINE ( 'NONE', #103, #2494 ) ;
#349 = CARTESIAN_POINT ( 'NONE',  ( 1.100000000000000089, 0.01000000000000000021, -0.5000000000000000000 ) ) ;
#350 = SURFACE_SIDE_STYLE ('',( #1469 ) ) ;
#351 = ORIENTED_EDGE ( 'NONE', *, *, #441, .T. ) ;
#352 = FACE_OUTER_BOUND ( 'NONE', #1767, .T. ) ;
#353 = CARTESIAN_POINT ( 'NONE',  ( -1.100000000000000089, 0.01000000000000000021, 0.5000000000000000000 ) ) ;
#354 = DIRECTION ( 'NONE',  ( 0.000000000000000000, 0.000000000000000000, 1.000000000000000000 ) ) ;
#355 = ORIENTED_EDGE ( 'NONE', *, *, #2195, .F. ) ;
#356 = DIRECTION ( 'NONE',  ( -1.000000000000000000, -1.224646799146999945E-16, -2.371692252312000027E-16 ) ) ;
#357 = FACE_OUTER_BOUND ( 'NONE', #2389, .T. ) ;
#358 = CLOSED_SHELL ( 'NONE', ( #80, #2230, #2234, #1035, #569, #343, #1439, #506, #1598, #725, #1119, #2300, #611, #502, #2275, #2736, #1363, #2733, #2769, #656, #1478, #174, #883, #1576, #2806, #1399, #2677, #1636, #747, #1605, #745, #1498, #2033, #1654 ) ) ;
#359 = ADVANCED_FACE ( 'NONE', ( #604 ), #2451, .F. ) ;
#360 =( LENGTH_UNIT ( ) NAMED_UNIT ( * ) SI_UNIT ( .MILLI., .METRE. ) );
#361 = UNCERTAINTY_MEASURE_WITH_UNIT (LENGTH_MEASURE( 1.000000000000000082E-05 ), #1845, 'distance_accuracy_value', 'NONE');
#362 = ORIENTED_EDGE ( 'NONE', *, *, #915, .F. ) ;
#363 = CARTESIAN_POINT ( 'NONE',  ( 1.100000000000000089, 1.347111479062000249E-16, -0.5000000000000000000 ) ) ;
#364 = CARTESIAN_POINT ( 'NONE',  ( -1.100000000000000089, -4.336808689941999987E-16, -0.5000000000000000000 ) ) ;
#365 = CARTESIAN_POINT ( 'NONE',  ( -0.7449999999999999956, 0.2799999999999999711, -0.8000000000000000444 ) ) ;
#366 = ORIENTED_EDGE ( 'NONE', *, *, #2537, .T. ) ;
#367 = DIRECTION ( 'NONE',  ( -1.224646799146999945E-16, 1.000000000000000000, 0.000000000000000000 ) ) ;
#368 = FACE_OUTER_BOUND ( 'NONE', #413, .T. ) ;
#369 = ORIENTED_EDGE ( 'NONE', *, *, #946, .F. ) ;
#370 =( LENGTH_UNIT ( ) NAMED_UNIT ( * ) SI_UNIT ( .MILLI., .METRE. ) );
#371 = CYLINDRICAL_SURFACE ( 'NONE', #874, 0.2500000000000000000 ) ;
#372 = AXIS2_PLACEMENT_3D ( 'NONE', #1125, #1143, #457 ) ;
#373 = COLOUR_RGB ( '',1.000000000000000000, 1.000000000000000000, 1.000000000000000000 ) ;
#374 = CARTESIAN_POINT ( 'NONE',  ( -0.2000000000000000111, 0.01000000000000000021, 0.2999999999999999889 ) ) ;
#375 = COLOUR_RGB ( '',1.000000000000000000, 1.000000000000000000, 1.000000000000000000 ) ;
#376 = ORIENTED_EDGE ( 'NONE', *, *, #965, .T. ) ;
#377 = DIRECTION ( 'NONE',  ( 0.000000000000000000, -1.000000000000000000, 0.000000000000000000 ) ) ;
#378 = LINE ( 'NONE', #1518, #2184 ) ;
#379 = VECTOR ( 'NONE', #531, 1000.000000000000000 ) ;
#380 = VERTEX_POINT ( 'NONE', #842 ) ;
#381 = CARTESIAN_POINT ( 'NONE',  ( -0.7449999999999999956, 0.2799999999999999711, -0.8000000000000000444 ) ) ;
#382 = EDGE_CURVE ( 'NONE', #692, #270, #1277, .T. ) ;
#383 = DIRECTION ( 'NONE',  ( -1.224646799146999945E-16, 1.000000000000000000, 1.047802127484999846E-33 ) ) ;
#384 = FILL_AREA_STYLE_COLOUR ( '', #2877 ) ;
#385 = VECTOR ( 'NONE', #2123, 1000.000000000000000 ) ;
#386 = COLOUR_RGB ( '',1.000000000000000000, 1.000000000000000000, 1.000000000000000000 ) ;
#387 = VECTOR ( 'NONE', #2457, 1000.000000000000000 ) ;
#388 = ORIENTED_EDGE ( 'NONE', *, *, #660, .T. ) ;
#389 = STYLED_ITEM ( 'NONE', ( #2841 ), #1897 ) ;
#390 = CARTESIAN_POINT ( 'NONE',  ( -1.100000000000000089, 0.01000000000000000021, 0.5000000000000000000 ) ) ;
#391 = SURFACE_STYLE_FILL_AREA ( #2895 ) ;
#392 = UNCERTAINTY_MEASURE_WITH_UNIT (LENGTH_MEASURE( 1.000000000000000082E-05 ), #2014, 'distance_accuracy_value', 'NONE');
#393 = VERTEX_POINT ( 'NONE', #1066 ) ;
#394 = FILL_AREA_STYLE_COLOUR ( '', #1595 ) ;
#395 = CARTESIAN_POINT ( 'NONE',  ( -0.2000000000000000111, 0.01000000000000000021, -0.8000000000000000444 ) ) ;
#396 = ORIENTED_EDGE ( 'NONE', *, *, #1655, .F. ) ;
#397 = DIRECTION ( 'NONE',  ( 1.000000000000000000, 0.000000000000000000, 0.000000000000000000 ) ) ;
#398 = CARTESIAN_POINT ( 'NONE',  ( -0.2000000000000000111, -2.168404344970999993E-16, -0.2999999999999999889 ) ) ;
#399 = ADVANCED_FACE ( 'NONE', ( #2690 ), #859, .F. ) ;
#400 = AXIS2_PLACEMENT_3D ( 'NONE', #1043, #810, #1542 ) ;
#401 = CARTESIAN_POINT ( 'NONE',  ( 1.600000000000000089, 0.01000000000000000021, 0.000000000000000000 ) ) ;
#402 = ADVANCED_FACE ( 'NONE', ( #1545 ), #2179, .F. ) ;
#403 =( GEOMETRIC_REPRESENTATION_CONTEXT ( 3 ) GLOBAL_UNCERTAINTY_ASSIGNED_CONTEXT ( ( #1317 ) ) GLOBAL_UNIT_ASSIGNED_CONTEXT ( ( #1857, #1409, #274 ) ) REPRESENTATION_CONTEXT ( 'NONE', 'WORKASPACE' ) );
#404 = VERTEX_POINT ( 'NONE', #185 ) ;
#405 = LINE ( 'NONE', #2907, #1511 ) ;
#406 = SURFACE_STYLE_USAGE ( .BOTH. , #638 ) ;
#407 = AXIS2_PLACEMENT_3D ( 'NONE', #299, #960, #1210 ) ;
#408 = VECTOR ( 'NONE', #1462, 1000.000000000000000 ) ;
#409 = PLANE ( 'NONE',  #179 ) ;
#410 = CLOSED_SHELL ( 'NONE', ( #1978, #402, #2064, #118, #2936, #1897, #1139, #1347, #2932, #1329 ) ) ;
#411 = VERTEX_POINT ( 'NONE', #1769 ) ;
#412 = CARTESIAN_POINT ( 'NONE',  ( -1.600000000000000089, 0.01000000000000000021, 0.2599999999999999534 ) ) ;
#413 = EDGE_LOOP ( 'NONE', ( #475, #1154, #1474, #388, #443, #2899 ) ) ;
#414 = LINE ( 'NONE', #1061, #1548 ) ;
#415 = DIRECTION ( 'NONE',  ( 0.000000000000000000, -1.000000000000000000, -1.438776587119999941E-32 ) ) ;
#416 = EDGE_CURVE ( 'NONE', #1614, #720, #2663, .T. ) ;
#417 = CARTESIAN_POINT ( 'NONE',  ( -0.6976642911749999509, 0.01000000000000000021, 0.2999999999999999889 ) ) ;
#418 = DIRECTION ( 'NONE',  ( -1.000000000000000000, 0.000000000000000000, 0.000000000000000000 ) ) ;
#419 = FILL_AREA_STYLE ('',( #2729 ) ) ;
#420 = DIRECTION ( 'NONE',  ( 0.000000000000000000, 0.000000000000000000, -1.000000000000000000 ) ) ;
#421 = DIRECTION ( 'NONE',  ( 1.000000000000000000, 1.224646799146999945E-16, 4.065542770818000130E-51 ) ) ;
#422 = COLOUR_RGB ( '',1.000000000000000000, 1.000000000000000000, 1.000000000000000000 ) ;
#423 = EDGE_CURVE ( 'NONE', #1065, #1881, #1527, .T. ) ;
#424 = UNCERTAINTY_MEASURE_WITH_UNIT (LENGTH_MEASURE( 1.000000000000000082E-05 ), #69, 'distance_accuracy_value', 'NONE');
#425 = AXIS2_PLACEMENT_3D ( 'NONE', #2296, #1384, #2279 ) ;
#426 = EDGE_LOOP ( 'NONE', ( #2099, #917, #1982, #2752 ) ) ;
#427 =( NAMED_UNIT ( * ) SI_UNIT ( $, .STERADIAN. ) SOLID_ANGLE_UNIT ( ) );
#428 = STYLED_ITEM ( 'NONE', ( #1219 ), #1498 ) ;
#429 = EDGE_LOOP ( 'NONE', ( #1599, #2491, #2398, #603, #1247, #2161 ) ) ;
#430 = FILL_AREA_STYLE_COLOUR ( '', #791 ) ;
#431 = SURFACE_STYLE_USAGE ( .BOTH. , #2519 ) ;
#432 = DIRECTION ( 'NONE',  ( 0.000000000000000000, 0.000000000000000000, 1.000000000000000000 ) ) ;
#433 = LINE ( 'NONE', #2241, #1803 ) ;
#434 =( GEOMETRIC_REPRESENTATION_CONTEXT ( 3 ) GLOBAL_UNCERTAINTY_ASSIGNED_CONTEXT ( ( #1090 ) ) GLOBAL_UNIT_ASSIGNED_CONTEXT ( ( #242, #1570, #2905 ) ) REPRESENTATION_CONTEXT ( 'NONE', 'WORKASPACE' ) );
#435 = FILL_AREA_STYLE_COLOUR ( '', #1006 ) ;
#436 = VECTOR ( 'NONE', #2775, 1000.000000000000000 ) ;
#437 = COLOUR_RGB ( '',1.000000000000000000, 1.000000000000000000, 1.000000000000000000 ) ;
#438 = VECTOR ( 'NONE', #418, 1000.000000000000000 ) ;
#439 = ORIENTED_EDGE ( 'NONE', *, *, #846, .T. ) ;
#440 = DIRECTION ( 'NONE',  ( 1.224646799146999945E-16, -1.000000000000000000, 0.000000000000000000 ) ) ;
#441 = EDGE_CURVE ( 'NONE', #1647, #2714, #876, .T. ) ;
#442 = EDGE_CURVE ( 'NONE', #2116, #2041, #405, .T. ) ;
#443 = ORIENTED_EDGE ( 'NONE', *, *, #1138, .T. ) ;
#444 = VERTEX_POINT ( 'NONE', #648 ) ;
#445 = DIRECTION ( 'NONE',  ( 1.000000000000000000, 0.000000000000000000, 0.000000000000000000 ) ) ;
#446 = SHAPE_DEFINITION_REPRESENTATION ( #63, #2766 ) ;
#447 = VECTOR ( 'NONE', #535, 1000.000000000000000 ) ;
#448 = STYLED_ITEM ( 'NONE', ( #2007 ), #745 ) ;
#449 = PRESENTATION_STYLE_ASSIGNMENT (( #2482 ) ) ;
#450 = PLANE ( 'NONE',  #1706 ) ;
#451 = COLOUR_RGB ( '',1.000000000000000000, 1.000000000000000000, 1.000000000000000000 ) ;
#452 = VERTEX_POINT ( 'NONE', #1099 ) ;
#453 = EDGE_CURVE ( 'NONE', #2500, #2886, #1992, .T. ) ;
#454 = VERTEX_POINT ( 'NONE', #2291 ) ;
#455 = SURFACE_STYLE_USAGE ( .BOTH. , #241 ) ;
#456 = DIRECTION ( 'NONE',  ( 1.000000000000000000, 0.000000000000000000, 0.000000000000000000 ) ) ;
#457 = DIRECTION ( 'NONE',  ( 1.000000000000000000, 0.000000000000000000, 0.000000000000000000 ) ) ;
#458 = STYLED_ITEM ( 'NONE', ( #449 ), #506 ) ;
#459 = CARTESIAN_POINT ( 'NONE',  ( 1.600000000000000089, -4.179389326704999716E-17, 0.8000000000000000444 ) ) ;
#460 =( NAMED_UNIT ( * ) SI_UNIT ( $, .STERADIAN. ) SOLID_ANGLE_UNIT ( ) );
#461 = EDGE_LOOP ( 'NONE', ( #10, #2675, #102, #738 ) ) ;
#462 = LINE ( 'NONE', #2280, #571 ) ;
#463 = DIRECTION ( 'NONE',  ( 0.000000000000000000, -1.000000000000000000, 0.000000000000000000 ) ) ;
#464 = ORIENTED_EDGE ( 'NONE', *, *, #2525, .T. ) ;
#465 = SURFACE_STYLE_USAGE ( .BOTH. , #2499 ) ;
#466 = ORIENTED_EDGE ( 'NONE', *, *, #2314, .F. ) ;
#467 = DIRECTION ( 'NONE',  ( 0.000000000000000000, 0.000000000000000000, -1.000000000000000000 ) ) ;
#468 = EDGE_CURVE ( 'NONE', #2671, #2738, #687, .T. ) ;
#469 = STYLED_ITEM ( 'NONE', ( #1546 ), #1598 ) ;
#470 = EDGE_CURVE ( 'NONE', #1745, #1539, #2059, .T. ) ;
#471 = CARTESIAN_POINT ( 'NONE',  ( 0.6772524721120000146, 1.054357787137000013, -0.8000000000000000444 ) ) ;
#472 = DIRECTION ( 'NONE',  ( -1.000000000000000000, 0.000000000000000000, 0.000000000000000000 ) ) ;
#473 = CARTESIAN_POINT ( 'NONE',  ( 1.600000000000000089, 0.2799999999999999711, 0.000000000000000000 ) ) ;
#474 = VECTOR ( 'NONE', #788, 1000.000000000000000 ) ;
#475 = ORIENTED_EDGE ( 'NONE', *, *, #1168, .F. ) ;
#476 = SURFACE_STYLE_USAGE ( .BOTH. , #952 ) ;
#477 = SURFACE_STYLE_USAGE ( .BOTH. , #2510 ) ;
#478 = FILL_AREA_STYLE ('',( #1782 ) ) ;
#479 = VECTOR ( 'NONE', #1192, 1000.000000000000000 ) ;
#480 = VECTOR ( 'NONE', #1321, 1000.000000000000000 ) ;
#481 = VERTEX_POINT ( 'NONE', #1127 ) ;
#482 = ORIENTED_EDGE ( 'NONE', *, *, #680, .T. ) ;
#483 = AXIS2_PLACEMENT_3D ( 'NONE', #2638, #879, #1757 ) ;
#484 = CARTESIAN_POINT ( 'NONE',  ( 1.600000000000000089, 0.2700000000000000178, -0.8000000000000000444 ) ) ;
#485 = ORIENTED_EDGE ( 'NONE', *, *, #1197, .F. ) ;
#486 = VERTEX_POINT ( 'NONE', #471 ) ;
#487 = EDGE_CURVE ( 'NONE', #962, #2313, #1606, .T. ) ;
#488 = CARTESIAN_POINT ( 'NONE',  ( 1.600000000000000089, 0.01000000000000000021, 0.000000000000000000 ) ) ;
#489 = DIRECTION ( 'NONE',  ( 0.000000000000000000, 0.000000000000000000, 1.000000000000000000 ) ) ;
#490 = DIRECTION ( 'NONE',  ( 1.224646799146999945E-16, -1.000000000000000000, 0.000000000000000000 ) ) ;
#491 = VERTEX_POINT ( 'NONE', #2495 ) ;
#492 = VECTOR ( 'NONE', #58, 1000.000000000000000 ) ;
#493 = ORIENTED_EDGE ( 'NONE', *, *, #647, .F. ) ;
#494 =( LENGTH_UNIT ( ) NAMED_UNIT ( * ) SI_UNIT ( .MILLI., .METRE. ) );
#495 = LINE ( 'NONE', #1389, #2003 ) ;
#496 = ORIENTED_EDGE ( 'NONE', *, *, #2086, .F. ) ;
#497 = ORIENTED_EDGE ( 'NONE', *, *, #2314, .T. ) ;
#498 = SURFACE_STYLE_FILL_AREA ( #1426 ) ;
#499 = EDGE_LOOP ( 'NONE', ( #2088, #2468, #355, #1403 ) ) ;
#500 = CARTESIAN_POINT ( 'NONE',  ( -0.2000000000000000111, 0.01000000000000000021, 0.8000000000000000444 ) ) ;
#501 = CARTESIAN_POINT ( 'NONE',  ( 1.600000000000000089, 0.01000000000000000021, -0.5000000000000000000 ) ) ;
#502 = ADVANCED_FACE ( 'NONE', ( #15 ), #2728, .F. ) ;
#503 = CARTESIAN_POINT ( 'NONE',  ( 1.600000000000000089, -4.179389326704999716E-17, 0.8000000000000000444 ) ) ;
#504 = CARTESIAN_POINT ( 'NONE',  ( 1.100000000000000089, 1.347111479062000249E-16, 0.5000000000000000000 ) ) ;
#505 = ORIENTED_EDGE ( 'NONE', *, *, #885, .T. ) ;
#506 = ADVANCED_FACE ( 'NONE', ( #1825 ), #2740, .F. ) ;
#507 = EDGE_CURVE ( 'NONE', #1671, #2444, #657, .T. ) ;
#508 = SURFACE_STYLE_USAGE ( .BOTH. , #2542 ) ;
#509 = UNCERTAINTY_MEASURE_WITH_UNIT (LENGTH_MEASURE( 1.000000000000000082E-05 ), #2652, 'distance_accuracy_value', 'NONE');
#510 = EDGE_LOOP ( 'NONE', ( #2798, #707, #2068, #2779, #1851, #2240 ) ) ;
#511 = EDGE_LOOP ( 'NONE', ( #1987, #2012, #301, #12, #1215, #1387 ) ) ;
#512 = PLANE ( 'NONE',  #1759 ) ;
#513 = STYLED_ITEM ( 'NONE', ( #1638 ), #2806 ) ;
#514 = UNCERTAINTY_MEASURE_WITH_UNIT (LENGTH_MEASURE( 1.000000000000000082E-05 ), #360, 'distance_accuracy_value', 'NONE');
#515 = LINE ( 'NONE', #1202, #1074 ) ;
#516 = LINE ( 'NONE', #320, #2213 ) ;
#517 = PRESENTATION_LAYER_ASSIGNMENT (  '', '', ( #1423 ) ) ;
#518 =( NAMED_UNIT ( * ) PLANE_ANGLE_UNIT ( ) SI_UNIT ( $, .RADIAN. ) );
#519 = CARTESIAN_POINT ( 'NONE',  ( 1.600000000000000089, 0.2799999999999999711, 0.8000000000000000444 ) ) ;
#520 = CYLINDRICAL_SURFACE ( 'NONE', #2701, 0.2599999999999999534 ) ;
#521 = CARTESIAN_POINT ( 'NONE',  ( -1.600000000000000089, -4.336808689941999987E-16, 0.5000000000000000000 ) ) ;
#522 = EDGE_LOOP ( 'NONE', ( #2725, #2578, #2258, #2373 ) ) ;
#523 = EDGE_CURVE ( 'NONE', #287, #2096, #516, .T. ) ;
#524 = SURFACE_STYLE_USAGE ( .BOTH. , #1867 ) ;
#525 = FACE_OUTER_BOUND ( 'NONE', #2447, .T. ) ;
#526 = VECTOR ( 'NONE', #1018, 1000.000000000000000 ) ;
#527 = EDGE_CURVE ( 'NONE', #1225, #1424, #1030, .T. ) ;
#528 = ORIENTED_EDGE ( 'NONE', *, *, #1695, .F. ) ;
#529 = EDGE_LOOP ( 'NONE', ( #579, #555, #2189, #1999 ) ) ;
#530 = COLOUR_RGB ( '',0.000000000000000000, 1.000000000000000000, 0.6549019607843137303 ) ;
#531 = DIRECTION ( 'NONE',  ( -1.000000000000000000, -1.727969913732999869E-16, 0.000000000000000000 ) ) ;
#532 = ORIENTED_EDGE ( 'NONE', *, *, #1496, .T. ) ;
#533 = FACE_OUTER_BOUND ( 'NONE', #1519, .T. ) ;
#534 = DIRECTION ( 'NONE',  ( 0.000000000000000000, 0.000000000000000000, -1.000000000000000000 ) ) ;
#535 = DIRECTION ( 'NONE',  ( 1.626303258727999778E-16, 2.407412430483999931E-32, -1.000000000000000000 ) ) ;
#536 = LINE ( 'NONE', #1444, #1657 ) ;
#537 = LINE ( 'NONE', #98, #1585 ) ;
#538 = ORIENTED_EDGE ( 'NONE', *, *, #230, .F. ) ;
#539 =( LENGTH_UNIT ( ) NAMED_UNIT ( * ) SI_UNIT ( .MILLI., .METRE. ) );
#540 = VECTOR ( 'NONE', #2133, 1000.000000000000000 ) ;
#541 = CYLINDRICAL_SURFACE ( 'NONE', #2797, 0.2599999999999999534 ) ;
#542 = EDGE_CURVE ( 'NONE', #2918, #2478, #2781, .T. ) ;
#543 = AXIS2_PLACEMENT_3D ( 'NONE', #213, #2018, #2462 ) ;
#544 = VERTEX_POINT ( 'NONE', #2535 ) ;
#545 = VERTEX_POINT ( 'NONE', #2367 ) ;
#546 = DIRECTION ( 'NONE',  ( 0.000000000000000000, 1.000000000000000000, 0.000000000000000000 ) ) ;
#547 = DIRECTION ( 'NONE',  ( 0.000000000000000000, 1.000000000000000000, 0.000000000000000000 ) ) ;
#548 = AXIS2_PLACEMENT_3D ( 'NONE', #908, #1569, #445 ) ;
#549 = EDGE_CURVE ( 'NONE', #130, #776, #2148, .T. ) ;
#550 = VERTEX_POINT ( 'NONE', #500 ) ;
#551 = FILL_AREA_STYLE_COLOUR ( '', #2153 ) ;
#552 = SURFACE_STYLE_FILL_AREA ( #2352 ) ;
#553 = EDGE_CURVE ( 'NONE', #2041, #2683, #93, .T. ) ;
#554 =( NAMED_UNIT ( * ) SI_UNIT ( $, .STERADIAN. ) SOLID_ANGLE_UNIT ( ) );
#555 = ORIENTED_EDGE ( 'NONE', *, *, #1004, .T. ) ;
#556 = LINE ( 'NONE', #2771, #408 ) ;
#557 = SURFACE_STYLE_USAGE ( .BOTH. , #2802 ) ;
#558 = CARTESIAN_POINT ( 'NONE',  ( -1.600000000000000089, -4.336808689941999987E-16, -0.2500000000000000000 ) ) ;
#559 = VECTOR ( 'NONE', #47, 1000.000000000000000 ) ;
#560 = DIRECTION ( 'NONE',  ( 0.000000000000000000, 0.000000000000000000, 1.000000000000000000 ) ) ;
#561 = CARTESIAN_POINT ( 'NONE',  ( 0.7449999999999999956, 0.2799999999999999711, 0.8000000000000000444 ) ) ;
#562 = EDGE_LOOP ( 'NONE', ( #2767, #1309, #594, #796, #766, #2285 ) ) ;
#563 = DIRECTION ( 'NONE',  ( 1.000000000000000000, 1.224646799146999945E-16, 0.000000000000000000 ) ) ;
#564 = CARTESIAN_POINT ( 'NONE',  ( 1.100000000000000089, -1.118033988750000152, 0.5000000000000000000 ) ) ;
#565 = LINE ( 'NONE', #2523, #2753 ) ;
#566 = ORIENTED_EDGE ( 'NONE', *, *, #507, .F. ) ;
#567 = DIRECTION ( 'NONE',  ( -1.000000000000000000, 0.000000000000000000, 0.000000000000000000 ) ) ;
#568 = PLANE ( 'NONE',  #400 ) ;
#569 = ADVANCED_FACE ( 'NONE', ( #2090 ), #2597, .F. ) ;
#570 = PRESENTATION_LAYER_ASSIGNMENT (  '', '', ( #1796 ) ) ;
#571 = VECTOR ( 'NONE', #1343, 1000.000000000000000 ) ;
#572 = VERTEX_POINT ( 'NONE', #742 ) ;
#573 = DIRECTION ( 'NONE',  ( 1.224646799146999945E-16, -1.000000000000000000, 0.000000000000000000 ) ) ;
#574 = FACE_OUTER_BOUND ( 'NONE', #281, .T. ) ;
#575 = DIRECTION ( 'NONE',  ( 0.000000000000000000, 0.000000000000000000, 1.000000000000000000 ) ) ;
#576 = CARTESIAN_POINT ( 'NONE',  ( 0.6274427372079999232, 1.100000000000000089, -0.8000000000000000444 ) ) ;
#577 = UNCERTAINTY_MEASURE_WITH_UNIT (LENGTH_MEASURE( 1.000000000000000082E-05 ), #1246, 'distance_accuracy_value', 'NONE');
#578 = VERTEX_POINT ( 'NONE', #2563 ) ;
#579 = ORIENTED_EDGE ( 'NONE', *, *, #1414, .F. ) ;
#580 = AXIS2_PLACEMENT_3D ( 'NONE', #1853, #546, #2754 ) ;
#581 = DIRECTION ( 'NONE',  ( 1.000000000000000000, 1.224646799146999945E-16, 0.000000000000000000 ) ) ;
#582 = DIRECTION ( 'NONE',  ( -2.371692252312000027E-16, 0.000000000000000000, 1.000000000000000000 ) ) ;
#583 = VECTOR ( 'NONE', #1674, 1000.000000000000000 ) ;
#584 = MECHANICAL_DESIGN_GEOMETRIC_PRESENTATION_REPRESENTATION (  '', ( #2848 ), #286 ) ;
#585 = AXIS2_PLACEMENT_3D ( 'NONE', #105, #1678, #789 ) ;
#586 = ORIENTED_EDGE ( 'NONE', *, *, #1822, .T. ) ;
#587 = DIRECTION ( 'NONE',  ( 0.000000000000000000, -1.000000000000000000, 0.000000000000000000 ) ) ;
#588 = LINE ( 'NONE', #338, #1224 ) ;
#589 = EDGE_CURVE ( 'NONE', #2069, #991, #2547, .T. ) ;
#590 = ORIENTED_EDGE ( 'NONE', *, *, #1709, .T. ) ;
#591 = DIRECTION ( 'NONE',  ( 0.000000000000000000, 0.000000000000000000, 1.000000000000000000 ) ) ;
#592 = DIRECTION ( 'NONE',  ( 0.000000000000000000, 0.000000000000000000, 1.000000000000000000 ) ) ;
#593 = COLOUR_RGB ( '',1.000000000000000000, 1.000000000000000000, 1.000000000000000000 ) ;
#594 = ORIENTED_EDGE ( 'NONE', *, *, #1619, .T. ) ;
#595 = LINE ( 'NONE', #2854, #694 ) ;
#596 = FACE_OUTER_BOUND ( 'NONE', #598, .T. ) ;
#597 = DIRECTION ( 'NONE',  ( -1.224646799146999945E-16, 1.000000000000000000, 0.000000000000000000 ) ) ;
#598 = EDGE_LOOP ( 'NONE', ( #1949, #2612, #528, #1372 ) ) ;
#599 = LINE ( 'NONE', #1942, #1639 ) ;
#600 = VECTOR ( 'NONE', #1291, 1000.000000000000000 ) ;
#601 = PLANE ( 'NONE',  #686 ) ;
#602 = CARTESIAN_POINT ( 'NONE',  ( 0.2000000000000000111, 0.01000000000000000021, 0.8000000000000000444 ) ) ;
#603 = ORIENTED_EDGE ( 'NONE', *, *, #1179, .F. ) ;
#604 = FACE_OUTER_BOUND ( 'NONE', #1015, .T. ) ;
#605 = PRESENTATION_STYLE_ASSIGNMENT (( #2407 ) ) ;
#606 = AXIS2_PLACEMENT_3D ( 'NONE', #867, #2074, #713 ) ;
#607 = CYLINDRICAL_SURFACE ( 'NONE', #2271, 0.05000000000000002359 ) ;
#608 =( NAMED_UNIT ( * ) SI_UNIT ( $, .STERADIAN. ) SOLID_ANGLE_UNIT ( ) );
#609 = UNCERTAINTY_MEASURE_WITH_UNIT (LENGTH_MEASURE( 1.000000000000000082E-05 ), #1494, 'distance_accuracy_value', 'NONE');
#610 = EDGE_CURVE ( 'NONE', #325, #1539, #727, .T. ) ;
#611 = ADVANCED_FACE ( 'NONE', ( #533 ), #568, .T. ) ;
#612 = VERTEX_POINT ( 'NONE', #353 ) ;
#613 = DIRECTION ( 'NONE',  ( 0.000000000000000000, -1.000000000000000000, 0.000000000000000000 ) ) ;
#614 = PRESENTATION_STYLE_ASSIGNMENT (( #1921 ) ) ;
#615 = ORIENTED_EDGE ( 'NONE', *, *, #1001, .T. ) ;
#616 = DIRECTION ( 'NONE',  ( 0.000000000000000000, 0.000000000000000000, -1.000000000000000000 ) ) ;
#617 = CARTESIAN_POINT ( 'NONE',  ( 1.600000000000000089, 0.2700000000000000178, -0.2599999999999999534 ) ) ;
#618 = CARTESIAN_POINT ( 'NONE',  ( -0.7449999999999999956, 0.2799999999999999711, -0.8000000000000000444 ) ) ;
#619 = LINE ( 'NONE', #1977, #1284 ) ;
#620 =( GEOMETRIC_REPRESENTATION_CONTEXT ( 3 ) GLOBAL_UNCERTAINTY_ASSIGNED_CONTEXT ( ( #2852 ) ) GLOBAL_UNIT_ASSIGNED_CONTEXT ( ( #2201, #1034, #1547 ) ) REPRESENTATION_CONTEXT ( 'NONE', 'WORKASPACE' ) );
#621 = SURFACE_SIDE_STYLE ('',( #391 ) ) ;
#622 = ADVANCED_FACE ( 'NONE', ( #169 ), #1307, .F. ) ;
#623 = ORIENTED_EDGE ( 'NONE', *, *, #1556, .T. ) ;
#624 = DIRECTION ( 'NONE',  ( 0.000000000000000000, 0.000000000000000000, -1.000000000000000000 ) ) ;
#625 = DIRECTION ( 'NONE',  ( 1.000000000000000000, 0.000000000000000000, 0.000000000000000000 ) ) ;
#626 = EDGE_CURVE ( 'NONE', #928, #2432, #1096, .T. ) ;
#627 = PRESENTATION_LAYER_ASSIGNMENT (  '', '', ( #1002 ) ) ;
#628 = ORIENTED_EDGE ( 'NONE', *, *, #1556, .F. ) ;
#629 = CARTESIAN_POINT ( 'NONE',  ( 1.600000000000000089, -4.179389326704999716E-17, 0.8000000000000000444 ) ) ;
#630 = CARTESIAN_POINT ( 'NONE',  ( 1.600000000000000089, 0.2700000000000000178, 0.000000000000000000 ) ) ;
#631 = FILL_AREA_STYLE ('',( #1944 ) ) ;
#632 = AXIS2_PLACEMENT_3D ( 'NONE', #473, #219, #2037 ) ;
#633 = VECTOR ( 'NONE', #916, 1000.000000000000000 ) ;
#634 = COLOUR_RGB ( '',1.000000000000000000, 1.000000000000000000, 1.000000000000000000 ) ;
#635 = VERTEX_POINT ( 'NONE', #2888 ) ;
#636 = CARTESIAN_POINT ( 'NONE',  ( 1.600000000000000089, -4.179389326704999716E-17, 0.8000000000000000444 ) ) ;
#637 = SURFACE_STYLE_USAGE ( .BOTH. , #1741 ) ;
#638 = SURFACE_SIDE_STYLE ('',( #1033 ) ) ;
#639 =( NAMED_UNIT ( * ) PLANE_ANGLE_UNIT ( ) SI_UNIT ( $, .RADIAN. ) );
#640 = UNCERTAINTY_MEASURE_WITH_UNIT (LENGTH_MEASURE( 1.000000000000000082E-05 ), #780, 'distance_accuracy_value', 'NONE');
#641 = ORIENTED_EDGE ( 'NONE', *, *, #193, .T. ) ;
#642 = LINE ( 'NONE', #2363, #2087 ) ;
#643 = CARTESIAN_POINT ( 'NONE',  ( 1.600000000000000089, -4.179389326704999716E-17, 0.8000000000000000444 ) ) ;
#644 = ORIENTED_EDGE ( 'NONE', *, *, #2396, .F. ) ;
#645 =( LENGTH_UNIT ( ) NAMED_UNIT ( * ) SI_UNIT ( .MILLI., .METRE. ) );
#646 = AXIS2_PLACEMENT_3D ( 'NONE', #629, #367, #1925 ) ;
#647 = EDGE_CURVE ( 'NONE', #287, #130, #1724, .T. ) ;
#648 = CARTESIAN_POINT ( 'NONE',  ( 0.7449999999999999956, 0.2799999999999999711, -0.8000000000000000444 ) ) ;
#649 = DIRECTION ( 'NONE',  ( -1.626303258727999778E-16, -1.991647080243999870E-32, 1.000000000000000000 ) ) ;
#650 = COLOUR_RGB ( '',0.000000000000000000, 1.000000000000000000, 0.6549019607843137303 ) ;
#651 = ORIENTED_EDGE ( 'NONE', *, *, #846, .F. ) ;
#652 = CARTESIAN_POINT ( 'NONE',  ( 0.2000000000000000111, -1.834611997030999975, -0.8000000000000000444 ) ) ;
#653 = ORIENTED_EDGE ( 'NONE', *, *, #1541, .T. ) ;
#654 = FACE_OUTER_BOUND ( 'NONE', #510, .T. ) ;
#655 =( LENGTH_UNIT ( ) NAMED_UNIT ( * ) SI_UNIT ( .MILLI., .METRE. ) );
#656 = ADVANCED_FACE ( 'NONE', ( #368 ), #601, .T. ) ;
#657 = LINE ( 'NONE', #2464, #2730 ) ;
#658 = LINE ( 'NONE', #2263, #438 ) ;
#659 = LINE ( 'NONE', #1817, #1842 ) ;
#660 = EDGE_CURVE ( 'NONE', #1388, #962, #414, .T. ) ;
#661 = DIRECTION ( 'NONE',  ( 1.224646799146999945E-16, -1.000000000000000000, 0.000000000000000000 ) ) ;
#662 = CARTESIAN_POINT ( 'NONE',  ( 1.600000000000000089, 0.01000000000000000021, -0.5000000000000000000 ) ) ;
#663 =( GEOMETRIC_REPRESENTATION_CONTEXT ( 3 ) GLOBAL_UNCERTAINTY_ASSIGNED_CONTEXT ( ( #2477 ) ) GLOBAL_UNIT_ASSIGNED_CONTEXT ( ( #1927, #138, #1710 ) ) REPRESENTATION_CONTEXT ( 'NONE', 'WORKASPACE' ) );
#664 = PRESENTATION_LAYER_ASSIGNMENT (  '', '', ( #428 ) ) ;
#665 = VERTEX_POINT ( 'NONE', #617 ) ;
#666 = COLOUR_RGB ( '',1.000000000000000000, 1.000000000000000000, 1.000000000000000000 ) ;
#667 = LINE ( 'NONE', #2301, #633 ) ;
#668 = UNCERTAINTY_MEASURE_WITH_UNIT (LENGTH_MEASURE( 1.000000000000000082E-05 ), #2106, 'distance_accuracy_value', 'NONE');
#669 = ORIENTED_EDGE ( 'NONE', *, *, #1962, .F. ) ;
#670 = CARTESIAN_POINT ( 'NONE',  ( -0.2000000000000000111, -1.834611997030999975, -0.2999999999999999889 ) ) ;
#671 =( NAMED_UNIT ( * ) SI_UNIT ( $, .STERADIAN. ) SOLID_ANGLE_UNIT ( ) );
#672 =( NAMED_UNIT ( * ) PLANE_ANGLE_UNIT ( ) SI_UNIT ( $, .RADIAN. ) );
#673 = MECHANICAL_DESIGN_GEOMETRIC_PRESENTATION_REPRESENTATION (  '', ( #1945 ), #2929 ) ;
#674 =( LENGTH_UNIT ( ) NAMED_UNIT ( * ) SI_UNIT ( .MILLI., .METRE. ) );
#675 =( GEOMETRIC_REPRESENTATION_CONTEXT ( 3 ) GLOBAL_UNCERTAINTY_ASSIGNED_CONTEXT ( ( #2203 ) ) GLOBAL_UNIT_ASSIGNED_CONTEXT ( ( #1093, #1985, #1286 ) ) REPRESENTATION_CONTEXT ( 'NONE', 'WORKASPACE' ) );
#676 = ADVANCED_FACE ( 'NONE', ( #1490 ), #1956, .F. ) ;
#677 = CIRCLE ( 'NONE', #2476, 0.2599999999999999534 ) ;
#678 = PRESENTATION_STYLE_ASSIGNMENT (( #2026 ) ) ;
#679 = CARTESIAN_POINT ( 'NONE',  ( -1.600000000000000089, 0.2799999999999999711, 0.8000000000000000444 ) ) ;
#680 = EDGE_CURVE ( 'NONE', #776, #452, #1521, .T. ) ;
#681 = ORIENTED_EDGE ( 'NONE', *, *, #1859, .T. ) ;
#682 =( LENGTH_UNIT ( ) NAMED_UNIT ( * ) SI_UNIT ( .MILLI., .METRE. ) );
#683 = ORIENTED_EDGE ( 'NONE', *, *, #2829, .F. ) ;
#684 = DIRECTION ( 'NONE',  ( 1.000000000000000000, 1.224646799146999945E-16, -2.168404344971000240E-16 ) ) ;
#685 =( NAMED_UNIT ( * ) PLANE_ANGLE_UNIT ( ) SI_UNIT ( $, .RADIAN. ) );
#686 = AXIS2_PLACEMENT_3D ( 'NONE', #630, #136, #2448 ) ;
#687 = LINE ( 'NONE', #2035, #1216 ) ;
#688 = DIRECTION ( 'NONE',  ( -0.08715574274763790430, 0.9961946980917473216, 0.000000000000000000 ) ) ;
#689 =( NAMED_UNIT ( * ) PLANE_ANGLE_UNIT ( ) SI_UNIT ( $, .RADIAN. ) );
#690 = PLANE ( 'NONE',  #1045 ) ;
#691 =( NAMED_UNIT ( * ) SI_UNIT ( $, .STERADIAN. ) SOLID_ANGLE_UNIT ( ) );
#692 = VERTEX_POINT ( 'NONE', #1292 ) ;
#693 = LINE ( 'NONE', #1181, #2894 ) ;
#694 = VECTOR ( 'NONE', #819, 1000.000000000000000 ) ;
#695 = EDGE_CURVE ( 'NONE', #2871, #550, #855, .T. ) ;
#696 = ORIENTED_EDGE ( 'NONE', *, *, #1711, .T. ) ;
#697 =( NAMED_UNIT ( * ) SI_UNIT ( $, .STERADIAN. ) SOLID_ANGLE_UNIT ( ) );
#698 = DIRECTION ( 'NONE',  ( 0.000000000000000000, 1.000000000000000000, 0.000000000000000000 ) ) ;
#699 = CARTESIAN_POINT ( 'NONE',  ( -1.600000000000000089, 0.2700000000000000178, 0.2599999999999999534 ) ) ;
#700 = CARTESIAN_POINT ( 'NONE',  ( 0.2000000000000000111, 0.01000000000000000021, 0.8000000000000000444 ) ) ;
#701 = LINE ( 'NONE', #926, #772 ) ;
#702 = ORIENTED_EDGE ( 'NONE', *, *, #2051, .F. ) ;
#703 = ORIENTED_EDGE ( 'NONE', *, *, #1455, .F. ) ;
#704 = VECTOR ( 'NONE', #649, 1000.000000000000000 ) ;
#705 = EDGE_CURVE ( 'NONE', #1823, #26, #1078, .T. ) ;
#706 = PRESENTATION_LAYER_ASSIGNMENT (  '', '', ( #272 ) ) ;
#707 = ORIENTED_EDGE ( 'NONE', *, *, #159, .T. ) ;
#708 = ORIENTED_EDGE ( 'NONE', *, *, #197, .F. ) ;
#709 = FILL_AREA_STYLE ('',( #886 ) ) ;
#710 = FILL_AREA_STYLE ('',( #2022 ) ) ;
#711 = CARTESIAN_POINT ( 'NONE',  ( -1.600000000000000089, 0.2799999999999999711, 0.8000000000000000444 ) ) ;
#712 = VECTOR ( 'NONE', #2173, 1000.000000000000000 ) ;
#713 = DIRECTION ( 'NONE',  ( -1.626303258727999778E-16, 0.000000000000000000, 1.000000000000000000 ) ) ;
#714 = DIRECTION ( 'NONE',  ( 0.000000000000000000, 0.000000000000000000, 1.000000000000000000 ) ) ;
#715 = AXIS2_PLACEMENT_3D ( 'NONE', #24, #906, #1786 ) ;
#716 = CARTESIAN_POINT ( 'NONE',  ( 1.100000000000000089, -1.118033988750000152, -0.5000000000000000000 ) ) ;
#717 = PRESENTATION_LAYER_ASSIGNMENT (  '', '', ( #236 ) ) ;
#718 = PRESENTATION_LAYER_ASSIGNMENT (  '', '', ( #954 ) ) ;
#719 = ORIENTED_EDGE ( 'NONE', *, *, #2449, .F. ) ;
#720 = VERTEX_POINT ( 'NONE', #1751 ) ;
#721 = LINE ( 'NONE', #2530, #1765 ) ;
#722 = ORIENTED_EDGE ( 'NONE', *, *, #211, .F. ) ;
#723 = EDGE_LOOP ( 'NONE', ( #2281, #1889, #2914, #1872 ) ) ;
#724 = DIRECTION ( 'NONE',  ( 1.000000000000000000, 0.000000000000000000, 0.000000000000000000 ) ) ;
#725 = ADVANCED_FACE ( 'NONE', ( #2739 ), #1604, .F. ) ;
#726 = LINE ( 'NONE', #2562, #2057 ) ;
#727 = LINE ( 'NONE', #2581, #540 ) ;
#728 = FILL_AREA_STYLE ('',( #322 ) ) ;
#729 = VECTOR ( 'NONE', #2870, 1000.000000000000000 ) ;
#730 = DIRECTION ( 'NONE',  ( 0.000000000000000000, 0.000000000000000000, 1.000000000000000000 ) ) ;
#731 = DIRECTION ( 'NONE',  ( 0.000000000000000000, 1.000000000000000000, 0.000000000000000000 ) ) ;
#732 = CARTESIAN_POINT ( 'NONE',  ( -1.600000000000000089, 0.01000000000000000021, -0.5000000000000000000 ) ) ;
#733 = VERTEX_POINT ( 'NONE', #2056 ) ;
#734 = VECTOR ( 'NONE', #397, 1000.000000000000000 ) ;
#735 = PRESENTATION_STYLE_ASSIGNMENT (( #99 ) ) ;
#736 = PLANE ( 'NONE',  #483 ) ;
#737 = ORIENTED_EDGE ( 'NONE', *, *, #2371, .T. ) ;
#738 = ORIENTED_EDGE ( 'NONE', *, *, #264, .T. ) ;
#739 = STYLED_ITEM ( 'NONE', ( #2900 ), #118 ) ;
#740 =( LENGTH_UNIT ( ) NAMED_UNIT ( * ) SI_UNIT ( .MILLI., .METRE. ) );
#741 = LINE ( 'NONE', #2104, #492 ) ;
#742 = CARTESIAN_POINT ( 'NONE',  ( 0.2000000000000000111, 2.449293598295000203E-17, 0.8000000000000000444 ) ) ;
#743 = VECTOR ( 'NONE', #1637, 1000.000000000000000 ) ;
#744 = DIRECTION ( 'NONE',  ( 0.000000000000000000, 1.000000000000000000, 0.000000000000000000 ) ) ;
#745 = ADVANCED_FACE ( 'NONE', ( #1618 ), #2493, .F. ) ;
#746 = DIRECTION ( 'NONE',  ( 0.000000000000000000, 0.000000000000000000, -1.000000000000000000 ) ) ;
#747 = ADVANCED_FACE ( 'NONE', ( #1364 ), #2480, .F. ) ;
#748 = CARTESIAN_POINT ( 'NONE',  ( 0.7449999999999999956, 0.2799999999999999711, -0.8000000000000000444 ) ) ;
#749 = CARTESIAN_POINT ( 'NONE',  ( 1.600000000000000089, 0.000000000000000000, 0.5000000000000000000 ) ) ;
#750 = VERTEX_POINT ( 'NONE', #1010 ) ;
#751 = PLANE ( 'NONE',  #407 ) ;
#752 = CARTESIAN_POINT ( 'NONE',  ( 0.6274427372079999232, 1.050000000000000044, -0.8000000000000000444 ) ) ;
#753 = ORIENTED_EDGE ( 'NONE', *, *, #1308, .F. ) ;
#754 = EDGE_LOOP ( 'NONE', ( #1361, #2413, #1322, #1451 ) ) ;
#755 = LINE ( 'NONE', #2545, #2665 ) ;
#756 = PRESENTATION_LAYER_ASSIGNMENT (  '', '', ( #2036 ) ) ;
#757 = EDGE_LOOP ( 'NONE', ( #1679, #1719, #288, #1111 ) ) ;
#758 = FILL_AREA_STYLE_COLOUR ( '', #451 ) ;
#759 = DIRECTION ( 'NONE',  ( -1.000000000000000000, -1.224646799146999945E-16, 1.089290704307999941E-16 ) ) ;
#760 = AXIS2_PLACEMENT_3D ( 'NONE', #1354, #186, #688 ) ;
#761 = CYLINDRICAL_SURFACE ( 'NONE', #1702, 0.05000000000000002359 ) ;
#762 = CARTESIAN_POINT ( 'NONE',  ( -0.6976642911749999509, -8.543923410667000216E-17, 0.2999999999999999889 ) ) ;
#763 = CARTESIAN_POINT ( 'NONE',  ( -1.600000000000000089, 0.2799999999999999711, -0.2500000000000000000 ) ) ;
#764 = DIRECTION ( 'NONE',  ( 0.000000000000000000, 1.000000000000000000, 0.000000000000000000 ) ) ;
#765 = MECHANICAL_DESIGN_GEOMETRIC_PRESENTATION_REPRESENTATION (  '', ( #1377 ), #2181 ) ;
#766 = ORIENTED_EDGE ( 'NONE', *, *, #1516, .T. ) ;
#767 = PRODUCT_DEFINITION ( 'UNKNOWN', '', #2783, #1348 ) ;
#768 = CARTESIAN_POINT ( 'NONE',  ( -0.6976642911749999509, -2.168404344970999993E-16, 0.2999999999999999889 ) ) ;
#769 = LINE ( 'NONE', #2571, #1716 ) ;
#770 = AXIS2_PLACEMENT_3D ( 'NONE', #679, #1332, #2231 ) ;
#771 = AXIS2_PLACEMENT_3D ( 'NONE', #752, #1435, #2113 ) ;
#772 = VECTOR ( 'NONE', #1370, 1000.000000000000000 ) ;
#773 = ORIENTED_EDGE ( 'NONE', *, *, #2016, .T. ) ;
#774 = ORIENTED_EDGE ( 'NONE', *, *, #1516, .F. ) ;
#775 = CARTESIAN_POINT ( 'NONE',  ( -1.600000000000000089, 0.2799999999999999711, -0.8000000000000000444 ) ) ;
#776 = VERTEX_POINT ( 'NONE', #2778 ) ;
#777 = CARTESIAN_POINT ( 'NONE',  ( -1.600000000000000089, -1.959434878636000163E-16, 0.5000000000000000000 ) ) ;
#778 =( NAMED_UNIT ( * ) SI_UNIT ( $, .STERADIAN. ) SOLID_ANGLE_UNIT ( ) );
#779 = PLANE ( 'NONE',  #2603 ) ;
#780 =( LENGTH_UNIT ( ) NAMED_UNIT ( * ) SI_UNIT ( .MILLI., .METRE. ) );
#781 = LINE ( 'NONE', #1220, #2893 ) ;
#782 = AXIS2_PLACEMENT_3D ( 'NONE', #2757, #2813, #1203 ) ;
#783 = CARTESIAN_POINT ( 'NONE',  ( -0.2000000000000000111, 0.01000000000000000021, -0.8000000000000000444 ) ) ;
#784 = AXIS2_PLACEMENT_3D ( 'NONE', #2901, #1551, #180 ) ;
#785 = EDGE_CURVE ( 'NONE', #2738, #452, #2559, .T. ) ;
#786 = EDGE_LOOP ( 'NONE', ( #2807, #497, #439, #2831 ) ) ;
#787 = FILL_AREA_STYLE ('',( #1300 ) ) ;
#788 = DIRECTION ( 'NONE',  ( -1.000000000000000000, 0.000000000000000000, 0.000000000000000000 ) ) ;
#789 = DIRECTION ( 'NONE',  ( 0.000000000000000000, 0.000000000000000000, 1.000000000000000000 ) ) ;
#790 = EDGE_CURVE ( 'NONE', #454, #990, #1172, .T. ) ;
#791 = COLOUR_RGB ( '',1.000000000000000000, 1.000000000000000000, 1.000000000000000000 ) ;
#792 = VERTEX_POINT ( 'NONE', #1408 ) ;
#793 = VECTOR ( 'NONE', #1031, 1000.000000000000000 ) ;
#794 = CARTESIAN_POINT ( 'NONE',  ( -0.7449999999999999956, 0.2700000000000000178, -0.8000000000000000444 ) ) ;
#795 = FACE_OUTER_BOUND ( 'NONE', #2224, .T. ) ;
#796 = ORIENTED_EDGE ( 'NONE', *, *, #2486, .T. ) ;
#797 = CARTESIAN_POINT ( 'NONE',  ( -0.2000000000000000111, 0.01000000000000000021, 0.8000000000000000444 ) ) ;
#798 = CARTESIAN_POINT ( 'NONE',  ( -1.100000000000000089, -4.336808689941999987E-16, 0.5000000000000000000 ) ) ;
#799 = CARTESIAN_POINT ( 'NONE',  ( -1.600000000000000089, 0.2700000000000000178, 0.8000000000000000444 ) ) ;
#800 = COLOUR_RGB ( '',1.000000000000000000, 1.000000000000000000, 1.000000000000000000 ) ;
#801 = CARTESIAN_POINT ( 'NONE',  ( -0.7449999999999999956, 0.2700000000000000178, 0.8000000000000000444 ) ) ;
#802 = LINE ( 'NONE', #1196, #2472 ) ;
#803 = VERTEX_POINT ( 'NONE', #89 ) ;
#804 = DIRECTION ( 'NONE',  ( 0.000000000000000000, 1.000000000000000000, 0.000000000000000000 ) ) ;
#805 = LINE ( 'NONE', #395, #331 ) ;
#806 = CARTESIAN_POINT ( 'NONE',  ( 1.600000000000000089, -0.5813776741500000789, 0.2500000000000000000 ) ) ;
#807 = ADVANCED_FACE ( 'NONE', ( #2574 ), #978, .F. ) ;
#808 = ORIENTED_EDGE ( 'NONE', *, *, #319, .F. ) ;
#809 = DIRECTION ( 'NONE',  ( 0.000000000000000000, 0.000000000000000000, 1.000000000000000000 ) ) ;
#810 = DIRECTION ( 'NONE',  ( 1.224646799146999945E-16, -1.000000000000000000, 0.000000000000000000 ) ) ;
#811 = AXIS2_PLACEMENT_3D ( 'NONE', #401, #1752, #122 ) ;
#812 = CARTESIAN_POINT ( 'NONE',  ( -0.2000000000000000111, -1.834611997030999975, -0.8000000000000000444 ) ) ;
#813 = MECHANICAL_DESIGN_GEOMETRIC_PRESENTATION_REPRESENTATION (  '', ( #2036 ), #862 ) ;
#814 = VERTEX_POINT ( 'NONE', #2084 ) ;
#815 = CARTESIAN_POINT ( 'NONE',  ( -1.600000000000000089, -4.336808689941999987E-16, 0.8000000000000000444 ) ) ;
#816 = LINE ( 'NONE', #112, #2940 ) ;
#817 = UNCERTAINTY_MEASURE_WITH_UNIT (LENGTH_MEASURE( 1.000000000000000082E-05 ), #231, 'distance_accuracy_value', 'NONE');
#818 = ORIENTED_EDGE ( 'NONE', *, *, #2295, .T. ) ;
#819 = DIRECTION ( 'NONE',  ( 1.000000000000000000, 1.224646799146999945E-16, 0.000000000000000000 ) ) ;
#820 = DIRECTION ( 'NONE',  ( 0.000000000000000000, 0.000000000000000000, -1.000000000000000000 ) ) ;
#821 = VECTOR ( 'NONE', #100, 1000.000000000000000 ) ;
#822 = PRESENTATION_LAYER_ASSIGNMENT (  '', '', ( #1945 ) ) ;
#823 = VECTOR ( 'NONE', #1623, 1000.000000000000000 ) ;
#824 = ORIENTED_EDGE ( 'NONE', *, *, #2576, .T. ) ;
#825 = DIRECTION ( 'NONE',  ( 1.000000000000000000, 0.000000000000000000, 0.000000000000000000 ) ) ;
#826 = FILL_AREA_STYLE ('',( #2844 ) ) ;
#827 = ORIENTED_EDGE ( 'NONE', *, *, #2212, .F. ) ;
#828 = DIRECTION ( 'NONE',  ( 1.000000000000000000, 0.000000000000000000, 0.000000000000000000 ) ) ;
#829 = CARTESIAN_POINT ( 'NONE',  ( -0.6772524721120000146, 1.054357787137000013, 0.8000000000000000444 ) ) ;
#830 = CARTESIAN_POINT ( 'NONE',  ( 1.600000000000000089, 0.01000000000000000021, 0.2599999999999999534 ) ) ;
#831 = EDGE_CURVE ( 'NONE', #720, #1258, #1873, .T. ) ;
#832 = ADVANCED_FACE ( 'NONE', ( #2070 ), #1838, .F. ) ;
#833 = STYLED_ITEM ( 'NONE', ( #999 ), #343 ) ;
#834 = VERTEX_POINT ( 'NONE', #289 ) ;
#835 = ORIENTED_EDGE ( 'NONE', *, *, #1042, .T. ) ;
#836 = DIRECTION ( 'NONE',  ( 0.000000000000000000, 0.000000000000000000, -1.000000000000000000 ) ) ;
#837 = ORIENTED_EDGE ( 'NONE', *, *, #1923, .F. ) ;
#838 = PLANE ( 'NONE',  #2288 ) ;
#839 = VECTOR ( 'NONE', #183, 1000.000000000000000 ) ;
#840 = DIRECTION ( 'NONE',  ( 0.000000000000000000, 1.000000000000000000, 0.000000000000000000 ) ) ;
#841 = CARTESIAN_POINT ( 'NONE',  ( 1.600000000000000089, 0.000000000000000000, -0.5000000000000000000 ) ) ;
#842 = CARTESIAN_POINT ( 'NONE',  ( -1.600000000000000089, 0.01000000000000000021, -0.2599999999999999534 ) ) ;
#843 = PLANE ( 'NONE',  #2508 ) ;
#844 = DIRECTION ( 'NONE',  ( -1.000000000000000000, -1.224646799146999945E-16, -4.065542770818000130E-51 ) ) ;
#845 = ADVANCED_FACE ( 'NONE', ( #1200 ), #28, .T. ) ;
#846 = EDGE_CURVE ( 'NONE', #2129, #2871, #755, .T. ) ;
#847 =( NAMED_UNIT ( * ) PLANE_ANGLE_UNIT ( ) SI_UNIT ( $, .RADIAN. ) );
#848 = VECTOR ( 'NONE', #1958, 1000.000000000000114 ) ;
#849 = UNCERTAINTY_MEASURE_WITH_UNIT (LENGTH_MEASURE( 1.000000000000000082E-05 ), #1910, 'distance_accuracy_value', 'NONE');
#850 = ORIENTED_EDGE ( 'NONE', *, *, #2863, .T. ) ;
#851 = PLANE ( 'NONE',  #1920 ) ;
#852 = DIRECTION ( 'NONE',  ( 1.224646799146999945E-16, -1.000000000000000000, 0.000000000000000000 ) ) ;
#853 = EDGE_LOOP ( 'NONE', ( #223, #1390, #824, #936 ) ) ;
#854 = CARTESIAN_POINT ( 'NONE',  ( -1.600000000000000089, -4.336808689941999987E-16, 0.000000000000000000 ) ) ;
#855 = LINE ( 'NONE', #2194, #2245 ) ;
#856 = SURFACE_STYLE_USAGE ( .BOTH. , #2149 ) ;
#857 = VECTOR ( 'NONE', #2405, 1000.000000000000000 ) ;
#858 = ORIENTED_EDGE ( 'NONE', *, *, #2004, .T. ) ;
#859 = PLANE ( 'NONE',  #2643 ) ;
#860 = DIRECTION ( 'NONE',  ( -1.000000000000000000, 0.000000000000000000, 0.000000000000000000 ) ) ;
#861 =( NAMED_UNIT ( * ) SI_UNIT ( $, .STERADIAN. ) SOLID_ANGLE_UNIT ( ) );
#862 =( GEOMETRIC_REPRESENTATION_CONTEXT ( 3 ) GLOBAL_UNCERTAINTY_ASSIGNED_CONTEXT ( ( #1997 ) ) GLOBAL_UNIT_ASSIGNED_CONTEXT ( ( #1314, #847, #1087 ) ) REPRESENTATION_CONTEXT ( 'NONE', 'WORKASPACE' ) );
#863 = DIRECTION ( 'NONE',  ( -1.000000000000000000, -1.224646799146999945E-16, 0.000000000000000000 ) ) ;
#864 =( GEOMETRIC_REPRESENTATION_CONTEXT ( 3 ) GLOBAL_UNCERTAINTY_ASSIGNED_CONTEXT ( ( #849 ) ) GLOBAL_UNIT_ASSIGNED_CONTEXT ( ( #1910, #2180, #1067 ) ) REPRESENTATION_CONTEXT ( 'NONE', 'WORKASPACE' ) );
#865 = ADVANCED_FACE ( 'NONE', ( #1453 ), #512, .F. ) ;
#866 = ORIENTED_EDGE ( 'NONE', *, *, #2614, .F. ) ;
#867 = CARTESIAN_POINT ( 'NONE',  ( -0.2000000000000000111, -1.834611997030999975, 0.8000000000000000444 ) ) ;
#868 = CARTESIAN_POINT ( 'NONE',  ( -0.6274427372079999232, 1.050000000000000044, -0.8000000000000000444 ) ) ;
#869 = EDGE_CURVE ( 'NONE', #404, #1388, #1438, .T. ) ;
#870 = CIRCLE ( 'NONE', #2891, 0.2600000000000000089 ) ;
#871 = ORIENTED_EDGE ( 'NONE', *, *, #1360, .T. ) ;
#872 = CARTESIAN_POINT ( 'NONE',  ( -0.7449999999999999956, 0.2799999999999999711, 0.8000000000000000444 ) ) ;
#873 = DIRECTION ( 'NONE',  ( 2.168404344971000240E-16, 2.655529440326000236E-32, 1.000000000000000000 ) ) ;
#874 = AXIS2_PLACEMENT_3D ( 'NONE', #1278, #1756, #1714 ) ;
#875 = AXIS2_PLACEMENT_3D ( 'NONE', #374, #1771, #2426 ) ;
#876 = LINE ( 'NONE', #636, #2401 ) ;
#877 = CARTESIAN_POINT ( 'NONE',  ( -1.600000000000000089, 0.01000000000000000021, -0.2599999999999999534 ) ) ;
#878 = LINE ( 'NONE', #205, #1371 ) ;
#879 = DIRECTION ( 'NONE',  ( -1.000000000000000000, -1.224646799146999945E-16, -1.626303258727999778E-16 ) ) ;
#880 = UNCERTAINTY_MEASURE_WITH_UNIT (LENGTH_MEASURE( 1.000000000000000082E-05 ), #1781, 'distance_accuracy_value', 'NONE');
#881 = VERTEX_POINT ( 'NONE', #303 ) ;
#882 = PRESENTATION_STYLE_ASSIGNMENT (( #2902 ) ) ;
#883 = ADVANCED_FACE ( 'NONE', ( #45 ), #1468, .F. ) ;
#884 = ORIENTED_EDGE ( 'NONE', *, *, #282, .T. ) ;
#885 = EDGE_CURVE ( 'NONE', #1290, #834, #870, .T. ) ;
#886 = FILL_AREA_STYLE_COLOUR ( '', #1335 ) ;
#887 =( GEOMETRIC_REPRESENTATION_CONTEXT ( 3 ) GLOBAL_UNCERTAINTY_ASSIGNED_CONTEXT ( ( #2410 ) ) GLOBAL_UNIT_ASSIGNED_CONTEXT ( ( #149, #1536, #1774 ) ) REPRESENTATION_CONTEXT ( 'NONE', 'WORKASPACE' ) );
#888 = SURFACE_SIDE_STYLE ('',( #2705 ) ) ;
#889 = STYLED_ITEM ( 'NONE', ( #2031 ), #1363 ) ;
#890 = ORIENTED_EDGE ( 'NONE', *, *, #927, .T. ) ;
#891 = CARTESIAN_POINT ( 'NONE',  ( -1.600000000000000089, -4.336808689941999987E-16, -0.5000000000000000000 ) ) ;
#892 = PRESENTATION_STYLE_ASSIGNMENT (( #1153 ) ) ;
#893 = VERTEX_POINT ( 'NONE', #1486 ) ;
#894 = ORIENTED_EDGE ( 'NONE', *, *, #1313, .F. ) ;
#895 = ORIENTED_EDGE ( 'NONE', *, *, #1979, .T. ) ;
#896 =( NAMED_UNIT ( * ) PLANE_ANGLE_UNIT ( ) SI_UNIT ( $, .RADIAN. ) );
#897 = EDGE_CURVE ( 'NONE', #991, #1953, #2233, .T. ) ;
#898 = FILL_AREA_STYLE ('',( #2933 ) ) ;
#899 = DIRECTION ( 'NONE',  ( -1.224646799146999945E-16, 1.000000000000000000, 1.047802127484999846E-33 ) ) ;
#900 =( NAMED_UNIT ( * ) SI_UNIT ( $, .STERADIAN. ) SOLID_ANGLE_UNIT ( ) );
#901 =( NAMED_UNIT ( * ) SI_UNIT ( $, .STERADIAN. ) SOLID_ANGLE_UNIT ( ) );
#902 = SURFACE_STYLE_FILL_AREA ( #478 ) ;
#903 = AXIS2_PLACEMENT_3D ( 'NONE', #812, #2646, #2420 ) ;
#904 = VECTOR ( 'NONE', #420, 1000.000000000000000 ) ;
#905 = VERTEX_POINT ( 'NONE', #2383 ) ;
#906 = DIRECTION ( 'NONE',  ( 1.000000000000000000, 0.000000000000000000, 0.000000000000000000 ) ) ;
#907 = ORIENTED_EDGE ( 'NONE', *, *, #1414, .T. ) ;
#908 = CARTESIAN_POINT ( 'NONE',  ( -1.600000000000000089, 0.2799999999999999711, 0.000000000000000000 ) ) ;
#909 = CIRCLE ( 'NONE', #1281, 0.05000000000000002359 ) ;
#910 = VECTOR ( 'NONE', #2911, 1000.000000000000000 ) ;
#911 =( NAMED_UNIT ( * ) SI_UNIT ( $, .STERADIAN. ) SOLID_ANGLE_UNIT ( ) );
#912 = MECHANICAL_DESIGN_GEOMETRIC_PRESENTATION_REPRESENTATION (  '', ( #954 ), #2376 ) ;
#913 = AXIS2_PLACEMENT_3D ( 'NONE', #1251, #1531, #1298 ) ;
#914 = ORIENTED_EDGE ( 'NONE', *, *, #1589, .T. ) ;
#915 = EDGE_CURVE ( 'NONE', #893, #635, #805, .T. ) ;
#916 = DIRECTION ( 'NONE',  ( 0.000000000000000000, 0.000000000000000000, -1.000000000000000000 ) ) ;
#917 = ORIENTED_EDGE ( 'NONE', *, *, #1979, .F. ) ;
#918 = CARTESIAN_POINT ( 'NONE',  ( 0.2000000000000000111, -1.678545625311999891E-16, -0.8000000000000000444 ) ) ;
#919 = SURFACE_STYLE_FILL_AREA ( #14 ) ;
#920 = VECTOR ( 'NONE', #2434, 1000.000000000000000 ) ;
#921 = LINE ( 'NONE', #2691, #1948 ) ;
#922 = SURFACE_SIDE_STYLE ('',( #1588 ) ) ;
#923 = MECHANICAL_DESIGN_GEOMETRIC_PRESENTATION_REPRESENTATION (  '', ( #1813 ), #2812 ) ;
#924 = LINE ( 'NONE', #2708, #904 ) ;
#925 = EDGE_CURVE ( 'NONE', #74, #792, #1301, .T. ) ;
#926 = CARTESIAN_POINT ( 'NONE',  ( -1.600000000000000089, 0.2700000000000000178, -0.8000000000000000444 ) ) ;
#927 = EDGE_CURVE ( 'NONE', #1848, #74, #1241, .T. ) ;
#928 = VERTEX_POINT ( 'NONE', #1270 ) ;
#929 = MECHANICAL_DESIGN_GEOMETRIC_PRESENTATION_REPRESENTATION (  '', ( #2446 ), #1452 ) ;
#930 = ORIENTED_EDGE ( 'NONE', *, *, #1149, .F. ) ;
#931 = LINE ( 'NONE', #2687, #2020 ) ;
#932 = STYLED_ITEM ( 'NONE', ( #2770 ), #569 ) ;
#933 = SURFACE_STYLE_USAGE ( .BOTH. , #1572 ) ;
#934 = DIRECTION ( 'NONE',  ( 0.000000000000000000, 0.000000000000000000, 1.000000000000000000 ) ) ;
#935 = DIRECTION ( 'NONE',  ( 0.000000000000000000, 0.000000000000000000, -1.000000000000000000 ) ) ;
#936 = ORIENTED_EDGE ( 'NONE', *, *, #1835, .F. ) ;
#937 = LINE ( 'NONE', #1829, #2604 ) ;
#938 =( LENGTH_UNIT ( ) NAMED_UNIT ( * ) SI_UNIT ( .MILLI., .METRE. ) );
#939 = ORIENTED_EDGE ( 'NONE', *, *, #2614, .T. ) ;
#940 = ORIENTED_EDGE ( 'NONE', *, *, #2051, .T. ) ;
#941 =( GEOMETRIC_REPRESENTATION_CONTEXT ( 3 ) GLOBAL_UNCERTAINTY_ASSIGNED_CONTEXT ( ( #2380 ) ) GLOBAL_UNIT_ASSIGNED_CONTEXT ( ( #2008, #672, #1989 ) ) REPRESENTATION_CONTEXT ( 'NONE', 'WORKASPACE' ) );
#942 = AXIS2_PLACEMENT_3D ( 'NONE', #700, #7, #248 ) ;
#943 = ORIENTED_EDGE ( 'NONE', *, *, #211, .T. ) ;
#944 = ORIENTED_EDGE ( 'NONE', *, *, #1960, .T. ) ;
#945 = DIRECTION ( 'NONE',  ( 0.000000000000000000, 0.000000000000000000, -1.000000000000000000 ) ) ;
#946 = EDGE_CURVE ( 'NONE', #990, #1614, #909, .T. ) ;
#947 =( NAMED_UNIT ( * ) SI_UNIT ( $, .STERADIAN. ) SOLID_ANGLE_UNIT ( ) );
#948 = DIRECTION ( 'NONE',  ( 0.000000000000000000, 1.000000000000000000, 0.000000000000000000 ) ) ;
#949 = CARTESIAN_POINT ( 'NONE',  ( -1.600000000000000089, 0.2799999999999999711, 0.2500000000000000000 ) ) ;
#950 = FACE_OUTER_BOUND ( 'NONE', #2346, .T. ) ;
#951 = CIRCLE ( 'NONE', #2794, 0.2600000000000000089 ) ;
#952 = SURFACE_SIDE_STYLE ('',( #33 ) ) ;
#953 = PLANE ( 'NONE',  #2882 ) ;
#954 = STYLED_ITEM ( 'NONE', ( #2748 ), #2033 ) ;
#955 = FACE_OUTER_BOUND ( 'NONE', #1819, .T. ) ;
#956 = AXIS2_PLACEMENT_3D ( 'NONE', #265, #1669, #1432 ) ;
#957 = VECTOR ( 'NONE', #1175, 1000.000000000000000 ) ;
#958 = EDGE_LOOP ( 'NONE', ( #1798, #71, #590, #1834, #2909, #1856, #1565, #1450 ) ) ;
#959 = ORIENTED_EDGE ( 'NONE', *, *, #1578, .T. ) ;
#960 = DIRECTION ( 'NONE',  ( 1.224646799146999945E-16, -1.000000000000000000, 0.000000000000000000 ) ) ;
#961 = LINE ( 'NONE', #345, #1191 ) ;
#962 = VERTEX_POINT ( 'NONE', #2159 ) ;
#963 = ORIENTED_EDGE ( 'NONE', *, *, #1105, .T. ) ;
#964 = DIRECTION ( 'NONE',  ( 1.000000000000000000, 1.224646799146999945E-16, 0.000000000000000000 ) ) ;
#965 = EDGE_CURVE ( 'NONE', #380, #545, #951, .T. ) ;
#966 = EDGE_CURVE ( 'NONE', #1633, #1065, #1721, .T. ) ;
#967 = CARTESIAN_POINT ( 'NONE',  ( -0.7449999999999999956, 0.2700000000000000178, -0.8000000000000000444 ) ) ;
#968 = MECHANICAL_DESIGN_GEOMETRIC_PRESENTATION_REPRESENTATION (  '', ( #2763 ), #1070 ) ;
#969 = LINE ( 'NONE', #295, #793 ) ;
#970 = DIRECTION ( 'NONE',  ( 0.000000000000000000, 0.000000000000000000, -1.000000000000000000 ) ) ;
#971 = DIRECTION ( 'NONE',  ( 0.000000000000000000, 0.000000000000000000, 1.000000000000000000 ) ) ;
#972 = ORIENTED_EDGE ( 'NONE', *, *, #1795, .T. ) ;
#973 = PRESENTATION_LAYER_ASSIGNMENT (  '', '', ( #2490 ) ) ;
#974 = FILL_AREA_STYLE ('',( #2112 ) ) ;
#975 = LINE ( 'NONE', #37, #2711 ) ;
#976 = ORIENTED_EDGE ( 'NONE', *, *, #2139, .T. ) ;
#977 = ORIENTED_EDGE ( 'NONE', *, *, #2702, .T. ) ;
#978 = PLANE ( 'NONE',  #38 ) ;
#979 = LINE ( 'NONE', #996, #1553 ) ;
#980 = PRESENTATION_STYLE_ASSIGNMENT (( #1472 ) ) ;
#981 = AXIS2_PLACEMENT_3D ( 'NONE', #1975, #2872, #1115 ) ;
#982 = CARTESIAN_POINT ( 'NONE',  ( 1.100000000000000089, 0.000000000000000000, 0.5000000000000000000 ) ) ;
#983 = EDGE_CURVE ( 'NONE', #2055, #491, #116, .T. ) ;
#984 = LINE ( 'NONE', #815, #273 ) ;
#985 = FACE_OUTER_BOUND ( 'NONE', #2573, .T. ) ;
#986 = CARTESIAN_POINT ( 'NONE',  ( 1.600000000000000089, -4.179389326704999716E-17, 0.8000000000000000444 ) ) ;
#987 = ORIENTED_EDGE ( 'NONE', *, *, #1062, .F. ) ;
#988 = LINE ( 'NONE', #1211, #821 ) ;
#989 = UNCERTAINTY_MEASURE_WITH_UNIT (LENGTH_MEASURE( 1.000000000000000082E-05 ), #2650, 'distance_accuracy_value', 'NONE');
#990 = VERTEX_POINT ( 'NONE', #2840 ) ;
#991 = VERTEX_POINT ( 'NONE', #104 ) ;
#992 = CARTESIAN_POINT ( 'NONE',  ( -0.7449999999999999956, 0.2799999999999999711, 0.8000000000000000444 ) ) ;
#993 = VECTOR ( 'NONE', #1973, 1000.000000000000000 ) ;
#994 = COLOUR_RGB ( '',1.000000000000000000, 1.000000000000000000, 1.000000000000000000 ) ;
#995 = EDGE_LOOP ( 'NONE', ( #1935, #1568, #1837, #42, #2111, #1461, #2822, #1351 ) ) ;
#996 = CARTESIAN_POINT ( 'NONE',  ( 0.7449999999999999956, 0.2700000000000000178, 0.8000000000000000444 ) ) ;
#997 = PRESENTATION_LAYER_ASSIGNMENT (  '', '', ( #469 ) ) ;
#998 = SURFACE_STYLE_USAGE ( .BOTH. , #1681 ) ;
#999 = PRESENTATION_STYLE_ASSIGNMENT (( #96 ) ) ;
#1000 = DIRECTION ( 'NONE',  ( -1.000000000000000000, -1.224646799146999945E-16, 0.000000000000000000 ) ) ;
#1001 = EDGE_CURVE ( 'NONE', #792, #1441, #2630, .T. ) ;
#1002 = STYLED_ITEM ( 'NONE', ( #2688 ), #747 ) ;
#1003 = ORIENTED_EDGE ( 'NONE', *, *, #2707, .T. ) ;
#1004 = EDGE_CURVE ( 'NONE', #92, #2811, #1092, .T. ) ;
#1005 = DIRECTION ( 'NONE',  ( -1.000000000000000000, -1.224646799146999945E-16, 0.000000000000000000 ) ) ;
#1006 = COLOUR_RGB ( '',1.000000000000000000, 1.000000000000000000, 1.000000000000000000 ) ;
#1007 = AXIS2_PLACEMENT_3D ( 'NONE', #2244, #207, #1131 ) ;
#1008 = ORIENTED_EDGE ( 'NONE', *, *, #2397, .T. ) ;
#1009 = CARTESIAN_POINT ( 'NONE',  ( 0.6772524721120000146, 1.054357787137000013, 0.8000000000000000444 ) ) ;
#1010 = CARTESIAN_POINT ( 'NONE',  ( -1.600000000000000089, 0.2700000000000000178, 0.8000000000000000444 ) ) ;
#1011 = CARTESIAN_POINT ( 'NONE',  ( 1.600000000000000089, -4.336808689941999987E-16, 0.2599999999999999534 ) ) ;
#1012 = ORIENTED_EDGE ( 'NONE', *, *, #1917, .F. ) ;
#1013 =( LENGTH_UNIT ( ) NAMED_UNIT ( * ) SI_UNIT ( .MILLI., .METRE. ) );
#1014 = FILL_AREA_STYLE ('',( #1186 ) ) ;
#1015 = EDGE_LOOP ( 'NONE', ( #2517, #167, #485, #895 ) ) ;
#1016 = CARTESIAN_POINT ( 'NONE',  ( 1.600000000000000089, 0.2700000000000000178, 0.8000000000000000444 ) ) ;
#1017 = DIRECTION ( 'NONE',  ( 0.000000000000000000, 0.000000000000000000, -1.000000000000000000 ) ) ;
#1018 = DIRECTION ( 'NONE',  ( 1.000000000000000000, 1.224646799146999945E-16, 0.000000000000000000 ) ) ;
#1019 = EDGE_CURVE ( 'NONE', #270, #491, #642, .T. ) ;
#1020 = DIRECTION ( 'NONE',  ( 0.000000000000000000, 1.000000000000000000, 0.000000000000000000 ) ) ;
#1021 = UNCERTAINTY_MEASURE_WITH_UNIT (LENGTH_MEASURE( 1.000000000000000082E-05 ), #2277, 'distance_accuracy_value', 'NONE');
#1022 = PRESENTATION_LAYER_ASSIGNMENT (  '', '', ( #1813 ) ) ;
#1023 = EDGE_LOOP ( 'NONE', ( #1808, #1696, #669, #347 ) ) ;
#1024 = FILL_AREA_STYLE ('',( #394 ) ) ;
#1025 = SURFACE_SIDE_STYLE ('',( #2824 ) ) ;
#1026 = PLANE ( 'NONE',  #1340 ) ;
#1027 = ORIENTED_EDGE ( 'NONE', *, *, #1619, .F. ) ;
#1028 = VECTOR ( 'NONE', #1877, 1000.000000000000000 ) ;
#1029 = DIRECTION ( 'NONE',  ( 1.089290704307999941E-16, 1.229216161623000074E-32, 1.000000000000000000 ) ) ;
#1030 = LINE ( 'NONE', #2105, #743 ) ;
#1031 = DIRECTION ( 'NONE',  ( -1.000000000000000000, -1.224646799146999945E-16, -1.089290704307999941E-16 ) ) ;
#1032 = SURFACE_STYLE_FILL_AREA ( #1249 ) ;
#1033 = SURFACE_STYLE_FILL_AREA ( #2666 ) ;
#1034 =( NAMED_UNIT ( * ) PLANE_ANGLE_UNIT ( ) SI_UNIT ( $, .RADIAN. ) );
#1035 = ADVANCED_FACE ( 'NONE', ( #596 ), #1505, .F. ) ;
#1036 = ORIENTED_EDGE ( 'NONE', *, *, #2879, .T. ) ;
#1037 = CARTESIAN_POINT ( 'NONE',  ( 1.600000000000000089, 0.000000000000000000, -0.2500000000000000000 ) ) ;
#1038 = DIRECTION ( 'NONE',  ( 1.224646799146999945E-16, -1.000000000000000000, 0.000000000000000000 ) ) ;
#1039 = FILL_AREA_STYLE ('',( #2593 ) ) ;
#1040 = ORIENTED_EDGE ( 'NONE', *, *, #1271, .T. ) ;
#1041 = FILL_AREA_STYLE ('',( #1259 ) ) ;
#1042 = EDGE_CURVE ( 'NONE', #1633, #2777, #1108, .T. ) ;
#1043 = CARTESIAN_POINT ( 'NONE',  ( -1.224646799146999976E-18, 0.01000000000000000021, 0.000000000000000000 ) ) ;
#1044 = SURFACE_STYLE_FILL_AREA ( #1725 ) ;
#1045 = AXIS2_PLACEMENT_3D ( 'NONE', #503, #1413, #714 ) ;
#1046 = VECTOR ( 'NONE', #591, 1000.000000000000000 ) ;
#1047 = COLOUR_RGB ( '',1.000000000000000000, 1.000000000000000000, 1.000000000000000000 ) ;
#1048 = SURFACE_STYLE_FILL_AREA ( #1083 ) ;
#1049 = LINE ( 'NONE', #2168, #1622 ) ;
#1050 = SURFACE_SIDE_STYLE ('',( #1700 ) ) ;
#1051 = DIRECTION ( 'NONE',  ( 0.000000000000000000, 0.000000000000000000, -1.000000000000000000 ) ) ;
#1052 = UNCERTAINTY_MEASURE_WITH_UNIT (LENGTH_MEASURE( 1.000000000000000082E-05 ), #1777, 'distance_accuracy_value', 'NONE');
#1053 = ORIENTED_EDGE ( 'NONE', *, *, #291, .T. ) ;
#1054 = DIRECTION ( 'NONE',  ( 1.000000000000000000, 0.000000000000000000, 0.000000000000000000 ) ) ;
#1055 = MECHANICAL_DESIGN_GEOMETRIC_PRESENTATION_REPRESENTATION (  '', ( #236 ), #2044 ) ;
#1056 = CARTESIAN_POINT ( 'NONE',  ( 1.600000000000000089, 1.959434878636000163E-16, -0.5000000000000000000 ) ) ;
#1057 = DIRECTION ( 'NONE',  ( 1.000000000000000000, 1.224646799146999945E-16, -1.089290704307999941E-16 ) ) ;
#1058 = STYLED_ITEM ( 'NONE', ( #2316 ), #2230 ) ;
#1059 = PRESENTATION_LAYER_ASSIGNMENT (  '', '', ( #140 ) ) ;
#1060 = ORIENTED_EDGE ( 'NONE', *, *, #2103, .T. ) ;
#1061 = CARTESIAN_POINT ( 'NONE',  ( 0.7449999999999999956, 0.2700000000000000178, -0.8000000000000000444 ) ) ;
#1062 = EDGE_CURVE ( 'NONE', #1075, #2005, #1320, .T. ) ;
#1063 = DIRECTION ( 'NONE',  ( 0.000000000000000000, 1.000000000000000000, 0.000000000000000000 ) ) ;
#1064 = EDGE_CURVE ( 'NONE', #2129, #1342, #2323, .T. ) ;
#1065 = VERTEX_POINT ( 'NONE', #2534 ) ;
#1066 = CARTESIAN_POINT ( 'NONE',  ( -1.600000000000000089, 0.2700000000000000178, 0.2599999999999999534 ) ) ;
#1067 =( NAMED_UNIT ( * ) SI_UNIT ( $, .STERADIAN. ) SOLID_ANGLE_UNIT ( ) );
#1068 = DIRECTION ( 'NONE',  ( -1.000000000000000000, 0.000000000000000000, 0.000000000000000000 ) ) ;
#1069 = CARTESIAN_POINT ( 'NONE',  ( -0.2000000000000000111, -2.449293598295000203E-17, 0.2999999999999999889 ) ) ;
#1070 =( GEOMETRIC_REPRESENTATION_CONTEXT ( 3 ) GLOBAL_UNCERTAINTY_ASSIGNED_CONTEXT ( ( #146 ) ) GLOBAL_UNIT_ASSIGNED_CONTEXT ( ( #655, #685, #671 ) ) REPRESENTATION_CONTEXT ( 'NONE', 'WORKASPACE' ) );
#1071 = VERTEX_POINT ( 'NONE', #777 ) ;
#1072 = PLANE ( 'NONE',  #162 ) ;
#1073 = FILL_AREA_STYLE_COLOUR ( '', #2235 ) ;
#1074 = VECTOR ( 'NONE', #2546, 1000.000000000000000 ) ;
#1075 = VERTEX_POINT ( 'NONE', #794 ) ;
#1076 = DIRECTION ( 'NONE',  ( -1.000000000000000000, -1.219727444045999957E-16, 0.000000000000000000 ) ) ;
#1077 = STYLED_ITEM ( 'NONE', ( #2529 ), #1373 ) ;
#1078 = LINE ( 'NONE', #1972, #729 ) ;
#1079 = SURFACE_STYLE_FILL_AREA ( #631 ) ;
#1080 = EDGE_CURVE ( 'NONE', #1632, #2734, #515, .T. ) ;
#1081 = ORIENTED_EDGE ( 'NONE', *, *, #2623, .T. ) ;
#1082 =( NAMED_UNIT ( * ) SI_UNIT ( $, .STERADIAN. ) SOLID_ANGLE_UNIT ( ) );
#1083 = FILL_AREA_STYLE ('',( #111 ) ) ;
#1084 = CIRCLE ( 'NONE', #2865, 0.2599999999999999534 ) ;
#1085 = DIRECTION ( 'NONE',  ( 1.224646799146999945E-16, -1.000000000000000000, 0.000000000000000000 ) ) ;
#1086 = PRODUCT_RELATED_PRODUCT_CATEGORY ( 'part', '', ( #2818 ) ) ;
#1087 =( NAMED_UNIT ( * ) SI_UNIT ( $, .STERADIAN. ) SOLID_ANGLE_UNIT ( ) );
#1088 = FILL_AREA_STYLE ('',( #2851 ) ) ;
#1089 = EDGE_CURVE ( 'NONE', #544, #2096, #2780, .T. ) ;
#1090 = UNCERTAINTY_MEASURE_WITH_UNIT (LENGTH_MEASURE( 1.000000000000000082E-05 ), #242, 'distance_accuracy_value', 'NONE');
#1091 = ORIENTED_EDGE ( 'NONE', *, *, #1820, .T. ) ;
#1092 = LINE ( 'NONE', #2657, #2616 ) ;
#1093 =( LENGTH_UNIT ( ) NAMED_UNIT ( * ) SI_UNIT ( .MILLI., .METRE. ) );
#1094 = ORIENTED_EDGE ( 'NONE', *, *, #40, .T. ) ;
#1095 = DIRECTION ( 'NONE',  ( -1.626303258727999778E-16, -2.407412430483999931E-32, -1.000000000000000000 ) ) ;
#1096 = LINE ( 'NONE', #1943, #920 ) ;
#1097 = STYLED_ITEM ( 'NONE', ( #108 ), #2936 ) ;
#1098 = ORIENTED_EDGE ( 'NONE', *, *, #2140, .F. ) ;
#1099 = CARTESIAN_POINT ( 'NONE',  ( -0.6976642911749999509, 0.01000000000000000021, -0.2999999999999999889 ) ) ;
#1100 = SURFACE_STYLE_FILL_AREA ( #172 ) ;
#1101 = DIRECTION ( 'NONE',  ( 0.000000000000000000, 0.000000000000000000, -1.000000000000000000 ) ) ;
#1102 = FACE_OUTER_BOUND ( 'NONE', #2485, .T. ) ;
#1103 = EDGE_CURVE ( 'NONE', #1799, #1633, #741, .T. ) ;
#1104 =( NAMED_UNIT ( * ) SI_UNIT ( $, .STERADIAN. ) SOLID_ANGLE_UNIT ( ) );
#1105 = EDGE_CURVE ( 'NONE', #26, #220, #726, .T. ) ;
#1106 = ORIENTED_EDGE ( 'NONE', *, *, #2554, .T. ) ;
#1107 = FACE_OUTER_BOUND ( 'NONE', #2210, .T. ) ;
#1108 = LINE ( 'NONE', #2001, #2580 ) ;
#1109 = CARTESIAN_POINT ( 'NONE',  ( -0.2000000000000000111, -2.449293598295000203E-17, -0.2999999999999999889 ) ) ;
#1110 = PRESENTATION_LAYER_ASSIGNMENT (  '', '', ( #1664 ) ) ;
#1111 = ORIENTED_EDGE ( 'NONE', *, *, #2674, .T. ) ;
#1112 = MECHANICAL_DESIGN_GEOMETRIC_PRESENTATION_REPRESENTATION (  '', ( #1479 ), #1668 ) ;
#1113 = VECTOR ( 'NONE', #1250, 1000.000000000000000 ) ;
#1114 = AXIS2_PLACEMENT_3D ( 'NONE', #459, #1573, #218 ) ;
#1115 = DIRECTION ( 'NONE',  ( -1.224646799146999945E-16, 1.000000000000000000, 0.000000000000000000 ) ) ;
#1116 = DIRECTION ( 'NONE',  ( -1.224646799146999945E-16, 1.000000000000000000, 1.047802127484999846E-33 ) ) ;
#1117 = DIRECTION ( 'NONE',  ( 0.000000000000000000, 1.000000000000000000, 0.000000000000000000 ) ) ;
#1118 = UNCERTAINTY_MEASURE_WITH_UNIT (LENGTH_MEASURE( 1.000000000000000082E-05 ), #2297, 'distance_accuracy_value', 'NONE');
#1119 = ADVANCED_FACE ( 'NONE', ( #2118 ), #1230, .F. ) ;
#1120 = ORIENTED_EDGE ( 'NONE', *, *, #290, .T. ) ;
#1121 = FILL_AREA_STYLE_COLOUR ( '', #1422 ) ;
#1122 = CARTESIAN_POINT ( 'NONE',  ( -0.7449999999999999956, 0.2700000000000000178, -0.8000000000000000444 ) ) ;
#1123 = VECTOR ( 'NONE', #383, 1000.000000000000000 ) ;
#1124 = ORIENTED_EDGE ( 'NONE', *, *, #2637, .T. ) ;
#1125 = CARTESIAN_POINT ( 'NONE',  ( 0.000000000000000000, 0.000000000000000000, 0.000000000000000000 ) ) ;
#1126 = CIRCLE ( 'NONE', #1734, 0.2599999999999999534 ) ;
#1127 = CARTESIAN_POINT ( 'NONE',  ( 1.600000000000000089, 0.01000000000000000021, -0.5000000000000000000 ) ) ;
#1128 = CARTESIAN_POINT ( 'NONE',  ( 1.600000000000000089, -4.179389326704999716E-17, -0.8000000000000000444 ) ) ;
#1129 = MECHANICAL_DESIGN_GEOMETRIC_PRESENTATION_REPRESENTATION (  '', ( #739 ), #1865 ) ;
#1130 = CARTESIAN_POINT ( 'NONE',  ( -0.2000000000000000111, -2.449293598295000203E-17, -0.2999999999999999889 ) ) ;
#1131 = DIRECTION ( 'NONE',  ( 1.000000000000000000, 0.000000000000000000, 0.000000000000000000 ) ) ;
#1132 = ORIENTED_EDGE ( 'NONE', *, *, #2804, .T. ) ;
#1133 = PRESENTATION_LAYER_ASSIGNMENT (  '', '', ( #1694 ) ) ;
#1134 = PRESENTATION_STYLE_ASSIGNMENT (( #2247 ) ) ;
#1135 = ORIENTED_EDGE ( 'NONE', *, *, #1995, .T. ) ;
#1136 = SURFACE_STYLE_FILL_AREA ( #1352 ) ;
#1137 = FILL_AREA_STYLE ('',( #2503 ) ) ;
#1138 = EDGE_CURVE ( 'NONE', #962, #2286, #979, .T. ) ;
#1139 = ADVANCED_FACE ( 'NONE', ( #1840 ), #1874, .F. ) ;
#1140 = VECTOR ( 'NONE', #1780, 1000.000000000000000 ) ;
#1141 = ORIENTED_EDGE ( 'NONE', *, *, #114, .F. ) ;
#1142 = ORIENTED_EDGE ( 'NONE', *, *, #1876, .F. ) ;
#1143 = DIRECTION ( 'NONE',  ( 0.000000000000000000, 0.000000000000000000, 1.000000000000000000 ) ) ;
#1144 = VECTOR ( 'NONE', #581, 1000.000000000000000 ) ;
#1145 = EDGE_CURVE ( 'NONE', #95, #325, #1398, .T. ) ;
#1146 = VECTOR ( 'NONE', #764, 1000.000000000000000 ) ;
#1147 = LINE ( 'NONE', #1587, #2850 ) ;
#1148 = PLANE ( 'NONE',  #1828 ) ;
#1149 = EDGE_CURVE ( 'NONE', #393, #750, #1750, .T. ) ;
#1150 = MECHANICAL_DESIGN_GEOMETRIC_PRESENTATION_REPRESENTATION (  '', ( #39 ), #675 ) ;
#1151 =( GEOMETRIC_REPRESENTATION_CONTEXT ( 3 ) GLOBAL_UNCERTAINTY_ASSIGNED_CONTEXT ( ( #514 ) ) GLOBAL_UNIT_ASSIGNED_CONTEXT ( ( #360, #639, #2626 ) ) REPRESENTATION_CONTEXT ( 'NONE', 'WORKASPACE' ) );
#1152 = FILL_AREA_STYLE ('',( #1369 ) ) ;
#1153 = SURFACE_STYLE_USAGE ( .BOTH. , #222 ) ;
#1154 = ORIENTED_EDGE ( 'NONE', *, *, #1308, .T. ) ;
#1155 =( NAMED_UNIT ( * ) SI_UNIT ( $, .STERADIAN. ) SOLID_ANGLE_UNIT ( ) );
#1156 = EDGE_LOOP ( 'NONE', ( #313, #199, #696, #2722 ) ) ;
#1157 = FILL_AREA_STYLE ('',( #2492 ) ) ;
#1158 = SURFACE_STYLE_USAGE ( .BOTH. , #2047 ) ;
#1159 = CARTESIAN_POINT ( 'NONE',  ( -1.600000000000000089, -4.336808689941999987E-16, 0.5000000000000000000 ) ) ;
#1160 = LINE ( 'NONE', #2681, #704 ) ;
#1161 = ORIENTED_EDGE ( 'NONE', *, *, #1344, .F. ) ;
#1162 = LINE ( 'NONE', #2063, #2463 ) ;
#1163 =( NAMED_UNIT ( * ) PLANE_ANGLE_UNIT ( ) SI_UNIT ( $, .RADIAN. ) );
#1164 = LINE ( 'NONE', #2487, #1626 ) ;
#1165 = EDGE_LOOP ( 'NONE', ( #1722, #2342, #774, #2513 ) ) ;
#1166 = VECTOR ( 'NONE', #573, 1000.000000000000000 ) ;
#1167 = EDGE_LOOP ( 'NONE', ( #1646, #505, #1533, #1098, #2335, #1703 ) ) ;
#1168 = EDGE_CURVE ( 'NONE', #2590, #881, #1126, .T. ) ;
#1169 =( NAMED_UNIT ( * ) PLANE_ANGLE_UNIT ( ) SI_UNIT ( $, .RADIAN. ) );
#1170 = ORIENTED_EDGE ( 'NONE', *, *, #925, .T. ) ;
#1171 = ORIENTED_EDGE ( 'NONE', *, *, #1807, .F. ) ;
#1172 = LINE ( 'NONE', #2533, #379 ) ;
#1173 = AXIS2_PLACEMENT_3D ( 'NONE', #2072, #948, #1841 ) ;
#1174 = PRESENTATION_STYLE_ASSIGNMENT (( #2132 ) ) ;
#1175 = DIRECTION ( 'NONE',  ( 0.000000000000000000, 1.000000000000000000, 0.000000000000000000 ) ) ;
#1176 = CARTESIAN_POINT ( 'NONE',  ( 1.600000000000000089, 0.01000000000000000021, 0.5000000000000000000 ) ) ;
#1177 = CARTESIAN_POINT ( 'NONE',  ( 1.100000000000000089, 9.809121199250999655E-33, -0.5000000000000000000 ) ) ;
#1178 = ORIENTED_EDGE ( 'NONE', *, *, #2719, .F. ) ;
#1179 = EDGE_CURVE ( 'NONE', #2777, #2146, #2162, .T. ) ;
#1180 =( GEOMETRIC_REPRESENTATION_CONTEXT ( 3 ) GLOBAL_UNCERTAINTY_ASSIGNED_CONTEXT ( ( #577 ) ) GLOBAL_UNIT_ASSIGNED_CONTEXT ( ( #1246, #2134, #2661 ) ) REPRESENTATION_CONTEXT ( 'NONE', 'WORKASPACE' ) );
#1181 = CARTESIAN_POINT ( 'NONE',  ( -1.600000000000000089, 0.2799999999999999711, -0.8000000000000000444 ) ) ;
#1182 = EDGE_CURVE ( 'NONE', #2055, #893, #599, .T. ) ;
#1183 = EDGE_LOOP ( 'NONE', ( #2686, #266, #835, #1801 ) ) ;
#1184 = ORIENTED_EDGE ( 'NONE', *, *, #442, .T. ) ;
#1185 = CARTESIAN_POINT ( 'NONE',  ( -0.2000000000000000111, 0.01000000000000000021, -0.2999999999999999889 ) ) ;
#1186 = FILL_AREA_STYLE_COLOUR ( '', #800 ) ;
#1187 =( LENGTH_UNIT ( ) NAMED_UNIT ( * ) SI_UNIT ( .MILLI., .METRE. ) );
#1188 = AXIS2_PLACEMENT_3D ( 'NONE', #1812, #456, #1392 ) ;
#1189 = CARTESIAN_POINT ( 'NONE',  ( -1.600000000000000089, -1.959434878636000163E-16, 0.5000000000000000000 ) ) ;
#1190 = PRESENTATION_STYLE_ASSIGNMENT (( #557 ) ) ;
#1191 = VECTOR ( 'NONE', #2344, 1000.000000000000000 ) ;
#1192 = DIRECTION ( 'NONE',  ( 1.000000000000000000, 0.000000000000000000, 0.000000000000000000 ) ) ;
#1193 = VECTOR ( 'NONE', #582, 1000.000000000000000 ) ;
#1194 = VERTEX_POINT ( 'NONE', #2660 ) ;
#1195 = FILL_AREA_STYLE_COLOUR ( '', #1793 ) ;
#1196 = CARTESIAN_POINT ( 'NONE',  ( 1.600000000000000089, 0.01000000000000000021, -0.5000000000000000000 ) ) ;
#1197 = EDGE_CURVE ( 'NONE', #1229, #1745, #107, .T. ) ;
#1198 = ORIENTED_EDGE ( 'NONE', *, *, #965, .F. ) ;
#1199 = ORIENTED_EDGE ( 'NONE', *, *, #2393, .F. ) ;
#1200 = FACE_OUTER_BOUND ( 'NONE', #2124, .T. ) ;
#1201 = ADVANCED_FACE ( 'NONE', ( #1244 ), #2403, .F. ) ;
#1202 = CARTESIAN_POINT ( 'NONE',  ( -1.600000000000000089, 0.01000000000000000021, -0.5000000000000000000 ) ) ;
#1203 = DIRECTION ( 'NONE',  ( -1.000000000000000000, 0.000000000000000000, 1.089290704307999941E-16 ) ) ;
#1204 =( GEOMETRIC_REPRESENTATION_CONTEXT ( 3 ) GLOBAL_UNCERTAINTY_ASSIGNED_CONTEXT ( ( #1758 ) ) GLOBAL_UNIT_ASSIGNED_CONTEXT ( ( #1245, #1858, #778 ) ) REPRESENTATION_CONTEXT ( 'NONE', 'WORKASPACE' ) );
#1205 = CARTESIAN_POINT ( 'NONE',  ( -1.600000000000000089, -6.505213034912999980E-16, -0.2500000000000000000 ) ) ;
#1206 =( NAMED_UNIT ( * ) PLANE_ANGLE_UNIT ( ) SI_UNIT ( $, .RADIAN. ) );
#1207 = CARTESIAN_POINT ( 'NONE',  ( 1.600000000000000089, 0.2799999999999999711, 0.8000000000000000444 ) ) ;
#1208 = ORIENTED_EDGE ( 'NONE', *, *, #705, .T. ) ;
#1209 = STYLED_ITEM ( 'NONE', ( #2046 ), #1347 ) ;
#1210 = DIRECTION ( 'NONE',  ( 0.000000000000000000, 0.000000000000000000, -1.000000000000000000 ) ) ;
#1211 = CARTESIAN_POINT ( 'NONE',  ( 1.100000000000000089, 0.01000000000000000021, -0.5000000000000000000 ) ) ;
#1212 = ORIENTED_EDGE ( 'NONE', *, *, #2393, .T. ) ;
#1213 = ORIENTED_EDGE ( 'NONE', *, *, #2710, .T. ) ;
#1214 = FILL_AREA_STYLE_COLOUR ( '', #187 ) ;
#1215 = ORIENTED_EDGE ( 'NONE', *, *, #1672, .T. ) ;
#1216 = VECTOR ( 'NONE', #217, 1000.000000000000000 ) ;
#1217 = EDGE_CURVE ( 'NONE', #1225, #1229, #135, .T. ) ;
#1218 = PLANE ( 'NONE',  #2294 ) ;
#1219 = PRESENTATION_STYLE_ASSIGNMENT (( #477 ) ) ;
#1220 = CARTESIAN_POINT ( 'NONE',  ( 1.100000000000000089, 0.01000000000000000021, 0.5000000000000000000 ) ) ;
#1221 = ORIENTED_EDGE ( 'NONE', *, *, #290, .F. ) ;
#1222 = DIRECTION ( 'NONE',  ( 1.000000000000000000, 1.224646799146999945E-16, 0.000000000000000000 ) ) ;
#1223 = UNCERTAINTY_MEASURE_WITH_UNIT (LENGTH_MEASURE( 1.000000000000000082E-05 ), #2229, 'distance_accuracy_value', 'NONE');
#1224 = VECTOR ( 'NONE', #1063, 1000.000000000000000 ) ;
#1225 = VERTEX_POINT ( 'NONE', #1768 ) ;
#1226 = ORIENTED_EDGE ( 'NONE', *, *, #1621, .T. ) ;
#1227 = DIRECTION ( 'NONE',  ( -1.224646799146999945E-16, 1.000000000000000000, 0.000000000000000000 ) ) ;
#1228 = CARTESIAN_POINT ( 'NONE',  ( 1.100000000000000089, 0.01000000000000000021, -0.5000000000000000000 ) ) ;
#1229 = VERTEX_POINT ( 'NONE', #2147 ) ;
#1230 = PLANE ( 'NONE',  #2441 ) ;
#1231 = CARTESIAN_POINT ( 'NONE',  ( -1.600000000000000089, 0.2799999999999999711, 0.2500000000000000000 ) ) ;
#1232 = PLANE ( 'NONE',  #981 ) ;
#1233 = LINE ( 'NONE', #2601, #2885 ) ;
#1234 = DIRECTION ( 'NONE',  ( 0.000000000000000000, 0.000000000000000000, -1.000000000000000000 ) ) ;
#1235 =( NAMED_UNIT ( * ) PLANE_ANGLE_UNIT ( ) SI_UNIT ( $, .RADIAN. ) );
#1236 = DIRECTION ( 'NONE',  ( 0.000000000000000000, 0.000000000000000000, 1.000000000000000000 ) ) ;
#1237 = VECTOR ( 'NONE', #2125, 1000.000000000000000 ) ;
#1238 =( GEOMETRIC_REPRESENTATION_CONTEXT ( 3 ) GLOBAL_UNCERTAINTY_ASSIGNED_CONTEXT ( ( #1869 ) ) GLOBAL_UNIT_ASSIGNED_CONTEXT ( ( #938, #1386, #691 ) ) REPRESENTATION_CONTEXT ( 'NONE', 'WORKASPACE' ) );
#1239 = ORIENTED_EDGE ( 'NONE', *, *, #2636, .T. ) ;
#1240 = SURFACE_STYLE_FILL_AREA ( #1024 ) ;
#1241 = LINE ( 'NONE', #349, #1998 ) ;
#1242 = DIRECTION ( 'NONE',  ( 0.000000000000000000, 0.000000000000000000, 1.000000000000000000 ) ) ;
#1243 = ORIENTED_EDGE ( 'NONE', *, *, #553, .T. ) ;
#1244 = FACE_OUTER_BOUND ( 'NONE', #2595, .T. ) ;
#1245 =( LENGTH_UNIT ( ) NAMED_UNIT ( * ) SI_UNIT ( .MILLI., .METRE. ) );
#1246 =( LENGTH_UNIT ( ) NAMED_UNIT ( * ) SI_UNIT ( .MILLI., .METRE. ) );
#1247 = ORIENTED_EDGE ( 'NONE', *, *, #1541, .F. ) ;
#1248 = CARTESIAN_POINT ( 'NONE',  ( 1.600000000000000089, 0.2700000000000000178, 0.8000000000000000444 ) ) ;
#1249 = FILL_AREA_STYLE ('',( #340 ) ) ;
#1250 = DIRECTION ( 'NONE',  ( -1.000000000000000000, -1.224646799146999945E-16, 0.000000000000000000 ) ) ;
#1251 = CARTESIAN_POINT ( 'NONE',  ( -1.600000000000000089, 0.01000000000000000021, 0.000000000000000000 ) ) ;
#1252 = AXIS2_PLACEMENT_3D ( 'NONE', #2176, #1029, #2418 ) ;
#1253 = EDGE_CURVE ( 'NONE', #151, #814, #1954, .T. ) ;
#1254 = EDGE_LOOP ( 'NONE', ( #566, #267, #719, #1106, #628, #1928 ) ) ;
#1255 = CARTESIAN_POINT ( 'NONE',  ( -1.600000000000000089, 0.2700000000000000178, 0.000000000000000000 ) ) ;
#1256 = DIRECTION ( 'NONE',  ( -1.000000000000000000, 0.000000000000000000, 0.000000000000000000 ) ) ;
#1257 = CARTESIAN_POINT ( 'NONE',  ( 1.600000000000000089, 0.2799999999999999711, -0.2500000000000000000 ) ) ;
#1258 = VERTEX_POINT ( 'NONE', #1540 ) ;
#1259 = FILL_AREA_STYLE_COLOUR ( '', #1502 ) ;
#1260 = CARTESIAN_POINT ( 'NONE',  ( -1.600000000000000089, -1.118033988750000152, -0.5000000000000000000 ) ) ;
#1261 = CARTESIAN_POINT ( 'NONE',  ( -1.600000000000000089, 0.01000000000000000021, -0.5000000000000000000 ) ) ;
#1262 = MECHANICAL_DESIGN_GEOMETRIC_PRESENTATION_REPRESENTATION (  '', ( #263 ), #2920 ) ;
#1263 = ORIENTED_EDGE ( 'NONE', *, *, #1064, .F. ) ;
#1264 = DIRECTION ( 'NONE',  ( -1.224646799146999945E-16, 1.000000000000000000, 0.000000000000000000 ) ) ;
#1265 = LINE ( 'NONE', #2408, #190 ) ;
#1266 = PLANE ( 'NONE',  #942 ) ;
#1267 = PRESENTATION_STYLE_ASSIGNMENT (( #145 ) ) ;
#1268 = ADVANCED_FACE ( 'NONE', ( #352 ), #838, .F. ) ;
#1269 = ORIENTED_EDGE ( 'NONE', *, *, #831, .F. ) ;
#1270 = CARTESIAN_POINT ( 'NONE',  ( 0.2000000000000000111, 0.01000000000000000021, -0.8000000000000000444 ) ) ;
#1271 = EDGE_CURVE ( 'NONE', #1467, #220, #2433, .T. ) ;
#1272 = ORIENTED_EDGE ( 'NONE', *, *, #626, .F. ) ;
#1273 = CARTESIAN_POINT ( 'NONE',  ( -1.100000000000000089, 0.01000000000000000021, 0.5000000000000000000 ) ) ;
#1274 = AXIS2_PLACEMENT_3D ( 'NONE', #1491, #2388, #354 ) ;
#1275 =( GEOMETRIC_REPRESENTATION_CONTEXT ( 3 ) GLOBAL_UNCERTAINTY_ASSIGNED_CONTEXT ( ( #1564 ) ) GLOBAL_UNIT_ASSIGNED_CONTEXT ( ( #1667, #1206, #279 ) ) REPRESENTATION_CONTEXT ( 'NONE', 'WORKASPACE' ) );
#1276 =( GEOMETRIC_REPRESENTATION_CONTEXT ( 3 ) GLOBAL_UNCERTAINTY_ASSIGNED_CONTEXT ( ( #2654 ) ) GLOBAL_UNIT_ASSIGNED_CONTEXT ( ( #370, #5, #1341 ) ) REPRESENTATION_CONTEXT ( 'NONE', 'WORKASPACE' ) );
#1277 = LINE ( 'NONE', #417, #2821 ) ;
#1278 = CARTESIAN_POINT ( 'NONE',  ( -1.600000000000000089, -0.5813776741500000789, 0.000000000000000000 ) ) ;
#1279 = FILL_AREA_STYLE_COLOUR ( '', #276 ) ;
#1280 = UNCERTAINTY_MEASURE_WITH_UNIT (LENGTH_MEASURE( 1.000000000000000082E-05 ), #261, 'distance_accuracy_value', 'NONE');
#1281 = AXIS2_PLACEMENT_3D ( 'NONE', #1968, #165, #1256 ) ;
#1282 = ORIENTED_EDGE ( 'NONE', *, *, #1080, .T. ) ;
#1283 = LINE ( 'NONE', #1909, #1557 ) ;
#1284 = VECTOR ( 'NONE', #123, 1000.000000000000000 ) ;
#1285 = CARTESIAN_POINT ( 'NONE',  ( -0.6274427372079999232, 1.050000000000000044, 0.8000000000000000444 ) ) ;
#1286 =( NAMED_UNIT ( * ) SI_UNIT ( $, .STERADIAN. ) SOLID_ANGLE_UNIT ( ) );
#1287 = VECTOR ( 'NONE', #2415, 1000.000000000000114 ) ;
#1288 = MECHANICAL_DESIGN_GEOMETRIC_PRESENTATION_REPRESENTATION (  '', ( #1 ), #2521 ) ;
#1289 = AXIS2_PLACEMENT_3D ( 'NONE', #488, #1396, #2611 ) ;
#1290 = VERTEX_POINT ( 'NONE', #1739 ) ;
#1291 = DIRECTION ( 'NONE',  ( 0.000000000000000000, 0.000000000000000000, -1.000000000000000000 ) ) ;
#1292 = CARTESIAN_POINT ( 'NONE',  ( -0.6976642911749999509, 0.01000000000000000021, 0.2999999999999999889 ) ) ;
#1293 = ADVANCED_FACE ( 'NONE', ( #1988 ), #1723, .F. ) ;
#1294 = VERTEX_POINT ( 'NONE', #1520 ) ;
#1295 = SURFACE_STYLE_USAGE ( .BOTH. , #2634 ) ;
#1296 = LINE ( 'NONE', #390, #333 ) ;
#1297 = CARTESIAN_POINT ( 'NONE',  ( -0.6274427372079999232, 1.100000000000000089, 0.8000000000000000444 ) ) ;
#1298 = DIRECTION ( 'NONE',  ( 0.000000000000000000, 0.000000000000000000, -1.000000000000000000 ) ) ;
#1299 = VERTEX_POINT ( 'NONE', #1489 ) ;
#1300 = FILL_AREA_STYLE_COLOUR ( '', #2727 ) ;
#1301 = LINE ( 'NONE', #1056, #1144 ) ;
#1302 = DIRECTION ( 'NONE',  ( 1.000000000000000000, 1.224646799146999945E-16, 0.000000000000000000 ) ) ;
#1303 = STYLED_ITEM ( 'NONE', ( #1174 ), #1139 ) ;
#1304 = EDGE_LOOP ( 'NONE', ( #1027, #2066, #1581, #1008, #2236, #1036, #2599, #2644 ) ) ;
#1305 = CARTESIAN_POINT ( 'NONE',  ( -0.2000000000000000111, -2.449293598295000203E-17, -0.8000000000000000444 ) ) ;
#1306 =( GEOMETRIC_REPRESENTATION_CONTEXT ( 3 ) GLOBAL_UNCERTAINTY_ASSIGNED_CONTEXT ( ( #1933 ) ) GLOBAL_UNIT_ASSIGNED_CONTEXT ( ( #1673, #1914, #1898 ) ) REPRESENTATION_CONTEXT ( 'NONE', 'WORKASPACE' ) );
#1307 = PLANE ( 'NONE',  #1635 ) ;
#1308 = EDGE_CURVE ( 'NONE', #2590, #404, #1471, .T. ) ;
#1309 = ORIENTED_EDGE ( 'NONE', *, *, #2922, .T. ) ;
#1310 = DIRECTION ( 'NONE',  ( 0.000000000000000000, 0.000000000000000000, 1.000000000000000000 ) ) ;
#1311 = SURFACE_STYLE_USAGE ( .BOTH. , #2680 ) ;
#1312 = PRESENTATION_STYLE_ASSIGNMENT (( #406 ) ) ;
#1313 = EDGE_CURVE ( 'NONE', #635, #928, #1970, .T. ) ;
#1314 =( LENGTH_UNIT ( ) NAMED_UNIT ( * ) SI_UNIT ( .MILLI., .METRE. ) );
#1315 = LINE ( 'NONE', #1562, #387 ) ;
#1316 = PRESENTATION_LAYER_ASSIGNMENT (  '', '', ( #932 ) ) ;
#1317 = UNCERTAINTY_MEASURE_WITH_UNIT (LENGTH_MEASURE( 1.000000000000000082E-05 ), #1857, 'distance_accuracy_value', 'NONE');
#1318 = ORIENTED_EDGE ( 'NONE', *, *, #1591, .T. ) ;
#1319 = CARTESIAN_POINT ( 'NONE',  ( 0.7449999999999999956, 0.2799999999999999711, 0.8000000000000000444 ) ) ;
#1320 = LINE ( 'NONE', #967, #2394 ) ;
#1321 = DIRECTION ( 'NONE',  ( 0.000000000000000000, 1.000000000000000000, 0.000000000000000000 ) ) ;
#1322 = ORIENTED_EDGE ( 'NONE', *, *, #1675, .T. ) ;
#1323 = DIRECTION ( 'NONE',  ( 0.000000000000000000, 0.000000000000000000, -1.000000000000000000 ) ) ;
#1324 =( NAMED_UNIT ( * ) PLANE_ANGLE_UNIT ( ) SI_UNIT ( $, .RADIAN. ) );
#1325 = VECTOR ( 'NONE', #935, 1000.000000000000000 ) ;
#1326 = CARTESIAN_POINT ( 'NONE',  ( 0.2000000000000000111, -1.834611997030999975, -0.8000000000000000444 ) ) ;
#1327 = CARTESIAN_POINT ( 'NONE',  ( -0.2000000000000000111, -1.834611997030999975, 0.8000000000000000444 ) ) ;
#1328 = PLANE ( 'NONE',  #632 ) ;
#1329 = ADVANCED_FACE ( 'NONE', ( #2869 ), #2386, .F. ) ;
#1330 =( GEOMETRIC_REPRESENTATION_CONTEXT ( 3 ) GLOBAL_UNCERTAINTY_ASSIGNED_CONTEXT ( ( #2232 ) ) GLOBAL_UNIT_ASSIGNED_CONTEXT ( ( #539, #1717, #161 ) ) REPRESENTATION_CONTEXT ( 'NONE', 'WORKASPACE' ) );
#1331 = PRESENTATION_STYLE_ASSIGNMENT (( #2456 ) ) ;
#1332 = DIRECTION ( 'NONE',  ( 0.000000000000000000, 0.000000000000000000, -1.000000000000000000 ) ) ;
#1333 = ORIENTED_EDGE ( 'NONE', *, *, #1253, .F. ) ;
#1334 = PLANE ( 'NONE',  #2250 ) ;
#1335 = COLOUR_RGB ( '',1.000000000000000000, 1.000000000000000000, 1.000000000000000000 ) ;
#1336 = ORIENTED_EDGE ( 'NONE', *, *, #1019, .F. ) ;
#1337 = SURFACE_SIDE_STYLE ('',( #1136 ) ) ;
#1338 = VECTOR ( 'NONE', #150, 1000.000000000000000 ) ;
#1339 = AXIS2_PLACEMENT_3D ( 'NONE', #2803, #1000, #2787 ) ;
#1340 = AXIS2_PLACEMENT_3D ( 'NONE', #1888, #472, #1242 ) ;
#1341 =( NAMED_UNIT ( * ) SI_UNIT ( $, .STERADIAN. ) SOLID_ANGLE_UNIT ( ) );
#1342 = VERTEX_POINT ( 'NONE', #918 ) ;
#1343 = DIRECTION ( 'NONE',  ( -1.000000000000000000, -1.224646799146999945E-16, 0.000000000000000000 ) ) ;
#1344 = EDGE_CURVE ( 'NONE', #750, #1424, #1582, .T. ) ;
#1345 = PLANE ( 'NONE',  #1007 ) ;
#1346 = ORIENTED_EDGE ( 'NONE', *, *, #2004, .F. ) ;
#1347 = ADVANCED_FACE ( 'NONE', ( #1811 ), #1603, .F. ) ;
#1348 = PRODUCT_DEFINITION_CONTEXT ( 'detailed design', #2750, 'design' ) ;
#1349 = AXIS2_PLACEMENT_3D ( 'NONE', #1376, #467, #228 ) ;
#1350 = ADVANCED_FACE ( 'NONE', ( #2676 ), #1362, .T. ) ;
#1351 = ORIENTED_EDGE ( 'NONE', *, *, #2278, .T. ) ;
#1352 = FILL_AREA_STYLE ('',( #430 ) ) ;
#1353 = SURFACE_SIDE_STYLE ('',( #1584 ) ) ;
#1354 = CARTESIAN_POINT ( 'NONE',  ( 0.7449999999999999956, 0.2799999999999999711, 0.8000000000000000444 ) ) ;
#1355 = PRESENTATION_STYLE_ASSIGNMENT (( #1805 ) ) ;
#1356 = LINE ( 'NONE', #2010, #910 ) ;
#1357 = ORIENTED_EDGE ( 'NONE', *, *, #2637, .F. ) ;
#1358 = MECHANICAL_DESIGN_GEOMETRIC_PRESENTATION_REPRESENTATION (  '', ( #1694 ), #2773 ) ;
#1359 =( NAMED_UNIT ( * ) PLANE_ANGLE_UNIT ( ) SI_UNIT ( $, .RADIAN. ) );
#1360 = EDGE_CURVE ( 'NONE', #454, #2069, #931, .T. ) ;
#1361 = ORIENTED_EDGE ( 'NONE', *, *, #1691, .F. ) ;
#1362 = PLANE ( 'NONE',  #548 ) ;
#1363 = ADVANCED_FACE ( 'NONE', ( #654 ), #751, .T. ) ;
#1364 = FACE_OUTER_BOUND ( 'NONE', #1492, .T. ) ;
#1365 = APPLICATION_PROTOCOL_DEFINITION ( 'draft international standard', 'automotive_design', 1998, #2750 ) ;
#1366 = MANIFOLD_SOLID_BREP ( 'LTST-C230KRKT[1]', #61 ) ;
#1367 = DIRECTION ( 'NONE',  ( -1.000000000000000000, -1.224646799146999945E-16, 0.000000000000000000 ) ) ;
#1368 = CARTESIAN_POINT ( 'NONE',  ( -1.600000000000000089, 0.2700000000000000178, -0.8000000000000000444 ) ) ;
#1369 = FILL_AREA_STYLE_COLOUR ( '', #994 ) ;
#1370 = DIRECTION ( 'NONE',  ( 0.000000000000000000, 0.000000000000000000, 1.000000000000000000 ) ) ;
#1371 = VECTOR ( 'NONE', #661, 1000.000000000000000 ) ;
#1372 = ORIENTED_EDGE ( 'NONE', *, *, #382, .T. ) ;
#1373 = MANIFOLD_SOLID_BREP ( 'LTST-C230KRKT[2]', #2062 ) ;
#1374 = PLANE ( 'NONE',  #715 ) ;
#1375 = ORIENTED_EDGE ( 'NONE', *, *, #1168, .T. ) ;
#1376 = CARTESIAN_POINT ( 'NONE',  ( -1.600000000000000089, 0.01000000000000000021, -0.5000000000000000000 ) ) ;
#1377 = STYLED_ITEM ( 'NONE', ( #2348 ), #883 ) ;
#1378 = EDGE_CURVE ( 'NONE', #776, #733, #51, .T. ) ;
#1379 = SURFACE_STYLE_FILL_AREA ( #710 ) ;
#1380 = VECTOR ( 'NONE', #2817, 1000.000000000000000 ) ;
#1381 = LINE ( 'NONE', #2060, #191 ) ;
#1382 = CARTESIAN_POINT ( 'NONE',  ( -1.100000000000000089, 0.01000000000000000021, -0.5000000000000000000 ) ) ;
#1383 = VECTOR ( 'NONE', #421, 1000.000000000000000 ) ;
#1384 = DIRECTION ( 'NONE',  ( 0.000000000000000000, 0.000000000000000000, -1.000000000000000000 ) ) ;
#1385 =( NAMED_UNIT ( * ) PLANE_ANGLE_UNIT ( ) SI_UNIT ( $, .RADIAN. ) );
#1386 =( NAMED_UNIT ( * ) PLANE_ANGLE_UNIT ( ) SI_UNIT ( $, .RADIAN. ) );
#1387 = ORIENTED_EDGE ( 'NONE', *, *, #1655, .T. ) ;
#1388 = VERTEX_POINT ( 'NONE', #1643 ) ;
#1389 = CARTESIAN_POINT ( 'NONE',  ( 1.100000000000000089, -1.118033988750000152, -0.5000000000000000000 ) ) ;
#1390 = ORIENTED_EDGE ( 'NONE', *, *, #885, .F. ) ;
#1391 = ORIENTED_EDGE ( 'NONE', *, *, #2397, .F. ) ;
#1392 = DIRECTION ( 'NONE',  ( 0.000000000000000000, 1.000000000000000000, 0.000000000000000000 ) ) ;
#1393 = MANIFOLD_SOLID_BREP ( 'LTST-C230KRKT[4]', #410 ) ;
#1394 = DIRECTION ( 'NONE',  ( -2.168404344971000240E-16, 0.000000000000000000, -1.000000000000000000 ) ) ;
#1395 =( NAMED_UNIT ( * ) SI_UNIT ( $, .STERADIAN. ) SOLID_ANGLE_UNIT ( ) );
#1396 = DIRECTION ( 'NONE',  ( 1.224646799146999945E-16, -1.000000000000000000, 0.000000000000000000 ) ) ;
#1397 = FILL_AREA_STYLE ('',( #277 ) ) ;
#1398 = CIRCLE ( 'NONE', #2910, 0.2500000000000000000 ) ;
#1399 = ADVANCED_FACE ( 'NONE', ( #1102 ), #409, .F. ) ;
#1400 = EDGE_CURVE ( 'NONE', #2500, #792, #2605, .T. ) ;
#1401 = CARTESIAN_POINT ( 'NONE',  ( 0.7449999999999999956, 0.2700000000000000178, -0.8000000000000000444 ) ) ;
#1402 = CARTESIAN_POINT ( 'NONE',  ( -1.600000000000000089, 0.2700000000000000178, -0.2599999999999999534 ) ) ;
#1403 = ORIENTED_EDGE ( 'NONE', *, *, #197, .T. ) ;
#1404 = EDGE_LOOP ( 'NONE', ( #88, #1629, #2214, #1221, #1503, #1787, #1171, #1579 ) ) ;
#1405 = SURFACE_STYLE_FILL_AREA ( #974 ) ;
#1406 = ORIENTED_EDGE ( 'NONE', *, *, #897, .T. ) ;
#1407 = VERTEX_POINT ( 'NONE', #1069 ) ;
#1408 = CARTESIAN_POINT ( 'NONE',  ( 1.600000000000000089, 1.959434878636000163E-16, -0.5000000000000000000 ) ) ;
#1409 =( NAMED_UNIT ( * ) PLANE_ANGLE_UNIT ( ) SI_UNIT ( $, .RADIAN. ) );
#1410 = DIRECTION ( 'NONE',  ( -1.224646799146999945E-16, 1.000000000000000000, 1.047802127484999846E-33 ) ) ;
#1411 = PRESENTATION_STYLE_ASSIGNMENT (( #998 ) ) ;
#1412 = DIRECTION ( 'NONE',  ( -0.000000000000000000, 1.000000000000000000, 0.000000000000000000 ) ) ;
#1413 = DIRECTION ( 'NONE',  ( -1.000000000000000000, 0.000000000000000000, 0.000000000000000000 ) ) ;
#1414 = EDGE_CURVE ( 'NONE', #92, #803, #2264, .T. ) ;
#1415 = DIRECTION ( 'NONE',  ( 0.000000000000000000, 0.000000000000000000, 1.000000000000000000 ) ) ;
#1416 = ORIENTED_EDGE ( 'NONE', *, *, #2576, .F. ) ;
#1417 = MANIFOLD_SOLID_BREP ( 'LTST-C230KRKT[3]', #358 ) ;
#1418 = FILL_AREA_STYLE ('',( #2762 ) ) ;
#1419 = PRESENTATION_LAYER_ASSIGNMENT (  '', '', ( #1986 ) ) ;
#1420 = LINE ( 'NONE', #1915, #2518 ) ;
#1421 = MECHANICAL_DESIGN_GEOMETRIC_PRESENTATION_REPRESENTATION (  '', ( #2697 ), #125 ) ;
#1422 = COLOUR_RGB ( '',1.000000000000000000, 1.000000000000000000, 1.000000000000000000 ) ;
#1423 = STYLED_ITEM ( 'NONE', ( #1698 ), #1605 ) ;
#1424 = VERTEX_POINT ( 'NONE', #2819 ) ;
#1425 = ORIENTED_EDGE ( 'NONE', *, *, #2121, .T. ) ;
#1426 = FILL_AREA_STYLE ('',( #1214 ) ) ;
#1427 = DIRECTION ( 'NONE',  ( 1.000000000000000000, 1.224646799146999945E-16, 0.000000000000000000 ) ) ;
#1428 = CARTESIAN_POINT ( 'NONE',  ( -0.6274427372079999232, 1.100000000000000089, -0.8000000000000000444 ) ) ;
#1429 = DIRECTION ( 'NONE',  ( 0.000000000000000000, 1.000000000000000000, 0.000000000000000000 ) ) ;
#1430 = FILL_AREA_STYLE ('',( #2786 ) ) ;
#1431 = MECHANICAL_DESIGN_GEOMETRIC_PRESENTATION_REPRESENTATION (  '', ( #1058 ), #1151 ) ;
#1432 = DIRECTION ( 'NONE',  ( 1.000000000000000000, 1.237971230602438976E-16, 0.000000000000000000 ) ) ;
#1433 = ORIENTED_EDGE ( 'NONE', *, *, #453, .F. ) ;
#1434 = SURFACE_SIDE_STYLE ('',( #2587 ) ) ;
#1435 = DIRECTION ( 'NONE',  ( 0.000000000000000000, 0.000000000000000000, 1.000000000000000000 ) ) ;
#1436 = VERTEX_POINT ( 'NONE', #801 ) ;
#1437 = ORIENTED_EDGE ( 'NONE', *, *, #423, .F. ) ;
#1438 = LINE ( 'NONE', #2333, #474 ) ;
#1439 = ADVANCED_FACE ( 'NONE', ( #2625 ), #1266, .F. ) ;
#1440 = EDGE_CURVE ( 'NONE', #635, #220, #878, .T. ) ;
#1441 = VERTEX_POINT ( 'NONE', #2718 ) ;
#1442 = DIRECTION ( 'NONE',  ( -1.000000000000000000, -1.224646799146999945E-16, 0.000000000000000000 ) ) ;
#1443 = LINE ( 'NONE', #2339, #259 ) ;
#1444 = CARTESIAN_POINT ( 'NONE',  ( -1.600000000000000089, -4.336808689941999987E-16, 0.8000000000000000444 ) ) ;
#1445 = DIRECTION ( 'NONE',  ( -1.224646799146999945E-16, 1.000000000000000000, 0.000000000000000000 ) ) ;
#1446 = VECTOR ( 'NONE', #1394, 1000.000000000000000 ) ;
#1447 = VERTEX_POINT ( 'NONE', #192 ) ;
#1448 = PRESENTATION_LAYER_ASSIGNMENT (  '', '', ( #1814 ) ) ;
#1449 = CARTESIAN_POINT ( 'NONE',  ( -0.2000000000000000111, 0.01000000000000000021, 0.8000000000000000444 ) ) ;
#1450 = ORIENTED_EDGE ( 'NONE', *, *, #441, .F. ) ;
#1451 = ORIENTED_EDGE ( 'NONE', *, *, #1807, .T. ) ;
#1452 =( GEOMETRIC_REPRESENTATION_CONTEXT ( 3 ) GLOBAL_UNCERTAINTY_ASSIGNED_CONTEXT ( ( #1501 ) ) GLOBAL_UNIT_ASSIGNED_CONTEXT ( ( #2591, #2158, #2609 ) ) REPRESENTATION_CONTEXT ( 'NONE', 'WORKASPACE' ) );
#1453 = FACE_OUTER_BOUND ( 'NONE', #2083, .T. ) ;
#1454 = DIRECTION ( 'NONE',  ( 0.000000000000000000, 1.000000000000000000, 0.000000000000000000 ) ) ;
#1455 = EDGE_CURVE ( 'NONE', #1617, #2115, #462, .T. ) ;
#1456 = EDGE_CURVE ( 'NONE', #2683, #1974, #924, .T. ) ;
#1457 = ORIENTED_EDGE ( 'NONE', *, *, #2845, .T. ) ;
#1458 = SURFACE_SIDE_STYLE ('',( #260 ) ) ;
#1459 = FILL_AREA_STYLE_COLOUR ( '', #154 ) ;
#1460 = CARTESIAN_POINT ( 'NONE',  ( 1.600000000000000089, 0.2700000000000000178, -0.2500000000000000000 ) ) ;
#1461 = ORIENTED_EDGE ( 'NONE', *, *, #915, .T. ) ;
#1462 = DIRECTION ( 'NONE',  ( -1.224646799146999945E-16, 1.000000000000000000, 0.000000000000000000 ) ) ;
#1463 = PLANE ( 'NONE',  #2136 ) ;
#1464 = FILL_AREA_STYLE_COLOUR ( '', #11 ) ;
#1465 = CARTESIAN_POINT ( 'NONE',  ( 1.600000000000000089, 1.674617320400999757E-32, 0.5000000000000000000 ) ) ;
#1466 = ORIENTED_EDGE ( 'NONE', *, *, #1182, .F. ) ;
#1467 = VERTEX_POINT ( 'NONE', #1130 ) ;
#1468 = PLANE ( 'NONE',  #2135 ) ;
#1469 = SURFACE_STYLE_FILL_AREA ( #1039 ) ;
#1470 = ORIENTED_EDGE ( 'NONE', *, *, #2846, .F. ) ;
#1471 = LINE ( 'NONE', #2366, #600 ) ;
#1472 = SURFACE_STYLE_USAGE ( .BOTH. , #1907 ) ;
#1473 = CARTESIAN_POINT ( 'NONE',  ( 1.600000000000000089, -0.5813776741500000789, -0.2599999999999999534 ) ) ;
#1474 = ORIENTED_EDGE ( 'NONE', *, *, #869, .T. ) ;
#1475 = FACE_OUTER_BOUND ( 'NONE', #1761, .T. ) ;
#1476 = PLANE ( 'NONE',  #760 ) ;
#1477 = FACE_OUTER_BOUND ( 'NONE', #522, .T. ) ;
#1478 = ADVANCED_FACE ( 'NONE', ( #1818 ), #450, .F. ) ;
#1479 = STYLED_ITEM ( 'NONE', ( #1134 ), #2064 ) ;
#1480 = FILL_AREA_STYLE ('',( #1279 ) ) ;
#1481 = LINE ( 'NONE', #328, #436 ) ;
#1482 = VECTOR ( 'NONE', #844, 1000.000000000000000 ) ;
#1483 = MECHANICAL_DESIGN_GEOMETRIC_PRESENTATION_REPRESENTATION (  '', ( #389 ), #142 ) ;
#1484 = VERTEX_POINT ( 'NONE', #2039 ) ;
#1485 = FACE_OUTER_BOUND ( 'NONE', #2792, .T. ) ;
#1486 = CARTESIAN_POINT ( 'NONE',  ( -0.2000000000000000111, 0.01000000000000000021, -0.2999999999999999889 ) ) ;
#1487 = CARTESIAN_POINT ( 'NONE',  ( -1.600000000000000089, 0.2700000000000000178, -0.8000000000000000444 ) ) ;
#1488 = VERTEX_POINT ( 'NONE', #891 ) ;
#1489 = CARTESIAN_POINT ( 'NONE',  ( -0.2000000000000000111, 0.01000000000000000021, 0.2999999999999999889 ) ) ;
#1490 = FACE_OUTER_BOUND ( 'NONE', #529, .T. ) ;
#1491 = CARTESIAN_POINT ( 'NONE',  ( 1.600000000000000089, 0.2799999999999999711, 0.000000000000000000 ) ) ;
#1492 = EDGE_LOOP ( 'NONE', ( #963, #2361, #1642, #1336, #2175, #2192, #1991, #623, #302, #2866, #1659, #2553 ) ) ;
#1493 =( LENGTH_UNIT ( ) NAMED_UNIT ( * ) SI_UNIT ( .MILLI., .METRE. ) );
#1494 =( LENGTH_UNIT ( ) NAMED_UNIT ( * ) SI_UNIT ( .MILLI., .METRE. ) );
#1495 = CARTESIAN_POINT ( 'NONE',  ( -0.6772524721120000146, 1.054357787137000013, 0.8000000000000000444 ) ) ;
#1496 = EDGE_CURVE ( 'NONE', #1299, #1407, #1596, .T. ) ;
#1497 = PRESENTATION_LAYER_ASSIGNMENT (  '', '', ( #52 ) ) ;
#1498 = ADVANCED_FACE ( 'NONE', ( #2938 ), #690, .F. ) ;
#1499 = SURFACE_STYLE_USAGE ( .BOTH. , #1050 ) ;
#1500 = FACE_OUTER_BOUND ( 'NONE', #1866, .T. ) ;
#1501 = UNCERTAINTY_MEASURE_WITH_UNIT (LENGTH_MEASURE( 1.000000000000000082E-05 ), #2591, 'distance_accuracy_value', 'NONE');
#1502 = COLOUR_RGB ( '',0.000000000000000000, 1.000000000000000000, 0.6549019607843137303 ) ;
#1503 = ORIENTED_EDGE ( 'NONE', *, *, #785, .F. ) ;
#1504 = DIRECTION ( 'NONE',  ( 0.000000000000000000, 0.000000000000000000, 1.000000000000000000 ) ) ;
#1505 = PLANE ( 'NONE',  #784 ) ;
#1506 = LINE ( 'NONE', #2460, #2941 ) ;
#1507 = ORIENTED_EDGE ( 'NONE', *, *, #2525, .F. ) ;
#1508 = CARTESIAN_POINT ( 'NONE',  ( 1.600000000000000089, 0.2700000000000000178, 0.000000000000000000 ) ) ;
#1509 = SURFACE_SIDE_STYLE ('',( #2615 ) ) ;
#1510 = CARTESIAN_POINT ( 'NONE',  ( -1.600000000000000089, 0.01000000000000000021, -0.2500000000000000000 ) ) ;
#1511 = VECTOR ( 'NONE', #2215, 1000.000000000000000 ) ;
#1512 = ORIENTED_EDGE ( 'NONE', *, *, #487, .F. ) ;
#1513 = DIRECTION ( 'NONE',  ( 1.224646799146999945E-16, -1.000000000000000000, 0.000000000000000000 ) ) ;
#1514 = DIRECTION ( 'NONE',  ( 0.000000000000000000, 1.000000000000000000, 0.000000000000000000 ) ) ;
#1515 = CARTESIAN_POINT ( 'NONE',  ( 1.600000000000000089, 0.2700000000000000178, 0.8000000000000000444 ) ) ;
#1516 = EDGE_CURVE ( 'NONE', #2028, #151, #2075, .T. ) ;
#1517 = ORIENTED_EDGE ( 'NONE', *, *, #2674, .F. ) ;
#1518 = CARTESIAN_POINT ( 'NONE',  ( 0.2000000000000000111, 0.01000000000000000021, 0.8000000000000000444 ) ) ;
#1519 = EDGE_LOOP ( 'NONE', ( #1198, #1226, #1282, #976, #2853, #2128 ) ) ;
#1520 = CARTESIAN_POINT ( 'NONE',  ( -1.600000000000000089, 0.2799999999999999711, 0.8000000000000000444 ) ) ;
#1521 = LINE ( 'NONE', #2419, #1123 ) ;
#1522 = PRESENTATION_LAYER_ASSIGNMENT (  '', '', ( #175 ) ) ;
#1523 = LINE ( 'NONE', #1510, #2653 ) ;
#1524 = MECHANICAL_DESIGN_GEOMETRIC_PRESENTATION_REPRESENTATION (  '', ( #2172 ), #324 ) ;
#1525 = MECHANICAL_DESIGN_GEOMETRIC_PRESENTATION_REPRESENTATION (  '', ( #2038 ), #2 ) ;
#1526 = VERTEX_POINT ( 'NONE', #1830 ) ;
#1527 = LINE ( 'NONE', #2437, #2496 ) ;
#1528 = SURFACE_STYLE_FILL_AREA ( #1430 ) ;
#1529 =( NAMED_UNIT ( * ) PLANE_ANGLE_UNIT ( ) SI_UNIT ( $, .RADIAN. ) );
#1530 = DIRECTION ( 'NONE',  ( -1.224646799146999945E-16, 1.000000000000000000, 0.000000000000000000 ) ) ;
#1531 = DIRECTION ( 'NONE',  ( 1.224646799146999945E-16, -1.000000000000000000, 0.000000000000000000 ) ) ;
#1532 = UNCERTAINTY_MEASURE_WITH_UNIT (LENGTH_MEASURE( 1.000000000000000082E-05 ), #674, 'distance_accuracy_value', 'NONE');
#1533 = ORIENTED_EDGE ( 'NONE', *, *, #2790, .F. ) ;
#1534 = PLANE ( 'NONE',  #606 ) ;
#1535 = AXIS2_PLACEMENT_3D ( 'NONE', #1207, #2109, #1415 ) ;
#1536 =( NAMED_UNIT ( * ) PLANE_ANGLE_UNIT ( ) SI_UNIT ( $, .RADIAN. ) );
#1537 = AXIS2_PLACEMENT_3D ( 'NONE', #1952, #2856, #625 ) ;
#1538 = MECHANICAL_DESIGN_GEOMETRIC_PRESENTATION_REPRESENTATION (  '', ( #2670 ), #1238 ) ;
#1539 = VERTEX_POINT ( 'NONE', #763 ) ;
#1540 = CARTESIAN_POINT ( 'NONE',  ( -0.7449999999999999956, 0.2799999999999999711, -0.8000000000000000444 ) ) ;
#1541 = EDGE_CURVE ( 'NONE', #905, #2777, #2584, .T. ) ;
#1542 = DIRECTION ( 'NONE',  ( 0.000000000000000000, 0.000000000000000000, -1.000000000000000000 ) ) ;
#1543 = SURFACE_SIDE_STYLE ('',( #1044 ) ) ;
#1544 = VERTEX_POINT ( 'NONE', #1401 ) ;
#1545 = FACE_OUTER_BOUND ( 'NONE', #115, .T. ) ;
#1546 = PRESENTATION_STYLE_ASSIGNMENT (( #637 ) ) ;
#1547 =( NAMED_UNIT ( * ) SI_UNIT ( $, .STERADIAN. ) SOLID_ANGLE_UNIT ( ) );
#1548 = VECTOR ( 'NONE', #1926, 1000.000000000000000 ) ;
#1549 = ORIENTED_EDGE ( 'NONE', *, *, #610, .T. ) ;
#1550 = LINE ( 'NONE', #1176, #2077 ) ;
#1551 = DIRECTION ( 'NONE',  ( -1.000000000000000000, -1.224646799146999945E-16, 0.000000000000000000 ) ) ;
#1552 = SURFACE_SIDE_STYLE ('',( #2884 ) ) ;
#1553 = VECTOR ( 'NONE', #1906, 1000.000000000000000 ) ;
#1554 = ORIENTED_EDGE ( 'NONE', *, *, #2217, .F. ) ;
#1555 = SURFACE_SIDE_STYLE ('',( #2006 ) ) ;
#1556 = EDGE_CURVE ( 'NONE', #1484, #1071, #536, .T. ) ;
#1557 = VECTOR ( 'NONE', #326, 1000.000000000000000 ) ;
#1558 =( NAMED_UNIT ( * ) SI_UNIT ( $, .STERADIAN. ) SOLID_ANGLE_UNIT ( ) );
#1559 = PLANE ( 'NONE',  #1114 ) ;
#1560 = SURFACE_STYLE_USAGE ( .BOTH. , #922 ) ;
#1561 = FILL_AREA_STYLE ('',( #1806 ) ) ;
#1562 = CARTESIAN_POINT ( 'NONE',  ( 1.100000000000000089, -1.118033988750000152, 0.5000000000000000000 ) ) ;
#1563 = COLOUR_RGB ( '',1.000000000000000000, 1.000000000000000000, 1.000000000000000000 ) ;
#1564 = UNCERTAINTY_MEASURE_WITH_UNIT (LENGTH_MEASURE( 1.000000000000000082E-05 ), #1667, 'distance_accuracy_value', 'NONE');
#1565 = ORIENTED_EDGE ( 'NONE', *, *, #2710, .F. ) ;
#1566 = SURFACE_STYLE_FILL_AREA ( #787 ) ;
#1567 = LINE ( 'NONE', #2191, #1287 ) ;
#1568 = ORIENTED_EDGE ( 'NONE', *, *, #198, .T. ) ;
#1569 = DIRECTION ( 'NONE',  ( -0.000000000000000000, 1.000000000000000000, 0.000000000000000000 ) ) ;
#1570 =( NAMED_UNIT ( * ) PLANE_ANGLE_UNIT ( ) SI_UNIT ( $, .RADIAN. ) );
#1571 = PRESENTATION_LAYER_ASSIGNMENT (  '', '', ( #1097 ) ) ;
#1572 = SURFACE_SIDE_STYLE ('',( #202 ) ) ;
#1573 = DIRECTION ( 'NONE',  ( -1.224646799146999945E-16, 1.000000000000000000, 0.000000000000000000 ) ) ;
#1574 =( NAMED_UNIT ( * ) PLANE_ANGLE_UNIT ( ) SI_UNIT ( $, .RADIAN. ) );
#1575 = AXIS2_PLACEMENT_3D ( 'NONE', #2218, #1530, #863 ) ;
#1576 = ADVANCED_FACE ( 'NONE', ( #296 ), #953, .F. ) ;
#1577 =( LENGTH_UNIT ( ) NAMED_UNIT ( * ) SI_UNIT ( .MILLI., .METRE. ) );
#1578 = EDGE_CURVE ( 'NONE', #2751, #2556, #310, .T. ) ;
#1579 = ORIENTED_EDGE ( 'NONE', *, *, #695, .F. ) ;
#1580 = CARTESIAN_POINT ( 'NONE',  ( 0.7449999999999999956, 0.2799999999999999711, -0.8000000000000000444 ) ) ;
#1581 = ORIENTED_EDGE ( 'NONE', *, *, #2623, .F. ) ;
#1582 = LINE ( 'NONE', #2919, #839 ) ;
#1583 = PRESENTATION_LAYER_ASSIGNMENT (  '', '', ( #1058 ) ) ;
#1584 = SURFACE_STYLE_FILL_AREA ( #709 ) ;
#1585 = VECTOR ( 'NONE', #490, 1000.000000000000000 ) ;
#1586 = VECTOR ( 'NONE', #899, 1000.000000000000000 ) ;
#1587 = CARTESIAN_POINT ( 'NONE',  ( 1.600000000000000089, 0.2799999999999999711, -0.8000000000000000444 ) ) ;
#1588 = SURFACE_STYLE_FILL_AREA ( #2024 ) ;
#1589 = EDGE_CURVE ( 'NONE', #444, #486, #1863, .T. ) ;
#1590 = CARTESIAN_POINT ( 'NONE',  ( -1.600000000000000089, 0.2700000000000000178, -0.2599999999999999534 ) ) ;
#1591 = EDGE_CURVE ( 'NONE', #733, #1749, #2309, .T. ) ;
#1592 = ORIENTED_EDGE ( 'NONE', *, *, #549, .F. ) ;
#1593 = ORIENTED_EDGE ( 'NONE', *, *, #1591, .F. ) ;
#1594 = CARTESIAN_POINT ( 'NONE',  ( 0.7449999999999999956, 0.2700000000000000178, 0.8000000000000000444 ) ) ;
#1595 = COLOUR_RGB ( '',1.000000000000000000, 1.000000000000000000, 1.000000000000000000 ) ;
#1596 = LINE ( 'NONE', #1611, #2837 ) ;
#1597 = DIRECTION ( 'NONE',  ( 1.000000000000000000, 0.000000000000000000, 0.000000000000000000 ) ) ;
#1598 = ADVANCED_FACE ( 'NONE', ( #985 ), #520, .F. ) ;
#1599 = ORIENTED_EDGE ( 'NONE', *, *, #2875, .F. ) ;
#1600 = PRESENTATION_LAYER_ASSIGNMENT (  '', '', ( #458 ) ) ;
#1601 = SURFACE_STYLE_FILL_AREA ( #2257 ) ;
#1602 = VERTEX_POINT ( 'NONE', #2620 ) ;
#1603 = PLANE ( 'NONE',  #1778 ) ;
#1604 = PLANE ( 'NONE',  #1349 ) ;
#1605 = ADVANCED_FACE ( 'NONE', ( #357 ), #843, .F. ) ;
#1606 = LINE ( 'NONE', #1594, #67 ) ;
#1607 = DIRECTION ( 'NONE',  ( 0.000000000000000000, 1.000000000000000000, 0.000000000000000000 ) ) ;
#1608 = PLANE ( 'NONE',  #284 ) ;
#1609 = MECHANICAL_DESIGN_GEOMETRIC_PRESENTATION_REPRESENTATION (  '', ( #175 ), #76 ) ;
#1610 = SURFACE_STYLE_USAGE ( .BOTH. , #246 ) ;
#1611 = CARTESIAN_POINT ( 'NONE',  ( -0.2000000000000000111, 0.01000000000000000021, 0.2999999999999999889 ) ) ;
#1612 = FACE_OUTER_BOUND ( 'NONE', #757, .T. ) ;
#1613 = ORIENTED_EDGE ( 'NONE', *, *, #1621, .F. ) ;
#1614 = VERTEX_POINT ( 'NONE', #829 ) ;
#1615 = LINE ( 'NONE', #2514, #334 ) ;
#1616 = ORIENTED_EDGE ( 'NONE', *, *, #1955, .F. ) ;
#1617 = VERTEX_POINT ( 'NONE', #2391 ) ;
#1618 = FACE_OUTER_BOUND ( 'NONE', #1254, .T. ) ;
#1619 = EDGE_CURVE ( 'NONE', #2811, #1526, #1233, .T. ) ;
#1620 = AXIS2_PLACEMENT_3D ( 'NONE', #868, #1747, #2610 ) ;
#1621 = EDGE_CURVE ( 'NONE', #380, #1632, #97, .T. ) ;
#1622 = VECTOR ( 'NONE', #2200, 1000.000000000000114 ) ;
#1623 = DIRECTION ( 'NONE',  ( 0.000000000000000000, -1.000000000000000000, 0.000000000000000000 ) ) ;
#1624 = CARTESIAN_POINT ( 'NONE',  ( 0.2000000000000000111, 2.449293598295000203E-17, 0.8000000000000000444 ) ) ;
#1625 = CIRCLE ( 'NONE', #1537, 0.05000000000000002359 ) ;
#1626 = VECTOR ( 'NONE', #2065, 1000.000000000000000 ) ;
#1627 = LINE ( 'NONE', #797, #30 ) ;
#1628 = PLANE ( 'NONE',  #770 ) ;
#1629 = ORIENTED_EDGE ( 'NONE', *, *, #2016, .F. ) ;
#1630 = FILL_AREA_STYLE ('',( #1464 ) ) ;
#1631 = CARTESIAN_POINT ( 'NONE',  ( -1.600000000000000089, 0.2700000000000000178, -0.8000000000000000444 ) ) ;
#1632 = VERTEX_POINT ( 'NONE', #2167 ) ;
#1633 = VERTEX_POINT ( 'NONE', #798 ) ;
#1634 = SURFACE_SIDE_STYLE ('',( #498 ) ) ;
#1635 = AXIS2_PLACEMENT_3D ( 'NONE', #1260, #2163, #121 ) ;
#1636 = ADVANCED_FACE ( 'NONE', ( #574 ), #1476, .F. ) ;
#1637 = DIRECTION ( 'NONE',  ( 0.000000000000000000, -1.000000000000000000, 0.000000000000000000 ) ) ;
#1638 = PRESENTATION_STYLE_ASSIGNMENT (( #1875 ) ) ;
#1639 = VECTOR ( 'NONE', #120, 1000.000000000000000 ) ;
#1640 =( GEOMETRIC_REPRESENTATION_CONTEXT ( 3 ) GLOBAL_UNCERTAINTY_ASSIGNED_CONTEXT ( ( #424 ) ) GLOBAL_UNIT_ASSIGNED_CONTEXT ( ( #69, #1235, #2343 ) ) REPRESENTATION_CONTEXT ( 'NONE', 'WORKASPACE' ) );
#1641 = CARTESIAN_POINT ( 'NONE',  ( -1.600000000000000089, 0.01000000000000000021, 0.5000000000000000000 ) ) ;
#1642 = ORIENTED_EDGE ( 'NONE', *, *, #1939, .F. ) ;
#1643 = CARTESIAN_POINT ( 'NONE',  ( 0.7449999999999999956, 0.2700000000000000178, -0.8000000000000000444 ) ) ;
#1644 = SURFACE_STYLE_FILL_AREA ( #2805 ) ;
#1645 = AXIS2_PLACEMENT_3D ( 'NONE', #2716, #1367, #2262 ) ;
#1646 = ORIENTED_EDGE ( 'NONE', *, *, #56, .F. ) ;
#1647 = VERTEX_POINT ( 'NONE', #1770 ) ;
#1648 = UNCERTAINTY_MEASURE_WITH_UNIT (LENGTH_MEASURE( 1.000000000000000082E-05 ), #682, 'distance_accuracy_value', 'NONE');
#1649 = SURFACE_STYLE_USAGE ( .BOTH. , #2306 ) ;
#1650 = CARTESIAN_POINT ( 'NONE',  ( -0.6976642911749999509, 0.01000000000000000021, -0.2999999999999999889 ) ) ;
#1651 = CARTESIAN_POINT ( 'NONE',  ( -0.2000000000000000111, -2.168404344970999993E-16, 0.2999999999999999889 ) ) ;
#1652 = LINE ( 'NONE', #504, #1380 ) ;
#1653 = ORIENTED_EDGE ( 'NONE', *, *, #1440, .T. ) ;
#1654 = ADVANCED_FACE ( 'NONE', ( #2228 ), #1559, .F. ) ;
#1655 = EDGE_CURVE ( 'NONE', #1823, #2365, #2452, .T. ) ;
#1656 = LINE ( 'NONE', #300, #2668 ) ;
#1657 = VECTOR ( 'NONE', #2340, 1000.000000000000000 ) ;
#1658 = PRESENTATION_LAYER_ASSIGNMENT (  '', '', ( #229 ) ) ;
#1659 = ORIENTED_EDGE ( 'NONE', *, *, #2103, .F. ) ;
#1660 = ORIENTED_EDGE ( 'NONE', *, *, #230, .T. ) ;
#1661 = DIRECTION ( 'NONE',  ( 0.000000000000000000, 0.000000000000000000, 1.000000000000000000 ) ) ;
#1662 = ORIENTED_EDGE ( 'NONE', *, *, #1378, .T. ) ;
#1663 = LINE ( 'NONE', #2565, #1790 ) ;
#1664 = STYLED_ITEM ( 'NONE', ( #614 ), #1035 ) ;
#1665 = COLOUR_RGB ( '',1.000000000000000000, 1.000000000000000000, 1.000000000000000000 ) ;
#1666 = CARTESIAN_POINT ( 'NONE',  ( 0.7449999999999999956, 0.2700000000000000178, -0.8000000000000000444 ) ) ;
#1667 =( LENGTH_UNIT ( ) NAMED_UNIT ( * ) SI_UNIT ( .MILLI., .METRE. ) );
#1668 =( GEOMETRIC_REPRESENTATION_CONTEXT ( 3 ) GLOBAL_UNCERTAINTY_ASSIGNED_CONTEXT ( ( #1648 ) ) GLOBAL_UNIT_ASSIGNED_CONTEXT ( ( #682, #1359, #1155 ) ) REPRESENTATION_CONTEXT ( 'NONE', 'WORKASPACE' ) );
#1669 = DIRECTION ( 'NONE',  ( 1.224646799146999945E-16, -1.000000000000000000, 0.000000000000000000 ) ) ;
#1670 = VECTOR ( 'NONE', #117, 1000.000000000000000 ) ;
#1671 = VERTEX_POINT ( 'NONE', #699 ) ;
#1672 = EDGE_CURVE ( 'NONE', #1692, #1823, #658, .T. ) ;
#1673 =( LENGTH_UNIT ( ) NAMED_UNIT ( * ) SI_UNIT ( .MILLI., .METRE. ) );
#1674 = DIRECTION ( 'NONE',  ( 0.000000000000000000, -1.000000000000000000, 0.000000000000000000 ) ) ;
#1675 = EDGE_CURVE ( 'NONE', #1447, #550, #232, .T. ) ;
#1676 = ORIENTED_EDGE ( 'NONE', *, *, #869, .F. ) ;
#1677 = ORIENTED_EDGE ( 'NONE', *, *, #927, .F. ) ;
#1678 = DIRECTION ( 'NONE',  ( 0.000000000000000000, -1.000000000000000000, 0.000000000000000000 ) ) ;
#1679 = ORIENTED_EDGE ( 'NONE', *, *, #323, .T. ) ;
#1680 = SURFACE_STYLE_FILL_AREA ( #1014 ) ;
#1681 = SURFACE_SIDE_STYLE ('',( #2782 ) ) ;
#1682 = MECHANICAL_DESIGN_GEOMETRIC_PRESENTATION_REPRESENTATION (  '', ( #2387 ), #1961 ) ;
#1683 = ORIENTED_EDGE ( 'NONE', *, *, #2536, .T. ) ;
#1684 = DIRECTION ( 'NONE',  ( 1.224646799146999945E-16, -1.000000000000000000, 0.000000000000000000 ) ) ;
#1685 = MECHANICAL_DESIGN_GEOMETRIC_PRESENTATION_REPRESENTATION (  '', ( #889 ), #1640 ) ;
#1686 = PLANE ( 'NONE',  #1839 ) ;
#1687 = EDGE_CURVE ( 'NONE', #1526, #2030, #1147, .T. ) ;
#1688 = ORIENTED_EDGE ( 'NONE', *, *, #1103, .F. ) ;
#1689 = SURFACE_SIDE_STYLE ('',( #1240 ) ) ;
#1690 = PLANE ( 'NONE',  #1894 ) ;
#1691 = EDGE_CURVE ( 'NONE', #1749, #2671, #921, .T. ) ;
#1692 = VERTEX_POINT ( 'NONE', #1816 ) ;
#1693 = CARTESIAN_POINT ( 'NONE',  ( 0.2000000000000000111, -2.168404344970999993E-16, -0.8000000000000000444 ) ) ;
#1694 = STYLED_ITEM ( 'NONE', ( #171 ), #402 ) ;
#1695 = EDGE_CURVE ( 'NONE', #692, #2055, #433, .T. ) ;
#1696 = ORIENTED_EDGE ( 'NONE', *, *, #1360, .F. ) ;
#1697 = CARTESIAN_POINT ( 'NONE',  ( 0.7449999999999999956, 0.2799999999999999711, -0.8000000000000000444 ) ) ;
#1698 = PRESENTATION_STYLE_ASSIGNMENT (( #2375 ) ) ;
#1699 = LINE ( 'NONE', #1959, #2372 ) ;
#1700 = SURFACE_STYLE_FILL_AREA ( #2651 ) ;
#1701 = LINE ( 'NONE', #561, #583 ) ;
#1702 = AXIS2_PLACEMENT_3D ( 'NONE', #2324, #294, #2338 ) ;
#1703 = ORIENTED_EDGE ( 'NONE', *, *, #553, .F. ) ;
#1704 = PLANE ( 'NONE',  #2187 ) ;
#1705 = MECHANICAL_DESIGN_GEOMETRIC_PRESENTATION_REPRESENTATION (  '', ( #1796 ), #2700 ) ;
#1706 = AXIS2_PLACEMENT_3D ( 'NONE', #2469, #2254, #2267 ) ;
#1707 = ORIENTED_EDGE ( 'NONE', *, *, #264, .F. ) ;
#1708 = DIRECTION ( 'NONE',  ( 0.000000000000000000, 0.000000000000000000, 1.000000000000000000 ) ) ;
#1709 = EDGE_CURVE ( 'NONE', #2432, #1441, #203, .T. ) ;
#1710 =( NAMED_UNIT ( * ) SI_UNIT ( $, .STERADIAN. ) SOLID_ANGLE_UNIT ( ) );
#1711 = EDGE_CURVE ( 'NONE', #130, #544, #2924, .T. ) ;
#1712 = CARTESIAN_POINT ( 'NONE',  ( -0.2000000000000000111, -2.449293598295000203E-17, -0.8000000000000000444 ) ) ;
#1713 = DIRECTION ( 'NONE',  ( 0.000000000000000000, 1.000000000000000000, 0.000000000000000000 ) ) ;
#1714 = DIRECTION ( 'NONE',  ( 0.000000000000000000, 0.000000000000000000, 1.000000000000000000 ) ) ;
#1715 = VECTOR ( 'NONE', #1951, 1000.000000000000000 ) ;
#1716 = VECTOR ( 'NONE', #2588, 1000.000000000000000 ) ;
#1717 =( NAMED_UNIT ( * ) PLANE_ANGLE_UNIT ( ) SI_UNIT ( $, .RADIAN. ) );
#1718 = PLANE ( 'NONE',  #913 ) ;
#1719 = ORIENTED_EDGE ( 'NONE', *, *, #2554, .F. ) ;
#1720 = LINE ( 'NONE', #2629, #2110 ) ;
#1721 = LINE ( 'NONE', #364, #712 ) ;
#1722 = ORIENTED_EDGE ( 'NONE', *, *, #245, .T. ) ;
#1723 = PLANE ( 'NONE',  #2768 ) ;
#1724 = LINE ( 'NONE', #398, #2906 ) ;
#1725 = FILL_AREA_STYLE ('',( #384 ) ) ;
#1726 = EDGE_CURVE ( 'NONE', #157, #253, #1792, .T. ) ;
#1727 = ORIENTED_EDGE ( 'NONE', *, *, #549, .T. ) ;
#1728 = FILL_AREA_STYLE_COLOUR ( '', #2114 ) ;
#1729 = VECTOR ( 'NONE', #2093, 1000.000000000000000 ) ;
#1730 = FACE_OUTER_BOUND ( 'NONE', #1023, .T. ) ;
#1731 = COLOUR_RGB ( '',1.000000000000000000, 1.000000000000000000, 1.000000000000000000 ) ;
#1732 = PRESENTATION_STYLE_ASSIGNMENT (( #2669 ) ) ;
#1733 = UNCERTAINTY_MEASURE_WITH_UNIT (LENGTH_MEASURE( 1.000000000000000082E-05 ), #494, 'distance_accuracy_value', 'NONE');
#1734 = AXIS2_PLACEMENT_3D ( 'NONE', #1508, #2887, #2193 ) ;
#1735 = VERTEX_POINT ( 'NONE', #262 ) ;
#1736 = FACE_OUTER_BOUND ( 'NONE', #995, .T. ) ;
#1737 = CARTESIAN_POINT ( 'NONE',  ( 1.100000000000000089, 0.01000000000000000021, -0.5000000000000000000 ) ) ;
#1738 = EDGE_LOOP ( 'NONE', ( #1660, #1416, #3, #2531, #170, #681, #2572, #2498 ) ) ;
#1739 = CARTESIAN_POINT ( 'NONE',  ( 1.600000000000000089, 0.01000000000000000021, 0.2599999999999999534 ) ) ;
#1740 = ORIENTED_EDGE ( 'NONE', *, *, #1400, .T. ) ;
#1741 = SURFACE_SIDE_STYLE ('',( #1528 ) ) ;
#1742 = LINE ( 'NONE', #2602, #2424 ) ;
#1743 = SURFACE_SIDE_STYLE ('',( #2864 ) ) ;
#1744 = EDGE_CURVE ( 'NONE', #2886, #2590, #2575, .T. ) ;
#1745 = VERTEX_POINT ( 'NONE', #775 ) ;
#1746 = DIRECTION ( 'NONE',  ( -1.224646799146999945E-16, 1.000000000000000000, 1.047802127484999846E-33 ) ) ;
#1747 = DIRECTION ( 'NONE',  ( 0.000000000000000000, 0.000000000000000000, 1.000000000000000000 ) ) ;
#1748 = DIRECTION ( 'NONE',  ( 1.000000000000000000, 1.224646799146999945E-16, 0.000000000000000000 ) ) ;
#1749 = VERTEX_POINT ( 'NONE', #332 ) ;
#1750 = LINE ( 'NONE', #2843, #1912 ) ;
#1751 = CARTESIAN_POINT ( 'NONE',  ( -0.7449999999999999956, 0.2799999999999999711, 0.8000000000000000444 ) ) ;
#1752 = DIRECTION ( 'NONE',  ( 1.224646799146999945E-16, -1.000000000000000000, 0.000000000000000000 ) ) ;
#1753 = PRESENTATION_LAYER_ASSIGNMENT (  '', '', ( #2172 ) ) ;
#1754 = VECTOR ( 'NONE', #731, 1000.000000000000000 ) ;
#1755 = ORIENTED_EDGE ( 'NONE', *, *, #1854, .T. ) ;
#1756 = DIRECTION ( 'NONE',  ( 0.000000000000000000, 1.000000000000000000, 0.000000000000000000 ) ) ;
#1757 = DIRECTION ( 'NONE',  ( -1.626303258727999778E-16, 0.000000000000000000, 1.000000000000000000 ) ) ;
#1758 = UNCERTAINTY_MEASURE_WITH_UNIT (LENGTH_MEASURE( 1.000000000000000082E-05 ), #1245, 'distance_accuracy_value', 'NONE');
#1759 = AXIS2_PLACEMENT_3D ( 'NONE', #2592, #1661, #724 ) ;
#1760 = ADVANCED_FACE ( 'NONE', ( #2160 ), #1026, .F. ) ;
#1761 = EDGE_LOOP ( 'NONE', ( #1040, #2868, #362, #2079 ) ) ;
#1762 = CARTESIAN_POINT ( 'NONE',  ( -0.2000000000000000111, -2.168404344970999993E-16, -0.2999999999999999889 ) ) ;
#1763 = CARTESIAN_POINT ( 'NONE',  ( -0.6976642911749999509, 0.01000000000000000021, -0.2999999999999999889 ) ) ;
#1764 = PLANE ( 'NONE',  #2322 ) ;
#1765 = VECTOR ( 'NONE', #2488, 1000.000000000000000 ) ;
#1766 = UNCERTAINTY_MEASURE_WITH_UNIT (LENGTH_MEASURE( 1.000000000000000082E-05 ), #2395, 'distance_accuracy_value', 'NONE');
#1767 = EDGE_LOOP ( 'NONE', ( #930, #2942, #2633, #987, #1616, #1161 ) ) ;
#1768 = CARTESIAN_POINT ( 'NONE',  ( -0.7449999999999999956, 0.2799999999999999711, 0.8000000000000000444 ) ) ;
#1769 = CARTESIAN_POINT ( 'NONE',  ( -1.100000000000000089, -1.347111479062000249E-16, -0.5000000000000000000 ) ) ;
#1770 = CARTESIAN_POINT ( 'NONE',  ( 1.600000000000000089, -4.179389326704999716E-17, 0.8000000000000000444 ) ) ;
#1771 = DIRECTION ( 'NONE',  ( -1.089290704307999941E-16, -1.333996374372000178E-32, 1.000000000000000000 ) ) ;
#1772 = VERTEX_POINT ( 'NONE', #2741 ) ;
#1773 = LINE ( 'NONE', #652, #126 ) ;
#1774 =( NAMED_UNIT ( * ) SI_UNIT ( $, .STERADIAN. ) SOLID_ANGLE_UNIT ( ) );
#1775 = LINE ( 'NONE', #1122, #480 ) ;
#1776 = ORIENTED_EDGE ( 'NONE', *, *, #1923, .T. ) ;
#1777 =( LENGTH_UNIT ( ) NAMED_UNIT ( * ) SI_UNIT ( .MILLI., .METRE. ) );
#1778 = AXIS2_PLACEMENT_3D ( 'NONE', #670, #684, #2479 ) ;
#1779 = SURFACE_STYLE_USAGE ( .BOTH. , #1353 ) ;
#1780 = DIRECTION ( 'NONE',  ( -1.000000000000000000, -1.224646799146999945E-16, 0.000000000000000000 ) ) ;
#1781 =( LENGTH_UNIT ( ) NAMED_UNIT ( * ) SI_UNIT ( .MILLI., .METRE. ) );
#1782 = FILL_AREA_STYLE_COLOUR ( '', #2274 ) ;
#1783 = UNCERTAINTY_MEASURE_WITH_UNIT (LENGTH_MEASURE( 1.000000000000000082E-05 ), #1013, 'distance_accuracy_value', 'NONE');
#1784 = ORIENTED_EDGE ( 'NONE', *, *, #542, .T. ) ;
#1785 = DIRECTION ( 'NONE',  ( 1.000000000000000000, 0.000000000000000000, 0.000000000000000000 ) ) ;
#1786 = DIRECTION ( 'NONE',  ( 0.000000000000000000, 1.000000000000000000, 0.000000000000000000 ) ) ;
#1787 = ORIENTED_EDGE ( 'NONE', *, *, #468, .F. ) ;
#1788 = SURFACE_STYLE_FILL_AREA ( #1041 ) ;
#1789 = ADVANCED_FACE ( 'NONE', ( #1826 ), #1704, .F. ) ;
#1790 = VECTOR ( 'NONE', #534, 1000.000000000000000 ) ;
#1791 = CARTESIAN_POINT ( 'NONE',  ( -1.600000000000000089, 0.2799999999999999711, -0.2599999999999999534 ) ) ;
#1792 = LINE ( 'NONE', #2704, #44 ) ;
#1793 = COLOUR_RGB ( '',1.000000000000000000, 1.000000000000000000, 1.000000000000000000 ) ;
#1794 = DIRECTION ( 'NONE',  ( -0.000000000000000000, 1.000000000000000000, 0.000000000000000000 ) ) ;
#1795 = EDGE_CURVE ( 'NONE', #1294, #750, #2364, .T. ) ;
#1796 = STYLED_ITEM ( 'NONE', ( #2915 ), #174 ) ;
#1797 = VECTOR ( 'NONE', #2551, 1000.000000000000000 ) ;
#1798 = ORIENTED_EDGE ( 'NONE', *, *, #2689, .F. ) ;
#1799 = VERTEX_POINT ( 'NONE', #1159 ) ;
#1800 = VECTOR ( 'NONE', #1445, 1000.000000000000000 ) ;
#1801 = ORIENTED_EDGE ( 'NONE', *, *, #1179, .T. ) ;
#1802 = MECHANICAL_DESIGN_GEOMETRIC_PRESENTATION_REPRESENTATION (  '', ( #140 ), #2186 ) ;
#1803 = VECTOR ( 'NONE', #2216, 1000.000000000000000 ) ;
#1804 =( NAMED_UNIT ( * ) SI_UNIT ( $, .STERADIAN. ) SOLID_ANGLE_UNIT ( ) );
#1805 = SURFACE_STYLE_USAGE ( .BOTH. , #888 ) ;
#1806 = FILL_AREA_STYLE_COLOUR ( '', #2549 ) ;
#1807 = EDGE_CURVE ( 'NONE', #550, #2671, #2349, .T. ) ;
#1808 = ORIENTED_EDGE ( 'NONE', *, *, #2086, .T. ) ;
#1809 =( NAMED_UNIT ( * ) SI_UNIT ( $, .STERADIAN. ) SOLID_ANGLE_UNIT ( ) );
#1810 = ORIENTED_EDGE ( 'NONE', *, *, #1691, .T. ) ;
#1811 = FACE_OUTER_BOUND ( 'NONE', #1156, .T. ) ;
#1812 = CARTESIAN_POINT ( 'NONE',  ( -1.600000000000000089, -4.336808689941999987E-16, 0.8000000000000000444 ) ) ;
#1813 = STYLED_ITEM ( 'NONE', ( #2351 ), #1119 ) ;
#1814 = STYLED_ITEM ( 'NONE', ( #735 ), #1366 ) ;
#1815 = DIRECTION ( 'NONE',  ( 0.000000000000000000, 0.000000000000000000, 1.000000000000000000 ) ) ;
#1816 = CARTESIAN_POINT ( 'NONE',  ( -0.7449999999999999956, 0.2700000000000000178, -0.8000000000000000444 ) ) ;
#1817 = CARTESIAN_POINT ( 'NONE',  ( 1.100000000000000089, 0.01000000000000000021, 0.5000000000000000000 ) ) ;
#1818 = FACE_OUTER_BOUND ( 'NONE', #2402, .T. ) ;
#1819 = EDGE_LOOP ( 'NONE', ( #907, #335, #2761, #2712, #2927, #1081 ) ) ;
#1820 = EDGE_CURVE ( 'NONE', #1539, #1885, #2713, .T. ) ;
#1821 = VECTOR ( 'NONE', #759, 1000.000000000000000 ) ;
#1822 = EDGE_CURVE ( 'NONE', #380, #2365, #1381, .T. ) ;
#1823 = VERTEX_POINT ( 'NONE', #1487 ) ;
#1824 = VERTEX_POINT ( 'NONE', #1922 ) ;
#1825 = FACE_OUTER_BOUND ( 'NONE', #195, .T. ) ;
#1826 = FACE_OUTER_BOUND ( 'NONE', #1304, .T. ) ;
#1827 = LINE ( 'NONE', #1261, #993 ) ;
#1828 = AXIS2_PLACEMENT_3D ( 'NONE', #244, #2507, #2050 ) ;
#1829 = CARTESIAN_POINT ( 'NONE',  ( -0.7449999999999999956, 0.2700000000000000178, 0.8000000000000000444 ) ) ;
#1830 = CARTESIAN_POINT ( 'NONE',  ( 1.600000000000000089, 0.2799999999999999711, -0.8000000000000000444 ) ) ;
#1831 = CARTESIAN_POINT ( 'NONE',  ( -1.600000000000000089, 0.01000000000000000021, -0.5000000000000000000 ) ) ;
#1832 = MECHANICAL_DESIGN_GEOMETRIC_PRESENTATION_REPRESENTATION (  '', ( #78 ), #2607 ) ;
#1833 = ORIENTED_EDGE ( 'NONE', *, *, #2155, .F. ) ;
#1834 = ORIENTED_EDGE ( 'NONE', *, *, #1001, .F. ) ;
#1835 = EDGE_CURVE ( 'NONE', #665, #1735, #677, .T. ) ;
#1836 = ORIENTED_EDGE ( 'NONE', *, *, #2489, .F. ) ;
#1837 = ORIENTED_EDGE ( 'NONE', *, *, #2155, .T. ) ;
#1838 = PLANE ( 'NONE',  #1892 ) ;
#1839 = AXIS2_PLACEMENT_3D ( 'NONE', #2330, #1222, #2359 ) ;
#1840 = FACE_OUTER_BOUND ( 'NONE', #208, .T. ) ;
#1841 = DIRECTION ( 'NONE',  ( 0.000000000000000000, 0.000000000000000000, 1.000000000000000000 ) ) ;
#1842 = VECTOR ( 'NONE', #2692, 1000.000000000000000 ) ;
#1843 = DIRECTION ( 'NONE',  ( 0.000000000000000000, 0.000000000000000000, 1.000000000000000000 ) ) ;
#1844 = VECTOR ( 'NONE', #2276, 1000.000000000000000 ) ;
#1845 =( LENGTH_UNIT ( ) NAMED_UNIT ( * ) SI_UNIT ( .MILLI., .METRE. ) );
#1846 = CARTESIAN_POINT ( 'NONE',  ( -1.600000000000000089, -0.5813776741500000789, -0.2599999999999999534 ) ) ;
#1847 = CARTESIAN_POINT ( 'NONE',  ( -1.600000000000000089, 0.2799999999999999711, 0.8000000000000000444 ) ) ;
#1848 = VERTEX_POINT ( 'NONE', #1228 ) ;
#1849 = ORIENTED_EDGE ( 'NONE', *, *, #2101, .T. ) ;
#1850 = CARTESIAN_POINT ( 'NONE',  ( 1.600000000000000089, 0.000000000000000000, 0.2599999999999999534 ) ) ;
#1851 = ORIENTED_EDGE ( 'NONE', *, *, #2212, .T. ) ;
#1852 = ORIENTED_EDGE ( 'NONE', *, *, #1197, .T. ) ;
#1853 = CARTESIAN_POINT ( 'NONE',  ( -1.600000000000000089, -0.5813776741500000789, 0.000000000000000000 ) ) ;
#1854 = EDGE_CURVE ( 'NONE', #2444, #1484, #565, .T. ) ;
#1855 = COLOUR_RGB ( '',1.000000000000000000, 1.000000000000000000, 1.000000000000000000 ) ;
#1856 = ORIENTED_EDGE ( 'NONE', *, *, #2502, .F. ) ;
#1857 =( LENGTH_UNIT ( ) NAMED_UNIT ( * ) SI_UNIT ( .MILLI., .METRE. ) );
#1858 =( NAMED_UNIT ( * ) PLANE_ANGLE_UNIT ( ) SI_UNIT ( $, .RADIAN. ) );
#1859 = EDGE_CURVE ( 'NONE', #803, #1194, #2131, .T. ) ;
#1860 = VECTOR ( 'NONE', #152, 1000.000000000000000 ) ;
#1861 = ADVANCED_FACE ( 'NONE', ( #90 ), #243, .F. ) ;
#1862 = LINE ( 'NONE', #1248, #2311 ) ;
#1863 = LINE ( 'NONE', #748, #83 ) ;
#1864 = LINE ( 'NONE', #297, #2183 ) ;
#1865 =( GEOMETRIC_REPRESENTATION_CONTEXT ( 3 ) GLOBAL_UNCERTAINTY_ASSIGNED_CONTEXT ( ( #361 ) ) GLOBAL_UNIT_ASSIGNED_CONTEXT ( ( #1845, #2459, #427 ) ) REPRESENTATION_CONTEXT ( 'NONE', 'WORKASPACE' ) );
#1866 = EDGE_LOOP ( 'NONE', ( #1053, #2849, #1833, #532 ) ) ;
#1867 = SURFACE_SIDE_STYLE ('',( #1405 ) ) ;
#1868 = DIRECTION ( 'NONE',  ( -1.242532093857000214E-49, 1.047802127484999846E-33, -1.000000000000000000 ) ) ;
#1869 = UNCERTAINTY_MEASURE_WITH_UNIT (LENGTH_MEASURE( 1.000000000000000082E-05 ), #938, 'distance_accuracy_value', 'NONE');
#1870 = VECTOR ( 'NONE', #1815, 1000.000000000000000 ) ;
#1871 = ORIENTED_EDGE ( 'NONE', *, *, #1064, .T. ) ;
#1872 = ORIENTED_EDGE ( 'NONE', *, *, #2334, .T. ) ;
#1873 = LINE ( 'NONE', #992, #233 ) ;
#1874 = PLANE ( 'NONE',  #1252 ) ;
#1875 = SURFACE_STYLE_USAGE ( .BOTH. , #2758 ) ;
#1876 = EDGE_CURVE ( 'NONE', #2628, #881, #2292, .T. ) ;
#1877 = DIRECTION ( 'NONE',  ( 1.000000000000000000, 1.225452042346000054E-16, -1.089290704307999941E-16 ) ) ;
#1878 = EDGE_CURVE ( 'NONE', #578, #2871, #1904, .T. ) ;
#1879 = FILL_AREA_STYLE ('',( #34 ) ) ;
#1880 = CARTESIAN_POINT ( 'NONE',  ( 1.600000000000000089, 0.01000000000000000021, -0.5000000000000000000 ) ) ;
#1881 = VERTEX_POINT ( 'NONE', #2073 ) ;
#1882 = VECTOR ( 'NONE', #32, 1000.000000000000000 ) ;
#1883 = DIRECTION ( 'NONE',  ( 0.000000000000000000, 0.000000000000000000, -1.000000000000000000 ) ) ;
#1884 = MECHANICAL_DESIGN_GEOMETRIC_PRESENTATION_REPRESENTATION (  '', ( #1423 ), #864 ) ;
#1885 = VERTEX_POINT ( 'NONE', #949 ) ;
#1886 = ORIENTED_EDGE ( 'NONE', *, *, #790, .T. ) ;
#1887 =( NAMED_UNIT ( * ) PLANE_ANGLE_UNIT ( ) SI_UNIT ( $, .RADIAN. ) );
#1888 = CARTESIAN_POINT ( 'NONE',  ( -0.7449999999999999956, 0.2799999999999999711, 0.8000000000000000444 ) ) ;
#1889 = ORIENTED_EDGE ( 'NONE', *, *, #423, .T. ) ;
#1890 =( NAMED_UNIT ( * ) PLANE_ANGLE_UNIT ( ) SI_UNIT ( $, .RADIAN. ) );
#1891 = LINE ( 'NONE', #1624, #1882 ) ;
#1892 = AXIS2_PLACEMENT_3D ( 'NONE', #271, #2320, #73 ) ;
#1893 = CARTESIAN_POINT ( 'NONE',  ( 0.7449999999999999956, 0.2799999999999999711, -0.8000000000000000444 ) ) ;
#1894 = AXIS2_PLACEMENT_3D ( 'NONE', #2642, #1302, #2222 ) ;
#1895 = DIRECTION ( 'NONE',  ( 1.000000000000000000, 1.224646799146999945E-16, 0.000000000000000000 ) ) ;
#1896 = EDGE_LOOP ( 'NONE', ( #1391, #1784, #858, #2544 ) ) ;
#1897 = ADVANCED_FACE ( 'NONE', ( #2810 ), #1690, .F. ) ;
#1898 =( NAMED_UNIT ( * ) SI_UNIT ( $, .STERADIAN. ) SOLID_ANGLE_UNIT ( ) );
#1899 = FILL_AREA_STYLE_COLOUR ( '', #2847 ) ;
#1900 = EDGE_CURVE ( 'NONE', #1772, #572, #378, .T. ) ;
#1901 = ORIENTED_EDGE ( 'NONE', *, *, #2197, .F. ) ;
#1902 = DIRECTION ( 'NONE',  ( 0.000000000000000000, 0.000000000000000000, -1.000000000000000000 ) ) ;
#1903 = DIRECTION ( 'NONE',  ( -1.224646799146999945E-16, 1.000000000000000000, 1.047802127484999846E-33 ) ) ;
#1904 = LINE ( 'NONE', #31, #1193 ) ;
#1905 = ORIENTED_EDGE ( 'NONE', *, *, #1456, .T. ) ;
#1906 = DIRECTION ( 'NONE',  ( 1.000000000000000000, 0.000000000000000000, 0.000000000000000000 ) ) ;
#1907 = SURFACE_SIDE_STYLE ('',( #552 ) ) ;
#1908 = CARTESIAN_POINT ( 'NONE',  ( -0.2000000000000000111, -1.834611997030999975, 0.2999999999999999889 ) ) ;
#1909 = CARTESIAN_POINT ( 'NONE',  ( -0.2000000000000000111, 0.01000000000000000021, 0.8000000000000000444 ) ) ;
#1910 =( LENGTH_UNIT ( ) NAMED_UNIT ( * ) SI_UNIT ( .MILLI., .METRE. ) );
#1911 = LINE ( 'NONE', #280, #1800 ) ;
#1912 = VECTOR ( 'NONE', #809, 1000.000000000000000 ) ;
#1913 = VECTOR ( 'NONE', #560, 1000.000000000000000 ) ;
#1914 =( NAMED_UNIT ( * ) PLANE_ANGLE_UNIT ( ) SI_UNIT ( $, .RADIAN. ) );
#1915 = CARTESIAN_POINT ( 'NONE',  ( -0.7449999999999999956, 0.2700000000000000178, 0.8000000000000000444 ) ) ;
#1916 = VECTOR ( 'NONE', #2567, 1000.000000000000000 ) ;
#1917 = EDGE_CURVE ( 'NONE', #1953, #1258, #1567, .T. ) ;
#1918 = ORIENTED_EDGE ( 'NONE', *, *, #2898, .F. ) ;
#1919 = SURFACE_STYLE_USAGE ( .BOTH. , #1689 ) ;
#1920 = AXIS2_PLACEMENT_3D ( 'NONE', #2206, #1746, #563 ) ;
#1921 = SURFACE_STYLE_USAGE ( .BOTH. , #1025 ) ;
#1922 = CARTESIAN_POINT ( 'NONE',  ( 1.100000000000000089, -1.030262332244000068E-16, 0.5000000000000000000 ) ) ;
#1923 = EDGE_CURVE ( 'NONE', #2734, #411, #1506, .T. ) ;
#1924 = ORIENTED_EDGE ( 'NONE', *, *, #1687, .T. ) ;
#1925 = DIRECTION ( 'NONE',  ( 1.000000000000000000, 1.224646799146999945E-16, 0.000000000000000000 ) ) ;
#1926 = DIRECTION ( 'NONE',  ( 0.000000000000000000, 0.000000000000000000, 1.000000000000000000 ) ) ;
#1927 =( LENGTH_UNIT ( ) NAMED_UNIT ( * ) SI_UNIT ( .MILLI., .METRE. ) );
#1928 = ORIENTED_EDGE ( 'NONE', *, *, #1854, .F. ) ;
#1929 = LINE ( 'NONE', #339, #2836 ) ;
#1930 =( NAMED_UNIT ( * ) SI_UNIT ( $, .STERADIAN. ) SOLID_ANGLE_UNIT ( ) );
#1931 = DIRECTION ( 'NONE',  ( 1.727969913732999869E-16, -1.000000000000000000, 0.000000000000000000 ) ) ;
#1932 = FILL_AREA_STYLE_COLOUR ( '', #2800 ) ;
#1933 = UNCERTAINTY_MEASURE_WITH_UNIT (LENGTH_MEASURE( 1.000000000000000082E-05 ), #1673, 'distance_accuracy_value', 'NONE');
#1934 = COLOUR_RGB ( '',0.000000000000000000, 1.000000000000000000, 0.6549019607843137303 ) ;
#1935 = ORIENTED_EDGE ( 'NONE', *, *, #2197, .T. ) ;
#1936 = LINE ( 'NONE', #2143, #2586 ) ;
#1937 = DIRECTION ( 'NONE',  ( 0.000000000000000000, 0.000000000000000000, -1.000000000000000000 ) ) ;
#1938 = SURFACE_STYLE_USAGE ( .BOTH. , #350 ) ;
#1939 = EDGE_CURVE ( 'NONE', #491, #1467, #2239, .T. ) ;
#1940 = VECTOR ( 'NONE', #1017, 1000.000000000000000 ) ;
#1941 = ORIENTED_EDGE ( 'NONE', *, *, #1917, .T. ) ;
#1942 = CARTESIAN_POINT ( 'NONE',  ( -0.2000000000000000111, 0.01000000000000000021, -0.2999999999999999889 ) ) ;
#1943 = CARTESIAN_POINT ( 'NONE',  ( 0.2000000000000000111, 0.01000000000000000021, -0.8000000000000000444 ) ) ;
#1944 = FILL_AREA_STYLE_COLOUR ( '', #1934 ) ;
#1945 = STYLED_ITEM ( 'NONE', ( #1355 ), #2736 ) ;
#1946 = AXIS2_PLACEMENT_3D ( 'NONE', #2735, #1868, #2764 ) ;
#1947 = PLANE ( 'NONE',  #94 ) ;
#1948 = VECTOR ( 'NONE', #2465, 1000.000000000000000 ) ;
#1949 = ORIENTED_EDGE ( 'NONE', *, *, #1019, .T. ) ;
#1950 = FACE_OUTER_BOUND ( 'NONE', #754, .T. ) ;
#1951 = DIRECTION ( 'NONE',  ( 1.224646799146999945E-16, -1.000000000000000000, 0.000000000000000000 ) ) ;
#1952 = CARTESIAN_POINT ( 'NONE',  ( 0.6274427372079999232, 1.050000000000000044, 0.8000000000000000444 ) ) ;
#1953 = VERTEX_POINT ( 'NONE', #181 ) ;
#1954 = LINE ( 'NONE', #2859, #734 ) ;
#1955 = EDGE_CURVE ( 'NONE', #1424, #1075, #2673, .T. ) ;
#1956 = CYLINDRICAL_SURFACE ( 'NONE', #346, 0.2500000000000000000 ) ;
#1957 = ORIENTED_EDGE ( 'NONE', *, *, #790, .F. ) ;
#1958 = DIRECTION ( 'NONE',  ( -0.08715574274763789042, -0.9961946980917472105, 0.000000000000000000 ) ) ;
#1959 = CARTESIAN_POINT ( 'NONE',  ( 1.600000000000000089, -4.179389326704999716E-17, 0.8000000000000000444 ) ) ;
#1960 = EDGE_CURVE ( 'NONE', #1692, #1258, #1775, .T. ) ;
#1961 =( GEOMETRIC_REPRESENTATION_CONTEXT ( 3 ) GLOBAL_UNCERTAINTY_ASSIGNED_CONTEXT ( ( #2442 ) ) GLOBAL_UNIT_ASSIGNED_CONTEXT ( ( #645, #1324, #2178 ) ) REPRESENTATION_CONTEXT ( 'NONE', 'WORKASPACE' ) );
#1962 = EDGE_CURVE ( 'NONE', #106, #454, #1625, .T. ) ;
#1963 = DIRECTION ( 'NONE',  ( 1.224646799146999945E-16, -1.000000000000000000, 0.000000000000000000 ) ) ;
#1964 = FACE_OUTER_BOUND ( 'NONE', #27, .T. ) ;
#1965 = UNCERTAINTY_MEASURE_WITH_UNIT (LENGTH_MEASURE( 1.000000000000000082E-05 ), #2726, 'distance_accuracy_value', 'NONE');
#1966 = MECHANICAL_DESIGN_GEOMETRIC_PRESENTATION_REPRESENTATION (  '', ( #1209 ), #2913 ) ;
#1967 = ORIENTED_EDGE ( 'NONE', *, *, #527, .F. ) ;
#1968 = CARTESIAN_POINT ( 'NONE',  ( -0.6274427372079999232, 1.050000000000000044, 0.8000000000000000444 ) ) ;
#1969 = EDGE_LOOP ( 'NONE', ( #1060, #837, #147, #850 ) ) ;
#1970 = LINE ( 'NONE', #336, #156 ) ;
#1971 =( GEOMETRIC_REPRESENTATION_CONTEXT ( 3 ) GLOBAL_UNCERTAINTY_ASSIGNED_CONTEXT ( ( #640 ) ) GLOBAL_UNIT_ASSIGNED_CONTEXT ( ( #780, #2356, #1082 ) ) REPRESENTATION_CONTEXT ( 'NONE', 'WORKASPACE' ) );
#1972 = CARTESIAN_POINT ( 'NONE',  ( -1.600000000000000089, -4.336808689941999987E-16, -0.8000000000000000444 ) ) ;
#1973 = DIRECTION ( 'NONE',  ( 1.224646799146999945E-16, -1.000000000000000000, 0.000000000000000000 ) ) ;
#1974 = VERTEX_POINT ( 'NONE', #1737 ) ;
#1975 = CARTESIAN_POINT ( 'NONE',  ( -0.2000000000000000111, 0.01000000000000000021, -0.8000000000000000444 ) ) ;
#1976 = CARTESIAN_POINT ( 'NONE',  ( 1.600000000000000089, -4.179389326704999716E-17, 0.8000000000000000444 ) ) ;
#1977 = CARTESIAN_POINT ( 'NONE',  ( 1.600000000000000089, 0.000000000000000000, -0.2500000000000000000 ) ) ;
#1978 = ADVANCED_FACE ( 'NONE', ( #2685 ), #1764, .F. ) ;
#1979 = EDGE_CURVE ( 'NONE', #1229, #1075, #2445, .T. ) ;
#1980 = CARTESIAN_POINT ( 'NONE',  ( 1.600000000000000089, 0.01000000000000000021, -0.5000000000000000000 ) ) ;
#1981 = SURFACE_STYLE_FILL_AREA ( #1088 ) ;
#1982 = ORIENTED_EDGE ( 'NONE', *, *, #1217, .F. ) ;
#1983 =( LENGTH_UNIT ( ) NAMED_UNIT ( * ) SI_UNIT ( .MILLI., .METRE. ) );
#1984 =( NAMED_UNIT ( * ) SI_UNIT ( $, .STERADIAN. ) SOLID_ANGLE_UNIT ( ) );
#1985 =( NAMED_UNIT ( * ) PLANE_ANGLE_UNIT ( ) SI_UNIT ( $, .RADIAN. ) );
#1986 = STYLED_ITEM ( 'NONE', ( #2196 ), #2932 ) ;
#1987 = ORIENTED_EDGE ( 'NONE', *, *, #2537, .F. ) ;
#1988 = FACE_OUTER_BOUND ( 'NONE', #1183, .T. ) ;
#1989 =( NAMED_UNIT ( * ) SI_UNIT ( $, .STERADIAN. ) SOLID_ANGLE_UNIT ( ) );
#1990 = VECTOR ( 'NONE', #81, 1000.000000000000000 ) ;
#1991 = ORIENTED_EDGE ( 'NONE', *, *, #25, .F. ) ;
#1992 = LINE ( 'NONE', #4, #216 ) ;
#1993 = LINE ( 'NONE', #2892, #1482 ) ;
#1994 = SURFACE_SIDE_STYLE ('',( #221 ) ) ;
#1995 = EDGE_CURVE ( 'NONE', #1745, #2005, #693, .T. ) ;
#1996 = FACE_OUTER_BOUND ( 'NONE', #429, .T. ) ;
#1997 = UNCERTAINTY_MEASURE_WITH_UNIT (LENGTH_MEASURE( 1.000000000000000082E-05 ), #1314, 'distance_accuracy_value', 'NONE');
#1998 = VECTOR ( 'NONE', #852, 1000.000000000000000 ) ;
#1999 = ORIENTED_EDGE ( 'NONE', *, *, #1859, .F. ) ;
#2000 = VECTOR ( 'NONE', #1514, 1000.000000000000000 ) ;
#2001 = CARTESIAN_POINT ( 'NONE',  ( -1.100000000000000089, -1.118033988750000152, 0.5000000000000000000 ) ) ;
#2002 = CARTESIAN_POINT ( 'NONE',  ( -0.7449999999999999956, 0.2700000000000000178, 0.8000000000000000444 ) ) ;
#2003 = VECTOR ( 'NONE', #2029, 1000.000000000000000 ) ;
#2004 = EDGE_CURVE ( 'NONE', #2478, #1974, #495, .T. ) ;
#2005 = VERTEX_POINT ( 'NONE', #1631 ) ;
#2006 = SURFACE_STYLE_FILL_AREA ( #1157 ) ;
#2007 = PRESENTATION_STYLE_ASSIGNMENT (( #431 ) ) ;
#2008 =( LENGTH_UNIT ( ) NAMED_UNIT ( * ) SI_UNIT ( .MILLI., .METRE. ) );
#2009 = CARTESIAN_POINT ( 'NONE',  ( -1.600000000000000089, -1.118033988750000152, 0.5000000000000000000 ) ) ;
#2010 = CARTESIAN_POINT ( 'NONE',  ( -0.6976642911749999509, -1.834611997030999975, 0.2999999999999999889 ) ) ;
#2011 = MECHANICAL_DESIGN_GEOMETRIC_PRESENTATION_REPRESENTATION (  '', ( #52 ), #250 ) ;
#2012 = ORIENTED_EDGE ( 'NONE', *, *, #507, .T. ) ;
#2013 = FILL_AREA_STYLE ('',( #1121 ) ) ;
#2014 =( LENGTH_UNIT ( ) NAMED_UNIT ( * ) SI_UNIT ( .MILLI., .METRE. ) );
#2015 = VECTOR ( 'NONE', #567, 1000.000000000000000 ) ;
#2016 = EDGE_CURVE ( 'NONE', #2096, #578, #1615, .T. ) ;
#2017 = ORIENTED_EDGE ( 'NONE', *, *, #705, .F. ) ;
#2018 = DIRECTION ( 'NONE',  ( 1.185846126155999767E-16, -1.000000000000000000, 2.812462069837999705E-32 ) ) ;
#2019 = EDGE_CURVE ( 'NONE', #106, #486, #667, .T. ) ;
#2020 = VECTOR ( 'NONE', #1323, 1000.000000000000000 ) ;
#2021 = PRESENTATION_LAYER_ASSIGNMENT (  '', '', ( #2446 ) ) ;
#2022 = FILL_AREA_STYLE_COLOUR ( '', #17 ) ;
#2023 = DIRECTION ( 'NONE',  ( 1.000000000000000000, 1.224646799146999945E-16, 0.000000000000000000 ) ) ;
#2024 = FILL_AREA_STYLE ('',( #435 ) ) ;
#2025 = AXIS2_PLACEMENT_3D ( 'NONE', #618, #1310, #828 ) ;
#2026 = SURFACE_STYLE_USAGE ( .BOTH. , #1994 ) ;
#2027 = CARTESIAN_POINT ( 'NONE',  ( 0.7449999999999999956, 0.2799999999999999711, 0.8000000000000000444 ) ) ;
#2028 = VERTEX_POINT ( 'NONE', #1580 ) ;
#2029 = DIRECTION ( 'NONE',  ( -1.224646799146999945E-16, 1.000000000000000000, 0.000000000000000000 ) ) ;
#2030 = VERTEX_POINT ( 'NONE', #484 ) ;
#2031 = PRESENTATION_STYLE_ASSIGNMENT (( #200 ) ) ;
#2032 = PRESENTATION_STYLE_ASSIGNMENT (( #1158 ) ) ;
#2033 = ADVANCED_FACE ( 'NONE', ( #224 ), #1374, .F. ) ;
#2034 = MECHANICAL_DESIGN_GEOMETRIC_PRESENTATION_REPRESENTATION (  '', ( #1097 ), #663 ) ;
#2035 = CARTESIAN_POINT ( 'NONE',  ( -0.2000000000000000111, 0.01000000000000000021, 0.2999999999999999889 ) ) ;
#2036 = STYLED_ITEM ( 'NONE', ( #2409 ), #1399 ) ;
#2037 = DIRECTION ( 'NONE',  ( 1.000000000000000000, 0.000000000000000000, 0.000000000000000000 ) ) ;
#2038 = STYLED_ITEM ( 'NONE', ( #2252 ), #1654 ) ;
#2039 = CARTESIAN_POINT ( 'NONE',  ( -1.600000000000000089, -4.336808689941999987E-16, 0.8000000000000000444 ) ) ;
#2040 = LINE ( 'NONE', #194, #2515 ) ;
#2041 = VERTEX_POINT ( 'NONE', #254 ) ;
#2042 = SURFACE_STYLE_FILL_AREA ( #268 ) ;
#2043 = VECTOR ( 'NONE', #945, 1000.000000000000000 ) ;
#2044 =( GEOMETRIC_REPRESENTATION_CONTEXT ( 3 ) GLOBAL_UNCERTAINTY_ASSIGNED_CONTEXT ( ( #989 ) ) GLOBAL_UNIT_ASSIGNED_CONTEXT ( ( #2650, #1529, #861 ) ) REPRESENTATION_CONTEXT ( 'NONE', 'WORKASPACE' ) );
#2045 = ORIENTED_EDGE ( 'NONE', *, *, #2243, .T. ) ;
#2046 = PRESENTATION_STYLE_ASSIGNMENT (( #2273 ) ) ;
#2047 = SURFACE_SIDE_STYLE ('',( #2287 ) ) ;
#2048 = VECTOR ( 'NONE', #1051, 1000.000000000000000 ) ;
#2049 = PRESENTATION_LAYER_ASSIGNMENT (  '', '', ( #389 ) ) ;
#2050 = DIRECTION ( 'NONE',  ( 1.000000000000000000, 0.000000000000000000, 0.000000000000000000 ) ) ;
#2051 = EDGE_CURVE ( 'NONE', #1617, #2714, #721, .T. ) ;
#2052 = SURFACE_STYLE_FILL_AREA ( #1152 ) ;
#2053 = ORIENTED_EDGE ( 'NONE', *, *, #946, .T. ) ;
#2054 = CARTESIAN_POINT ( 'NONE',  ( -0.6976642911749999509, 0.01000000000000000021, -0.2999999999999999889 ) ) ;
#2055 = VERTEX_POINT ( 'NONE', #2054 ) ;
#2056 = CARTESIAN_POINT ( 'NONE',  ( -0.6976642911749999509, -2.168404344970999993E-16, 0.2999999999999999889 ) ) ;
#2057 = VECTOR ( 'NONE', #1427, 1000.000000000000000 ) ;
#2058 = PRESENTATION_LAYER_ASSIGNMENT (  '', '', ( #1077 ) ) ;
#2059 = LINE ( 'NONE', #1791, #1870 ) ;
#2060 = CARTESIAN_POINT ( 'NONE',  ( -1.600000000000000089, -4.336808689941999987E-16, -0.2599999999999999534 ) ) ;
#2061 = LINE ( 'NONE', #2453, #1140 ) ;
#2062 = CLOSED_SHELL ( 'NONE', ( #23, #807, #2353, #1861, #2454, #676, #133, #2721, #865, #1789, #2520, #832, #306, #2177 ) ) ;
#2063 = CARTESIAN_POINT ( 'NONE',  ( -1.100000000000000089, -1.347111479062000249E-16, 0.5000000000000000000 ) ) ;
#2064 = ADVANCED_FACE ( 'NONE', ( #2723 ), #2475, .F. ) ;
#2065 = DIRECTION ( 'NONE',  ( 0.000000000000000000, 1.000000000000000000, 0.000000000000000000 ) ) ;
#2066 = ORIENTED_EDGE ( 'NONE', *, *, #1004, .F. ) ;
#2067 = EDGE_LOOP ( 'NONE', ( #2789, #1677, #1178, #2332 ) ) ;
#2068 = ORIENTED_EDGE ( 'NONE', *, *, #1455, .T. ) ;
#2069 = VERTEX_POINT ( 'NONE', #576 ) ;
#2070 = FACE_OUTER_BOUND ( 'NONE', #109, .T. ) ;
#2071 = SURFACE_SIDE_STYLE ('',( #2799 ) ) ;
#2072 = CARTESIAN_POINT ( 'NONE',  ( 1.600000000000000089, -4.336808689941999987E-16, 0.000000000000000000 ) ) ;
#2073 = CARTESIAN_POINT ( 'NONE',  ( -1.600000000000000089, -4.336808689941999987E-16, -0.5000000000000000000 ) ) ;
#2074 = DIRECTION ( 'NONE',  ( 1.000000000000000000, 1.224646799146999945E-16, 1.626303258727999778E-16 ) ) ;
#2075 = LINE ( 'NONE', #1893, #1990 ) ;
#2076 = LINE ( 'NONE', #49, #2000 ) ;
#2077 = VECTOR ( 'NONE', #730, 1000.000000000000000 ) ;
#2078 = VECTOR ( 'NONE', #1963, 1000.000000000000000 ) ;
#2079 = ORIENTED_EDGE ( 'NONE', *, *, #319, .T. ) ;
#2080 =( NAMED_UNIT ( * ) PLANE_ANGLE_UNIT ( ) SI_UNIT ( $, .RADIAN. ) );
#2081 = LINE ( 'NONE', #1850, #1237 ) ;
#2082 = ORIENTED_EDGE ( 'NONE', *, *, #2755, .F. ) ;
#2083 = EDGE_LOOP ( 'NONE', ( #939, #2256, #329, #1924 ) ) ;
#2084 = CARTESIAN_POINT ( 'NONE',  ( 1.600000000000000089, 0.2799999999999999711, 0.8000000000000000444 ) ) ;
#2085 = ADVANCED_FACE ( 'NONE', ( #525 ), #1686, .F. ) ;
#2086 = EDGE_CURVE ( 'NONE', #486, #2069, #2617, .T. ) ;
#2087 = VECTOR ( 'NONE', #820, 1000.000000000000000 ) ;
#2088 = ORIENTED_EDGE ( 'NONE', *, *, #831, .T. ) ;
#2089 = FILL_AREA_STYLE ('',( #758 ) ) ;
#2090 = FACE_OUTER_BOUND ( 'NONE', #2142, .T. ) ;
#2091 = VECTOR ( 'NONE', #971, 1000.000000000000000 ) ;
#2092 = VECTOR ( 'NONE', #1454, 1000.000000000000000 ) ;
#2093 = DIRECTION ( 'NONE',  ( -1.000000000000000000, -1.224646799146999945E-16, 0.000000000000000000 ) ) ;
#2094 = CARTESIAN_POINT ( 'NONE',  ( -0.7449999999999999956, 0.2799999999999999711, 0.8000000000000000444 ) ) ;
#2095 = CARTESIAN_POINT ( 'NONE',  ( 1.600000000000000089, -4.179389326704999716E-17, 0.8000000000000000444 ) ) ;
#2096 = VERTEX_POINT ( 'NONE', #783 ) ;
#2097 = SURFACE_STYLE_USAGE ( .BOTH. , #2315 ) ;
#2098 = ORIENTED_EDGE ( 'NONE', *, *, #1835, .T. ) ;
#2099 = ORIENTED_EDGE ( 'NONE', *, *, #1955, .T. ) ;
#2100 = CARTESIAN_POINT ( 'NONE',  ( 1.600000000000000089, -4.179389326704999716E-17, 0.8000000000000000444 ) ) ;
#2101 = EDGE_CURVE ( 'NONE', #151, #157, #1701, .T. ) ;
#2102 = PRESENTATION_LAYER_ASSIGNMENT (  '', '', ( #448 ) ) ;
#2103 = EDGE_CURVE ( 'NONE', #1488, #411, #769, .T. ) ;
#2104 = CARTESIAN_POINT ( 'NONE',  ( -1.100000000000000089, -4.336808689941999987E-16, 0.5000000000000000000 ) ) ;
#2105 = CARTESIAN_POINT ( 'NONE',  ( -0.7449999999999999956, 0.2799999999999999711, 0.8000000000000000444 ) ) ;
#2106 =( LENGTH_UNIT ( ) NAMED_UNIT ( * ) SI_UNIT ( .MILLI., .METRE. ) );
#2107 = MECHANICAL_DESIGN_GEOMETRIC_PRESENTATION_REPRESENTATION (  '', ( #2490 ), #57 ) ;
#2108 = CARTESIAN_POINT ( 'NONE',  ( -0.2000000000000000111, -2.168404344970999993E-16, -0.8000000000000000444 ) ) ;
#2109 = DIRECTION ( 'NONE',  ( -1.000000000000000000, 0.000000000000000000, 0.000000000000000000 ) ) ;
#2110 = VECTOR ( 'NONE', #2362, 1000.000000000000000 ) ;
#2111 = ORIENTED_EDGE ( 'NONE', *, *, #1182, .T. ) ;
#2112 = FILL_AREA_STYLE_COLOUR ( '', #650 ) ;
#2113 = DIRECTION ( 'NONE',  ( 1.000000000000000000, 0.000000000000000000, 0.000000000000000000 ) ) ;
#2114 = COLOUR_RGB ( '',0.000000000000000000, 1.000000000000000000, 0.6549019607843137303 ) ;
#2115 = VERTEX_POINT ( 'NONE', #2606 ) ;
#2116 = VERTEX_POINT ( 'NONE', #1465 ) ;
#2117 = ORIENTED_EDGE ( 'NONE', *, *, #2467, .T. ) ;
#2118 = FACE_OUTER_BOUND ( 'NONE', #2717, .T. ) ;
#2119 =( LENGTH_UNIT ( ) NAMED_UNIT ( * ) SI_UNIT ( .MILLI., .METRE. ) );
#2120 = LINE ( 'NONE', #501, #124 ) ;
#2121 = EDGE_CURVE ( 'NONE', #134, #393, #1481, .T. ) ;
#2122 = SURFACE_STYLE_FILL_AREA ( #2137 ) ;
#2123 = DIRECTION ( 'NONE',  ( 0.000000000000000000, 0.000000000000000000, 1.000000000000000000 ) ) ;
#2124 = EDGE_LOOP ( 'NONE', ( #959, #2698, #2171, #53 ) ) ;
#2125 = DIRECTION ( 'NONE',  ( 0.000000000000000000, 0.000000000000000000, 1.000000000000000000 ) ) ;
#2126 = PRESENTATION_LAYER_ASSIGNMENT (  '', '', ( #78 ) ) ;
#2127 =( GEOMETRIC_REPRESENTATION_CONTEXT ( 3 ) GLOBAL_UNCERTAINTY_ASSIGNED_CONTEXT ( ( #609 ) ) GLOBAL_UNIT_ASSIGNED_CONTEXT ( ( #1494, #2873, #1930 ) ) REPRESENTATION_CONTEXT ( 'NONE', 'WORKASPACE' ) );
#2128 = ORIENTED_EDGE ( 'NONE', *, *, #2449, .T. ) ;
#2129 = VERTEX_POINT ( 'NONE', #2820 ) ;
#2130 = DIRECTION ( 'NONE',  ( 1.000000000000000000, 1.224646799146999945E-16, 0.000000000000000000 ) ) ;
#2131 = LINE ( 'NONE', #806, #1844 ) ;
#2132 = SURFACE_STYLE_USAGE ( .BOTH. , #1458 ) ;
#2133 = DIRECTION ( 'NONE',  ( 0.000000000000000000, 1.000000000000000000, 0.000000000000000000 ) ) ;
#2134 =( NAMED_UNIT ( * ) PLANE_ANGLE_UNIT ( ) SI_UNIT ( $, .RADIAN. ) );
#2135 = AXIS2_PLACEMENT_3D ( 'NONE', #1285, #1937, #377 ) ;
#2136 = AXIS2_PLACEMENT_3D ( 'NONE', #986, #2327, #1895 ) ;
#2137 = FILL_AREA_STYLE ('',( #2374 ) ) ;
#2138 = LINE ( 'NONE', #749, #526 ) ;
#2139 = EDGE_CURVE ( 'NONE', #2734, #612, #1656, .T. ) ;
#2140 = EDGE_CURVE ( 'NONE', #1974, #481, #988, .T. ) ;
#2141 = DIRECTION ( 'NONE',  ( -1.000000000000000000, -1.224646799146999945E-16, -1.089290704307999941E-16 ) ) ;
#2142 = EDGE_LOOP ( 'NONE', ( #2303, #808, #1466, #251 ) ) ;
#2143 = CARTESIAN_POINT ( 'NONE',  ( 1.600000000000000089, 0.2799999999999999711, 0.8000000000000000444 ) ) ;
#2144 = FILL_AREA_STYLE ('',( #2641 ) ) ;
#2145 = CARTESIAN_POINT ( 'NONE',  ( -0.2000000000000000111, 0.01000000000000000021, 0.8000000000000000444 ) ) ;
#2146 = VERTEX_POINT ( 'NONE', #283 ) ;
#2147 = CARTESIAN_POINT ( 'NONE',  ( -0.7449999999999999956, 0.2799999999999999711, -0.8000000000000000444 ) ) ;
#2148 = LINE ( 'NONE', #337, #1821 ) ;
#2149 = SURFACE_SIDE_STYLE ('',( #1079 ) ) ;
#2150 = DIRECTION ( 'NONE',  ( 0.000000000000000000, 1.000000000000000000, 0.000000000000000000 ) ) ;
#2151 = DIRECTION ( 'NONE',  ( 0.000000000000000000, 0.000000000000000000, -1.000000000000000000 ) ) ;
#2152 = CARTESIAN_POINT ( 'NONE',  ( 1.600000000000000089, 1.959434878636000163E-16, 0.5000000000000000000 ) ) ;
#2153 = COLOUR_RGB ( '',0.000000000000000000, 1.000000000000000000, 0.6549019607843137303 ) ;
#2154 = MECHANICAL_DESIGN_GEOMETRIC_PRESENTATION_REPRESENTATION (  '', ( #2724 ), #1330 ) ;
#2155 = EDGE_CURVE ( 'NONE', #1299, #692, #975, .T. ) ;
#2156 = SURFACE_STYLE_USAGE ( .BOTH. , #2378 ) ;
#2157 = ORIENTED_EDGE ( 'NONE', *, *, #1744, .F. ) ;
#2158 =( NAMED_UNIT ( * ) PLANE_ANGLE_UNIT ( ) SI_UNIT ( $, .RADIAN. ) );
#2159 = CARTESIAN_POINT ( 'NONE',  ( 0.7449999999999999956, 0.2700000000000000178, 0.8000000000000000444 ) ) ;
#2160 = FACE_OUTER_BOUND ( 'NONE', #426, .T. ) ;
#2161 = ORIENTED_EDGE ( 'NONE', *, *, #2334, .F. ) ;
#2162 = LINE ( 'NONE', #1273, #252 ) ;
#2163 = DIRECTION ( 'NONE',  ( 0.000000000000000000, 0.000000000000000000, 1.000000000000000000 ) ) ;
#2164 = CARTESIAN_POINT ( 'NONE',  ( 1.600000000000000089, 0.01000000000000000021, -0.2599999999999999534 ) ) ;
#2165 = ORIENTED_EDGE ( 'NONE', *, *, #2411, .T. ) ;
#2166 = DIRECTION ( 'NONE',  ( 1.000000000000000000, 1.224646799146999945E-16, 0.000000000000000000 ) ) ;
#2167 = CARTESIAN_POINT ( 'NONE',  ( -1.600000000000000089, 0.01000000000000000021, -0.5000000000000000000 ) ) ;
#2168 = CARTESIAN_POINT ( 'NONE',  ( 0.7449999999999999956, 0.2799999999999999711, 0.8000000000000000444 ) ) ;
#2169 = DIRECTION ( 'NONE',  ( 0.000000000000000000, 0.000000000000000000, -1.000000000000000000 ) ) ;
#2170 = UNCERTAINTY_MEASURE_WITH_UNIT (LENGTH_MEASURE( 1.000000000000000082E-05 ), #2715, 'distance_accuracy_value', 'NONE');
#2171 = ORIENTED_EDGE ( 'NONE', *, *, #2121, .F. ) ;
#2172 = STYLED_ITEM ( 'NONE', ( #1331 ), #1439 ) ;
#2173 = DIRECTION ( 'NONE',  ( 0.000000000000000000, 0.000000000000000000, -1.000000000000000000 ) ) ;
#2174 = DIRECTION ( 'NONE',  ( 0.000000000000000000, -1.000000000000000000, 0.000000000000000000 ) ) ;
#2175 = ORIENTED_EDGE ( 'NONE', *, *, #291, .F. ) ;
#2176 = CARTESIAN_POINT ( 'NONE',  ( -0.6976642911749999509, -1.834611997030999975, -0.2999999999999999889 ) ) ;
#2177 = ADVANCED_FACE ( 'NONE', ( #2555 ), #541, .T. ) ;
#2178 =( NAMED_UNIT ( * ) SI_UNIT ( $, .STERADIAN. ) SOLID_ANGLE_UNIT ( ) );
#2179 = PLANE ( 'NONE',  #2253 ) ;
#2180 =( NAMED_UNIT ( * ) PLANE_ANGLE_UNIT ( ) SI_UNIT ( $, .RADIAN. ) );
#2181 =( GEOMETRIC_REPRESENTATION_CONTEXT ( 3 ) GLOBAL_UNCERTAINTY_ASSIGNED_CONTEXT ( ( #2912 ) ) GLOBAL_UNIT_ASSIGNED_CONTEXT ( ( #740, #1887, #1984 ) ) REPRESENTATION_CONTEXT ( 'NONE', 'WORKASPACE' ) );
#2182 = CARTESIAN_POINT ( 'NONE',  ( 0.6274427372079999232, 1.050000000000000044, 0.8000000000000000444 ) ) ;
#2183 = VECTOR ( 'NONE', #2772, 1000.000000000000000 ) ;
#2184 = VECTOR ( 'NONE', #2208, 1000.000000000000000 ) ;
#2185 =( NAMED_UNIT ( * ) PLANE_ANGLE_UNIT ( ) SI_UNIT ( $, .RADIAN. ) );
#2186 =( GEOMETRIC_REPRESENTATION_CONTEXT ( 3 ) GLOBAL_UNCERTAINTY_ASSIGNED_CONTEXT ( ( #1766 ) ) GLOBAL_UNIT_ASSIGNED_CONTEXT ( ( #2395, #2876, #608 ) ) REPRESENTATION_CONTEXT ( 'NONE', 'WORKASPACE' ) );
#2187 = AXIS2_PLACEMENT_3D ( 'NONE', #1257, #2384, #2795 ) ;
#2188 = ORIENTED_EDGE ( 'NONE', *, *, #468, .T. ) ;
#2189 = ORIENTED_EDGE ( 'NONE', *, *, #2922, .F. ) ;
#2190 = DIRECTION ( 'NONE',  ( 1.000000000000000000, 1.237971230602438976E-16, 0.000000000000000000 ) ) ;
#2191 = CARTESIAN_POINT ( 'NONE',  ( -0.7449999999999999956, 0.2799999999999999711, -0.8000000000000000444 ) ) ;
#2192 = ORIENTED_EDGE ( 'NONE', *, *, #342, .F. ) ;
#2193 = DIRECTION ( 'NONE',  ( 0.000000000000000000, 0.000000000000000000, 1.000000000000000000 ) ) ;
#2194 = CARTESIAN_POINT ( 'NONE',  ( 0.2000000000000000111, 0.01000000000000000021, 0.8000000000000000444 ) ) ;
#2195 = EDGE_CURVE ( 'NONE', #1436, #1692, #1420, .T. ) ;
#2196 = PRESENTATION_STYLE_ASSIGNMENT (( #2830 ) ) ;
#2197 = EDGE_CURVE ( 'NONE', #1772, #2302, #2791, .T. ) ;
#2198 = EDGE_LOOP ( 'NONE', ( #466, #2082, #1593, #2793, #1592, #493, #2428, #1263 ) ) ;
#2199 = CARTESIAN_POINT ( 'NONE',  ( -1.600000000000000089, -4.336808689941999987E-16, 0.000000000000000000 ) ) ;
#2200 = DIRECTION ( 'NONE',  ( -0.08715574274763789042, 0.9961946980917472105, 0.000000000000000000 ) ) ;
#2201 =( LENGTH_UNIT ( ) NAMED_UNIT ( * ) SI_UNIT ( .MILLI., .METRE. ) );
#2202 = LINE ( 'NONE', #1515, #2048 ) ;
#2203 = UNCERTAINTY_MEASURE_WITH_UNIT (LENGTH_MEASURE( 1.000000000000000082E-05 ), #1093, 'distance_accuracy_value', 'NONE');
#2204 = COLOUR_RGB ( '',0.9686274509803921573, 0.8784313725490195957, 0.5999999999999999778 ) ;
#2205 = ORIENTED_EDGE ( 'NONE', *, *, #1876, .T. ) ;
#2206 = CARTESIAN_POINT ( 'NONE',  ( -1.224646799146999976E-18, 0.01000000000000000021, 8.783114386902998511E-67 ) ) ;
#2207 = CARTESIAN_POINT ( 'NONE',  ( -1.600000000000000089, 0.01000000000000000021, 0.000000000000000000 ) ) ;
#2208 = DIRECTION ( 'NONE',  ( 1.224646799146999945E-16, -1.000000000000000000, 0.000000000000000000 ) ) ;
#2209 = VECTOR ( 'NONE', #2640, 1000.000000000000000 ) ;
#2210 = EDGE_LOOP ( 'NONE', ( #1272, #894, #1653, #2382, #2017, #2655, #944, #1012, #2880, #238, #496, #240, #2540, #1676, #1918, #21 ) ) ;
#2211 = DIRECTION ( 'NONE',  ( -0.000000000000000000, 1.000000000000000000, 0.000000000000000000 ) ) ;
#2212 = EDGE_CURVE ( 'NONE', #1848, #2500, #802, .T. ) ;
#2213 = VECTOR ( 'NONE', #1410, 1000.000000000000000 ) ;
#2214 = ORIENTED_EDGE ( 'NONE', *, *, #1089, .F. ) ;
#2215 = DIRECTION ( 'NONE',  ( -1.224646799146999945E-16, 1.000000000000000000, 0.000000000000000000 ) ) ;
#2216 = DIRECTION ( 'NONE',  ( 0.000000000000000000, 0.000000000000000000, -1.000000000000000000 ) ) ;
#2217 = EDGE_CURVE ( 'NONE', #990, #991, #961, .T. ) ;
#2218 = CARTESIAN_POINT ( 'NONE',  ( 1.600000000000000089, 0.000000000000000000, 0.000000000000000000 ) ) ;
#2219 = SURFACE_SIDE_STYLE ('',( #1981 ) ) ;
#2220 = EDGE_CURVE ( 'NONE', #803, #2116, #2081, .T. ) ;
#2221 = ORIENTED_EDGE ( 'NONE', *, *, #1400, .F. ) ;
#2222 = DIRECTION ( 'NONE',  ( -1.224646799146999945E-16, 1.000000000000000000, 0.000000000000000000 ) ) ;
#2223 = MECHANICAL_DESIGN_GEOMETRIC_PRESENTATION_REPRESENTATION (  '', ( #1986 ), #1180 ) ;
#2224 = EDGE_LOOP ( 'NONE', ( #2737, #977, #163, #773 ) ) ;
#2225 = PRODUCT_CONTEXT ( 'NONE', #2455, 'mechanical' ) ;
#2226 = MECHANICAL_DESIGN_GEOMETRIC_PRESENTATION_REPRESENTATION (  '', ( #272 ), #620 ) ;
#2227 = FILL_AREA_STYLE ('',( #1728 ) ) ;
#2228 = FACE_OUTER_BOUND ( 'NONE', #958, .T. ) ;
#2229 =( LENGTH_UNIT ( ) NAMED_UNIT ( * ) SI_UNIT ( .MILLI., .METRE. ) );
#2230 = ADVANCED_FACE ( 'NONE', ( #85 ), #736, .F. ) ;
#2231 = DIRECTION ( 'NONE',  ( 0.000000000000000000, -1.000000000000000000, 0.000000000000000000 ) ) ;
#2232 = UNCERTAINTY_MEASURE_WITH_UNIT (LENGTH_MEASURE( 1.000000000000000082E-05 ), #539, 'distance_accuracy_value', 'NONE');
#2233 = CIRCLE ( 'NONE', #1620, 0.05000000000000002359 ) ;
#2234 = ADVANCED_FACE ( 'NONE', ( #1500 ), #128, .F. ) ;
#2235 = COLOUR_RGB ( '',0.000000000000000000, 1.000000000000000000, 0.6549019607843137303 ) ;
#2236 = ORIENTED_EDGE ( 'NONE', *, *, #2790, .T. ) ;
#2237 = PLANE ( 'NONE',  #425 ) ;
#2238 = AXIS2_PLACEMENT_3D ( 'NONE', #716, #2709, #1597 ) ;
#2239 = LINE ( 'NONE', #1109, #2370 ) ;
#2240 = ORIENTED_EDGE ( 'NONE', *, *, #453, .T. ) ;
#2241 = CARTESIAN_POINT ( 'NONE',  ( -0.6976642911749999509, 0.01000000000000000021, 0.2999999999999999889 ) ) ;
#2242 = DIRECTION ( 'NONE',  ( 1.000000000000000000, 0.000000000000000000, 0.000000000000000000 ) ) ;
#2243 = EDGE_CURVE ( 'NONE', #2838, #2683, #1315, .T. ) ;
#2244 = CARTESIAN_POINT ( 'NONE',  ( -1.600000000000000089, 0.01000000000000000021, 0.5000000000000000000 ) ) ;
#2245 = VECTOR ( 'NONE', #153, 1000.000000000000000 ) ;
#2246 = ADVANCED_FACE ( 'NONE', ( #1996 ), #1718, .F. ) ;
#2247 = SURFACE_STYLE_USAGE ( .BOTH. , #239 ) ;
#2248 = VECTOR ( 'NONE', #1095, 1000.000000000000000 ) ;
#2249 = ORIENTED_EDGE ( 'NONE', *, *, #2689, .T. ) ;
#2250 = AXIS2_PLACEMENT_3D ( 'NONE', #196, #1412, #1785 ) ;
#2251 = PRESENTATION_STYLE_ASSIGNMENT (( #933 ) ) ;
#2252 = PRESENTATION_STYLE_ASSIGNMENT (( #1311 ) ) ;
#2253 = AXIS2_PLACEMENT_3D ( 'NONE', #1326, #356, #141 ) ;
#2254 = DIRECTION ( 'NONE',  ( -1.000000000000000000, 0.000000000000000000, 0.000000000000000000 ) ) ;
#2255 = DIRECTION ( 'NONE',  ( -2.371692252312000027E-16, -3.009265538104999640E-32, 1.000000000000000000 ) ) ;
#2256 = ORIENTED_EDGE ( 'NONE', *, *, #62, .F. ) ;
#2257 = FILL_AREA_STYLE ('',( #2916 ) ) ;
#2258 = ORIENTED_EDGE ( 'NONE', *, *, #1820, .F. ) ;
#2259 =( NAMED_UNIT ( * ) SI_UNIT ( $, .STERADIAN. ) SOLID_ANGLE_UNIT ( ) );
#2260 = PRESENTATION_LAYER_ASSIGNMENT (  '', '', ( #513 ) ) ;
#2261 = EDGE_CURVE ( 'NONE', #2286, #881, #2202, .T. ) ;
#2262 = DIRECTION ( 'NONE',  ( -1.224646799146999945E-16, 1.000000000000000000, 0.000000000000000000 ) ) ;
#2263 = CARTESIAN_POINT ( 'NONE',  ( -0.7449999999999999956, 0.2700000000000000178, -0.8000000000000000444 ) ) ;
#2264 = CIRCLE ( 'NONE', #1575, 0.2500000000000000000 ) ;
#2265 = FACE_OUTER_BOUND ( 'NONE', #562, .T. ) ;
#2266 = MECHANICAL_DESIGN_GEOMETRIC_PRESENTATION_REPRESENTATION (  '', ( #469 ), #2127 ) ;
#2267 = DIRECTION ( 'NONE',  ( 0.000000000000000000, 0.000000000000000000, 1.000000000000000000 ) ) ;
#2268 = ORIENTED_EDGE ( 'NONE', *, *, #470, .F. ) ;
#2269 = FILL_AREA_STYLE_COLOUR ( '', #139 ) ;
#2270 = MECHANICAL_DESIGN_GEOMETRIC_PRESENTATION_REPRESENTATION (  '', ( #1002 ), #2558 ) ;
#2271 = AXIS2_PLACEMENT_3D ( 'NONE', #2182, #2439, #2392 ) ;
#2272 = ORIENTED_EDGE ( 'NONE', *, *, #2317, .F. ) ;
#2273 = SURFACE_STYLE_USAGE ( .BOTH. , #1555 ) ;
#2274 = COLOUR_RGB ( '',1.000000000000000000, 1.000000000000000000, 1.000000000000000000 ) ;
#2275 = ADVANCED_FACE ( 'NONE', ( #1964 ), #1947, .F. ) ;
#2276 = DIRECTION ( 'NONE',  ( 0.000000000000000000, 1.000000000000000000, 0.000000000000000000 ) ) ;
#2277 =( LENGTH_UNIT ( ) NAMED_UNIT ( * ) SI_UNIT ( .MILLI., .METRE. ) );
#2278 = EDGE_CURVE ( 'NONE', #928, #1772, #2470, .T. ) ;
#2279 = DIRECTION ( 'NONE',  ( 0.000000000000000000, -1.000000000000000000, 0.000000000000000000 ) ) ;
#2280 = CARTESIAN_POINT ( 'NONE',  ( 1.600000000000000089, 0.01000000000000000021, 0.5000000000000000000 ) ) ;
#2281 = ORIENTED_EDGE ( 'NONE', *, *, #40, .F. ) ;
#2282 = EDGE_LOOP ( 'NONE', ( #1613, #586, #396, #1208, #182, #72 ) ) ;
#2283 = ORIENTED_EDGE ( 'NONE', *, *, #660, .F. ) ;
#2284 =( LENGTH_UNIT ( ) NAMED_UNIT ( * ) SI_UNIT ( .MILLI., .METRE. ) );
#2285 = ORIENTED_EDGE ( 'NONE', *, *, #1253, .T. ) ;
#2286 = VERTEX_POINT ( 'NONE', #2732 ) ;
#2287 = SURFACE_STYLE_FILL_AREA ( #1137 ) ;
#2288 = AXIS2_PLACEMENT_3D ( 'NONE', #2613, #2211, #825 ) ;
#2289 = PRESENTATION_LAYER_ASSIGNMENT (  '', '', ( #2724 ) ) ;
#2290 = SURFACE_STYLE_USAGE ( .BOTH. , #2071 ) ;
#2291 = CARTESIAN_POINT ( 'NONE',  ( 0.6274427372079999232, 1.100000000000000089, 0.8000000000000000444 ) ) ;
#2292 = LINE ( 'NONE', #1011, #957 ) ;
#2293 =( NAMED_UNIT ( * ) PLANE_ANGLE_UNIT ( ) SI_UNIT ( $, .RADIAN. ) );
#2294 = AXIS2_PLACEMENT_3D ( 'NONE', #1697, #2600, #1429 ) ;
#2295 = EDGE_CURVE ( 'NONE', #2005, #2556, #701, .T. ) ;
#2296 = CARTESIAN_POINT ( 'NONE',  ( -0.6274427372079999232, 1.050000000000000044, -0.8000000000000000444 ) ) ;
#2297 =( LENGTH_UNIT ( ) NAMED_UNIT ( * ) SI_UNIT ( .MILLI., .METRE. ) );
#2298 = FACE_OUTER_BOUND ( 'NONE', #1738, .T. ) ;
#2299 = ORIENTED_EDGE ( 'NONE', *, *, #1145, .T. ) ;
#2300 = ADVANCED_FACE ( 'NONE', ( #1612 ), #1345, .F. ) ;
#2301 = CARTESIAN_POINT ( 'NONE',  ( 0.6772524721120000146, 1.054357787137000013, 0.8000000000000000444 ) ) ;
#2302 = VERTEX_POINT ( 'NONE', #249 ) ;
#2303 = ORIENTED_EDGE ( 'NONE', *, *, #1939, .T. ) ;
#2304 = SURFACE_STYLE_USAGE ( .BOTH. , #1634 ) ;
#2305 = DIRECTION ( 'NONE',  ( -1.224646799146999945E-16, 1.000000000000000000, 0.000000000000000000 ) ) ;
#2306 = SURFACE_SIDE_STYLE ('',( #1680 ) ) ;
#2307 = AXIS2_PLACEMENT_3D ( 'NONE', #1908, #2481, #415 ) ;
#2308 = CARTESIAN_POINT ( 'NONE',  ( -0.2000000000000000111, 0.01000000000000000021, -0.2999999999999999889 ) ) ;
#2309 = LINE ( 'NONE', #1651, #1797 ) ;
#2310 = FACE_OUTER_BOUND ( 'NONE', #2608, .T. ) ;
#2311 = VECTOR ( 'NONE', #110, 1000.000000000000000 ) ;
#2312 = COLOUR_RGB ( '',1.000000000000000000, 1.000000000000000000, 1.000000000000000000 ) ;
#2313 = VERTEX_POINT ( 'NONE', #2027 ) ;
#2314 = EDGE_CURVE ( 'NONE', #1447, #2129, #2926, .T. ) ;
#2315 = SURFACE_SIDE_STYLE ('',( #2358 ) ) ;
#2316 = PRESENTATION_STYLE_ASSIGNMENT (( #508 ) ) ;
#2317 = EDGE_CURVE ( 'NONE', #95, #1885, #1164, .T. ) ;
#2318 = EDGE_LOOP ( 'NONE', ( #1213, #1836, #703, #940 ) ) ;
#2319 = ORIENTED_EDGE ( 'NONE', *, *, #470, .T. ) ;
#2320 = DIRECTION ( 'NONE',  ( 0.000000000000000000, 0.000000000000000000, -1.000000000000000000 ) ) ;
#2321 = CIRCLE ( 'NONE', #956, 0.2600000000000000089 ) ;
#2322 = AXIS2_PLACEMENT_3D ( 'NONE', #643, #597, #1748 ) ;
#2323 = LINE ( 'NONE', #1693, #206 ) ;
#2324 = CARTESIAN_POINT ( 'NONE',  ( -0.6274427372079999232, 1.050000000000000044, 0.8000000000000000444 ) ) ;
#2325 = VECTOR ( 'NONE', #2438, 1000.000000000000000 ) ;
#2326 = LINE ( 'NONE', #2308, #1166 ) ;
#2327 = DIRECTION ( 'NONE',  ( -1.224646799146999945E-16, 1.000000000000000000, 0.000000000000000000 ) ) ;
#2328 = ORIENTED_EDGE ( 'NONE', *, *, #2921, .T. ) ;
#2329 = PRESENTATION_STYLE_ASSIGNMENT (( #524 ) ) ;
#2330 = CARTESIAN_POINT ( 'NONE',  ( -1.600000000000000089, -1.118033988750000152, -0.2500000000000000000 ) ) ;
#2331 = EDGE_LOOP ( 'NONE', ( #2842, #2694, #2706, #1852, #2319, #1091 ) ) ;
#2332 = ORIENTED_EDGE ( 'NONE', *, *, #2489, .T. ) ;
#2333 = CARTESIAN_POINT ( 'NONE',  ( 1.600000000000000089, 0.2700000000000000178, -0.8000000000000000444 ) ) ;
#2334 = EDGE_CURVE ( 'NONE', #2435, #905, #20, .T. ) ;
#2335 = ORIENTED_EDGE ( 'NONE', *, *, #1456, .F. ) ;
#2336 = DIRECTION ( 'NONE',  ( 1.000000000000000000, 1.224646799146999945E-16, 0.000000000000000000 ) ) ;
#2337 = COLOUR_RGB ( '',0.000000000000000000, 1.000000000000000000, 0.6549019607843137303 ) ;
#2338 = DIRECTION ( 'NONE',  ( -1.000000000000000000, 0.000000000000000000, 0.000000000000000000 ) ) ;
#2339 = CARTESIAN_POINT ( 'NONE',  ( -1.600000000000000089, -4.336808689941999987E-16, 0.2599999999999999534 ) ) ;
#2340 = DIRECTION ( 'NONE',  ( 0.000000000000000000, 0.000000000000000000, -1.000000000000000000 ) ) ;
#2341 = CARTESIAN_POINT ( 'NONE',  ( -1.600000000000000089, 0.2700000000000000178, 0.000000000000000000 ) ) ;
#2342 = ORIENTED_EDGE ( 'NONE', *, *, #2101, .F. ) ;
#2343 =( NAMED_UNIT ( * ) SI_UNIT ( $, .STERADIAN. ) SOLID_ANGLE_UNIT ( ) );
#2344 = DIRECTION ( 'NONE',  ( 0.000000000000000000, 0.000000000000000000, -1.000000000000000000 ) ) ;
#2345 =( GEOMETRIC_REPRESENTATION_CONTEXT ( 3 ) GLOBAL_UNCERTAINTY_ASSIGNED_CONTEXT ( ( #1280 ) ) GLOBAL_UNIT_ASSIGNED_CONTEXT ( ( #261, #2522, #1395 ) ) REPRESENTATION_CONTEXT ( 'NONE', 'WORKASPACE' ) );
#2346 = EDGE_LOOP ( 'NONE', ( #1406, #1357, #369, #2473 ) ) ;
#2347 = ORIENTED_EDGE ( 'NONE', *, *, #1822, .F. ) ;
#2348 = PRESENTATION_STYLE_ASSIGNMENT (( #2304 ) ) ;
#2349 = LINE ( 'NONE', #2145, #1670 ) ;
#2350 = ORIENTED_EDGE ( 'NONE', *, *, #2875, .T. ) ;
#2351 = PRESENTATION_STYLE_ASSIGNMENT (( #2290 ) ) ;
#2352 = FILL_AREA_STYLE ('',( #1459 ) ) ;
#2353 = ADVANCED_FACE ( 'NONE', ( #2939 ), #2745, .F. ) ;
#2354 = CARTESIAN_POINT ( 'NONE',  ( -1.100000000000000089, 0.01000000000000000021, 0.5000000000000000000 ) ) ;
#2355 = ADVANCED_FACE ( 'NONE', ( #2497 ), #1628, .F. ) ;
#2356 =( NAMED_UNIT ( * ) PLANE_ANGLE_UNIT ( ) SI_UNIT ( $, .RADIAN. ) );
#2357 = CARTESIAN_POINT ( 'NONE',  ( 0.2000000000000000111, 2.449293598295000203E-17, -0.8000000000000000444 ) ) ;
#2358 = SURFACE_STYLE_FILL_AREA ( #1630 ) ;
#2359 = DIRECTION ( 'NONE',  ( -1.224646799146999945E-16, 1.000000000000000000, 0.000000000000000000 ) ) ;
#2360 = PRESENTATION_LAYER_ASSIGNMENT (  '', '', ( #2697 ) ) ;
#2361 = ORIENTED_EDGE ( 'NONE', *, *, #1271, .F. ) ;
#2362 = DIRECTION ( 'NONE',  ( -1.224646799146999945E-16, 1.000000000000000000, 0.000000000000000000 ) ) ;
#2363 = CARTESIAN_POINT ( 'NONE',  ( -0.6976642911749999509, -8.543923410667000216E-17, 0.2999999999999999889 ) ) ;
#2364 = LINE ( 'NONE', #711, #823 ) ;
#2365 = VERTEX_POINT ( 'NONE', #1590 ) ;
#2366 = CARTESIAN_POINT ( 'NONE',  ( 1.600000000000000089, 0.2700000000000000178, -0.2500000000000000000 ) ) ;
#2367 = CARTESIAN_POINT ( 'NONE',  ( -1.600000000000000089, 0.01000000000000000021, 0.2599999999999999534 ) ) ;
#2368 = FACE_OUTER_BOUND ( 'NONE', #2532, .T. ) ;
#2369 = VECTOR ( 'NONE', #836, 1000.000000000000000 ) ;
#2370 = VECTOR ( 'NONE', #1057, 1000.000000000000000 ) ;
#2371 = EDGE_CURVE ( 'NONE', #1388, #444, #2040, .T. ) ;
#2372 = VECTOR ( 'NONE', #173, 1000.000000000000000 ) ;
#2373 = ORIENTED_EDGE ( 'NONE', *, *, #610, .F. ) ;
#2374 = FILL_AREA_STYLE_COLOUR ( '', #2484 ) ;
#2375 = SURFACE_STYLE_USAGE ( .BOTH. , #2664 ) ;
#2376 =( GEOMETRIC_REPRESENTATION_CONTEXT ( 3 ) GLOBAL_UNCERTAINTY_ASSIGNED_CONTEXT ( ( #29 ) ) GLOBAL_UNIT_ASSIGNED_CONTEXT ( ( #2284, #1169, #1809 ) ) REPRESENTATION_CONTEXT ( 'NONE', 'WORKASPACE' ) );
#2377 = LINE ( 'NONE', #341, #1113 ) ;
#2378 = SURFACE_SIDE_STYLE ('',( #344 ) ) ;
#2379 = CARTESIAN_POINT ( 'NONE',  ( 1.600000000000000089, -0.5813776741500000789, 0.000000000000000000 ) ) ;
#2380 = UNCERTAINTY_MEASURE_WITH_UNIT (LENGTH_MEASURE( 1.000000000000000082E-05 ), #2008, 'distance_accuracy_value', 'NONE');
#2381 = ORIENTED_EDGE ( 'NONE', *, *, #247, .T. ) ;
#2382 = ORIENTED_EDGE ( 'NONE', *, *, #1105, .F. ) ;
#2383 = CARTESIAN_POINT ( 'NONE',  ( -1.100000000000000089, 0.01000000000000000021, -0.5000000000000000000 ) ) ;
#2384 = DIRECTION ( 'NONE',  ( -1.000000000000000000, 0.000000000000000000, 0.000000000000000000 ) ) ;
#2385 = ORIENTED_EDGE ( 'NONE', *, *, #589, .T. ) ;
#2386 = PLANE ( 'NONE',  #543 ) ;
#2387 = STYLED_ITEM ( 'NONE', ( #2678 ), #656 ) ;
#2388 = DIRECTION ( 'NONE',  ( 0.000000000000000000, -1.000000000000000000, 0.000000000000000000 ) ) ;
#2389 = EDGE_LOOP ( 'NONE', ( #753, #2157, #1433, #1740, #615, #2746 ) ) ;
#2390 =( NAMED_UNIT ( * ) PLANE_ANGLE_UNIT ( ) SI_UNIT ( $, .RADIAN. ) );
#2391 = CARTESIAN_POINT ( 'NONE',  ( 1.600000000000000089, 0.01000000000000000021, 0.5000000000000000000 ) ) ;
#2392 = DIRECTION ( 'NONE',  ( -1.000000000000000000, 0.000000000000000000, 0.000000000000000000 ) ) ;
#2393 = EDGE_CURVE ( 'NONE', #733, #2738, #1356, .T. ) ;
#2394 = VECTOR ( 'NONE', #292, 1000.000000000000000 ) ;
#2395 =( LENGTH_UNIT ( ) NAMED_UNIT ( * ) SI_UNIT ( .MILLI., .METRE. ) );
#2396 = EDGE_CURVE ( 'NONE', #1294, #1225, #35, .T. ) ;
#2397 = EDGE_CURVE ( 'NONE', #2918, #481, #1911, .T. ) ;
#2398 = ORIENTED_EDGE ( 'NONE', *, *, #2845, .F. ) ;
#2399 = DIRECTION ( 'NONE',  ( 1.224646799146999945E-16, -1.000000000000000000, 0.000000000000000000 ) ) ;
#2400 = FILL_AREA_STYLE ('',( #1073 ) ) ;
#2401 = VECTOR ( 'NONE', #2679, 1000.000000000000000 ) ;
#2402 = EDGE_LOOP ( 'NONE', ( #722, #1512, #2283, #737 ) ) ;
#2403 = PLANE ( 'NONE',  #646 ) ;
#2404 = SURFACE_STYLE_USAGE ( .BOTH. , #1509 ) ;
#2405 = DIRECTION ( 'NONE',  ( 0.000000000000000000, 1.000000000000000000, 0.000000000000000000 ) ) ;
#2406 = SURFACE_STYLE_FILL_AREA ( #2227 ) ;
#2407 = SURFACE_STYLE_USAGE ( .BOTH. , #2833 ) ;
#2408 = CARTESIAN_POINT ( 'NONE',  ( 1.600000000000000089, 0.2700000000000000178, -0.8000000000000000444 ) ) ;
#2409 = PRESENTATION_STYLE_ASSIGNMENT (( #1499 ) ) ;
#2410 = UNCERTAINTY_MEASURE_WITH_UNIT (LENGTH_MEASURE( 1.000000000000000082E-05 ), #149, 'distance_accuracy_value', 'NONE');
#2411 = EDGE_CURVE ( 'NONE', #1881, #325, #2760, .T. ) ;
#2412 = VECTOR ( 'NONE', #1843, 1000.000000000000000 ) ;
#2413 = ORIENTED_EDGE ( 'NONE', *, *, #2755, .T. ) ;
#2414 = CARTESIAN_POINT ( 'NONE',  ( -1.600000000000000089, -4.336808689941999987E-16, -0.8000000000000000444 ) ) ;
#2415 = DIRECTION ( 'NONE',  ( -0.08715574274763789042, -0.9961946980917472105, 0.000000000000000000 ) ) ;
#2416 = EDGE_CURVE ( 'NONE', #2751, #134, #2321, .T. ) ;
#2417 = ORIENTED_EDGE ( 'NONE', *, *, #2243, .F. ) ;
#2418 = DIRECTION ( 'NONE',  ( 1.000000000000000000, 0.000000000000000000, -1.089290704307999941E-16 ) ) ;
#2419 = CARTESIAN_POINT ( 'NONE',  ( -0.6976642911749999509, -1.834611997030999975, -0.2999999999999999889 ) ) ;
#2420 = DIRECTION ( 'NONE',  ( 0.000000000000000000, -1.000000000000000000, -1.047802127484999846E-33 ) ) ;
#2421 = DIRECTION ( 'NONE',  ( -1.000000000000000000, -1.224646799146999945E-16, 0.000000000000000000 ) ) ;
#2422 = AXIS2_PLACEMENT_3D ( 'NONE', #2100, #1227, #2130 ) ;
#2423 = DIRECTION ( 'NONE',  ( -1.224646799146999945E-16, 1.000000000000000000, 0.000000000000000000 ) ) ;
#2424 = VECTOR ( 'NONE', #575, 1000.000000000000000 ) ;
#2425 = VECTOR ( 'NONE', #1005, 1000.000000000000000 ) ;
#2426 = DIRECTION ( 'NONE',  ( 1.000000000000000000, 0.000000000000000000, 1.089290704307999941E-16 ) ) ;
#2427 = PRESENTATION_LAYER_ASSIGNMENT (  '', '', ( #2670 ) ) ;
#2428 = ORIENTED_EDGE ( 'NONE', *, *, #2702, .F. ) ;
#2429 = CARTESIAN_POINT ( 'NONE',  ( 1.600000000000000089, -1.118033988750000152, 0.5000000000000000000 ) ) ;
#2430 = DIRECTION ( 'NONE',  ( 1.000000000000000000, 1.237971230602438976E-16, 0.000000000000000000 ) ) ;
#2431 =( NAMED_UNIT ( * ) PLANE_ANGLE_UNIT ( ) SI_UNIT ( $, .RADIAN. ) );
#2432 = VERTEX_POINT ( 'NONE', #2357 ) ;
#2433 = LINE ( 'NONE', #1305, #2248 ) ;
#2434 = DIRECTION ( 'NONE',  ( 1.224646799146999945E-16, -1.000000000000000000, 0.000000000000000000 ) ) ;
#2435 = VERTEX_POINT ( 'NONE', #732 ) ;
#2436 = ADVANCED_FACE ( 'NONE', ( #2310 ), #82, .F. ) ;
#2437 = CARTESIAN_POINT ( 'NONE',  ( -1.600000000000000089, -4.336808689941999987E-16, -0.5000000000000000000 ) ) ;
#2438 = DIRECTION ( 'NONE',  ( 0.000000000000000000, 0.000000000000000000, 1.000000000000000000 ) ) ;
#2439 = DIRECTION ( 'NONE',  ( 0.000000000000000000, 0.000000000000000000, -1.000000000000000000 ) ) ;
#2440 = VECTOR ( 'NONE', #293, 1000.000000000000000 ) ;
#2441 = AXIS2_PLACEMENT_3D ( 'NONE', #2579, #2336, #2305 ) ;
#2442 = UNCERTAINTY_MEASURE_WITH_UNIT (LENGTH_MEASURE( 1.000000000000000082E-05 ), #645, 'distance_accuracy_value', 'NONE');
#2443 = PRESENTATION_LAYER_ASSIGNMENT (  '', '', ( #889 ) ) ;
#2444 = VERTEX_POINT ( 'NONE', #799 ) ;
#2445 = LINE ( 'NONE', #365, #237 ) ;
#2446 = STYLED_ITEM ( 'NONE', ( #2823 ), #80 ) ;
#2447 = EDGE_LOOP ( 'NONE', ( #2165, #1549, #2268, #1135, #818, #315, #2350, #2543 ) ) ;
#2448 = DIRECTION ( 'NONE',  ( 1.000000000000000000, 0.000000000000000000, 0.000000000000000000 ) ) ;
#2449 = EDGE_CURVE ( 'NONE', #1602, #545, #66, .T. ) ;
#2450 = MECHANICAL_DESIGN_GEOMETRIC_PRESENTATION_REPRESENTATION (  '', ( #932 ), #1204 ) ;
#2451 = PLANE ( 'NONE',  #2025 ) ;
#2452 = LINE ( 'NONE', #1368, #2325 ) ;
#2453 = CARTESIAN_POINT ( 'NONE',  ( -1.600000000000000089, 0.01000000000000000021, 0.5000000000000000000 ) ) ;
#2454 = ADVANCED_FACE ( 'NONE', ( #955 ), #1463, .F. ) ;
#2455 = APPLICATION_CONTEXT ( 'automotive_design' ) ;
#2456 = SURFACE_STYLE_USAGE ( .BOTH. , #1743 ) ;
#2457 = DIRECTION ( 'NONE',  ( -1.224646799146999945E-16, 1.000000000000000000, 0.000000000000000000 ) ) ;
#2458 = ORIENTED_EDGE ( 'NONE', *, *, #2467, .F. ) ;
#2459 =( NAMED_UNIT ( * ) PLANE_ANGLE_UNIT ( ) SI_UNIT ( $, .RADIAN. ) );
#2460 = CARTESIAN_POINT ( 'NONE',  ( -1.100000000000000089, 0.01000000000000000021, -0.5000000000000000000 ) ) ;
#2461 = VERTEX_POINT ( 'NONE', #311 ) ;
#2462 = DIRECTION ( 'NONE',  ( 0.000000000000000000, -2.812462069837999705E-32, -1.000000000000000000 ) ) ;
#2463 = VECTOR ( 'NONE', #18, 1000.000000000000000 ) ;
#2464 = CARTESIAN_POINT ( 'NONE',  ( -1.600000000000000089, 0.2700000000000000178, 0.2500000000000000000 ) ) ;
#2465 = DIRECTION ( 'NONE',  ( -1.224646799146999945E-16, 1.000000000000000000, 1.047802127484999846E-33 ) ) ;
#2466 = CARTESIAN_POINT ( 'NONE',  ( -1.600000000000000089, 0.2700000000000000178, 0.000000000000000000 ) ) ;
#2467 = EDGE_CURVE ( 'NONE', #95, #1799, #2539, .T. ) ;
#2468 = ORIENTED_EDGE ( 'NONE', *, *, #1960, .F. ) ;
#2469 = CARTESIAN_POINT ( 'NONE',  ( 0.7449999999999999956, 0.2700000000000000178, -0.8000000000000000444 ) ) ;
#2470 = LINE ( 'NONE', #2693, #2896 ) ;
#2471 = PRESENTATION_LAYER_ASSIGNMENT (  '', '', ( #1377 ) ) ;
#2472 = VECTOR ( 'NONE', #314, 1000.000000000000000 ) ;
#2473 = ORIENTED_EDGE ( 'NONE', *, *, #2217, .T. ) ;
#2474 = VECTOR ( 'NONE', #1234, 1000.000000000000000 ) ;
#2475 = PLANE ( 'NONE',  #1946 ) ;
#2476 = AXIS2_PLACEMENT_3D ( 'NONE', #2825, #1607, #934 ) ;
#2477 = UNCERTAINTY_MEASURE_WITH_UNIT (LENGTH_MEASURE( 1.000000000000000082E-05 ), #1927, 'distance_accuracy_value', 'NONE');
#2478 = VERTEX_POINT ( 'NONE', #1177 ) ;
#2479 = DIRECTION ( 'NONE',  ( -2.168404344971000240E-16, 0.000000000000000000, -1.000000000000000000 ) ) ;
#2480 = PLANE ( 'NONE',  #2422 ) ;
#2481 = DIRECTION ( 'NONE',  ( 1.089290704307999941E-16, 1.438776587119999941E-32, -1.000000000000000000 ) ) ;
#2482 = SURFACE_STYLE_USAGE ( .BOTH. , #2703 ) ;
#2483 = CARTESIAN_POINT ( 'NONE',  ( -0.2000000000000000111, -1.834611997030999975, -0.2999999999999999889 ) ) ;
#2484 = COLOUR_RGB ( '',1.000000000000000000, 1.000000000000000000, 1.000000000000000000 ) ;
#2485 = EDGE_LOOP ( 'NONE', ( #2385, #1554, #1957, #871 ) ) ;
#2486 = EDGE_CURVE ( 'NONE', #1526, #2028, #1864, .T. ) ;
#2487 = CARTESIAN_POINT ( 'NONE',  ( -1.600000000000000089, -0.5813776741500000789, 0.2500000000000000000 ) ) ;
#2488 = DIRECTION ( 'NONE',  ( 1.224646799146999945E-16, -1.000000000000000000, 0.000000000000000000 ) ) ;
#2489 = EDGE_CURVE ( 'NONE', #2115, #1824, #781, .T. ) ;
#2490 = STYLED_ITEM ( 'NONE', ( #2904 ), #1329 ) ;
#2491 = ORIENTED_EDGE ( 'NONE', *, *, #2416, .T. ) ;
#2492 = FILL_AREA_STYLE_COLOUR ( '', #2337 ) ;
#2493 = PLANE ( 'NONE',  #1188 ) ;
#2494 = VECTOR ( 'NONE', #148, 1000.000000000000000 ) ;
#2495 = CARTESIAN_POINT ( 'NONE',  ( -0.6976642911749999509, -8.543923410667000216E-17, -0.2999999999999999889 ) ) ;
#2496 = VECTOR ( 'NONE', #2421, 1000.000000000000000 ) ;
#2497 = FACE_OUTER_BOUND ( 'NONE', #2858, .T. ) ;
#2498 = ORIENTED_EDGE ( 'NONE', *, *, #305, .T. ) ;
#2499 = SURFACE_SIDE_STYLE ('',( #1601 ) ) ;
#2500 = VERTEX_POINT ( 'NONE', #1880 ) ;
#2501 =( NAMED_UNIT ( * ) PLANE_ANGLE_UNIT ( ) SI_UNIT ( $, .RADIAN. ) );
#2502 = EDGE_CURVE ( 'NONE', #1824, #74, #1652, .T. ) ;
#2503 = FILL_AREA_STYLE_COLOUR ( '', #593 ) ;
#2504 =( GEOMETRIC_REPRESENTATION_CONTEXT ( 3 ) GLOBAL_UNCERTAINTY_ASSIGNED_CONTEXT ( ( #668 ) ) GLOBAL_UNIT_ASSIGNED_CONTEXT ( ( #2106, #518, #554 ) ) REPRESENTATION_CONTEXT ( 'NONE', 'WORKASPACE' ) );
#2505 =( NAMED_UNIT ( * ) PLANE_ANGLE_UNIT ( ) SI_UNIT ( $, .RADIAN. ) );
#2506 = DIRECTION ( 'NONE',  ( 1.000000000000000000, 0.000000000000000000, 0.000000000000000000 ) ) ;
#2507 = DIRECTION ( 'NONE',  ( 0.000000000000000000, 0.000000000000000000, 1.000000000000000000 ) ) ;
#2508 = AXIS2_PLACEMENT_3D ( 'NONE', #1976, #860, #592 ) ;
#2509 = DIRECTION ( 'NONE',  ( -1.224646799146999945E-16, 1.000000000000000000, 1.047802127484999846E-33 ) ) ;
#2510 = SURFACE_SIDE_STYLE ('',( #2052 ) ) ;
#2511 = DIRECTION ( 'NONE',  ( 0.000000000000000000, 0.000000000000000000, -1.000000000000000000 ) ) ;
#2512 = ORIENTED_EDGE ( 'NONE', *, *, #1138, .F. ) ;
#2513 = ORIENTED_EDGE ( 'NONE', *, *, #62, .T. ) ;
#2514 = CARTESIAN_POINT ( 'NONE',  ( -0.2000000000000000111, 0.01000000000000000021, -0.8000000000000000444 ) ) ;
#2515 = VECTOR ( 'NONE', #1117, 1000.000000000000000 ) ;
#2516 = ORIENTED_EDGE ( 'NONE', *, *, #1711, .F. ) ;
#2517 = ORIENTED_EDGE ( 'NONE', *, *, #1062, .T. ) ;
#2518 = VECTOR ( 'NONE', #1883, 1000.000000000000000 ) ;
#2519 = SURFACE_SIDE_STYLE ('',( #919 ) ) ;
#2520 = ADVANCED_FACE ( 'NONE', ( #2298 ), #2526, .F. ) ;
#2521 =( GEOMETRIC_REPRESENTATION_CONTEXT ( 3 ) GLOBAL_UNCERTAINTY_ASSIGNED_CONTEXT ( ( #509 ) ) GLOBAL_UNIT_ASSIGNED_CONTEXT ( ( #2652, #2185, #1104 ) ) REPRESENTATION_CONTEXT ( 'NONE', 'WORKASPACE' ) );
#2522 =( NAMED_UNIT ( * ) PLANE_ANGLE_UNIT ( ) SI_UNIT ( $, .RADIAN. ) );
#2523 = CARTESIAN_POINT ( 'NONE',  ( -1.600000000000000089, -4.336808689941999987E-16, 0.8000000000000000444 ) ) ;
#2524 = CARTESIAN_POINT ( 'NONE',  ( 1.600000000000000089, 0.2799999999999999711, -0.2500000000000000000 ) ) ;
#2525 = EDGE_CURVE ( 'NONE', #1647, #2286, #2585, .T. ) ;
#2526 = PLANE ( 'NONE',  #1535 ) ;
#2527 = EDGE_LOOP ( 'NONE', ( #1901, #2826, #2249, #464, #2512, #22, #1239, #68, #1886, #2053, #269, #708, #1141, #1755, #43, #1707 ) ) ;
#2528 = VERTEX_POINT ( 'NONE', #2552 ) ;
#2529 = PRESENTATION_STYLE_ASSIGNMENT (( #2097 ) ) ;
#2530 = CARTESIAN_POINT ( 'NONE',  ( 1.600000000000000089, 0.01000000000000000021, 0.5000000000000000000 ) ) ;
#2531 = ORIENTED_EDGE ( 'NONE', *, *, #442, .F. ) ;
#2532 = EDGE_LOOP ( 'NONE', ( #1199, #1318, #1810, #2188 ) ) ;
#2533 = CARTESIAN_POINT ( 'NONE',  ( -0.6274427372079999232, 1.100000000000000089, 0.8000000000000000444 ) ) ;
#2534 = CARTESIAN_POINT ( 'NONE',  ( -1.100000000000000089, -4.336808689941999987E-16, -0.5000000000000000000 ) ) ;
#2535 = CARTESIAN_POINT ( 'NONE',  ( -0.2000000000000000111, 0.01000000000000000021, -0.2999999999999999889 ) ) ;
#2536 = EDGE_CURVE ( 'NONE', #2838, #2116, #2138, .T. ) ;
#2537 = EDGE_CURVE ( 'NONE', #1671, #2365, #41, .T. ) ;
#2538 = DIRECTION ( 'NONE',  ( -0.08715574274763789042, 0.9961946980917472105, 0.000000000000000000 ) ) ;
#2539 = LINE ( 'NONE', #521, #385 ) ;
#2540 = ORIENTED_EDGE ( 'NONE', *, *, #2371, .F. ) ;
#2541 =( NAMED_UNIT ( * ) SI_UNIT ( $, .STERADIAN. ) SOLID_ANGLE_UNIT ( ) );
#2542 = SURFACE_SIDE_STYLE ('',( #1644 ) ) ;
#2543 = ORIENTED_EDGE ( 'NONE', *, *, #2594, .F. ) ;
#2544 = ORIENTED_EDGE ( 'NONE', *, *, #2140, .T. ) ;
#2545 = CARTESIAN_POINT ( 'NONE',  ( 0.2000000000000000111, -1.834611997030999975, 0.8000000000000000444 ) ) ;
#2546 = DIRECTION ( 'NONE',  ( 1.000000000000000000, 1.224646799146999945E-16, 0.000000000000000000 ) ) ;
#2547 = LINE ( 'NONE', #1428, #2440 ) ;
#2548 =( NAMED_UNIT ( * ) SI_UNIT ( $, .STERADIAN. ) SOLID_ANGLE_UNIT ( ) );
#2549 = COLOUR_RGB ( '',1.000000000000000000, 1.000000000000000000, 1.000000000000000000 ) ;
#2550 = LINE ( 'NONE', #1650, #1028 ) ;
#2551 = DIRECTION ( 'NONE',  ( 1.000000000000000000, 1.224646799146999945E-16, 1.089290704307999941E-16 ) ) ;
#2552 = CARTESIAN_POINT ( 'NONE',  ( -1.100000000000000089, -1.347111479062000249E-16, 0.5000000000000000000 ) ) ;
#2553 = ORIENTED_EDGE ( 'NONE', *, *, #214, .T. ) ;
#2554 = EDGE_CURVE ( 'NONE', #1602, #1071, #537, .T. ) ;
#2555 = FACE_OUTER_BOUND ( 'NONE', #853, .T. ) ;
#2556 = VERTEX_POINT ( 'NONE', #1402 ) ;
#2557 = ORIENTED_EDGE ( 'NONE', *, *, #1744, .T. ) ;
#2558 =( GEOMETRIC_REPRESENTATION_CONTEXT ( 3 ) GLOBAL_UNCERTAINTY_ASSIGNED_CONTEXT ( ( #1965 ) ) GLOBAL_UNIT_ASSIGNED_CONTEXT ( ( #2726, #896, #697 ) ) REPRESENTATION_CONTEXT ( 'NONE', 'WORKASPACE' ) );
#2559 = LINE ( 'NONE', #55, #2043 ) ;
#2560 = AXIS2_PLACEMENT_3D ( 'NONE', #2341, #327, #2569 ) ;
#2561 = ORIENTED_EDGE ( 'NONE', *, *, #966, .F. ) ;
#2562 = CARTESIAN_POINT ( 'NONE',  ( 1.600000000000000089, -4.179389326704999716E-17, -0.8000000000000000444 ) ) ;
#2563 = CARTESIAN_POINT ( 'NONE',  ( 0.2000000000000000111, 0.01000000000000000021, -0.8000000000000000444 ) ) ;
#2564 = PRESENTATION_LAYER_ASSIGNMENT (  '', '', ( #1 ) ) ;
#2565 = CARTESIAN_POINT ( 'NONE',  ( -1.600000000000000089, 0.01000000000000000021, 0.5000000000000000000 ) ) ;
#2566 = VECTOR ( 'NONE', #1116, 1000.000000000000000 ) ;
#2567 = DIRECTION ( 'NONE',  ( 0.000000000000000000, -1.000000000000000000, 0.000000000000000000 ) ) ;
#2568 = DIRECTION ( 'NONE',  ( 0.000000000000000000, 0.000000000000000000, 1.000000000000000000 ) ) ;
#2569 = DIRECTION ( 'NONE',  ( 0.000000000000000000, 0.000000000000000000, 1.000000000000000000 ) ) ;
#2570 = ORIENTED_EDGE ( 'NONE', *, *, #626, .T. ) ;
#2571 = CARTESIAN_POINT ( 'NONE',  ( -1.600000000000000089, -1.959434878636000163E-16, -0.5000000000000000000 ) ) ;
#2572 = ORIENTED_EDGE ( 'NONE', *, *, #101, .F. ) ;
#2573 = EDGE_LOOP ( 'NONE', ( #366, #2347, #376, #884 ) ) ;
#2574 = FACE_OUTER_BOUND ( 'NONE', #2583, .T. ) ;
#2575 = LINE ( 'NONE', #16, #2092 ) ;
#2576 = EDGE_CURVE ( 'NONE', #1290, #1735, #2076, .T. ) ;
#2577 = PRESENTATION_LAYER_ASSIGNMENT (  '', '', ( #2387 ) ) ;
#2578 = ORIENTED_EDGE ( 'NONE', *, *, #2317, .T. ) ;
#2579 = CARTESIAN_POINT ( 'NONE',  ( -1.100000000000000089, 0.01000000000000000021, 0.5000000000000000000 ) ) ;
#2580 = VECTOR ( 'NONE', #2684, 1000.000000000000000 ) ;
#2581 = CARTESIAN_POINT ( 'NONE',  ( -1.600000000000000089, -0.5813776741500000789, -0.2500000000000000000 ) ) ;
#2582 = SURFACE_STYLE_FILL_AREA ( #728 ) ;
#2583 = EDGE_LOOP ( 'NONE', ( #1346, #1003, #2045, #1905 ) ) ;
#2584 = LINE ( 'NONE', #2759, #2930 ) ;
#2585 = LINE ( 'NONE', #2095, #1146 ) ;
#2586 = VECTOR ( 'NONE', #624, 1000.000000000000000 ) ;
#2587 = SURFACE_STYLE_FILL_AREA ( #1418 ) ;
#2588 = DIRECTION ( 'NONE',  ( 1.000000000000000000, 1.224646799146999945E-16, 0.000000000000000000 ) ) ;
#2589 = PRESENTATION_LAYER_ASSIGNMENT (  '', '', ( #263 ) ) ;
#2590 = VERTEX_POINT ( 'NONE', #2834 ) ;
#2591 =( LENGTH_UNIT ( ) NAMED_UNIT ( * ) SI_UNIT ( .MILLI., .METRE. ) );
#2592 = CARTESIAN_POINT ( 'NONE',  ( 1.600000000000000089, 0.2799999999999999711, -0.8000000000000000444 ) ) ;
#2593 = FILL_AREA_STYLE_COLOUR ( '', #530 ) ;
#2594 = EDGE_CURVE ( 'NONE', #1881, #2435, #816, .T. ) ;
#2595 = EDGE_LOOP ( 'NONE', ( #2458, #2299, #2903, #1437, #2561, #1688 ) ) ;
#2596 =( NAMED_UNIT ( * ) PLANE_ANGLE_UNIT ( ) SI_UNIT ( $, .RADIAN. ) );
#2597 = PLANE ( 'NONE',  #782 ) ;
#2598 = PLANE ( 'NONE',  #903 ) ;
#2599 = ORIENTED_EDGE ( 'NONE', *, *, #2846, .T. ) ;
#2600 = DIRECTION ( 'NONE',  ( 1.000000000000000000, 0.000000000000000000, 0.000000000000000000 ) ) ;
#2601 = CARTESIAN_POINT ( 'NONE',  ( 1.600000000000000089, 0.2799999999999999711, -0.2500000000000000000 ) ) ;
#2602 = CARTESIAN_POINT ( 'NONE',  ( 1.100000000000000089, 0.000000000000000000, 0.5000000000000000000 ) ) ;
#2603 = AXIS2_PLACEMENT_3D ( 'NONE', #2742, #2801, #744 ) ;
#2604 = VECTOR ( 'NONE', #2743, 1000.000000000000000 ) ;
#2605 = LINE ( 'NONE', #1980, #2078 ) ;
#2606 = CARTESIAN_POINT ( 'NONE',  ( 1.100000000000000089, 0.01000000000000000021, 0.5000000000000000000 ) ) ;
#2607 =( GEOMETRIC_REPRESENTATION_CONTEXT ( 3 ) GLOBAL_UNCERTAINTY_ASSIGNED_CONTEXT ( ( #2878 ) ) GLOBAL_UNIT_ASSIGNED_CONTEXT ( ( #1577, #234, #2731 ) ) REPRESENTATION_CONTEXT ( 'NONE', 'WORKASPACE' ) );
#2608 = EDGE_LOOP ( 'NONE', ( #2662, #227, #1094, #653 ) ) ;
#2609 =( NAMED_UNIT ( * ) SI_UNIT ( $, .STERADIAN. ) SOLID_ANGLE_UNIT ( ) );
#2610 = DIRECTION ( 'NONE',  ( -1.000000000000000000, 0.000000000000000000, 0.000000000000000000 ) ) ;
#2611 = DIRECTION ( 'NONE',  ( 0.000000000000000000, 0.000000000000000000, -1.000000000000000000 ) ) ;
#2612 = ORIENTED_EDGE ( 'NONE', *, *, #983, .F. ) ;
#2613 = CARTESIAN_POINT ( 'NONE',  ( -1.600000000000000089, 0.2700000000000000178, 0.000000000000000000 ) ) ;
#2614 = EDGE_CURVE ( 'NONE', #2030, #1544, #1265, .T. ) ;
#2615 = SURFACE_STYLE_FILL_AREA ( #826 ) ;
#2616 = VECTOR ( 'NONE', #2672, 1000.000000000000000 ) ;
#2617 = CIRCLE ( 'NONE', #771, 0.05000000000000002359 ) ;
#2618 = ORIENTED_EDGE ( 'NONE', *, *, #305, .F. ) ;
#2619 = DIRECTION ( 'NONE',  ( 1.626303258727999778E-16, 2.407412430483999931E-32, -1.000000000000000000 ) ) ;
#2620 = CARTESIAN_POINT ( 'NONE',  ( -1.600000000000000089, 0.01000000000000000021, 0.5000000000000000000 ) ) ;
#2621 = VECTOR ( 'NONE', #2023, 1000.000000000000000 ) ;
#2622 = LINE ( 'NONE', #1495, #91 ) ;
#2623 = EDGE_CURVE ( 'NONE', #2918, #92, #619, .T. ) ;
#2624 = ADVANCED_FACE ( 'NONE', ( #1477 ), #371, .F. ) ;
#2625 = FACE_OUTER_BOUND ( 'NONE', #2765, .T. ) ;
#2626 =( NAMED_UNIT ( * ) SI_UNIT ( $, .STERADIAN. ) SOLID_ANGLE_UNIT ( ) );
#2627 = UNCERTAINTY_MEASURE_WITH_UNIT (LENGTH_MEASURE( 1.000000000000000082E-05 ), #2119, 'distance_accuracy_value', 'NONE');
#2628 = VERTEX_POINT ( 'NONE', #830 ) ;
#2629 = CARTESIAN_POINT ( 'NONE',  ( -1.100000000000000089, -1.118033988750000152, -0.5000000000000000000 ) ) ;
#2630 = LINE ( 'NONE', #2855, #2369 ) ;
#2631 = ORIENTED_EDGE ( 'NONE', *, *, #2636, .F. ) ;
#2632 = DIRECTION ( 'NONE',  ( -1.000000000000000000, -1.224646799146997973E-16, 0.000000000000000000 ) ) ;
#2633 = ORIENTED_EDGE ( 'NONE', *, *, #2295, .F. ) ;
#2634 = SURFACE_SIDE_STYLE ('',( #2406 ) ) ;
#2635 = CARTESIAN_POINT ( 'NONE',  ( -1.600000000000000089, 0.01000000000000000021, 0.5000000000000000000 ) ) ;
#2636 = EDGE_CURVE ( 'NONE', #2313, #106, #1049, .T. ) ;
#2637 = EDGE_CURVE ( 'NONE', #1614, #1953, #2622, .T. ) ;
#2638 = CARTESIAN_POINT ( 'NONE',  ( -0.2000000000000000111, 0.01000000000000000021, 0.8000000000000000444 ) ) ;
#2639 = ORIENTED_EDGE ( 'NONE', *, *, #1344, .T. ) ;
#2640 = DIRECTION ( 'NONE',  ( 0.000000000000000000, 0.000000000000000000, 1.000000000000000000 ) ) ;
#2641 = FILL_AREA_STYLE_COLOUR ( '', #2937 ) ;
#2642 = CARTESIAN_POINT ( 'NONE',  ( -0.6976642911749999509, -1.834611997030999975, 0.2999999999999999889 ) ) ;
#2643 = AXIS2_PLACEMENT_3D ( 'NONE', #2009, #2166, #1264 ) ;
#2644 = ORIENTED_EDGE ( 'NONE', *, *, #1687, .F. ) ;
#2645 = CARTESIAN_POINT ( 'NONE',  ( -1.100000000000000089, -1.118033988750000152, 0.5000000000000000000 ) ) ;
#2646 = DIRECTION ( 'NONE',  ( 1.242532093857000214E-49, -1.047802127484999846E-33, 1.000000000000000000 ) ) ;
#2647 = ORIENTED_EDGE ( 'NONE', *, *, #1900, .F. ) ;
#2648 = CARTESIAN_POINT ( 'NONE',  ( -0.7449999999999999956, 0.2799999999999999711, 0.8000000000000000444 ) ) ;
#2649 = DIRECTION ( 'NONE',  ( 0.000000000000000000, 0.000000000000000000, 1.000000000000000000 ) ) ;
#2650 =( LENGTH_UNIT ( ) NAMED_UNIT ( * ) SI_UNIT ( .MILLI., .METRE. ) );
#2651 = FILL_AREA_STYLE ('',( #1195 ) ) ;
#2652 =( LENGTH_UNIT ( ) NAMED_UNIT ( * ) SI_UNIT ( .MILLI., .METRE. ) );
#2653 = VECTOR ( 'NONE', #2860, 1000.000000000000000 ) ;
#2654 = UNCERTAINTY_MEASURE_WITH_UNIT (LENGTH_MEASURE( 1.000000000000000082E-05 ), #370, 'distance_accuracy_value', 'NONE');
#2655 = ORIENTED_EDGE ( 'NONE', *, *, #1672, .F. ) ;
#2656 = CARTESIAN_POINT ( 'NONE',  ( -1.600000000000000089, -4.336808689941999987E-16, 0.2500000000000000000 ) ) ;
#2657 = CARTESIAN_POINT ( 'NONE',  ( 1.600000000000000089, -0.5813776741500000789, -0.2500000000000000000 ) ) ;
#2658 = DIRECTION ( 'NONE',  ( 1.224646799146999945E-16, -1.000000000000000000, 0.000000000000000000 ) ) ;
#2659 = ORIENTED_EDGE ( 'NONE', *, *, #2139, .F. ) ;
#2660 = CARTESIAN_POINT ( 'NONE',  ( 1.600000000000000089, 0.2799999999999999711, 0.2500000000000000000 ) ) ;
#2661 =( NAMED_UNIT ( * ) SI_UNIT ( $, .STERADIAN. ) SOLID_ANGLE_UNIT ( ) );
#2662 = ORIENTED_EDGE ( 'NONE', *, *, #1042, .F. ) ;
#2663 = LINE ( 'NONE', #2648, #848 ) ;
#2664 = SURFACE_SIDE_STYLE ('',( #1048 ) ) ;
#2665 = VECTOR ( 'NONE', #1903, 1000.000000000000000 ) ;
#2666 = FILL_AREA_STYLE ('',( #2874 ) ) ;
#2667 = PRESENTATION_LAYER_ASSIGNMENT (  '', '', ( #2848 ) ) ;
#2668 = VECTOR ( 'NONE', #1236, 1000.000000000000000 ) ;
#2669 = SURFACE_STYLE_USAGE ( .BOTH. , #2219 ) ;
#2670 = STYLED_ITEM ( 'NONE', ( #892 ), #2300 ) ;
#2671 = VERTEX_POINT ( 'NONE', #158 ) ;
#2672 = DIRECTION ( 'NONE',  ( 0.000000000000000000, 1.000000000000000000, 0.000000000000000000 ) ) ;
#2673 = LINE ( 'NONE', #2002, #1338 ) ;
#2674 = EDGE_CURVE ( 'NONE', #612, #2528, #1296, .T. ) ;
#2675 = ORIENTED_EDGE ( 'NONE', *, *, #1496, .F. ) ;
#2676 = FACE_OUTER_BOUND ( 'NONE', #2331, .T. ) ;
#2677 = ADVANCED_FACE ( 'NONE', ( #1730 ), #607, .T. ) ;
#2678 = PRESENTATION_STYLE_ASSIGNMENT (( #2404 ) ) ;
#2679 = DIRECTION ( 'NONE',  ( 0.000000000000000000, 0.000000000000000000, -1.000000000000000000 ) ) ;
#2680 = SURFACE_SIDE_STYLE ('',( #1100 ) ) ;
#2681 = CARTESIAN_POINT ( 'NONE',  ( -0.2000000000000000111, -2.168404344970999993E-16, 0.8000000000000000444 ) ) ;
#2682 = UNCERTAINTY_MEASURE_WITH_UNIT (LENGTH_MEASURE( 1.000000000000000082E-05 ), #1983, 'distance_accuracy_value', 'NONE');
#2683 = VERTEX_POINT ( 'NONE', #143 ) ;
#2684 = DIRECTION ( 'NONE',  ( -1.224646799146999945E-16, 1.000000000000000000, 0.000000000000000000 ) ) ;
#2685 = FACE_OUTER_BOUND ( 'NONE', #2198, .T. ) ;
#2686 = ORIENTED_EDGE ( 'NONE', *, *, #247, .F. ) ;
#2687 = CARTESIAN_POINT ( 'NONE',  ( 0.6274427372079999232, 1.100000000000000089, 0.8000000000000000444 ) ) ;
#2688 = PRESENTATION_STYLE_ASSIGNMENT (( #1779 ) ) ;
#2689 = EDGE_CURVE ( 'NONE', #572, #1647, #1699, .T. ) ;
#2690 = FACE_OUTER_BOUND ( 'NONE', #256, .T. ) ;
#2691 = CARTESIAN_POINT ( 'NONE',  ( -0.2000000000000000111, -1.834611997030999975, 0.2999999999999999889 ) ) ;
#2692 = DIRECTION ( 'NONE',  ( 0.000000000000000000, 0.000000000000000000, -1.000000000000000000 ) ) ;
#2693 = CARTESIAN_POINT ( 'NONE',  ( 0.2000000000000000111, 0.01000000000000000021, 0.8000000000000000444 ) ) ;
#2694 = ORIENTED_EDGE ( 'NONE', *, *, #2396, .T. ) ;
#2695 =( NAMED_UNIT ( * ) PLANE_ANGLE_UNIT ( ) SI_UNIT ( $, .RADIAN. ) );
#2696 = MECHANICAL_DESIGN_GEOMETRIC_PRESENTATION_REPRESENTATION (  '', ( #513 ), #2504 ) ;
#2697 = STYLED_ITEM ( 'NONE', ( #1190 ), #1576 ) ;
#2698 = ORIENTED_EDGE ( 'NONE', *, *, #77, .F. ) ;
#2699 =( NAMED_UNIT ( * ) PLANE_ANGLE_UNIT ( ) SI_UNIT ( $, .RADIAN. ) );
#2700 =( GEOMETRIC_REPRESENTATION_CONTEXT ( 3 ) GLOBAL_UNCERTAINTY_ASSIGNED_CONTEXT ( ( #2682 ) ) GLOBAL_UNIT_ASSIGNED_CONTEXT ( ( #1983, #2695, #2881 ) ) REPRESENTATION_CONTEXT ( 'NONE', 'WORKASPACE' ) );
#2701 = AXIS2_PLACEMENT_3D ( 'NONE', #2199, #1713, #2649 ) ;
#2702 = EDGE_CURVE ( 'NONE', #1342, #287, #1993, .T. ) ;
#2703 = SURFACE_SIDE_STYLE ('',( #1379 ) ) ;
#2704 = CARTESIAN_POINT ( 'NONE',  ( 0.7449999999999999956, 0.2700000000000000178, 0.8000000000000000444 ) ) ;
#2705 = SURFACE_STYLE_FILL_AREA ( #419 ) ;
#2706 = ORIENTED_EDGE ( 'NONE', *, *, #1217, .T. ) ;
#2707 = EDGE_CURVE ( 'NONE', #2478, #2838, #1742, .T. ) ;
#2708 = CARTESIAN_POINT ( 'NONE',  ( 1.100000000000000089, 0.01000000000000000021, 0.5000000000000000000 ) ) ;
#2709 = DIRECTION ( 'NONE',  ( 0.000000000000000000, 0.000000000000000000, 1.000000000000000000 ) ) ;
#2710 = EDGE_CURVE ( 'NONE', #2714, #1824, #2377, .T. ) ;
#2711 = VECTOR ( 'NONE', #2141, 1000.000000000000000 ) ;
#2712 = ORIENTED_EDGE ( 'NONE', *, *, #2707, .F. ) ;
#2713 = CIRCLE ( 'NONE', #585, 0.2500000000000000000 ) ;
#2714 = VERTEX_POINT ( 'NONE', #2152 ) ;
#2715 =( LENGTH_UNIT ( ) NAMED_UNIT ( * ) SI_UNIT ( .MILLI., .METRE. ) );
#2716 = CARTESIAN_POINT ( 'NONE',  ( 1.100000000000000089, 0.01000000000000000021, 0.5000000000000000000 ) ) ;
#2717 = EDGE_LOOP ( 'NONE', ( #641, #1517, #2659, #1776 ) ) ;
#2718 = CARTESIAN_POINT ( 'NONE',  ( 1.600000000000000089, -4.179389326704999716E-17, -0.8000000000000000444 ) ) ;
#2719 = EDGE_CURVE ( 'NONE', #2115, #1848, #659, .T. ) ;
#2720 = MECHANICAL_DESIGN_GEOMETRIC_PRESENTATION_REPRESENTATION (  '', ( #448 ), #434 ) ;
#2721 = ADVANCED_FACE ( 'NONE', ( #2265 ), #1328, .T. ) ;
#2722 = ORIENTED_EDGE ( 'NONE', *, *, #1089, .T. ) ;
#2723 = FACE_OUTER_BOUND ( 'NONE', #786, .T. ) ;
#2724 = STYLED_ITEM ( 'NONE', ( #2329 ), #1393 ) ;
#2725 = ORIENTED_EDGE ( 'NONE', *, *, #1145, .F. ) ;
#2726 =( LENGTH_UNIT ( ) NAMED_UNIT ( * ) SI_UNIT ( .MILLI., .METRE. ) );
#2727 = COLOUR_RGB ( '',0.000000000000000000, 1.000000000000000000, 0.6549019607843137303 ) ;
#2728 = PLANE ( 'NONE',  #1645 ) ;
#2729 = FILL_AREA_STYLE_COLOUR ( '', #437 ) ;
#2730 = VECTOR ( 'NONE', #432, 1000.000000000000000 ) ;
#2731 =( NAMED_UNIT ( * ) SI_UNIT ( $, .STERADIAN. ) SOLID_ANGLE_UNIT ( ) );
#2732 = CARTESIAN_POINT ( 'NONE',  ( 1.600000000000000089, 0.2700000000000000178, 0.8000000000000000444 ) ) ;
#2733 = ADVANCED_FACE ( 'NONE', ( #2925 ), #1608, .T. ) ;
#2734 = VERTEX_POINT ( 'NONE', #1382 ) ;
#2735 = CARTESIAN_POINT ( 'NONE',  ( 0.2000000000000000111, -1.834611997030999975, 0.8000000000000000444 ) ) ;
#2736 = ADVANCED_FACE ( 'NONE', ( #2935 ), #1148, .F. ) ;
#2737 = ORIENTED_EDGE ( 'NONE', *, *, #137, .F. ) ;
#2738 = VERTEX_POINT ( 'NONE', #6 ) ;
#2739 = FACE_OUTER_BOUND ( 'NONE', #1969, .T. ) ;
#2740 = CYLINDRICAL_SURFACE ( 'NONE', #1173, 0.2599999999999999534 ) ;
#2741 = CARTESIAN_POINT ( 'NONE',  ( 0.2000000000000000111, 0.01000000000000000021, 0.8000000000000000444 ) ) ;
#2742 = CARTESIAN_POINT ( 'NONE',  ( -0.7449999999999999956, 0.2700000000000000178, 0.8000000000000000444 ) ) ;
#2743 = DIRECTION ( 'NONE',  ( 0.000000000000000000, 1.000000000000000000, 0.000000000000000000 ) ) ;
#2744 = SURFACE_STYLE_FILL_AREA ( #1879 ) ;
#2745 = PLANE ( 'NONE',  #2238 ) ;
#2746 = ORIENTED_EDGE ( 'NONE', *, *, #2898, .T. ) ;
#2747 = ORIENTED_EDGE ( 'NONE', *, *, #1149, .T. ) ;
#2748 = PRESENTATION_STYLE_ASSIGNMENT (( #465 ) ) ;
#2749 = MECHANICAL_DESIGN_GEOMETRIC_PRESENTATION_REPRESENTATION (  '', ( #1664 ), #887 ) ;
#2750 = APPLICATION_CONTEXT ( 'automotive_design' ) ;
#2751 = VERTEX_POINT ( 'NONE', #877 ) ;
#2752 = ORIENTED_EDGE ( 'NONE', *, *, #527, .T. ) ;
#2753 = VECTOR ( 'NONE', #317, 1000.000000000000000 ) ;
#2754 = DIRECTION ( 'NONE',  ( 0.000000000000000000, 0.000000000000000000, 1.000000000000000000 ) ) ;
#2755 = EDGE_CURVE ( 'NONE', #1749, #1447, #1160, .T. ) ;
#2756 = EDGE_CURVE ( 'NONE', #612, #1602, #2061, .T. ) ;
#2757 = CARTESIAN_POINT ( 'NONE',  ( -0.2000000000000000111, 0.01000000000000000021, -0.2999999999999999889 ) ) ;
#2758 = SURFACE_SIDE_STYLE ('',( #2582 ) ) ;
#2759 = CARTESIAN_POINT ( 'NONE',  ( -1.100000000000000089, 0.01000000000000000021, -0.5000000000000000000 ) ) ;
#2760 = LINE ( 'NONE', #558, #2091 ) ;
#2761 = ORIENTED_EDGE ( 'NONE', *, *, #2536, .F. ) ;
#2762 = FILL_AREA_STYLE_COLOUR ( '', #2204 ) ;
#2763 = STYLED_ITEM ( 'NONE', ( #2032 ), #725 ) ;
#2764 = DIRECTION ( 'NONE',  ( -1.000000000000000000, 0.000000000000000000, 1.242532093857000214E-49 ) ) ;
#2765 = EDGE_LOOP ( 'NONE', ( #1132, #2647, #54, #2570 ) ) ;
#2766 = ADVANCED_BREP_SHAPE_REPRESENTATION ( 'LTST-C230KRKT', ( #1366, #1373, #1417, #1393, #372 ), #941 ) ;
#2767 = ORIENTED_EDGE ( 'NONE', *, *, #101, .T. ) ;
#2768 = AXIS2_PLACEMENT_3D ( 'NONE', #2645, #616, #587 ) ;
#2769 = ADVANCED_FACE ( 'NONE', ( #204 ), #779, .F. ) ;
#2770 = PRESENTATION_STYLE_ASSIGNMENT (( #1649 ) ) ;
#2771 = CARTESIAN_POINT ( 'NONE',  ( -1.600000000000000089, -1.118033988750000152, 0.5000000000000000000 ) ) ;
#2772 = DIRECTION ( 'NONE',  ( -1.000000000000000000, 0.000000000000000000, 0.000000000000000000 ) ) ;
#2773 =( GEOMETRIC_REPRESENTATION_CONTEXT ( 3 ) GLOBAL_UNCERTAINTY_ASSIGNED_CONTEXT ( ( #176 ) ) GLOBAL_UNIT_ASSIGNED_CONTEXT ( ( #1493, #2390, #1558 ) ) REPRESENTATION_CONTEXT ( 'NONE', 'WORKASPACE' ) );
#2774 = EDGE_LOOP ( 'NONE', ( #1941, #1269, #2861, #1124 ) ) ;
#2775 = DIRECTION ( 'NONE',  ( 0.000000000000000000, 1.000000000000000000, 0.000000000000000000 ) ) ;
#2776 = EDGE_LOOP ( 'NONE', ( #1470, #2098, #538, #307, #2931, #866 ) ) ;
#2777 = VERTEX_POINT ( 'NONE', #2354 ) ;
#2778 = CARTESIAN_POINT ( 'NONE',  ( -0.6976642911749999509, -2.168404344970999993E-16, -0.2999999999999999889 ) ) ;
#2779 = ORIENTED_EDGE ( 'NONE', *, *, #2719, .T. ) ;
#2780 = LINE ( 'NONE', #1185, #1446 ) ;
#2781 = LINE ( 'NONE', #275, #166 ) ;
#2782 = SURFACE_STYLE_FILL_AREA ( #1397 ) ;
#2783 = PRODUCT_DEFINITION_FORMATION_WITH_SPECIFIED_SOURCE ( 'ANY', '', #2818, .NOT_KNOWN. ) ;
#2784 = COLOUR_RGB ( '',1.000000000000000000, 1.000000000000000000, 1.000000000000000000 ) ;
#2785 = CARTESIAN_POINT ( 'NONE',  ( -0.2000000000000000111, -2.449293598295000203E-17, 0.8000000000000000444 ) ) ;
#2786 = FILL_AREA_STYLE_COLOUR ( '', #2312 ) ;
#2787 = DIRECTION ( 'NONE',  ( -1.224646799146999945E-16, 1.000000000000000000, 0.000000000000000000 ) ) ;
#2788 = PRESENTATION_LAYER_ASSIGNMENT (  '', '', ( #2038 ) ) ;
#2789 = ORIENTED_EDGE ( 'NONE', *, *, #2502, .T. ) ;
#2790 = EDGE_CURVE ( 'NONE', #481, #834, #2120, .T. ) ;
#2791 = LINE ( 'NONE', #1449, #2425 ) ;
#2792 = EDGE_LOOP ( 'NONE', ( #2417, #1683, #1184, #1243 ) ) ;
#2793 = ORIENTED_EDGE ( 'NONE', *, *, #1378, .F. ) ;
#2794 = AXIS2_PLACEMENT_3D ( 'NONE', #2207, #2399, #2190 ) ;
#2795 = DIRECTION ( 'NONE',  ( 0.000000000000000000, 0.000000000000000000, 1.000000000000000000 ) ) ;
#2796 = VECTOR ( 'NONE', #8, 1000.000000000000000 ) ;
#2797 = AXIS2_PLACEMENT_3D ( 'NONE', #2379, #1020, #70 ) ;
#2798 = ORIENTED_EDGE ( 'NONE', *, *, #2921, .F. ) ;
#2799 = SURFACE_STYLE_FILL_AREA ( #2089 ) ;
#2800 = COLOUR_RGB ( '',1.000000000000000000, 1.000000000000000000, 1.000000000000000000 ) ;
#2801 = DIRECTION ( 'NONE',  ( 1.000000000000000000, 0.000000000000000000, 0.000000000000000000 ) ) ;
#2802 = SURFACE_SIDE_STYLE ('',( #2744 ) ) ;
#2803 = CARTESIAN_POINT ( 'NONE',  ( -1.100000000000000089, -1.118033988750000152, -0.5000000000000000000 ) ) ;
#2804 = EDGE_CURVE ( 'NONE', #2432, #572, #1891, .T. ) ;
#2805 = FILL_AREA_STYLE ('',( #1899 ) ) ;
#2806 = ADVANCED_FACE ( 'NONE', ( #950 ), #761, .T. ) ;
#2807 = ORIENTED_EDGE ( 'NONE', *, *, #1675, .F. ) ;
#2808 = CARTESIAN_POINT ( 'NONE',  ( 1.600000000000000089, 0.01000000000000000021, 0.2500000000000000000 ) ) ;
#2809 = DIRECTION ( 'NONE',  ( 0.000000000000000000, 0.000000000000000000, -1.000000000000000000 ) ) ;
#2810 = FACE_OUTER_BOUND ( 'NONE', #36, .T. ) ;
#2811 = VERTEX_POINT ( 'NONE', #2524 ) ;
#2812 =( GEOMETRIC_REPRESENTATION_CONTEXT ( 3 ) GLOBAL_UNCERTAINTY_ASSIGNED_CONTEXT ( ( #1783 ) ) GLOBAL_UNIT_ASSIGNED_CONTEXT ( ( #1013, #2596, #947 ) ) REPRESENTATION_CONTEXT ( 'NONE', 'WORKASPACE' ) );
#2813 = DIRECTION ( 'NONE',  ( -1.089290704307999941E-16, -1.333996374372000178E-32, -1.000000000000000000 ) ) ;
#2814 = LINE ( 'NONE', #1473, #857 ) ;
#2815 = MECHANICAL_DESIGN_GEOMETRIC_PRESENTATION_REPRESENTATION (  '', ( #1077 ), #255 ) ;
#2816 = LINE ( 'NONE', #1189, #1729 ) ;
#2817 = DIRECTION ( 'NONE',  ( 0.000000000000000000, 0.000000000000000000, -1.000000000000000000 ) ) ;
#2818 = PRODUCT ( 'LTST-C230KRKT', 'LTST-C230KRKT', '', ( #2225 ) ) ;
#2819 = CARTESIAN_POINT ( 'NONE',  ( -0.7449999999999999956, 0.2700000000000000178, 0.8000000000000000444 ) ) ;
#2820 = CARTESIAN_POINT ( 'NONE',  ( 0.2000000000000000111, -2.168404344970999993E-16, 0.8000000000000000444 ) ) ;
#2821 = VECTOR ( 'NONE', #1513, 1000.000000000000000 ) ;
#2822 = ORIENTED_EDGE ( 'NONE', *, *, #1313, .T. ) ;
#2823 = PRESENTATION_STYLE_ASSIGNMENT (( #1919 ) ) ;
#2824 = SURFACE_STYLE_FILL_AREA ( #2144 ) ;
#2825 = CARTESIAN_POINT ( 'NONE',  ( 1.600000000000000089, 0.2700000000000000178, 0.000000000000000000 ) ) ;
#2826 = ORIENTED_EDGE ( 'NONE', *, *, #1900, .T. ) ;
#2827 = DIRECTION ( 'NONE',  ( 1.000000000000000000, 1.224646799146999945E-16, 0.000000000000000000 ) ) ;
#2828 = CARTESIAN_POINT ( 'NONE',  ( 1.600000000000000089, -0.5813776741500000789, 0.000000000000000000 ) ) ;
#2829 = EDGE_CURVE ( 'NONE', #1885, #1294, #60, .T. ) ;
#2830 = SURFACE_STYLE_USAGE ( .BOTH. , #1543 ) ;
#2831 = ORIENTED_EDGE ( 'NONE', *, *, #695, .T. ) ;
#2832 = LINE ( 'NONE', #519, #1916 ) ;
#2833 = SURFACE_SIDE_STYLE ('',( #1032 ) ) ;
#2834 = CARTESIAN_POINT ( 'NONE',  ( 1.600000000000000089, 0.2700000000000000178, -0.2599999999999999534 ) ) ;
#2835 = CIRCLE ( 'NONE', #811, 0.2600000000000000089 ) ;
#2836 = VECTOR ( 'NONE', #746, 1000.000000000000000 ) ;
#2837 = VECTOR ( 'NONE', #440, 1000.000000000000000 ) ;
#2838 = VERTEX_POINT ( 'NONE', #982 ) ;
#2839 = LINE ( 'NONE', #131, #2917 ) ;
#2840 = CARTESIAN_POINT ( 'NONE',  ( -0.6274427372079999232, 1.100000000000000089, 0.8000000000000000444 ) ) ;
#2841 = PRESENTATION_STYLE_ASSIGNMENT (( #1938 ) ) ;
#2842 = ORIENTED_EDGE ( 'NONE', *, *, #2829, .T. ) ;
#2843 = CARTESIAN_POINT ( 'NONE',  ( -1.600000000000000089, 0.2700000000000000178, 0.2500000000000000000 ) ) ;
#2844 = FILL_AREA_STYLE_COLOUR ( '', #1855 ) ;
#2845 = EDGE_CURVE ( 'NONE', #2146, #134, #1663, .T. ) ;
#2846 = EDGE_CURVE ( 'NONE', #665, #2030, #308, .T. ) ;
#2847 = COLOUR_RGB ( '',1.000000000000000000, 1.000000000000000000, 1.000000000000000000 ) ;
#2848 = STYLED_ITEM ( 'NONE', ( #188 ), #2733 ) ;
#2849 = ORIENTED_EDGE ( 'NONE', *, *, #382, .F. ) ;
#2850 = VECTOR ( 'NONE', #2908, 1000.000000000000000 ) ;
#2851 = FILL_AREA_STYLE_COLOUR ( '', #634 ) ;
#2852 = UNCERTAINTY_MEASURE_WITH_UNIT (LENGTH_MEASURE( 1.000000000000000082E-05 ), #2201, 'distance_accuracy_value', 'NONE');
#2853 = ORIENTED_EDGE ( 'NONE', *, *, #2756, .T. ) ;
#2854 = CARTESIAN_POINT ( 'NONE',  ( 1.600000000000000089, -4.179389326704999716E-17, 0.8000000000000000444 ) ) ;
#2855 = CARTESIAN_POINT ( 'NONE',  ( 1.600000000000000089, -4.179389326704999716E-17, 0.8000000000000000444 ) ) ;
#2856 = DIRECTION ( 'NONE',  ( 0.000000000000000000, 0.000000000000000000, 1.000000000000000000 ) ) ;
#2857 = PRESENTATION_LAYER_ASSIGNMENT (  '', '', ( #833 ) ) ;
#2858 = EDGE_LOOP ( 'NONE', ( #2639, #1967, #644, #972 ) ) ;
#2859 = CARTESIAN_POINT ( 'NONE',  ( 0.7449999999999999956, 0.2799999999999999711, 0.8000000000000000444 ) ) ;
#2860 = DIRECTION ( 'NONE',  ( 0.000000000000000000, 0.000000000000000000, -1.000000000000000000 ) ) ;
#2861 = ORIENTED_EDGE ( 'NONE', *, *, #416, .F. ) ;
#2862 = PRESENTATION_LAYER_ASSIGNMENT (  '', '', ( #1209 ) ) ;
#2863 = EDGE_CURVE ( 'NONE', #1632, #1488, #1827, .T. ) ;
#2864 = SURFACE_STYLE_FILL_AREA ( #144 ) ;
#2865 = AXIS2_PLACEMENT_3D ( 'NONE', #1255, #804, #1504 ) ;
#2866 = ORIENTED_EDGE ( 'NONE', *, *, #193, .F. ) ;
#2867 =( NAMED_UNIT ( * ) SI_UNIT ( $, .STERADIAN. ) SOLID_ANGLE_UNIT ( ) );
#2868 = ORIENTED_EDGE ( 'NONE', *, *, #1440, .F. ) ;
#2869 = FACE_OUTER_BOUND ( 'NONE', #1404, .T. ) ;
#2870 = DIRECTION ( 'NONE',  ( 0.000000000000000000, -1.000000000000000000, 0.000000000000000000 ) ) ;
#2871 = VERTEX_POINT ( 'NONE', #602 ) ;
#2872 = DIRECTION ( 'NONE',  ( -1.000000000000000000, -1.224646799146999945E-16, 1.626303258727999778E-16 ) ) ;
#2873 =( NAMED_UNIT ( * ) PLANE_ANGLE_UNIT ( ) SI_UNIT ( $, .RADIAN. ) );
#2874 = FILL_AREA_STYLE_COLOUR ( '', #1665 ) ;
#2875 = EDGE_CURVE ( 'NONE', #2751, #2435, #1523, .T. ) ;
#2876 =( NAMED_UNIT ( * ) PLANE_ANGLE_UNIT ( ) SI_UNIT ( $, .RADIAN. ) );
#2877 = COLOUR_RGB ( '',0.000000000000000000, 1.000000000000000000, 0.6549019607843137303 ) ;
#2878 = UNCERTAINTY_MEASURE_WITH_UNIT (LENGTH_MEASURE( 1.000000000000000082E-05 ), #1577, 'distance_accuracy_value', 'NONE');
#2879 = EDGE_CURVE ( 'NONE', #834, #665, #2814, .T. ) ;
#2880 = ORIENTED_EDGE ( 'NONE', *, *, #897, .F. ) ;
#2881 =( NAMED_UNIT ( * ) SI_UNIT ( $, .STERADIAN. ) SOLID_ANGLE_UNIT ( ) );
#2882 = AXIS2_PLACEMENT_3D ( 'NONE', #2094, #65, #970 ) ;
#2883 = DIRECTION ( 'NONE',  ( -1.626303258727999778E-16, -2.407412430483999931E-32, -1.000000000000000000 ) ) ;
#2884 = SURFACE_STYLE_FILL_AREA ( #2400 ) ;
#2885 = VECTOR ( 'NONE', #2151, 1000.000000000000000 ) ;
#2886 = VERTEX_POINT ( 'NONE', #2164 ) ;
#2887 = DIRECTION ( 'NONE',  ( 0.000000000000000000, 1.000000000000000000, 0.000000000000000000 ) ) ;
#2888 = CARTESIAN_POINT ( 'NONE',  ( -0.2000000000000000111, 0.01000000000000000021, -0.8000000000000000444 ) ) ;
#2889 = APPLICATION_PROTOCOL_DEFINITION ( 'draft international standard', 'automotive_design', 1998, #2455 ) ;
#2890 = FILL_AREA_STYLE_COLOUR ( '', #375 ) ;
#2891 = AXIS2_PLACEMENT_3D ( 'NONE', #132, #1038, #2430 ) ;
#2892 = CARTESIAN_POINT ( 'NONE',  ( -0.2000000000000000111, -2.168404344970999993E-16, -0.8000000000000000444 ) ) ;
#2893 = VECTOR ( 'NONE', #1684, 1000.000000000000000 ) ;
#2894 = VECTOR ( 'NONE', #2928, 1000.000000000000000 ) ;
#2895 = FILL_AREA_STYLE ('',( #1932 ) ) ;
#2896 = VECTOR ( 'NONE', #2255, 1000.000000000000000 ) ;
#2897 = MECHANICAL_DESIGN_GEOMETRIC_PRESENTATION_REPRESENTATION (  '', ( #833 ), #1971 ) ;
#2898 = EDGE_CURVE ( 'NONE', #1441, #404, #588, .T. ) ;
#2899 = ORIENTED_EDGE ( 'NONE', *, *, #2261, .T. ) ;
#2900 = PRESENTATION_STYLE_ASSIGNMENT (( #1610 ) ) ;
#2901 = CARTESIAN_POINT ( 'NONE',  ( -0.6976642911749999509, 0.01000000000000000021, 0.2999999999999999889 ) ) ;
#2902 = SURFACE_STYLE_USAGE ( .BOTH. , #1552 ) ;
#2903 = ORIENTED_EDGE ( 'NONE', *, *, #2411, .F. ) ;
#2904 = PRESENTATION_STYLE_ASSIGNMENT (( #455 ) ) ;
#2905 =( NAMED_UNIT ( * ) SI_UNIT ( $, .STERADIAN. ) SOLID_ANGLE_UNIT ( ) );
#2906 = VECTOR ( 'NONE', #873, 1000.000000000000000 ) ;
#2907 = CARTESIAN_POINT ( 'NONE',  ( 1.600000000000000089, -1.118033988750000152, 0.5000000000000000000 ) ) ;
#2908 = DIRECTION ( 'NONE',  ( 0.000000000000000000, -1.000000000000000000, 0.000000000000000000 ) ) ;
#2909 = ORIENTED_EDGE ( 'NONE', *, *, #925, .F. ) ;
#2910 = AXIS2_PLACEMENT_3D ( 'NONE', #854, #168, #2632 ) ;
#2911 = DIRECTION ( 'NONE',  ( -1.224646799146999945E-16, 1.000000000000000000, 1.047802127484999846E-33 ) ) ;
#2912 = UNCERTAINTY_MEASURE_WITH_UNIT (LENGTH_MEASURE( 1.000000000000000082E-05 ), #740, 'distance_accuracy_value', 'NONE');
#2913 =( GEOMETRIC_REPRESENTATION_CONTEXT ( 3 ) GLOBAL_UNCERTAINTY_ASSIGNED_CONTEXT ( ( #1052 ) ) GLOBAL_UNIT_ASSIGNED_CONTEXT ( ( #1777, #2501, #13 ) ) REPRESENTATION_CONTEXT ( 'NONE', 'WORKASPACE' ) );
#2914 = ORIENTED_EDGE ( 'NONE', *, *, #2594, .T. ) ;
#2915 = PRESENTATION_STYLE_ASSIGNMENT (( #476 ) ) ;
#2916 = FILL_AREA_STYLE_COLOUR ( '', #386 ) ;
#2917 = VECTOR ( 'NONE', #1054, 1000.000000000000000 ) ;
#2918 = VERTEX_POINT ( 'NONE', #841 ) ;
#2919 = CARTESIAN_POINT ( 'NONE',  ( -1.600000000000000089, 0.2700000000000000178, 0.8000000000000000444 ) ) ;
#2920 =( GEOMETRIC_REPRESENTATION_CONTEXT ( 3 ) GLOBAL_UNCERTAINTY_ASSIGNED_CONTEXT ( ( #817 ) ) GLOBAL_UNIT_ASSIGNED_CONTEXT ( ( #231, #2505, #1804 ) ) REPRESENTATION_CONTEXT ( 'NONE', 'WORKASPACE' ) );
#2921 = EDGE_CURVE ( 'NONE', #2628, #2886, #2835, .T. ) ;
#2922 = EDGE_CURVE ( 'NONE', #1194, #2811, #321, .T. ) ;
#2923 = DIRECTION ( 'NONE',  ( 0.000000000000000000, 0.000000000000000000, 1.000000000000000000 ) ) ;
#2924 = LINE ( 'NONE', #2483, #1586 ) ;
#2925 = FACE_OUTER_BOUND ( 'NONE', #511, .T. ) ;
#2926 = LINE ( 'NONE', #235, #1383 ) ;
#2927 = ORIENTED_EDGE ( 'NONE', *, *, #542, .F. ) ;
#2928 = DIRECTION ( 'NONE',  ( 0.000000000000000000, -1.000000000000000000, 0.000000000000000000 ) ) ;
#2929 =( GEOMETRIC_REPRESENTATION_CONTEXT ( 3 ) GLOBAL_UNCERTAINTY_ASSIGNED_CONTEXT ( ( #1021 ) ) GLOBAL_UNIT_ASSIGNED_CONTEXT ( ( #2277, #689, #460 ) ) REPRESENTATION_CONTEXT ( 'NONE', 'WORKASPACE' ) );
#2930 = VECTOR ( 'NONE', #2568, 1000.000000000000000 ) ;
#2931 = ORIENTED_EDGE ( 'NONE', *, *, #245, .F. ) ;
#2932 = ADVANCED_FACE ( 'NONE', ( #795 ), #2598, .F. ) ;
#2933 = FILL_AREA_STYLE_COLOUR ( '', #1563 ) ;
#2934 =( NAMED_UNIT ( * ) PLANE_ANGLE_UNIT ( ) SI_UNIT ( $, .RADIAN. ) );
#2935 = FACE_OUTER_BOUND ( 'NONE', #2318, .T. ) ;
#2936 = ADVANCED_FACE ( 'NONE', ( #2368 ), #155, .F. ) ;
#2937 = COLOUR_RGB ( '',1.000000000000000000, 1.000000000000000000, 1.000000000000000000 ) ;
#2938 = FACE_OUTER_BOUND ( 'NONE', #84, .T. ) ;
#2939 = FACE_OUTER_BOUND ( 'NONE', #1896, .T. ) ;
#2940 = VECTOR ( 'NONE', #2423, 1000.000000000000000 ) ;
#2941 = VECTOR ( 'NONE', #2658, 1000.000000000000000 ) ;
#2942 = ORIENTED_EDGE ( 'NONE', *, *, #77, .T. ) ;
ENDSEC;
END-ISO-10303-21;
