ISO-10303-21;
HEADER;
/*Generated by software containing ST-Developer
 * from STEP Tools, Inc. (www.steptools.com) 
 */
/*OPTION: using custom renumber hook */
/*description */
/*implementation_level */
FILE_DESCRIPTION(('STEP AP242 Edition 2','STEP AP242 Edition 2''CAx-IF Rec.Pracs.---Representation and Presentation of Product Manufa
cturing Information (PMI)---4.0---2014-10-13','STEP AP242 Edition 2''CAx-IF Rec.Pracs.---Representation and Presentation of Product Manufa
cturing Information (PMI)---4.0---2014-10-13''CAx-IF Rec.Pracs.---3D Tessellated Geometry---0.4---2014-09-14','STEP AP242 Edition 2''CAx-IF Rec.Pracs.---Representation and Presentation of Product Manufa
cturing Information (PMI)---4.0---2014-10-13''CAx-IF Rec.Pracs.---3D Tessellated Geometry---0.4---2014-09-14''2;1','STEP AP242 Edition 2''CAx-IF Rec.Pracs.---Representation and Presentation of Product Manufa
cturing Information (PMI)---4.0---2014-10-13''CAx-IF Rec.Pracs.---3D Tessellated Geometry---0.4---2014-09-14''2;1''CAx-IF Rec.Pracs.---User Defined Attributes---1.5---2016-08-15'),'2;1');
/*name */
/*time_stamp */
/*author */
/*organization */
/*preprocessor_version */
/*originating_system */
/*authorisation */
FILE_NAME('/vol/tmp/translate-6180314913063412301/Case.step','2026-03-20T04:34:29',(''),(''),'ST-DEVELOPER v20','ONSHAPE BY PTC INC, 1.212','  ');
FILE_SCHEMA(('AP242_MANAGED_MODEL_BASED_3D_ENGINEERING_MIM_LF { 1 0 10303 442 3 1 4 }'));
ENDSEC;
DATA;
#10=ELLIPSE('',#8536,0.000707106781186548,0.0005);
#11=ELLIPSE('',#8537,0.000707106781186548,0.0005);
#12=ELLIPSE('',#8539,0.000707106781186548,0.0005);
#13=ELLIPSE('',#8540,0.000707106781186548,0.0005);
#14=ELLIPSE('',#8542,0.000707106781186548,0.0005);
#15=ELLIPSE('',#8543,0.000707106781186548,0.0005);
#16=ELLIPSE('',#8548,0.000707106781186548,0.0005);
#17=ELLIPSE('',#8549,0.000707106781186548,0.0005);
#18=ELLIPSE('',#8551,0.000707106781186548,0.0005);
#19=ELLIPSE('',#8552,0.000707106781186548,0.0005);
#20=ELLIPSE('',#8554,0.000707106781186548,0.0005);
#21=ELLIPSE('',#8555,0.000707106781186548,0.0005);
#22=ELLIPSE('',#8603,0.000856915994909623,0.0008);
#23=ELLIPSE('',#8604,0.000856915994909623,0.0008);
#24=ELLIPSE('',#8605,0.000856915994909623,0.0008);
#25=ELLIPSE('',#8606,0.000856915994909623,0.0008);
#26=ELLIPSE('',#8607,0.000856915994909623,0.0008);
#27=ELLIPSE('',#8608,0.000856915994909623,0.0008);
#28=ELLIPSE('',#8609,0.000856915994909623,0.0008);
#29=ELLIPSE('',#8610,0.000856915994909623,0.0008);
#30=ELLIPSE('',#8675,0.00036541072781187,0.00035);
#31=ELLIPSE('',#8676,0.00036541072781187,0.00035);
#32=ELLIPSE('',#8677,0.00036541072781187,0.00035);
#33=ELLIPSE('',#8678,0.00036541072781187,0.00035);
#34=ELLIPSE('',#8679,0.00036541072781187,0.00035);
#35=ELLIPSE('',#8680,0.00036541072781187,0.00035);
#36=ELLIPSE('',#8686,0.000801953518464938,0.0008);
#37=ELLIPSE('',#8687,0.000801953518464938,0.0008);
#38=ELLIPSE('',#8688,0.000801953518464938,0.0008);
#39=ELLIPSE('',#8689,0.000801953518464938,0.0008);
#40=ELLIPSE('',#8701,0.000801953518464938,0.0008);
#41=ELLIPSE('',#8702,0.000801953518464938,0.0008);
#42=ELLIPSE('',#8703,0.000801953518464938,0.0008);
#43=ELLIPSE('',#8704,0.000801953518464938,0.0008);
#44=ELLIPSE('',#8845,0.004,0.0005);
#45=SHAPE_REPRESENTATION_RELATIONSHIP('','',#8379,#50);
#46=SHAPE_REPRESENTATION_RELATIONSHIP('','',#8380,#51);
#47=SHAPE_REPRESENTATION_RELATIONSHIP('','',#8381,#52);
#48=SHAPE_REPRESENTATION_RELATIONSHIP('','',#8382,#53);
#49=SHAPE_REPRESENTATION_RELATIONSHIP('','',#8383,#54);
#50=ADVANCED_BREP_SHAPE_REPRESENTATION('',(#8369),#16315);
#51=ADVANCED_BREP_SHAPE_REPRESENTATION('',(#8370),#16316);
#52=ADVANCED_BREP_SHAPE_REPRESENTATION('',(#8371),#16317);
#53=ADVANCED_BREP_SHAPE_REPRESENTATION('',(#8372),#16318);
#54=ADVANCED_BREP_SHAPE_REPRESENTATION('',(#8373),#16319);
#55=CONICAL_SURFACE('',#8409,0.00966168198095886,0.785396028545592);
#56=CONICAL_SURFACE('',#8412,0.00966490947930619,0.785395824960876);
#57=CONICAL_SURFACE('',#8748,0.00205,0.785398163397448);
#58=CONICAL_SURFACE('',#8943,0.00966168197689904,0.785396028546123);
#59=CONICAL_SURFACE('',#8946,0.00966490948574163,0.785395824960426);
#60=CONICAL_SURFACE('',#8973,0.00966168197646134,0.785396028545359);
#61=CONICAL_SURFACE('',#8976,0.00966490947922907,0.785395824960028);
#62=B_SPLINE_SURFACE_WITH_KNOTS('',3,3,((#11049,#11050,#11051,#11052),(#11053,
#11054,#11055,#11056),(#11057,#11058,#11059,#11060),(#11061,#11062,#11063,
#11064)),.UNSPECIFIED.,.F.,.F.,.F.,(4,4),(4,4),(0.777342691915309,1.),(0.0878149960871595,0.302185050697225),.UNSPECIFIED.);
#63=B_SPLINE_SURFACE_WITH_KNOTS('',1,3,((#11128,#11129,#11130,#11131),(#11132,
#11133,#11134,#11135)),.RULED_SURF.,.F.,.F.,.F.,(2,2),(4,4),(0.,1.),(0.450246022578336,0.470301049259849),.PIECEWISE_BEZIER_KNOTS.);
#64=B_SPLINE_SURFACE_WITH_KNOTS('',1,3,((#11149,#11150,#11151,#11152,#11153,
#11154,#11155,#11156,#11157,#11158,#11159,#11160),(#11161,#11162,#11163,
#11164,#11165,#11166,#11167,#11168,#11169,#11170,#11171,#11172)),.RULED_SURF.,.F.,.F.,.F.,(2,2),(4,2,2,2,2,4),(0.,1.),(0.301850149559764,0.37604808606905,0.394597570196371,0.413147054323693,0.431696538451015,0.450246022578336),.UNSPECIFIED.);
#65=B_SPLINE_SURFACE_WITH_KNOTS('',1,3,((#11182,#11183,#11184,#11185,#11186,
#11187,#11188,#11189),(#11190,#11191,#11192,#11193,#11194,#11195,#11196,
#11197)),.RULED_SURF.,.F.,.F.,.F.,(2,2),(4,2,2,4),(0.,1.),(0.259405627485075,0.280627888522421,0.291239019041095,0.301850149559768),.UNSPECIFIED.);
#66=B_SPLINE_SURFACE_WITH_KNOTS('',1,3,((#11202,#11203,#11204,#11205,#11206,
#11207,#11208,#11209,#11210,#11211),(#11212,#11213,#11214,#11215,#11216,
#11217,#11218,#11219,#11220,#11221)),.RULED_SURF.,.F.,.F.,.F.,(2,2),(4,2,2,2,4),(0.,1.),(0.648635870514778,0.665636620661865,0.674136995735408,0.67838718327218,0.682637370808951),.UNSPECIFIED.);
#67=B_SPLINE_SURFACE_WITH_KNOTS('',1,3,((#11226,#11227,#11228,#11229,#11230,
#11231),(#11232,#11233,#11234,#11235,#11236,#11237)),.RULED_SURF.,.F.,.F.,.F.,(2,2),(4,2,4),(0.,1.),(0.109701480159235,0.184553553822155,0.259405627485075),.UNSPECIFIED.);
#68=B_SPLINE_SURFACE_WITH_KNOTS('',1,3,((#11247,#11248,#11249,#11250),(#11251,
#11252,#11253,#11254)),.RULED_SURF.,.F.,.F.,.F.,(2,2),(4,4),(0.,1.),(0.0911127497659471,0.109701480159235),.PIECEWISE_BEZIER_KNOTS.);
#69=B_SPLINE_SURFACE_WITH_KNOTS('',1,3,((#11259,#11260,#11261,#11262,#11263,
#11264,#11265,#11266),(#11267,#11268,#11269,#11270,#11271,#11272,#11273,
#11274)),.RULED_SURF.,.F.,.F.,.F.,(2,2),(4,2,2,4),(0.,1.),(0.879008802581323,0.887220214953334,0.895431627325344,0.911854452069364),.UNSPECIFIED.);
#70=B_SPLINE_SURFACE_WITH_KNOTS('',3,1,((#11462,#11463),(#11464,#11465),(#11466,#11467),(#11468,#11469)),.SURF_OF_LINEAR_EXTRUSION.,.F.,.F.,.F.,(4,4),(2,2),(0.315601854340142,0.999999999999141),(0.,1.),.PIECEWISE_BEZIER_KNOTS.);
#71=B_SPLINE_SURFACE_WITH_KNOTS('',3,1,((#11489,#11490),(#11491,#11492),(#11493,#11494),(#11495,#11496)),.SURF_OF_LINEAR_EXTRUSION.,.F.,.F.,.F.,(4,4),(2,2),(0.315601854339353,0.999999999998282),(0.,1.),.PIECEWISE_BEZIER_KNOTS.);
#72=B_SPLINE_SURFACE_WITH_KNOTS('',3,3,((#11511,#11512,#11513,#11514),(#11515,
#11516,#11517,#11518),(#11519,#11520,#11521,#11522),(#11523,#11524,#11525,
#11526),(#11527,#11528,#11529,#11530),(#11531,#11532,#11533,#11534),(#11535,
#11536,#11537,#11538)),.UNSPECIFIED.,.F.,.F.,.F.,(4,1,1,1,4),(4,4),(0.,0.197485504425892,0.338546579015814,0.479607653605737,0.677093158031628),(0.2,1.),.UNSPECIFIED.);
#73=B_SPLINE_SURFACE_WITH_KNOTS('',3,3,((#11563,#11564,#11565,#11566),(#11567,
#11568,#11569,#11570),(#11571,#11572,#11573,#11574),(#11575,#11576,#11577,
#11578),(#11579,#11580,#11581,#11582),(#11583,#11584,#11585,#11586),(#11587,
#11588,#11589,#11590)),.UNSPECIFIED.,.F.,.F.,.F.,(4,1,1,1,4),(4,4),(0.,0.19748550442552,0.338546579015177,0.479607653604835,0.677093158030355),(0.,0.8),.UNSPECIFIED.);
#74=B_SPLINE_SURFACE_WITH_KNOTS('',3,1,((#12086,#12087),(#12088,#12089),(#12090,#12091),(#12092,#12093)),.SURF_OF_LINEAR_EXTRUSION.,.F.,.F.,.F.,(4,4),(2,2),(4.56512335300991E-09,0.999999999998282),(0.,1.),.PIECEWISE_BEZIER_KNOTS.);
#75=B_SPLINE_SURFACE_WITH_KNOTS('',3,1,((#12142,#12143),(#12144,#12145),(#12146,#12147),(#12148,#12149)),.SURF_OF_LINEAR_EXTRUSION.,.F.,.F.,.F.,(4,4),(2,2),(4.56512335300991E-09,0.999999999999141),(0.,1.),.PIECEWISE_BEZIER_KNOTS.);
#76=B_SPLINE_SURFACE_WITH_KNOTS('',3,1,((#12639,#12640),(#12641,#12642),(#12643,#12644),(#12645,#12646)),.SURF_OF_LINEAR_EXTRUSION.,.F.,.F.,.F.,(4,4),(2,2),(0.730635485716964,0.999999999999602),(0.,1.),.PIECEWISE_BEZIER_KNOTS.);
#77=B_SPLINE_SURFACE_WITH_KNOTS('',3,1,((#12668,#12669),(#12670,#12671),(#12672,#12673),(#12674,#12675)),.SURF_OF_LINEAR_EXTRUSION.,.F.,.F.,.F.,(4,4),(2,2),(0.730635485716964,0.999999999998282),(0.,1.),.PIECEWISE_BEZIER_KNOTS.);
#78=B_SPLINE_SURFACE_WITH_KNOTS('',3,1,((#12691,#12692),(#12693,#12694),(#12695,#12696),(#12697,#12698)),.SURF_OF_LINEAR_EXTRUSION.,.F.,.F.,.F.,(4,4),(2,2),(4.56512325754273E-09,0.219968649847533),(0.,1.),.PIECEWISE_BEZIER_KNOTS.);
#79=B_SPLINE_SURFACE_WITH_KNOTS('',3,1,((#12716,#12717),(#12718,#12719),(#12720,#12721),(#12722,#12723)),.SURF_OF_LINEAR_EXTRUSION.,.F.,.F.,.F.,(4,4),(2,2),(4.56512325754273E-09,0.219968649847532),(0.,1.),.PIECEWISE_BEZIER_KNOTS.);
#80=B_SPLINE_SURFACE_WITH_KNOTS('',3,3,((#12735,#12736,#12737,#12738,#12739,
#12740,#12741,#12742,#12743,#12744,#12745,#12746,#12747,#12748,#12749,#12750,
#12751,#12752),(#12753,#12754,#12755,#12756,#12757,#12758,#12759,#12760,
#12761,#12762,#12763,#12764,#12765,#12766,#12767,#12768,#12769,#12770),(#12771,#12772,#12773,#12774,#12775,#12776,#12777,#12778,#12779,#12780,
#12781,#12782,#12783,#12784,#12785,#12786,#12787,#12788),(#12789,#12790,
#12791,#12792,#12793,#12794,#12795,#12796,#12797,#12798,#12799,#12800,#12801,
#12802,#12803,#12804,#12805,#12806)),.UNSPECIFIED.,.F.,.F.,.F.,(4,4),(4,2,2,2,2,2,2,2,4),(0.,1.),(0.0821764700481118,0.0980184415946802,0.113860413141249,0.129702384687817,0.145544356234385,0.161386327780954,0.177228299327522,0.193070270874091,0.208912242420659),.UNSPECIFIED.);
#81=B_SPLINE_SURFACE_WITH_KNOTS('',3,1,((#12902,#12903),(#12904,#12905),(#12906,#12907),(#12908,#12909)),.SURF_OF_LINEAR_EXTRUSION.,.F.,.F.,.F.,(4,4),(2,2),(4.56512325754273E-09,0.219968649847533),(0.,1.),.PIECEWISE_BEZIER_KNOTS.);
#82=B_SPLINE_SURFACE_WITH_KNOTS('',3,1,((#12921,#12922),(#12923,#12924),(#12925,#12926),(#12927,#12928)),.SURF_OF_LINEAR_EXTRUSION.,.F.,.F.,.F.,(4,4),(2,2),(0.730635485716884,0.999999999998282),(0.,1.),.PIECEWISE_BEZIER_KNOTS.);
#83=B_SPLINE_SURFACE_WITH_KNOTS('',3,3,((#12945,#12946,#12947,#12948,#12949,
#12950,#12951,#12952,#12953,#12954,#12955,#12956,#12957,#12958,#12959,#12960,
#12961,#12962),(#12963,#12964,#12965,#12966,#12967,#12968,#12969,#12970,
#12971,#12972,#12973,#12974,#12975,#12976,#12977,#12978,#12979,#12980),(#12981,#12982,#12983,#12984,#12985,#12986,#12987,#12988,#12989,#12990,
#12991,#12992,#12993,#12994,#12995,#12996,#12997,#12998),(#12999,#13000,
#13001,#13002,#13003,#13004,#13005,#13006,#13007,#13008,#13009,#13010,#13011,
#13012,#13013,#13014,#13015,#13016)),.UNSPECIFIED.,.F.,.F.,.F.,(4,4),(4,2,2,2,2,2,2,2,4),(0.,1.),(0.291088712468771,0.306930564654161,0.32277241683955,0.33861426902494,0.354456121210329,0.370297973395719,0.386139825581109,0.401981677766498,0.417823529951888),.UNSPECIFIED.);
#84=B_SPLINE_SURFACE_WITH_KNOTS('',3,1,((#13117,#13118),(#13119,#13120),(#13121,#13122),(#13123,#13124)),.SURF_OF_LINEAR_EXTRUSION.,.F.,.F.,.F.,(4,4),(2,2),(4.56512325754273E-09,0.219968649847532),(0.,1.),.PIECEWISE_BEZIER_KNOTS.);
#85=B_SPLINE_SURFACE_WITH_KNOTS('',3,1,((#13130,#13131),(#13132,#13133),(#13134,#13135),(#13136,#13137)),.SURF_OF_LINEAR_EXTRUSION.,.F.,.F.,.F.,(4,4),(2,2),(0.730635485716884,0.999999999999602),(0.,1.),.PIECEWISE_BEZIER_KNOTS.);
#86=B_SPLINE_SURFACE_WITH_KNOTS('',1,3,((#13369,#13370,#13371,#13372,#13373,
#13374,#13375,#13376,#13377,#13378,#13379,#13380,#13381,#13382,#13383,#13384,
#13385,#13386),(#13387,#13388,#13389,#13390,#13391,#13392,#13393,#13394,
#13395,#13396,#13397,#13398,#13399,#13400,#13401,#13402,#13403,#13404)),.RULED_SURF.,.F.,.F.,.F.,(2,2),(4,2,2,2,2,2,2,2,4),(0.,0.846747794364616),(0.291088712468771,0.306930564654161,0.32277241683955,0.33861426902494,0.354456121210329,0.370297973395719,0.386139825581109,0.401981677766498,0.417823529951888),.UNSPECIFIED.);
#87=B_SPLINE_SURFACE_WITH_KNOTS('',1,3,((#13416,#13417,#13418,#13419,#13420,
#13421,#13422,#13423,#13424,#13425,#13426,#13427,#13428,#13429,#13430,#13431,
#13432,#13433),(#13434,#13435,#13436,#13437,#13438,#13439,#13440,#13441,
#13442,#13443,#13444,#13445,#13446,#13447,#13448,#13449,#13450,#13451)),.RULED_SURF.,.F.,.F.,.F.,(2,2),(4,2,2,2,2,2,2,2,4),(0.,0.846747794364616),(0.582176470048112,0.59801844159468,0.613860413141249,0.629702384687817,0.645544356234385,0.661386327780954,0.677228299327522,0.693070270874091,0.708912242420659),.UNSPECIFIED.);
#88=B_SPLINE_SURFACE_WITH_KNOTS('',1,3,((#13481,#13482,#13483,#13484,#13485,
#13486,#13487,#13488,#13489,#13490,#13491,#13492,#13493,#13494,#13495,#13496,
#13497,#13498),(#13499,#13500,#13501,#13502,#13503,#13504,#13505,#13506,
#13507,#13508,#13509,#13510,#13511,#13512,#13513,#13514,#13515,#13516)),.RULED_SURF.,.F.,.F.,.F.,(2,2),(4,2,2,2,2,2,2,2,4),(0.,0.846747794364616),(0.0821764700481118,0.0980184415946802,0.113860413141249,0.129702384687817,0.145544356234385,0.161386327780954,0.177228299327522,0.193070270874091,0.208912242420659),.UNSPECIFIED.);
#89=B_SPLINE_SURFACE_WITH_KNOTS('',1,3,((#13528,#13529,#13530,#13531,#13532,
#13533,#13534,#13535,#13536,#13537,#13538,#13539,#13540,#13541,#13542,#13543,
#13544,#13545),(#13546,#13547,#13548,#13549,#13550,#13551,#13552,#13553,
#13554,#13555,#13556,#13557,#13558,#13559,#13560,#13561,#13562,#13563)),.RULED_SURF.,.F.,.F.,.F.,(2,2),(4,2,2,2,2,2,2,2,4),(0.,0.846747794364616),(0.791088712468771,0.806930564654161,0.82277241683955,0.83861426902494,0.85445612121033,0.870297973395719,0.886139825581109,0.901981677766499,0.917823529951888),.UNSPECIFIED.);
#90=B_SPLINE_SURFACE_WITH_KNOTS('',3,1,((#13593,#13594),(#13595,#13596),(#13597,#13598),(#13599,#13600)),.SURF_OF_LINEAR_EXTRUSION.,.F.,.F.,.F.,(4,4),(2,2),(2.28256123373579E-09,0.999999999998282),(0.,1.),.PIECEWISE_BEZIER_KNOTS.);
#91=B_SPLINE_SURFACE_WITH_KNOTS('',3,1,((#13659,#13660),(#13661,#13662),(#13663,#13664),(#13665,#13666)),.SURF_OF_LINEAR_EXTRUSION.,.F.,.F.,.F.,(4,4),(2,2),(2.28256123373579E-09,0.999999999998282),(0.,1.),.PIECEWISE_BEZIER_KNOTS.);
#92=B_SPLINE_SURFACE_WITH_KNOTS('',3,3,((#13724,#13725,#13726,#13727,#13728,
#13729,#13730,#13731,#13732,#13733,#13734,#13735,#13736,#13737,#13738,#13739,
#13740,#13741),(#13742,#13743,#13744,#13745,#13746,#13747,#13748,#13749,
#13750,#13751,#13752,#13753,#13754,#13755,#13756,#13757,#13758,#13759),(#13760,#13761,#13762,#13763,#13764,#13765,#13766,#13767,#13768,#13769,
#13770,#13771,#13772,#13773,#13774,#13775,#13776,#13777),(#13778,#13779,
#13780,#13781,#13782,#13783,#13784,#13785,#13786,#13787,#13788,#13789,#13790,
#13791,#13792,#13793,#13794,#13795)),.UNSPECIFIED.,.F.,.F.,.F.,(4,4),(4,2,2,2,2,2,2,2,4),(0.,1.),(0.582176470048112,0.59801844159468,0.613860413141249,0.629702384687817,0.645544356234385,0.661386327780954,0.677228299327522,0.693070270874091,0.708912242420659),.UNSPECIFIED.);
#93=B_SPLINE_SURFACE_WITH_KNOTS('',3,3,((#13862,#13863,#13864,#13865,#13866,
#13867,#13868,#13869,#13870,#13871,#13872,#13873,#13874,#13875,#13876,#13877,
#13878,#13879),(#13880,#13881,#13882,#13883,#13884,#13885,#13886,#13887,
#13888,#13889,#13890,#13891,#13892,#13893,#13894,#13895,#13896,#13897),(#13898,#13899,#13900,#13901,#13902,#13903,#13904,#13905,#13906,#13907,
#13908,#13909,#13910,#13911,#13912,#13913,#13914,#13915),(#13916,#13917,
#13918,#13919,#13920,#13921,#13922,#13923,#13924,#13925,#13926,#13927,#13928,
#13929,#13930,#13931,#13932,#13933)),.UNSPECIFIED.,.F.,.F.,.F.,(4,4),(4,2,2,2,2,2,2,2,4),(0.,1.),(0.791088712468771,0.806930564654161,0.82277241683955,0.83861426902494,0.85445612121033,0.870297973395719,0.886139825581109,0.901981677766499,0.917823529951888),.UNSPECIFIED.);
#94=B_SPLINE_SURFACE_WITH_KNOTS('',1,3,((#14417,#14418,#14419,#14420,#14421,
#14422,#14423,#14424,#14425,#14426,#14427,#14428,#14429,#14430,#14431,#14432,
#14433,#14434),(#14435,#14436,#14437,#14438,#14439,#14440,#14441,#14442,
#14443,#14444,#14445,#14446,#14447,#14448,#14449,#14450,#14451,#14452)),.RULED_SURF.,.F.,.F.,.F.,(2,2),(4,2,2,2,2,2,2,2,4),(0.,1.),(0.500000259498849,0.534229881995775,0.551344693244238,0.568459504492701,0.577016910116933,0.585574315741164,0.602689126989627,0.61980393823809,0.636918749486553),.UNSPECIFIED.);
#95=B_SPLINE_SURFACE_WITH_KNOTS('',1,3,((#14457,#14458,#14459,#14460,#14461,
#14462,#14463,#14464,#14465,#14466,#14467,#14468,#14469,#14470,#14471,#14472),(#14473,#14474,#14475,#14476,#14477,#14478,#14479,#14480,#14481,#14482,
#14483,#14484,#14485,#14486,#14487,#14488)),.RULED_SURF.,.F.,.F.,.F.,(2,2),(4,2,2,2,2,2,2,4),(0.,1.),(0.28768779636105,0.304803596578744,0.321919396796437,0.339035197014131,0.356150997231825,0.373266797449518,0.390382597667212,0.424614198102599),.UNSPECIFIED.);
#96=B_SPLINE_SURFACE_WITH_KNOTS('',1,3,((#14503,#14504,#14505,#14506,#14507,
#14508,#14509,#14510,#14511,#14512,#14513,#14514,#14515,#14516,#14517,#14518),(#14519,#14520,#14521,#14522,#14523,#14524,#14525,#14526,#14527,#14528,
#14529,#14530,#14531,#14532,#14533,#14534)),.RULED_SURF.,.F.,.F.,.F.,(2,2),(4,2,2,2,2,2,2,4),(0.,1.),(0.787687796361052,0.804803596578746,0.821919396796439,0.839035197014133,0.856150997231826,0.873266797449519,0.890382597667213,0.9246141981026),.UNSPECIFIED.);
#97=B_SPLINE_SURFACE_WITH_KNOTS('',1,3,((#14539,#14540,#14541,#14542,#14543,
#14544,#14545,#14546,#14547,#14548,#14549,#14550,#14551,#14552,#14553,#14554),(#14555,#14556,#14557,#14558,#14559,#14560,#14561,#14562,#14563,#14564,
#14565,#14566,#14567,#14568,#14569,#14570)),.RULED_SURF.,.F.,.F.,.F.,(2,2),(4,2,2,2,2,2,2,4),(0.,1.),(1.00001270001527,1.03424361239897,1.05135906859082,1.06847452478267,1.08558998097452,1.10270543716637,1.11982089335822,1.13693634955007),.UNSPECIFIED.);
#98=B_SPLINE_SURFACE_WITH_KNOTS('',1,3,((#14585,#14586,#14587,#14588,#14589,
#14590,#14591,#14592),(#14593,#14594,#14595,#14596,#14597,#14598,#14599,
#14600)),.RULED_SURF.,.F.,.F.,.F.,(2,2),(4,2,2,4),(0.,1.),(0.50001025422502,0.563625068714402,0.595432475959093,0.627239883203784),.UNSPECIFIED.);
#99=B_SPLINE_SURFACE_WITH_KNOTS('',1,3,((#14610,#14611,#14612,#14613,#14614,
#14615,#14616,#14617,#14618,#14619,#14620,#14621,#14622,#14623,#14624,#14625,
#14626,#14627),(#14628,#14629,#14630,#14631,#14632,#14633,#14634,#14635,
#14636,#14637,#14638,#14639,#14640,#14641,#14642,#14643,#14644,#14645)),.RULED_SURF.,.F.,.F.,.F.,(2,2),(4,2,2,2,2,2,2,2,4),(0.,1.),(0.627239883203783,0.638296811091494,0.649353738979205,0.660410666866916,0.671467594754628,0.682524522642339,0.69358145053005,0.704638378417761,0.715695306305472),.UNSPECIFIED.);
#100=B_SPLINE_SURFACE_WITH_KNOTS('',1,3,((#14650,#14651,#14652,#14653,#14654,
#14655,#14656,#14657),(#14658,#14659,#14660,#14661,#14662,#14663,#14664,
#14665)),.RULED_SURF.,.F.,.F.,.F.,(2,2),(4,2,2,4),(0.,1.),(0.240340177899172,0.272143797293514,0.303947416687857,0.36755465547654),.UNSPECIFIED.);
#101=B_SPLINE_SURFACE_WITH_KNOTS('',1,3,((#14670,#14671,#14672,#14673,#14674,
#14675,#14676,#14677,#14678,#14679),(#14680,#14681,#14682,#14683,#14684,
#14685,#14686,#14687,#14688,#14689)),.RULED_SURF.,.F.,.F.,.F.,(2,2),(4,2,2,2,4),(0.,1.),(0.715695306305469,0.753662006858769,0.791628707412068,0.829595407965368,0.867562108518667),.UNSPECIFIED.);
#102=B_SPLINE_SURFACE_WITH_KNOTS('',1,3,((#14694,#14695,#14696,#14697,#14698,
#14699,#14700,#14701,#14702,#14703,#14704,#14705,#14706,#14707,#14708,#14709),(#14710,#14711,#14712,#14713,#14714,#14715,#14716,#14717,#14718,#14719,
#14720,#14721,#14722,#14723,#14724,#14725)),.RULED_SURF.,.F.,.F.,.F.,(2,2),(4,2,2,2,2,2,2,4),(0.,1.),(0.15188395141739,0.162940979727612,0.173998008037835,0.185055036348058,0.19611206465828,0.207169092968503,0.218226121278726,0.240340177899172),.UNSPECIFIED.);
#103=B_SPLINE_SURFACE_WITH_KNOTS('',1,3,((#14735,#14736,#14737,#14738,#14739,
#14740,#14741,#14742,#14743,#14744,#14745,#14746),(#14747,#14748,#14749,
#14750,#14751,#14752,#14753,#14754,#14755,#14756,#14757,#14758)),.RULED_SURF.,.F.,.F.,.F.,(2,2),(4,2,2,2,2,4),(0.,1.),(4.32489290024332E-06,0.0379742315240225,0.0759441381551448,0.113914044786267,0.132898998101828,0.15188395141739),.UNSPECIFIED.);
#104=B_SPLINE_SURFACE_WITH_KNOTS('',1,3,((#14773,#14774,#14775,#14776,#14777,
#14778,#14779,#14780),(#14781,#14782,#14783,#14784,#14785,#14786,#14787,
#14788)),.RULED_SURF.,.F.,.F.,.F.,(2,2),(4,2,2,4),(0.,1.),(0.500010253882364,0.563625068437399,0.595432475714917,0.627239882992434),.UNSPECIFIED.);
#105=B_SPLINE_SURFACE_WITH_KNOTS('',1,3,((#14798,#14799,#14800,#14801,#14802,
#14803,#14804,#14805,#14806,#14807,#14808,#14809,#14810,#14811,#14812,#14813,
#14814,#14815),(#14816,#14817,#14818,#14819,#14820,#14821,#14822,#14823,
#14824,#14825,#14826,#14827,#14828,#14829,#14830,#14831,#14832,#14833)),.RULED_SURF.,.F.,.F.,.F.,(2,2),(4,2,2,2,2,2,2,2,4),(0.,1.),(0.627239882992433,0.638296810860231,0.649353738728029,0.660410666595826,0.671467594463624,0.682524522331422,0.693581450199219,0.704638378067017,0.715695305934815),.UNSPECIFIED.);
#106=B_SPLINE_SURFACE_WITH_KNOTS('',1,3,((#14838,#14839,#14840,#14841,#14842,
#14843,#14844,#14845),(#14846,#14847,#14848,#14849,#14850,#14851,#14852,
#14853)),.RULED_SURF.,.F.,.F.,.F.,(2,2),(4,2,2,4),(0.,1.),(0.240340177686309,0.27214379704818,0.30394741641005,0.367554655133791),.UNSPECIFIED.);
#107=B_SPLINE_SURFACE_WITH_KNOTS('',1,3,((#14858,#14859,#14860,#14861,#14862,
#14863,#14864,#14865,#14866,#14867),(#14868,#14869,#14870,#14871,#14872,
#14873,#14874,#14875,#14876,#14877)),.RULED_SURF.,.F.,.F.,.F.,(2,2),(4,2,2,2,4),(0.,1.),(0.715695305934812,0.753662006582976,0.791628707231139,0.829595407879303,0.867562108527467),.UNSPECIFIED.);
#108=B_SPLINE_SURFACE_WITH_KNOTS('',1,3,((#14882,#14883,#14884,#14885,#14886,
#14887,#14888,#14889,#14890,#14891,#14892,#14893,#14894,#14895,#14896,#14897),(#14898,#14899,#14900,#14901,#14902,#14903,#14904,#14905,#14906,#14907,
#14908,#14909,#14910,#14911,#14912,#14913)),.RULED_SURF.,.F.,.F.,.F.,(2,2),(4,2,2,2,2,2,2,4),(0.,1.),(0.1518839510546,0.162940979383564,0.173998007712528,0.185055036041492,0.196112064370455,0.207169092699418,0.218226121028382,0.240340177686309),.UNSPECIFIED.);
#109=B_SPLINE_SURFACE_WITH_KNOTS('',1,3,((#14923,#14924,#14925,#14926,#14927,
#14928,#14929,#14930,#14931,#14932,#14933,#14934),(#14935,#14936,#14937,
#14938,#14939,#14940,#14941,#14942,#14943,#14944,#14945,#14946)),.RULED_SURF.,.F.,.F.,.F.,(2,2),(4,2,2,2,2,4),(0.,1.),(4.32489274571235E-06,0.0379742314332095,0.0759441379736732,0.113914044514137,0.132898997784369,0.1518839510546),.UNSPECIFIED.);
#110=B_SPLINE_SURFACE_WITH_KNOTS('',3,3,((#15154,#15155,#15156,#15157),(#15158,#15159,#15160,#15161),(#15162,#15163,#15164,#15165),(#15166,#15167,
#15168,#15169),(#15170,#15171,#15172,#15173),(#15174,#15175,#15176,#15177),(#15178,#15179,#15180,#15181)),.UNSPECIFIED.,.F.,.F.,.F.,(4,1,1,1,4),(4,4),(0.,0.199788452185905,0.342494489461551,0.485200526737197,0.684988978923102),(0.,0.811427234421441),.UNSPECIFIED.);
#111=B_SPLINE_SURFACE_WITH_KNOTS('',3,3,((#15217,#15218,#15219,#15220),(#15221,#15222,#15223,#15224),(#15225,#15226,#15227,#15228),(#15229,#15230,
#15231,#15232),(#15233,#15234,#15235,#15236),(#15237,#15238,#15239,#15240),(#15241,#15242,#15243,#15244)),.UNSPECIFIED.,.F.,.F.,.F.,(4,1,1,1,4),(4,4),(0.,0.199788452185905,0.342494489461551,0.485200526737197,0.684988978923102),(0.188572765578558,1.),.UNSPECIFIED.);
#112=B_SPLINE_SURFACE_WITH_KNOTS('',3,1,((#15425,#15426),(#15427,#15428),(#15429,#15430),(#15431,#15432),(#15433,#15434),(#15435,#15436),(#15437,
#15438)),.SURF_OF_LINEAR_EXTRUSION.,.F.,.F.,.F.,(4,1,1,1,4),(2,2),(3.14159265358425,3.92699081698308,4.71238898038192,5.49778714378075,6.28318530717959),(0.,1.),.UNSPECIFIED.);
#113=B_SPLINE_SURFACE_WITH_KNOTS('',3,3,((#15726,#15727,#15728,#15729),(#15730,#15731,#15732,#15733),(#15734,#15735,#15736,#15737),(#15738,#15739,
#15740,#15741)),.UNSPECIFIED.,.F.,.F.,.F.,(4,4),(4,4),(0.777342691915309,1.),(0.0878149960871391,0.302185050697215),.UNSPECIFIED.);
#114=B_SPLINE_SURFACE_WITH_KNOTS('',1,3,((#15805,#15806,#15807,#15808),(#15809,#15810,#15811,#15812)),.RULED_SURF.,.F.,.F.,.F.,(2,2),(4,4),(0.,1.),(0.450246022578329,0.470301049259845),.PIECEWISE_BEZIER_KNOTS.);
#115=B_SPLINE_SURFACE_WITH_KNOTS('',1,3,((#15826,#15827,#15828,#15829,#15830,
#15831,#15832,#15833,#15834,#15835,#15836,#15837),(#15838,#15839,#15840,
#15841,#15842,#15843,#15844,#15845,#15846,#15847,#15848,#15849)),.RULED_SURF.,.F.,.F.,.F.,(2,2),(4,2,2,2,2,4),(0.,1.),(0.30185014955977,0.376048086069049,0.394597570196369,0.413147054323689,0.431696538451009,0.450246022578329),.UNSPECIFIED.);
#116=B_SPLINE_SURFACE_WITH_KNOTS('',1,3,((#15859,#15860,#15861,#15862,#15863,
#15864,#15865,#15866),(#15867,#15868,#15869,#15870,#15871,#15872,#15873,
#15874)),.RULED_SURF.,.F.,.F.,.F.,(2,2),(4,2,2,4),(0.,1.),(0.259405627485077,0.280627888522425,0.2912390190411,0.301850149559774),.UNSPECIFIED.);
#117=B_SPLINE_SURFACE_WITH_KNOTS('',1,3,((#15879,#15880,#15881,#15882,#15883,
#15884,#15885,#15886,#15887,#15888),(#15889,#15890,#15891,#15892,#15893,
#15894,#15895,#15896,#15897,#15898)),.RULED_SURF.,.F.,.F.,.F.,(2,2),(4,2,2,2,4),(0.,1.),(0.648635870514777,0.665636620661863,0.674136995735407,0.678387183272178,0.68263737080895),.UNSPECIFIED.);
#118=B_SPLINE_SURFACE_WITH_KNOTS('',1,3,((#15903,#15904,#15905,#15906,#15907,
#15908),(#15909,#15910,#15911,#15912,#15913,#15914)),.RULED_SURF.,.F.,.F.,.F.,(2,2),(4,2,4),(0.,1.),(0.109701480159236,0.184553553822156,0.259405627485077),.UNSPECIFIED.);
#119=B_SPLINE_SURFACE_WITH_KNOTS('',1,3,((#15924,#15925,#15926,#15927),(#15928,#15929,#15930,#15931)),.RULED_SURF.,.F.,.F.,.F.,(2,2),(4,4),(0.,1.),(0.0911127497659445,0.109701480159236),.PIECEWISE_BEZIER_KNOTS.);
#120=B_SPLINE_SURFACE_WITH_KNOTS('',1,3,((#15936,#15937,#15938,#15939,#15940,
#15941,#15942,#15943),(#15944,#15945,#15946,#15947,#15948,#15949,#15950,
#15951)),.RULED_SURF.,.F.,.F.,.F.,(2,2),(4,2,2,4),(0.,1.),(0.879008802581323,0.887220214953332,0.895431627325342,0.911854452069361),.UNSPECIFIED.);
#121=B_SPLINE_SURFACE_WITH_KNOTS('',3,3,((#16074,#16075,#16076,#16077),(#16078,#16079,#16080,#16081),(#16082,#16083,#16084,#16085),(#16086,#16087,
#16088,#16089)),.UNSPECIFIED.,.F.,.F.,.F.,(4,4),(4,4),(0.777342691915104,1.),(0.0878149960871537,0.302185050697232),.UNSPECIFIED.);
#122=B_SPLINE_SURFACE_WITH_KNOTS('',1,3,((#16153,#16154,#16155,#16156),(#16157,#16158,#16159,#16160)),.RULED_SURF.,.F.,.F.,.F.,(2,2),(4,4),(0.,1.),(0.450246022578314,0.470301049259848),.PIECEWISE_BEZIER_KNOTS.);
#123=B_SPLINE_SURFACE_WITH_KNOTS('',1,3,((#16174,#16175,#16176,#16177,#16178,
#16179,#16180,#16181,#16182,#16183,#16184,#16185),(#16186,#16187,#16188,
#16189,#16190,#16191,#16192,#16193,#16194,#16195,#16196,#16197)),.RULED_SURF.,.F.,.F.,.F.,(2,2),(4,2,2,2,2,4),(0.,1.),(0.301850149559769,0.376048086069041,0.394597570196359,0.413147054323677,0.431696538450996,0.450246022578314),.UNSPECIFIED.);
#124=B_SPLINE_SURFACE_WITH_KNOTS('',1,3,((#16207,#16208,#16209,#16210,#16211,
#16212,#16213,#16214),(#16215,#16216,#16217,#16218,#16219,#16220,#16221,
#16222)),.RULED_SURF.,.F.,.F.,.F.,(2,2),(4,2,2,4),(0.,1.),(0.259405627485076,0.280627888522424,0.291239019041099,0.301850149559773),.UNSPECIFIED.);
#125=B_SPLINE_SURFACE_WITH_KNOTS('',1,3,((#16227,#16228,#16229,#16230,#16231,
#16232,#16233,#16234,#16235,#16236),(#16237,#16238,#16239,#16240,#16241,
#16242,#16243,#16244,#16245,#16246)),.RULED_SURF.,.F.,.F.,.F.,(2,2),(4,2,2,2,4),(0.,1.),(0.648635870514776,0.665636620661864,0.674136995735407,0.678387183272179,0.682637370808951),.UNSPECIFIED.);
#126=B_SPLINE_SURFACE_WITH_KNOTS('',1,3,((#16251,#16252,#16253,#16254,#16255,
#16256),(#16257,#16258,#16259,#16260,#16261,#16262)),.RULED_SURF.,.F.,.F.,.F.,(2,2),(4,2,4),(0.,1.),(0.109701480159239,0.184553553822157,0.259405627485076),.UNSPECIFIED.);
#127=B_SPLINE_SURFACE_WITH_KNOTS('',1,3,((#16272,#16273,#16274,#16275),(#16276,#16277,#16278,#16279)),.RULED_SURF.,.F.,.F.,.F.,(2,2),(4,4),(0.,1.),(0.091112749765945,0.109701480159239),.PIECEWISE_BEZIER_KNOTS.);
#128=B_SPLINE_SURFACE_WITH_KNOTS('',1,3,((#16284,#16285,#16286,#16287,#16288,
#16289,#16290,#16291),(#16292,#16293,#16294,#16295,#16296,#16297,#16298,
#16299)),.RULED_SURF.,.F.,.F.,.F.,(2,2),(4,2,2,4),(0.,1.),(0.879008802581315,0.887220214953325,0.895431627325336,0.911854452069357),.UNSPECIFIED.);
#129=CYLINDRICAL_SURFACE('',#8403,0.0003);
#130=CYLINDRICAL_SURFACE('',#8404,0.0003);
#131=CYLINDRICAL_SURFACE('',#8405,0.0003);
#132=CYLINDRICAL_SURFACE('',#8406,0.0003);
#133=CYLINDRICAL_SURFACE('',#8407,0.0003);
#134=CYLINDRICAL_SURFACE('',#8469,0.001);
#135=CYLINDRICAL_SURFACE('',#8471,0.001);
#136=CYLINDRICAL_SURFACE('',#8479,0.001);
#137=CYLINDRICAL_SURFACE('',#8481,0.001);
#138=CYLINDRICAL_SURFACE('',#8486,0.001);
#139=CYLINDRICAL_SURFACE('',#8487,0.001);
#140=CYLINDRICAL_SURFACE('',#8488,0.001);
#141=CYLINDRICAL_SURFACE('',#8489,0.001);
#142=CYLINDRICAL_SURFACE('',#8493,0.001);
#143=CYLINDRICAL_SURFACE('',#8494,0.001);
#144=CYLINDRICAL_SURFACE('',#8495,0.001);
#145=CYLINDRICAL_SURFACE('',#8496,0.001);
#146=CYLINDRICAL_SURFACE('',#8500,0.001);
#147=CYLINDRICAL_SURFACE('',#8501,0.001);
#148=CYLINDRICAL_SURFACE('',#8502,0.001);
#149=CYLINDRICAL_SURFACE('',#8503,0.001);
#150=CYLINDRICAL_SURFACE('',#8507,0.001);
#151=CYLINDRICAL_SURFACE('',#8508,0.001);
#152=CYLINDRICAL_SURFACE('',#8509,0.001);
#153=CYLINDRICAL_SURFACE('',#8510,0.001);
#154=CYLINDRICAL_SURFACE('',#8556,0.0005);
#155=CYLINDRICAL_SURFACE('',#8557,0.0005);
#156=CYLINDRICAL_SURFACE('',#8558,0.0005);
#157=CYLINDRICAL_SURFACE('',#8559,0.0005);
#158=CYLINDRICAL_SURFACE('',#8560,0.0005);
#159=CYLINDRICAL_SURFACE('',#8561,0.0005);
#160=CYLINDRICAL_SURFACE('',#8562,0.0005);
#161=CYLINDRICAL_SURFACE('',#8563,0.0005);
#162=CYLINDRICAL_SURFACE('',#8564,0.0005);
#163=CYLINDRICAL_SURFACE('',#8565,0.0005);
#164=CYLINDRICAL_SURFACE('',#8566,0.0005);
#165=CYLINDRICAL_SURFACE('',#8567,0.0005);
#166=CYLINDRICAL_SURFACE('',#8594,0.0005);
#167=CYLINDRICAL_SURFACE('',#8595,0.0005);
#168=CYLINDRICAL_SURFACE('',#8596,0.0005);
#169=CYLINDRICAL_SURFACE('',#8597,0.0005);
#170=CYLINDRICAL_SURFACE('',#8683,0.00155);
#171=CYLINDRICAL_SURFACE('',#8694,0.0008);
#172=CYLINDRICAL_SURFACE('',#8695,0.0008);
#173=CYLINDRICAL_SURFACE('',#8696,0.0008);
#174=CYLINDRICAL_SURFACE('',#8697,0.0008);
#175=CYLINDRICAL_SURFACE('',#8698,0.00155);
#176=CYLINDRICAL_SURFACE('',#8709,0.0008);
#177=CYLINDRICAL_SURFACE('',#8710,0.0008);
#178=CYLINDRICAL_SURFACE('',#8711,0.0008);
#179=CYLINDRICAL_SURFACE('',#8712,0.0008);
#180=CYLINDRICAL_SURFACE('',#8725,0.001);
#181=CYLINDRICAL_SURFACE('',#8726,0.001);
#182=CYLINDRICAL_SURFACE('',#8727,0.001);
#183=CYLINDRICAL_SURFACE('',#8728,0.001);
#184=CYLINDRICAL_SURFACE('',#8737,0.00025);
#185=CYLINDRICAL_SURFACE('',#8738,0.00025);
#186=CYLINDRICAL_SURFACE('',#8739,0.00025);
#187=CYLINDRICAL_SURFACE('',#8740,0.00025);
#188=CYLINDRICAL_SURFACE('',#8741,0.00025);
#189=CYLINDRICAL_SURFACE('',#8742,0.00025);
#190=CYLINDRICAL_SURFACE('',#8743,0.00025);
#191=CYLINDRICAL_SURFACE('',#8744,0.00025);
#192=CYLINDRICAL_SURFACE('',#8745,0.00205);
#193=CYLINDRICAL_SURFACE('',#8792,0.000875);
#194=CYLINDRICAL_SURFACE('',#8794,0.000875);
#195=CYLINDRICAL_SURFACE('',#8799,0.001125);
#196=CYLINDRICAL_SURFACE('',#8800,0.001125);
#197=CYLINDRICAL_SURFACE('',#8804,0.000875);
#198=CYLINDRICAL_SURFACE('',#8806,0.000875);
#199=CYLINDRICAL_SURFACE('',#8811,0.001125);
#200=CYLINDRICAL_SURFACE('',#8812,0.001125);
#201=CYLINDRICAL_SURFACE('',#8816,0.001125);
#202=CYLINDRICAL_SURFACE('',#8818,0.001125);
#203=CYLINDRICAL_SURFACE('',#8823,0.000875);
#204=CYLINDRICAL_SURFACE('',#8825,0.000875);
#205=CYLINDRICAL_SURFACE('',#8828,0.000875);
#206=CYLINDRICAL_SURFACE('',#8830,0.000875);
#207=CYLINDRICAL_SURFACE('',#8838,0.001125);
#208=CYLINDRICAL_SURFACE('',#8839,0.001125);
#209=CYLINDRICAL_SURFACE('',#8846,0.0005);
#210=CYLINDRICAL_SURFACE('',#8847,0.0005);
#211=CYLINDRICAL_SURFACE('',#8848,0.0005);
#212=CYLINDRICAL_SURFACE('',#8849,0.0005);
#213=CYLINDRICAL_SURFACE('',#8850,0.0005);
#214=CYLINDRICAL_SURFACE('',#8851,0.0005);
#215=CYLINDRICAL_SURFACE('',#8852,0.0005);
#216=CYLINDRICAL_SURFACE('',#8853,0.0005);
#217=CYLINDRICAL_SURFACE('',#8854,0.0005);
#218=CYLINDRICAL_SURFACE('',#8855,0.0005);
#219=CYLINDRICAL_SURFACE('',#8856,0.0005);
#220=CYLINDRICAL_SURFACE('',#8857,0.0005);
#221=CYLINDRICAL_SURFACE('',#8860,0.00035);
#222=CYLINDRICAL_SURFACE('',#8862,0.00035);
#223=CYLINDRICAL_SURFACE('',#8864,0.00035);
#224=CYLINDRICAL_SURFACE('',#8869,0.00035);
#225=CYLINDRICAL_SURFACE('',#8871,0.00035);
#226=CYLINDRICAL_SURFACE('',#8880,0.00035);
#227=CYLINDRICAL_SURFACE('',#8882,0.00035);
#228=CYLINDRICAL_SURFACE('',#8884,0.00035);
#229=CYLINDRICAL_SURFACE('',#8889,0.00035);
#230=CYLINDRICAL_SURFACE('',#8891,0.00035);
#231=CYLINDRICAL_SURFACE('',#8899,0.00035);
#232=CYLINDRICAL_SURFACE('',#8902,0.00035);
#233=CYLINDRICAL_SURFACE('',#8904,0.00035);
#234=CYLINDRICAL_SURFACE('',#8909,0.00035);
#235=CYLINDRICAL_SURFACE('',#8911,0.00035);
#236=CYLINDRICAL_SURFACE('',#8937,0.0003);
#237=CYLINDRICAL_SURFACE('',#8938,0.0003);
#238=CYLINDRICAL_SURFACE('',#8939,0.0003);
#239=CYLINDRICAL_SURFACE('',#8940,0.0003);
#240=CYLINDRICAL_SURFACE('',#8941,0.0003);
#241=CYLINDRICAL_SURFACE('',#8967,0.0003);
#242=CYLINDRICAL_SURFACE('',#8968,0.0003);
#243=CYLINDRICAL_SURFACE('',#8969,0.0003);
#244=CYLINDRICAL_SURFACE('',#8970,0.0003);
#245=CYLINDRICAL_SURFACE('',#8971,0.0003);
#246=B_SPLINE_CURVE_WITH_KNOTS('',3,(#11001,#11002,#11003,#11004),.UNSPECIFIED.,.F.,.F.,(4,4),(0.,1.),.UNSPECIFIED.);
#247=B_SPLINE_CURVE_WITH_KNOTS('',3,(#11010,#11011,#11012,#11013),.UNSPECIFIED.,.F.,.F.,(4,4),(0.,1.),.UNSPECIFIED.);
#248=B_SPLINE_CURVE_WITH_KNOTS('',3,(#11025,#11026,#11027,#11028),.UNSPECIFIED.,.F.,.F.,(4,4),(0.,1.),.UNSPECIFIED.);
#249=B_SPLINE_CURVE_WITH_KNOTS('',3,(#11030,#11031,#11032,#11033),.UNSPECIFIED.,.F.,.F.,(4,4),(0.,1.),.UNSPECIFIED.);
#250=B_SPLINE_CURVE_WITH_KNOTS('',3,(#11035,#11036,#11037,#11038),.UNSPECIFIED.,.F.,.F.,(4,4),(0.,1.),.UNSPECIFIED.);
#251=B_SPLINE_CURVE_WITH_KNOTS('',3,(#11040,#11041,#11042,#11043),.UNSPECIFIED.,.F.,.F.,(4,4),(0.,1.),.UNSPECIFIED.);
#252=B_SPLINE_CURVE_WITH_KNOTS('',3,(#11045,#11046,#11047,#11048),.UNSPECIFIED.,.F.,.F.,(4,4),(0.,1.),.UNSPECIFIED.);
#253=B_SPLINE_CURVE_WITH_KNOTS('',3,(#11065,#11066,#11067,#11068),.UNSPECIFIED.,.F.,.F.,(4,4),(0.,1.),.UNSPECIFIED.);
#254=B_SPLINE_CURVE_WITH_KNOTS('',3,(#11071,#11072,#11073,#11074),.UNSPECIFIED.,.F.,.F.,(4,4),(0.,1.),.UNSPECIFIED.);
#255=B_SPLINE_CURVE_WITH_KNOTS('',3,(#11078,#11079,#11080,#11081),.UNSPECIFIED.,.F.,.F.,(4,4),(0.,1.),.UNSPECIFIED.);
#256=B_SPLINE_CURVE_WITH_KNOTS('',3,(#11083,#11084,#11085,#11086),.UNSPECIFIED.,.F.,.F.,(4,4),(0.,1.),.UNSPECIFIED.);
#257=B_SPLINE_CURVE_WITH_KNOTS('',3,(#11088,#11089,#11090,#11091,#11092,#11093,#11094),.UNSPECIFIED.,.F.,.F.,(4,1,1,1,4),(0.,0.25,0.5,0.75,1.),.UNSPECIFIED.);
#258=B_SPLINE_CURVE_WITH_KNOTS('',3,(#11096,#11097,#11098,#11099,#11100),.UNSPECIFIED.,.F.,.F.,(4,1,4),(0.,0.5,1.),.UNSPECIFIED.);
#259=B_SPLINE_CURVE_WITH_KNOTS('',3,(#11102,#11103,#11104,#11105,#11106,#11107,#11108,#11109,#11110),.UNSPECIFIED.,.F.,.F.,(4,1,1,1,1,1,4),(0.,0.125,0.25,0.375,0.5,0.75,1.),.UNSPECIFIED.);
#260=B_SPLINE_CURVE_WITH_KNOTS('',3,(#11112,#11113,#11114,#11115),.UNSPECIFIED.,.F.,.F.,(4,4),(0.,1.),.UNSPECIFIED.);
#261=B_SPLINE_CURVE_WITH_KNOTS('',3,(#11121,#11122,#11123,#11124,#11125),.UNSPECIFIED.,.F.,.F.,(4,1,4),(0.,0.5,1.),.UNSPECIFIED.);
#262=B_SPLINE_CURVE_WITH_KNOTS('',3,(#11136,#11137,#11138,#11139),.UNSPECIFIED.,.F.,.F.,(4,4),(0.,1.),.UNSPECIFIED.);
#263=B_SPLINE_CURVE_WITH_KNOTS('',3,(#11140,#11141,#11142,#11143),.UNSPECIFIED.,.F.,.F.,(4,4),(0.,1.),.UNSPECIFIED.);
#264=B_SPLINE_CURVE_WITH_KNOTS('',3,(#11145,#11146,#11147,#11148),.UNSPECIFIED.,.F.,.F.,(4,4),(4.16672747134456E-07,1.),.UNSPECIFIED.);
#265=B_SPLINE_CURVE_WITH_KNOTS('',3,(#11173,#11174,#11175,#11176),.UNSPECIFIED.,.F.,.F.,(4,4),(0.,1.),.UNSPECIFIED.);
#266=B_SPLINE_CURVE_WITH_KNOTS('',3,(#11178,#11179,#11180,#11181),.UNSPECIFIED.,.F.,.F.,(4,4),(0.,1.),.UNSPECIFIED.);
#267=B_SPLINE_CURVE_WITH_KNOTS('',3,(#11198,#11199,#11200,#11201),.UNSPECIFIED.,.F.,.F.,(4,4),(0.,1.),.UNSPECIFIED.);
#268=B_SPLINE_CURVE_WITH_KNOTS('',3,(#11222,#11223,#11224,#11225),.UNSPECIFIED.,.F.,.F.,(4,4),(0.,1.),.UNSPECIFIED.);
#269=B_SPLINE_CURVE_WITH_KNOTS('',3,(#11238,#11239,#11240,#11241),.UNSPECIFIED.,.F.,.F.,(4,4),(0.,1.),.UNSPECIFIED.);
#270=B_SPLINE_CURVE_WITH_KNOTS('',3,(#11243,#11244,#11245,#11246),.UNSPECIFIED.,.F.,.F.,(4,4),(0.,1.),.UNSPECIFIED.);
#271=B_SPLINE_CURVE_WITH_KNOTS('',3,(#11255,#11256,#11257,#11258),.UNSPECIFIED.,.F.,.F.,(4,4),(0.,1.),.UNSPECIFIED.);
#272=B_SPLINE_CURVE_WITH_KNOTS('',3,(#11275,#11276,#11277,#11278),.UNSPECIFIED.,.F.,.F.,(4,4),(0.,1.),.UNSPECIFIED.);
#273=B_SPLINE_CURVE_WITH_KNOTS('',3,(#11280,#11281,#11282,#11283),.UNSPECIFIED.,.F.,.F.,(4,4),(4.9998703816487E-07,0.999999583322654),.UNSPECIFIED.);
#274=B_SPLINE_CURVE_WITH_KNOTS('',3,(#11395,#11396,#11397,#11398),.UNSPECIFIED.,.F.,.F.,(4,4),(0.2,1.),.UNSPECIFIED.);
#275=B_SPLINE_CURVE_WITH_KNOTS('',3,(#11400,#11401,#11402,#11403),.UNSPECIFIED.,.F.,.F.,(4,4),(0.,0.8),.UNSPECIFIED.);
#276=B_SPLINE_CURVE_WITH_KNOTS('',3,(#11470,#11471,#11472,#11473),.UNSPECIFIED.,.F.,.F.,(4,4),(4.91819345477233E-16,0.000783180340945267),.UNSPECIFIED.);
#277=B_SPLINE_CURVE_WITH_KNOTS('',3,(#11475,#11476,#11477,#11478,#11479,#11480,#11481),.UNSPECIFIED.,.F.,.F.,(4,1,1,1,4),(5.68424097179728E-15,0.00103550902598155,0.00207101805195741,0.00310652707793328,0.00414203610390914),.UNSPECIFIED.);
#278=B_SPLINE_CURVE_WITH_KNOTS('',3,(#11485,#11486,#11487,#11488),.UNSPECIFIED.,.F.,.F.,(4,4),(0.,1.),.UNSPECIFIED.);
#279=B_SPLINE_CURVE_WITH_KNOTS('',3,(#11497,#11498,#11499,#11500,#11501,#11502,#11503),.UNSPECIFIED.,.F.,.F.,(4,1,1,1,4),(7.22824968478363E-15,0.00103696084690534,0.00207392169380344,0.00311088254070155,0.00414784338759966),.UNSPECIFIED.);
#280=B_SPLINE_CURVE_WITH_KNOTS('',3,(#11506,#11507,#11508,#11509),.UNSPECIFIED.,.F.,.F.,(4,4),(5.65580784708639E-15,0.000783192782852106),.UNSPECIFIED.);
#281=B_SPLINE_CURVE_WITH_KNOTS('',3,(#11539,#11540,#11541,#11542,#11543,#11544,#11545),.UNSPECIFIED.,.F.,.F.,(4,1,1,1,4),(0.00273516757665892,0.00337528672312603,0.00401540586959313,0.00465552501606023,0.00529564416252733),.UNSPECIFIED.);
#282=B_SPLINE_CURVE_WITH_KNOTS('',3,(#11547,#11548,#11549,#11550),.UNSPECIFIED.,.F.,.F.,(4,4),(0.,0.000784497742894142),.UNSPECIFIED.);
#283=B_SPLINE_CURVE_WITH_KNOTS('',3,(#11551,#11552,#11553,#11554),.UNSPECIFIED.,.F.,.F.,(4,4),(8.40221047223668E-15,0.000810371728519792),.UNSPECIFIED.);
#284=B_SPLINE_CURVE_WITH_KNOTS('',3,(#11558,#11559,#11560,#11561,#11562),.UNSPECIFIED.,.F.,.F.,(4,1,4),(0.,0.264220705687478,0.528441411374956),.UNSPECIFIED.);
#285=B_SPLINE_CURVE_WITH_KNOTS('',3,(#11591,#11592,#11593,#11594),.UNSPECIFIED.,.F.,.F.,(4,4),(0.,0.000784480066781765),.UNSPECIFIED.);
#286=B_SPLINE_CURVE_WITH_KNOTS('',3,(#11596,#11597,#11598,#11599,#11600,#11601,#11602),.UNSPECIFIED.,.F.,.F.,(4,1,1,1,4),(0.,0.000641259594056553,0.00128251918811311,0.00192377878216966,0.00256503837622621),.UNSPECIFIED.);
#287=B_SPLINE_CURVE_WITH_KNOTS('',3,(#11605,#11606,#11607,#11608),.UNSPECIFIED.,.F.,.F.,(4,4),(0.,0.00081037172851139),.UNSPECIFIED.);
#288=B_SPLINE_CURVE_WITH_KNOTS('',3,(#12097,#12098,#12099,#12100),.UNSPECIFIED.,.F.,.F.,(4,4),(7.23510010804389E-15,0.000126017861171842),.UNSPECIFIED.);
#289=B_SPLINE_CURVE_WITH_KNOTS('',3,(#12102,#12103,#12104,#12105,#12106,#12107,#12108),.UNSPECIFIED.,.F.,.F.,(4,1,1,1,4),(5.31712589630559E-15,0.001016897463605,0.00203379492720467,0.00305069239080435,0.00406758985440403),.UNSPECIFIED.);
#290=B_SPLINE_CURVE_WITH_KNOTS('',3,(#12110,#12111,#12112,#12113),.UNSPECIFIED.,.F.,.F.,(4,4),(5.2935793914464E-15,0.000782812180332155),.UNSPECIFIED.);
#291=B_SPLINE_CURVE_WITH_KNOTS('',3,(#12117,#12118,#12119,#12120,#12121,#12122,#12123,#12124,#12125,#12126,#12127,#12128,#12129),.UNSPECIFIED.,.F.,.F.,(4,1,1,1,1,1,1,1,1,1,4),(9.85170383675379E-13,0.0010227602083108,0.00153414031197362,0.00204552041563644,0.00255690051929925,0.00306828062296207,0.00332397067479348,0.00357966072662488,0.00383535077845629,0.003963195804372,0.0040910408302877),.UNSPECIFIED.);
#292=B_SPLINE_CURVE_WITH_KNOTS('',3,(#12131,#12132,#12133,#12134),.UNSPECIFIED.,.F.,.F.,(4,4),(0.,1.),.UNSPECIFIED.);
#293=B_SPLINE_CURVE_WITH_KNOTS('',3,(#12138,#12139,#12140,#12141),.UNSPECIFIED.,.F.,.F.,(4,4),(0.,1.),.UNSPECIFIED.);
#294=B_SPLINE_CURVE_WITH_KNOTS('',3,(#12150,#12151,#12152,#12153,#12154,#12155,#12156),.UNSPECIFIED.,.F.,.F.,(4,1,1,1,4),(2.41874670177133E-13,0.00101859233741129,0.00203718467458071,0.00305577701175012,0.00407436934891954),.UNSPECIFIED.);
#295=B_SPLINE_CURVE_WITH_KNOTS('',3,(#12159,#12160,#12161,#12162),.UNSPECIFIED.,.F.,.F.,(4,4),(2.42154306303846E-13,0.000126017860935434),.UNSPECIFIED.);
#296=B_SPLINE_CURVE_WITH_KNOTS('',3,(#12166,#12167,#12168,#12169),.UNSPECIFIED.,.F.,.F.,(4,4),(0.,1.),.UNSPECIFIED.);
#297=B_SPLINE_CURVE_WITH_KNOTS('',3,(#12172,#12173,#12174,#12175,#12176,#12177,#12178,#12179,#12180,#12181,#12182,#12183,#12184),.UNSPECIFIED.,.F.,.F.,(4,1,1,1,1,1,1,1,1,1,4),(2.72802585703249E-15,0.000129708779044679,0.00025941755808663,0.000518835116170532,0.000778252674254434,0.00103767023233834,0.00155650534850614,0.00207534046467394,0.00259417558084175,0.00311301069700955,0.00415068092934516),.UNSPECIFIED.);
#298=B_SPLINE_CURVE_WITH_KNOTS('',3,(#12188,#12189,#12190,#12191),.UNSPECIFIED.,.F.,.F.,(4,4),(4.65440403423499E-16,0.000782800906289573),.UNSPECIFIED.);
#299=B_SPLINE_CURVE_WITH_KNOTS('',3,(#12248,#12249,#12250,#12251,#12252,#12253,#12254,#12255,#12256,#12257,#12258,#12259,#12260,#12261,#12262,#12263,#12264,#12265),.UNSPECIFIED.,.F.,.F.,(4,2,2,2,2,2,2,2,4),(0.791088712468771,0.806930564654161,0.82277241683955,0.83861426902494,0.85445612121033,0.870297973395719,0.886139825581109,0.901981677766499,0.917823529951888),.UNSPECIFIED.);
#300=B_SPLINE_CURVE_WITH_KNOTS('',3,(#12285,#12286,#12287,#12288,#12289,#12290,#12291,#12292,#12293,#12294,#12295,#12296,#12297,#12298,#12299,#12300,#12301,#12302),.UNSPECIFIED.,.F.,.F.,(4,2,2,2,2,2,2,2,4),(0.582176470048112,0.59801844159468,0.613860413141249,0.629702384687817,0.645544356234385,0.661386327780954,0.677228299327522,0.693070270874091,0.708912242420659),.UNSPECIFIED.);
#301=B_SPLINE_CURVE_WITH_KNOTS('',3,(#12308,#12309,#12310,#12311,#12312,#12313,#12314,#12315,#12316,#12317,#12318,#12319,#12320,#12321,#12322,#12323,#12324,#12325),.UNSPECIFIED.,.F.,.F.,(4,2,2,2,2,2,2,2,4),(0.291088712468771,0.306930564654161,0.32277241683955,0.33861426902494,0.354456121210329,0.370297973395719,0.386139825581109,0.401981677766498,0.417823529951888),.UNSPECIFIED.);
#302=B_SPLINE_CURVE_WITH_KNOTS('',3,(#12345,#12346,#12347,#12348,#12349,#12350,#12351,#12352,#12353,#12354,#12355,#12356,#12357,#12358,#12359,#12360,#12361,#12362),.UNSPECIFIED.,.F.,.F.,(4,2,2,2,2,2,2,2,4),(0.0821764700481118,0.0980184415946802,0.113860413141249,0.129702384687817,0.145544356234385,0.161386327780954,0.177228299327522,0.193070270874091,0.208912242420659),.UNSPECIFIED.);
#303=B_SPLINE_CURVE_WITH_KNOTS('',3,(#12647,#12648,#12649,#12650),.UNSPECIFIED.,.F.,.F.,(4,4),(0.,1.),.UNSPECIFIED.);
#304=B_SPLINE_CURVE_WITH_KNOTS('',3,(#12652,#12653,#12654,#12655),.UNSPECIFIED.,.F.,.F.,(4,4),(0.,1.),.UNSPECIFIED.);
#305=B_SPLINE_CURVE_WITH_KNOTS('',3,(#12657,#12658,#12659,#12660),.UNSPECIFIED.,.F.,.F.,(4,4),(0.,1.),.UNSPECIFIED.);
#306=B_SPLINE_CURVE_WITH_KNOTS('',3,(#12664,#12665,#12666,#12667),.UNSPECIFIED.,.F.,.F.,(4,4),(3.1008456996444E-13,0.000646473254221898),.UNSPECIFIED.);
#307=B_SPLINE_CURVE_WITH_KNOTS('',3,(#12676,#12677,#12678,#12679),.UNSPECIFIED.,.F.,.F.,(4,4),(0.,1.),.UNSPECIFIED.);
#308=B_SPLINE_CURVE_WITH_KNOTS('',3,(#12681,#12682,#12683,#12684),.UNSPECIFIED.,.F.,.F.,(4,4),(0.,1.),.UNSPECIFIED.);
#309=B_SPLINE_CURVE_WITH_KNOTS('',3,(#12685,#12686,#12687,#12688),.UNSPECIFIED.,.F.,.F.,(4,4),(4.54380516290119E-15,0.000647225808752769),.UNSPECIFIED.);
#310=B_SPLINE_CURVE_WITH_KNOTS('',3,(#12699,#12700,#12701,#12702),.UNSPECIFIED.,.F.,.F.,(4,4),(0.,1.),.UNSPECIFIED.);
#311=B_SPLINE_CURVE_WITH_KNOTS('',3,(#12705,#12706,#12707,#12708),.UNSPECIFIED.,.F.,.F.,(4,4),(0.,1.),.UNSPECIFIED.);
#312=B_SPLINE_CURVE_WITH_KNOTS('',3,(#12710,#12711,#12712,#12713),.UNSPECIFIED.,.F.,.F.,(4,4),(0.,1.),.UNSPECIFIED.);
#313=B_SPLINE_CURVE_WITH_KNOTS('',3,(#12724,#12725,#12726,#12727),.UNSPECIFIED.,.F.,.F.,(4,4),(0.,1.),.UNSPECIFIED.);
#314=B_SPLINE_CURVE_WITH_KNOTS('',3,(#12730,#12731,#12732,#12733),.UNSPECIFIED.,.F.,.F.,(4,4),(0.,1.),.UNSPECIFIED.);
#315=B_SPLINE_CURVE_WITH_KNOTS('',3,(#12807,#12808,#12809,#12810),.UNSPECIFIED.,.F.,.F.,(4,4),(0.,1.),.UNSPECIFIED.);
#316=B_SPLINE_CURVE_WITH_KNOTS('',3,(#12812,#12813,#12814,#12815,#12816,#12817,#12818,#12819,#12820,#12821,#12822,#12823,#12824,#12825,#12826,#12827,#12828,#12829,#12830,#12831,#12832,#12833,#12834),.UNSPECIFIED.,.F.,.F.,(4,1,1,1,1,1,1,1,1,1,1,1,1,1,1,1,1,1,1,1,4),(0.,0.125,0.25,0.3125,0.375,0.4375,0.46875,0.484375,0.5,0.515625,0.53125,0.5625,0.625,0.6875,0.71875,0.75,0.78125,0.8125,0.875,0.9375,1.),.UNSPECIFIED.);
#317=B_SPLINE_CURVE_WITH_KNOTS('',3,(#12836,#12837,#12838,#12839,#12840,#12841,#12842,#12843,#12844,#12845,#12846,#12847,#12848,#12849,#12850,#12851,#12852,#12853),.UNSPECIFIED.,.F.,.F.,(4,1,1,1,1,1,1,1,1,1,1,1,1,1,1,4),(0.,0.0625,0.125,0.1875,0.25,0.3125,0.375,0.4375,0.5,0.5625,0.625,0.6875,0.75,0.8125,0.875,1.),.UNSPECIFIED.);
#318=B_SPLINE_CURVE_WITH_KNOTS('',3,(#12855,#12856,#12857,#12858,#12859,#12860,#12861,#12862,#12863,#12864,#12865,#12866,#12867,#12868,#12869,#12870,#12871,#12872,#12873,#12874,#12875,#12876,#12877),.UNSPECIFIED.,.F.,.F.,(4,1,1,1,1,1,1,1,1,1,1,1,1,1,1,1,1,1,1,1,4),(0.,0.125,0.1875,0.21875,0.25,0.28125,0.3125,0.375,0.4375,0.46875,0.5,0.53125,0.5625,0.625,0.6875,0.71875,0.75,0.78125,0.8125,0.875,1.),.UNSPECIFIED.);
#319=B_SPLINE_CURVE_WITH_KNOTS('',3,(#12879,#12880,#12881,#12882),.UNSPECIFIED.,.F.,.F.,(4,4),(0.,1.),.UNSPECIFIED.);
#320=B_SPLINE_CURVE_WITH_KNOTS('',3,(#12884,#12885,#12886,#12887,#12888,#12889,#12890,#12891,#12892,#12893,#12894,#12895,#12896,#12897,#12898,#12899,#12900,#12901),.UNSPECIFIED.,.F.,.F.,(4,2,2,2,2,2,2,2,4),(0.0821764700481118,0.0980184415946802,0.113860413141249,0.129702384687817,0.145544356234385,0.161386327780954,0.177228299327522,0.193070270874091,0.208912242420659),.UNSPECIFIED.);
#321=B_SPLINE_CURVE_WITH_KNOTS('',3,(#12910,#12911,#12912,#12913),.UNSPECIFIED.,.F.,.F.,(4,4),(0.,1.),.UNSPECIFIED.);
#322=B_SPLINE_CURVE_WITH_KNOTS('',3,(#12915,#12916,#12917,#12918),.UNSPECIFIED.,.F.,.F.,(4,4),(0.,1.),.UNSPECIFIED.);
#323=B_SPLINE_CURVE_WITH_KNOTS('',3,(#12929,#12930,#12931,#12932),.UNSPECIFIED.,.F.,.F.,(4,4),(0.,1.),.UNSPECIFIED.);
#324=B_SPLINE_CURVE_WITH_KNOTS('',3,(#12935,#12936,#12937,#12938),.UNSPECIFIED.,.F.,.F.,(4,4),(0.,1.),.UNSPECIFIED.);
#325=B_SPLINE_CURVE_WITH_KNOTS('',3,(#12939,#12940,#12941,#12942),.UNSPECIFIED.,.F.,.F.,(4,4),(4.54380516290119E-15,0.000647225808752769),.UNSPECIFIED.);
#326=B_SPLINE_CURVE_WITH_KNOTS('',3,(#13017,#13018,#13019,#13020),.UNSPECIFIED.,.F.,.F.,(4,4),(0.,1.),.UNSPECIFIED.);
#327=B_SPLINE_CURVE_WITH_KNOTS('',3,(#13023,#13024,#13025,#13026,#13027,#13028,#13029,#13030,#13031,#13032,#13033,#13034,#13035,#13036,#13037,#13038,#13039,#13040,#13041,#13042,#13043,#13044,#13045),.UNSPECIFIED.,.F.,.F.,(4,1,1,1,1,1,1,1,1,1,1,1,1,1,1,1,1,1,1,1,4),(0.,0.125,0.1875,0.21875,0.25,0.28125,0.3125,0.375,0.4375,0.46875,0.5,0.53125,0.5625,0.625,0.6875,0.71875,0.75,0.78125,0.8125,0.875,1.),.UNSPECIFIED.);
#328=B_SPLINE_CURVE_WITH_KNOTS('',3,(#13047,#13048,#13049,#13050,#13051,#13052,#13053,#13054,#13055,#13056,#13057,#13058,#13059,#13060,#13061,#13062,#13063,#13064),.UNSPECIFIED.,.F.,.F.,(4,1,1,1,1,1,1,1,1,1,1,1,1,1,1,4),(0.,0.125,0.1875,0.25,0.3125,0.375,0.4375,0.5,0.5625,0.625,0.6875,0.75,0.8125,0.875,0.9375,1.),.UNSPECIFIED.);
#329=B_SPLINE_CURVE_WITH_KNOTS('',3,(#13066,#13067,#13068,#13069,#13070,#13071,#13072,#13073,#13074,#13075,#13076,#13077,#13078,#13079,#13080,#13081,#13082,#13083,#13084,#13085,#13086,#13087,#13088),.UNSPECIFIED.,.F.,.F.,(4,1,1,1,1,1,1,1,1,1,1,1,1,1,1,1,1,1,1,1,4),(0.,0.0625,0.125,0.1875,0.21875,0.25,0.28125,0.3125,0.375,0.4375,0.46875,0.484375,0.5,0.515625,0.53125,0.5625,0.625,0.6875,0.75,0.875,1.),.UNSPECIFIED.);
#330=B_SPLINE_CURVE_WITH_KNOTS('',3,(#13090,#13091,#13092,#13093),.UNSPECIFIED.,.F.,.F.,(4,4),(0.,1.),.UNSPECIFIED.);
#331=B_SPLINE_CURVE_WITH_KNOTS('',3,(#13094,#13095,#13096,#13097),.UNSPECIFIED.,.F.,.F.,(4,4),(0.,1.),.UNSPECIFIED.);
#332=B_SPLINE_CURVE_WITH_KNOTS('',3,(#13099,#13100,#13101,#13102,#13103,#13104,#13105,#13106,#13107,#13108,#13109,#13110,#13111,#13112,#13113,#13114,#13115,#13116),.UNSPECIFIED.,.F.,.F.,(4,2,2,2,2,2,2,2,4),(0.291088712468771,0.306930564654161,0.32277241683955,0.33861426902494,0.354456121210329,0.370297973395719,0.386139825581109,0.401981677766498,0.417823529951888),.UNSPECIFIED.);
#333=B_SPLINE_CURVE_WITH_KNOTS('',3,(#13125,#13126,#13127,#13128),.UNSPECIFIED.,.F.,.F.,(4,4),(0.,1.),.UNSPECIFIED.);
#334=B_SPLINE_CURVE_WITH_KNOTS('',3,(#13138,#13139,#13140,#13141),.UNSPECIFIED.,.F.,.F.,(4,4),(0.,1.),.UNSPECIFIED.);
#335=B_SPLINE_CURVE_WITH_KNOTS('',3,(#13144,#13145,#13146,#13147),.UNSPECIFIED.,.F.,.F.,(4,4),(3.1008456996444E-13,0.000646473254221898),.UNSPECIFIED.);
#336=B_SPLINE_CURVE_WITH_KNOTS('',3,(#13151,#13152,#13153,#13154,#13155,#13156,#13157,#13158,#13159,#13160,#13161,#13162,#13163,#13164,#13165,#13166,#13167,#13168,#13169,#13170,#13171,#13172,#13173,#13174,#13175,#13176,#13177,#13178,#13179,#13180,#13181,#13182,#13183,#13184,#13185,#13186,#13187),.UNSPECIFIED.,.F.,.F.,(4,1,1,1,1,1,1,1,1,1,1,1,1,1,1,1,1,1,1,1,1,1,1,1,1,1,1,1,1,1,1,1,1,1,4),(0.,0.0625,0.125,0.15625,0.1875,0.21875,0.234375,0.25,0.265625,0.28125,0.3125,0.34375,0.375,0.40625,0.4375,0.5,0.5625,0.59375,0.609375,0.625,0.640625,0.65625,0.6875,0.71875,0.734375,0.7421875,0.75,0.7578125,0.765625,0.78125,0.8125,0.84375,0.875,0.9375,1.),.UNSPECIFIED.);
#337=B_SPLINE_CURVE_WITH_KNOTS('',3,(#13192,#13193,#13194,#13195,#13196,#13197,#13198,#13199,#13200,#13201,#13202,#13203,#13204,#13205,#13206,#13207,#13208,#13209,#13210,#13211,#13212,#13213,#13214,#13215,#13216,#13217,#13218,#13219,#13220,#13221,#13222,#13223,#13224,#13225,#13226),.UNSPECIFIED.,.F.,.F.,(4,1,1,1,1,1,1,1,1,1,1,1,1,1,1,1,1,1,1,1,1,1,1,1,1,1,1,1,1,1,1,1,4),(0.,0.0625,0.125,0.15625,0.1875,0.21875,0.234375,0.25,0.265625,0.28125,0.3125,0.34375,0.359375,0.375,0.390625,0.40625,0.4375,0.5,0.5625,0.59375,0.625,0.65625,0.6875,0.71875,0.734375,0.75,0.765625,0.78125,0.8125,0.84375,0.875,0.9375,1.),.UNSPECIFIED.);
#338=B_SPLINE_CURVE_WITH_KNOTS('',3,(#13230,#13231,#13232,#13233,#13234,#13235,#13236,#13237,#13238,#13239,#13240,#13241,#13242,#13243,#13244,#13245,#13246,#13247,#13248,#13249,#13250,#13251,#13252,#13253,#13254,#13255,#13256,#13257,#13258,#13259,#13260,#13261,#13262,#13263,#13264,#13265,#13266),.UNSPECIFIED.,.F.,.F.,(4,1,1,1,1,1,1,1,1,1,1,1,1,1,1,1,1,1,1,1,1,1,1,1,1,1,1,1,1,1,1,1,1,1,4),(0.,0.0625,0.125,0.15625,0.1875,0.21875,0.234375,0.25,0.265625,0.28125,0.3125,0.34375,0.375,0.40625,0.4375,0.5,0.5625,0.59375,0.609375,0.625,0.640625,0.65625,0.6875,0.71875,0.734375,0.7421875,0.75,0.7578125,0.765625,0.78125,0.8125,0.84375,0.875,0.9375,1.),.UNSPECIFIED.);
#339=B_SPLINE_CURVE_WITH_KNOTS('',3,(#13270,#13271,#13272,#13273,#13274,#13275,#13276,#13277,#13278,#13279,#13280,#13281,#13282,#13283,#13284,#13285,#13286,#13287,#13288,#13289,#13290,#13291,#13292,#13293,#13294,#13295,#13296,#13297,#13298,#13299,#13300,#13301,#13302,#13303,#13304),.UNSPECIFIED.,.F.,.F.,(4,1,1,1,1,1,1,1,1,1,1,1,1,1,1,1,1,1,1,1,1,1,1,1,1,1,1,1,1,1,1,1,4),(0.,0.0625,0.125,0.15625,0.1875,0.21875,0.234375,0.25,0.265625,0.28125,0.3125,0.34375,0.359375,0.375,0.390625,0.40625,0.4375,0.5,0.5625,0.59375,0.625,0.65625,0.6875,0.71875,0.734375,0.75,0.765625,0.78125,0.8125,0.84375,0.875,0.9375,1.),.UNSPECIFIED.);
#340=B_SPLINE_CURVE_WITH_KNOTS('',3,(#13405,#13406,#13407,#13408,#13409,#13410,#13411,#13412,#13413,#13414,#13415),.UNSPECIFIED.,.F.,.F.,(4,1,1,1,1,1,1,1,4),(0.,0.125,0.25,0.375,0.5,0.625,0.75,0.875,1.),.UNSPECIFIED.);
#341=B_SPLINE_CURVE_WITH_KNOTS('',3,(#13452,#13453,#13454,#13455,#13456,#13457,#13458,#13459,#13460,#13461,#13462),.UNSPECIFIED.,.F.,.F.,(4,1,1,1,1,1,1,1,4),(0.,0.125,0.25,0.375,0.5,0.625,0.75,0.875,1.),.UNSPECIFIED.);
#342=B_SPLINE_CURVE_WITH_KNOTS('',3,(#13463,#13464,#13465,#13466,#13467,#13468,#13469,#13470,#13471,#13472,#13473,#13474,#13475,#13476,#13477,#13478,#13479,#13480),.UNSPECIFIED.,.F.,.F.,(4,2,2,2,2,2,2,2,4),(0.582176470048112,0.59801844159468,0.613860413141249,0.629702384687817,0.645544356234385,0.661386327780954,0.677228299327522,0.693070270874091,0.708912242420659),.UNSPECIFIED.);
#343=B_SPLINE_CURVE_WITH_KNOTS('',3,(#13517,#13518,#13519,#13520,#13521,#13522,#13523,#13524,#13525,#13526,#13527),.UNSPECIFIED.,.F.,.F.,(4,1,1,1,1,1,1,1,4),(0.,0.125,0.25,0.375,0.5,0.625,0.75,0.875,1.),.UNSPECIFIED.);
#344=B_SPLINE_CURVE_WITH_KNOTS('',3,(#13564,#13565,#13566,#13567,#13568,#13569,#13570,#13571,#13572,#13573,#13574),.UNSPECIFIED.,.F.,.F.,(4,1,1,1,1,1,1,1,4),(0.,0.125,0.25,0.375,0.5,0.625,0.75,0.875,1.),.UNSPECIFIED.);
#345=B_SPLINE_CURVE_WITH_KNOTS('',3,(#13575,#13576,#13577,#13578,#13579,#13580,#13581,#13582,#13583,#13584,#13585,#13586,#13587,#13588,#13589,#13590,#13591,#13592),.UNSPECIFIED.,.F.,.F.,(4,2,2,2,2,2,2,2,4),(0.791088712468771,0.806930564654161,0.82277241683955,0.83861426902494,0.85445612121033,0.870297973395719,0.886139825581109,0.901981677766499,0.917823529951888),.UNSPECIFIED.);
#346=B_SPLINE_CURVE_WITH_KNOTS('',3,(#13601,#13602,#13603,#13604),.UNSPECIFIED.,.F.,.F.,(4,4),(0.,0.000698099402266626),.UNSPECIFIED.);
#347=B_SPLINE_CURVE_WITH_KNOTS('',3,(#13606,#13607,#13608,#13609),.UNSPECIFIED.,.F.,.F.,(4,4),(3.14292339429995E-13,0.000277934603407804),.UNSPECIFIED.);
#348=B_SPLINE_CURVE_WITH_KNOTS('',3,(#13611,#13612,#13613,#13614),.UNSPECIFIED.,.F.,.F.,(4,4),(0.,0.0013487328119485),.UNSPECIFIED.);
#349=B_SPLINE_CURVE_WITH_KNOTS('',3,(#13616,#13617,#13618,#13619),.UNSPECIFIED.,.F.,.F.,(4,4),(1.26241097151651E-11,0.000546893979671991),.UNSPECIFIED.);
#350=B_SPLINE_CURVE_WITH_KNOTS('',3,(#13621,#13622,#13623,#13624),.UNSPECIFIED.,.F.,.F.,(4,4),(0.,0.00134873281198301),.UNSPECIFIED.);
#351=B_SPLINE_CURVE_WITH_KNOTS('',3,(#13626,#13627,#13628,#13629),.UNSPECIFIED.,.F.,.F.,(4,4),(1.25404324397034E-12,0.000277846871225342),.UNSPECIFIED.);
#352=B_SPLINE_CURVE_WITH_KNOTS('',3,(#13631,#13632,#13633,#13634),.UNSPECIFIED.,.F.,.F.,(4,4),(3.18516375771583E-13,0.000698099402585146),.UNSPECIFIED.);
#353=B_SPLINE_CURVE_WITH_KNOTS('',3,(#13635,#13636,#13637,#13638),.UNSPECIFIED.,.F.,.F.,(4,4),(0.,1.),.UNSPECIFIED.);
#354=B_SPLINE_CURVE_WITH_KNOTS('',3,(#13640,#13641,#13642,#13643),.UNSPECIFIED.,.F.,.F.,(4,4),(8.06236230054959E-13,0.000323226387960034),.UNSPECIFIED.);
#355=B_SPLINE_CURVE_WITH_KNOTS('',3,(#13645,#13646,#13647,#13648),.UNSPECIFIED.,.F.,.F.,(4,4),(0.,0.00134873281198301),.UNSPECIFIED.);
#356=B_SPLINE_CURVE_WITH_KNOTS('',3,(#13650,#13651,#13652,#13653),.UNSPECIFIED.,.F.,.F.,(4,4),(1.25404274940617E-12,0.000277846871225343),.UNSPECIFIED.);
#357=B_SPLINE_CURVE_WITH_KNOTS('',3,(#13655,#13656,#13657,#13658),.UNSPECIFIED.,.F.,.F.,(4,4),(3.18516375771583E-13,0.000698099402585146),.UNSPECIFIED.);
#358=B_SPLINE_CURVE_WITH_KNOTS('',3,(#13667,#13668,#13669,#13670),.UNSPECIFIED.,.F.,.F.,(4,4),(0.,0.000698099402266626),.UNSPECIFIED.);
#359=B_SPLINE_CURVE_WITH_KNOTS('',3,(#13672,#13673,#13674,#13675),.UNSPECIFIED.,.F.,.F.,(4,4),(3.14292303301605E-13,0.000277934603407803),.UNSPECIFIED.);
#360=B_SPLINE_CURVE_WITH_KNOTS('',3,(#13677,#13678,#13679,#13680),.UNSPECIFIED.,.F.,.F.,(4,4),(0.,0.0013487328119485),.UNSPECIFIED.);
#361=B_SPLINE_CURVE_WITH_KNOTS('',3,(#13682,#13683,#13684,#13685),.UNSPECIFIED.,.F.,.F.,(4,4),(1.26241098256538E-11,0.000223537450064965),.UNSPECIFIED.);
#362=B_SPLINE_CURVE_WITH_KNOTS('',3,(#13686,#13687,#13688,#13689),.UNSPECIFIED.,.F.,.F.,(4,4),(0.,1.),.UNSPECIFIED.);
#363=B_SPLINE_CURVE_WITH_KNOTS('',3,(#13690,#13691,#13692,#13693),.UNSPECIFIED.,.F.,.F.,(4,4),(0.,0.000698099402266626),.UNSPECIFIED.);
#364=B_SPLINE_CURVE_WITH_KNOTS('',3,(#13695,#13696,#13697,#13698),.UNSPECIFIED.,.F.,.F.,(4,4),(3.14292194917306E-13,0.000277934603407803),.UNSPECIFIED.);
#365=B_SPLINE_CURVE_WITH_KNOTS('',3,(#13700,#13701,#13702,#13703),.UNSPECIFIED.,.F.,.F.,(4,4),(0.,0.0013487328119485),.UNSPECIFIED.);
#366=B_SPLINE_CURVE_WITH_KNOTS('',3,(#13705,#13706,#13707,#13708),.UNSPECIFIED.,.F.,.F.,(4,4),(1.26241102167335E-11,0.000546893979671991),.UNSPECIFIED.);
#367=B_SPLINE_CURVE_WITH_KNOTS('',3,(#13710,#13711,#13712,#13713),.UNSPECIFIED.,.F.,.F.,(4,4),(0.,0.00134873281198301),.UNSPECIFIED.);
#368=B_SPLINE_CURVE_WITH_KNOTS('',3,(#13715,#13716,#13717,#13718),.UNSPECIFIED.,.F.,.F.,(4,4),(1.25404274940617E-12,0.000277846871225344),.UNSPECIFIED.);
#369=B_SPLINE_CURVE_WITH_KNOTS('',3,(#13720,#13721,#13722,#13723),.UNSPECIFIED.,.F.,.F.,(4,4),(3.18516375771583E-13,0.000698099402585146),.UNSPECIFIED.);
#370=B_SPLINE_CURVE_WITH_KNOTS('',3,(#13796,#13797,#13798,#13799,#13800,#13801,#13802,#13803,#13804,#13805,#13806,#13807,#13808,#13809,#13810,#13811,#13812,#13813),.UNSPECIFIED.,.F.,.F.,(4,1,1,1,1,1,1,1,1,1,1,1,1,1,1,4),(0.,0.0625,0.125,0.1875,0.25,0.3125,0.375,0.4375,0.5,0.5625,0.625,0.6875,0.75,0.8125,0.875,1.),.UNSPECIFIED.);
#371=B_SPLINE_CURVE_WITH_KNOTS('',3,(#13816,#13817,#13818,#13819,#13820,#13821,#13822,#13823,#13824,#13825,#13826,#13827,#13828,#13829,#13830,#13831,#13832,#13833,#13834,#13835,#13836,#13837,#13838),.UNSPECIFIED.,.F.,.F.,(4,1,1,1,1,1,1,1,1,1,1,1,1,1,1,1,1,1,1,1,4),(0.,0.125,0.1875,0.21875,0.25,0.28125,0.3125,0.375,0.4375,0.46875,0.5,0.53125,0.5625,0.625,0.6875,0.71875,0.75,0.78125,0.8125,0.875,1.),.UNSPECIFIED.);
#372=B_SPLINE_CURVE_WITH_KNOTS('',3,(#13839,#13840,#13841,#13842,#13843,#13844,#13845,#13846,#13847,#13848,#13849,#13850,#13851,#13852,#13853,#13854,#13855,#13856,#13857,#13858,#13859,#13860,#13861),.UNSPECIFIED.,.F.,.F.,(4,1,1,1,1,1,1,1,1,1,1,1,1,1,1,1,1,1,1,1,4),(0.,0.125,0.25,0.3125,0.375,0.4375,0.46875,0.484375,0.5,0.515625,0.53125,0.5625,0.625,0.6875,0.71875,0.75,0.78125,0.8125,0.875,0.9375,1.),.UNSPECIFIED.);
#373=B_SPLINE_CURVE_WITH_KNOTS('',3,(#13934,#13935,#13936,#13937,#13938,#13939,#13940,#13941,#13942,#13943,#13944,#13945,#13946,#13947,#13948,#13949,#13950,#13951),.UNSPECIFIED.,.F.,.F.,(4,1,1,1,1,1,1,1,1,1,1,1,1,1,1,4),(0.,0.125,0.1875,0.25,0.3125,0.375,0.4375,0.5,0.5625,0.625,0.6875,0.75,0.8125,0.875,0.9375,1.),.UNSPECIFIED.);
#374=B_SPLINE_CURVE_WITH_KNOTS('',3,(#13954,#13955,#13956,#13957,#13958,#13959,#13960,#13961,#13962,#13963,#13964,#13965,#13966,#13967,#13968,#13969,#13970,#13971,#13972,#13973,#13974,#13975,#13976),.UNSPECIFIED.,.F.,.F.,(4,1,1,1,1,1,1,1,1,1,1,1,1,1,1,1,1,1,1,1,4),(0.,0.0625,0.125,0.1875,0.21875,0.25,0.28125,0.3125,0.375,0.4375,0.46875,0.484375,0.5,0.515625,0.53125,0.5625,0.625,0.6875,0.75,0.875,1.),.UNSPECIFIED.);
#375=B_SPLINE_CURVE_WITH_KNOTS('',3,(#13977,#13978,#13979,#13980,#13981,#13982,#13983,#13984,#13985,#13986,#13987,#13988,#13989,#13990,#13991,#13992,#13993,#13994,#13995,#13996,#13997,#13998,#13999),.UNSPECIFIED.,.F.,.F.,(4,1,1,1,1,1,1,1,1,1,1,1,1,1,1,1,1,1,1,1,4),(0.,0.125,0.1875,0.21875,0.25,0.28125,0.3125,0.375,0.4375,0.46875,0.5,0.53125,0.5625,0.625,0.6875,0.71875,0.75,0.78125,0.8125,0.875,1.),.UNSPECIFIED.);
#376=B_SPLINE_CURVE_WITH_KNOTS('',3,(#14004,#14005,#14006,#14007,#14008,#14009,#14010,#14011,#14012,#14013,#14014,#14015,#14016,#14017,#14018,#14019,#14020,#14021),.UNSPECIFIED.,.F.,.F.,(4,1,1,1,1,1,1,1,1,1,1,1,1,1,1,4),(0.,0.0625,0.125,0.1875,0.21875,0.25,0.28125,0.3125,0.375,0.4375,0.5,0.5625,0.625,0.75,0.875,1.),.UNSPECIFIED.);
#377=B_SPLINE_CURVE_WITH_KNOTS('',3,(#14025,#14026,#14027,#14028),.UNSPECIFIED.,.F.,.F.,(4,4),(0.,0.00115810112539171),.UNSPECIFIED.);
#378=B_SPLINE_CURVE_WITH_KNOTS('',3,(#14032,#14033,#14034,#14035),.UNSPECIFIED.,.F.,.F.,(4,4),(0.,0.00115753060724688),.UNSPECIFIED.);
#379=B_SPLINE_CURVE_WITH_KNOTS('',3,(#14039,#14040,#14041,#14042,#14043,#14044,#14045,#14046,#14047,#14048,#14049,#14050,#14051,#14052,#14053,#14054,#14055,#14056,#14057,#14058,#14059,#14060),.UNSPECIFIED.,.F.,.F.,(4,1,1,1,1,1,1,1,1,1,1,1,1,1,1,1,1,1,1,4),(0.,0.125,0.1875,0.25,0.375,0.4375,0.5,0.5625,0.625,0.6875,0.71875,0.734375,0.75,0.765625,0.78125,0.8125,0.84375,0.875,0.9375,1.),.UNSPECIFIED.);
#380=B_SPLINE_CURVE_WITH_KNOTS('',3,(#14062,#14063,#14064,#14065),.UNSPECIFIED.,.F.,.F.,(4,4),(0.,1.),.UNSPECIFIED.);
#381=B_SPLINE_CURVE_WITH_KNOTS('',3,(#14068,#14069,#14070,#14071,#14072,#14073,#14074,#14075,#14076,#14077,#14078,#14079,#14080,#14081,#14082,#14083,#14084,#14085,#14086,#14087,#14088,#14089,#14090),.UNSPECIFIED.,.F.,.F.,(4,1,1,1,1,1,1,1,1,1,1,1,1,1,1,1,1,1,1,1,4),(0.,0.125,0.1875,0.21875,0.25,0.28125,0.3125,0.375,0.4375,0.46875,0.5,0.53125,0.5625,0.625,0.6875,0.71875,0.75,0.78125,0.8125,0.875,1.),.UNSPECIFIED.);
#382=B_SPLINE_CURVE_WITH_KNOTS('',3,(#14091,#14092,#14093,#14094,#14095,#14096,#14097,#14098,#14099,#14100,#14101,#14102,#14103,#14104,#14105,#14106,#14107,#14108,#14109,#14110,#14111,#14112,#14113),.UNSPECIFIED.,.F.,.F.,(4,1,1,1,1,1,1,1,1,1,1,1,1,1,1,1,1,1,1,1,4),(0.,0.125,0.1875,0.21875,0.25,0.28125,0.3125,0.375,0.4375,0.46875,0.5,0.53125,0.5625,0.625,0.6875,0.71875,0.75,0.78125,0.8125,0.875,1.),.UNSPECIFIED.);
#383=B_SPLINE_CURVE_WITH_KNOTS('',3,(#14115,#14116,#14117,#14118),.UNSPECIFIED.,.F.,.F.,(4,4),(0.,1.),.UNSPECIFIED.);
#384=B_SPLINE_CURVE_WITH_KNOTS('',3,(#14120,#14121,#14122,#14123,#14124,#14125,#14126,#14127,#14128,#14129,#14130,#14131,#14132,#14133,#14134,#14135,#14136,#14137,#14138,#14139,#14140,#14141),.UNSPECIFIED.,.F.,.F.,(4,1,1,1,1,1,1,1,1,1,1,1,1,1,1,1,1,1,1,4),(0.,0.125,0.1875,0.21875,0.25,0.28125,0.3125,0.375,0.4375,0.46875,0.484375,0.5,0.515625,0.53125,0.5625,0.625,0.6875,0.75,0.875,1.),.UNSPECIFIED.);
#385=B_SPLINE_CURVE_WITH_KNOTS('',3,(#14143,#14144,#14145,#14146),.UNSPECIFIED.,.F.,.F.,(4,4),(0.,1.),.UNSPECIFIED.);
#386=B_SPLINE_CURVE_WITH_KNOTS('',3,(#14148,#14149,#14150,#14151),.UNSPECIFIED.,.F.,.F.,(4,4),(0.,1.),.UNSPECIFIED.);
#387=B_SPLINE_CURVE_WITH_KNOTS('',3,(#14153,#14154,#14155,#14156,#14157,#14158,#14159,#14160,#14161,#14162,#14163,#14164,#14165,#14166,#14167,#14168,#14169,#14170,#14171,#14172,#14173,#14174),.UNSPECIFIED.,.F.,.F.,(4,1,1,1,1,1,1,1,1,1,1,1,1,1,1,1,1,1,1,4),(0.,0.125,0.25,0.3125,0.375,0.4375,0.46875,0.484375,0.5,0.515625,0.53125,0.5625,0.625,0.6875,0.71875,0.75,0.78125,0.8125,0.875,1.),.UNSPECIFIED.);
#388=B_SPLINE_CURVE_WITH_KNOTS('',3,(#14208,#14209,#14210,#14211,#14212,#14213,#14214,#14215,#14216,#14217,#14218,#14219,#14220,#14221,#14222,#14223,#14224,#14225),.UNSPECIFIED.,.F.,.F.,(4,1,1,1,1,1,1,1,1,1,1,1,1,1,1,4),(0.,0.125,0.25,0.375,0.4375,0.5,0.5625,0.625,0.6875,0.71875,0.75,0.78125,0.8125,0.875,0.9375,1.),.UNSPECIFIED.);
#389=B_SPLINE_CURVE_WITH_KNOTS('',3,(#14229,#14230,#14231,#14232,#14233,#14234,#14235,#14236,#14237,#14238,#14239,#14240,#14241,#14242,#14243,#14244,#14245,#14246,#14247,#14248,#14249,#14250),.UNSPECIFIED.,.F.,.F.,(4,1,1,1,1,1,1,1,1,1,1,1,1,1,1,1,1,1,1,4),(0.,0.0625,0.125,0.15625,0.1875,0.21875,0.234375,0.25,0.265625,0.28125,0.3125,0.375,0.4375,0.5,0.5625,0.625,0.75,0.8125,0.875,1.),.UNSPECIFIED.);
#390=B_SPLINE_CURVE_WITH_KNOTS('',3,(#14254,#14255,#14256,#14257),.UNSPECIFIED.,.F.,.F.,(4,4),(0.,0.00115810112539171),.UNSPECIFIED.);
#391=B_SPLINE_CURVE_WITH_KNOTS('',3,(#14261,#14262,#14263,#14264),.UNSPECIFIED.,.F.,.F.,(4,4),(0.,0.00115753060724688),.UNSPECIFIED.);
#392=B_SPLINE_CURVE_WITH_KNOTS('',3,(#14266,#14267,#14268,#14269,#14270,#14271,#14272,#14273,#14274,#14275,#14276,#14277,#14278,#14279,#14280,#14281,#14282,#14283,#14284,#14285,#14286,#14287,#14288),.UNSPECIFIED.,.F.,.F.,(4,1,1,1,1,1,1,1,1,1,1,1,1,1,1,1,1,1,1,1,4),(0.,0.125,0.1875,0.21875,0.25,0.28125,0.3125,0.375,0.4375,0.46875,0.5,0.53125,0.5625,0.625,0.6875,0.71875,0.75,0.78125,0.8125,0.875,1.),.UNSPECIFIED.);
#393=B_SPLINE_CURVE_WITH_KNOTS('',3,(#14290,#14291,#14292,#14293),.UNSPECIFIED.,.F.,.F.,(4,4),(0.,1.),.UNSPECIFIED.);
#394=B_SPLINE_CURVE_WITH_KNOTS('',3,(#14295,#14296,#14297,#14298),.UNSPECIFIED.,.F.,.F.,(4,4),(0.,1.),.UNSPECIFIED.);
#395=B_SPLINE_CURVE_WITH_KNOTS('',3,(#14300,#14301,#14302,#14303,#14304,#14305,#14306,#14307,#14308,#14309,#14310,#14311,#14312,#14313,#14314,#14315,#14316,#14317,#14318,#14319,#14320,#14321,#14322),.UNSPECIFIED.,.F.,.F.,(4,1,1,1,1,1,1,1,1,1,1,1,1,1,1,1,1,1,1,1,4),(0.,0.125,0.1875,0.21875,0.25,0.28125,0.3125,0.375,0.4375,0.46875,0.5,0.53125,0.5625,0.625,0.6875,0.71875,0.75,0.78125,0.8125,0.875,1.),.UNSPECIFIED.);
#396=B_SPLINE_CURVE_WITH_KNOTS('',3,(#14324,#14325,#14326,#14327),.UNSPECIFIED.,.F.,.F.,(4,4),(0.,1.),.UNSPECIFIED.);
#397=B_SPLINE_CURVE_WITH_KNOTS('',3,(#14330,#14331,#14332,#14333,#14334,#14335,#14336,#14337,#14338,#14339,#14340,#14341,#14342,#14343,#14344,#14345,#14346,#14347,#14348,#14349,#14350,#14351),.UNSPECIFIED.,.F.,.F.,(4,1,1,1,1,1,1,1,1,1,1,1,1,1,1,1,1,1,1,4),(0.,0.125,0.25,0.3125,0.375,0.4375,0.46875,0.484375,0.5,0.515625,0.53125,0.5625,0.625,0.6875,0.71875,0.75,0.78125,0.8125,0.875,1.),.UNSPECIFIED.);
#398=B_SPLINE_CURVE_WITH_KNOTS('',3,(#14365,#14366,#14367,#14368,#14369,#14370,#14371,#14372,#14373,#14374,#14375,#14376,#14377,#14378,#14379,#14380,#14381,#14382,#14383,#14384,#14385,#14386),.UNSPECIFIED.,.F.,.F.,(4,1,1,1,1,1,1,1,1,1,1,1,1,1,1,1,1,1,1,4),(0.,0.125,0.1875,0.21875,0.25,0.28125,0.3125,0.375,0.4375,0.46875,0.484375,0.5,0.515625,0.53125,0.5625,0.625,0.6875,0.75,0.875,1.),.UNSPECIFIED.);
#399=B_SPLINE_CURVE_WITH_KNOTS('',3,(#14388,#14389,#14390,#14391),.UNSPECIFIED.,.F.,.F.,(4,4),(0.,1.),.UNSPECIFIED.);
#400=B_SPLINE_CURVE_WITH_KNOTS('',3,(#14409,#14410,#14411,#14412),.UNSPECIFIED.,.F.,.F.,(4,4),(0.,1.),.UNSPECIFIED.);
#401=B_SPLINE_CURVE_WITH_KNOTS('',3,(#14413,#14414,#14415,#14416),.UNSPECIFIED.,.F.,.F.,(4,4),(0.,1.),.UNSPECIFIED.);
#402=B_SPLINE_CURVE_WITH_KNOTS('',3,(#14453,#14454,#14455,#14456),.UNSPECIFIED.,.F.,.F.,(4,4),(0.,1.),.UNSPECIFIED.);
#403=B_SPLINE_CURVE_WITH_KNOTS('',3,(#14489,#14490,#14491,#14492),.UNSPECIFIED.,.F.,.F.,(4,4),(0.,1.),.UNSPECIFIED.);
#404=B_SPLINE_CURVE_WITH_KNOTS('',3,(#14494,#14495,#14496,#14497),.UNSPECIFIED.,.F.,.F.,(4,4),(0.,1.),.UNSPECIFIED.);
#405=B_SPLINE_CURVE_WITH_KNOTS('',3,(#14499,#14500,#14501,#14502),.UNSPECIFIED.,.F.,.F.,(4,4),(0.,1.),.UNSPECIFIED.);
#406=B_SPLINE_CURVE_WITH_KNOTS('',3,(#14535,#14536,#14537,#14538),.UNSPECIFIED.,.F.,.F.,(4,4),(0.,1.),.UNSPECIFIED.);
#407=B_SPLINE_CURVE_WITH_KNOTS('',3,(#14571,#14572,#14573,#14574),.UNSPECIFIED.,.F.,.F.,(4,4),(0.,1.),.UNSPECIFIED.);
#408=B_SPLINE_CURVE_WITH_KNOTS('',3,(#14577,#14578,#14579,#14580),.UNSPECIFIED.,.F.,.F.,(4,4),(0.,1.),.UNSPECIFIED.);
#409=B_SPLINE_CURVE_WITH_KNOTS('',3,(#14581,#14582,#14583,#14584),.UNSPECIFIED.,.F.,.F.,(4,4),(0.,1.),.UNSPECIFIED.);
#410=B_SPLINE_CURVE_WITH_KNOTS('',3,(#14601,#14602,#14603,#14604),.UNSPECIFIED.,.F.,.F.,(4,4),(0.,1.),.UNSPECIFIED.);
#411=B_SPLINE_CURVE_WITH_KNOTS('',3,(#14606,#14607,#14608,#14609),.UNSPECIFIED.,.F.,.F.,(4,4),(0.,1.),.UNSPECIFIED.);
#412=B_SPLINE_CURVE_WITH_KNOTS('',3,(#14646,#14647,#14648,#14649),.UNSPECIFIED.,.F.,.F.,(4,4),(0.,1.),.UNSPECIFIED.);
#413=B_SPLINE_CURVE_WITH_KNOTS('',3,(#14666,#14667,#14668,#14669),.UNSPECIFIED.,.F.,.F.,(4,4),(0.,1.),.UNSPECIFIED.);
#414=B_SPLINE_CURVE_WITH_KNOTS('',3,(#14690,#14691,#14692,#14693),.UNSPECIFIED.,.F.,.F.,(4,4),(0.,1.),.UNSPECIFIED.);
#415=B_SPLINE_CURVE_WITH_KNOTS('',3,(#14726,#14727,#14728,#14729),.UNSPECIFIED.,.F.,.F.,(4,4),(0.,1.),.UNSPECIFIED.);
#416=B_SPLINE_CURVE_WITH_KNOTS('',3,(#14731,#14732,#14733,#14734),.UNSPECIFIED.,.F.,.F.,(4,4),(0.,1.),.UNSPECIFIED.);
#417=B_SPLINE_CURVE_WITH_KNOTS('',3,(#14759,#14760,#14761,#14762),.UNSPECIFIED.,.F.,.F.,(4,4),(0.,1.),.UNSPECIFIED.);
#418=B_SPLINE_CURVE_WITH_KNOTS('',3,(#14765,#14766,#14767,#14768),.UNSPECIFIED.,.F.,.F.,(4,4),(0.,1.),.UNSPECIFIED.);
#419=B_SPLINE_CURVE_WITH_KNOTS('',3,(#14769,#14770,#14771,#14772),.UNSPECIFIED.,.F.,.F.,(4,4),(0.,1.),.UNSPECIFIED.);
#420=B_SPLINE_CURVE_WITH_KNOTS('',3,(#14789,#14790,#14791,#14792),.UNSPECIFIED.,.F.,.F.,(4,4),(0.,1.),.UNSPECIFIED.);
#421=B_SPLINE_CURVE_WITH_KNOTS('',3,(#14794,#14795,#14796,#14797),.UNSPECIFIED.,.F.,.F.,(4,4),(0.,1.),.UNSPECIFIED.);
#422=B_SPLINE_CURVE_WITH_KNOTS('',3,(#14834,#14835,#14836,#14837),.UNSPECIFIED.,.F.,.F.,(4,4),(0.,1.),.UNSPECIFIED.);
#423=B_SPLINE_CURVE_WITH_KNOTS('',3,(#14854,#14855,#14856,#14857),.UNSPECIFIED.,.F.,.F.,(4,4),(0.,1.),.UNSPECIFIED.);
#424=B_SPLINE_CURVE_WITH_KNOTS('',3,(#14878,#14879,#14880,#14881),.UNSPECIFIED.,.F.,.F.,(4,4),(0.,1.),.UNSPECIFIED.);
#425=B_SPLINE_CURVE_WITH_KNOTS('',3,(#14914,#14915,#14916,#14917),.UNSPECIFIED.,.F.,.F.,(4,4),(0.,1.),.UNSPECIFIED.);
#426=B_SPLINE_CURVE_WITH_KNOTS('',3,(#14919,#14920,#14921,#14922),.UNSPECIFIED.,.F.,.F.,(4,4),(0.,1.),.UNSPECIFIED.);
#427=B_SPLINE_CURVE_WITH_KNOTS('',3,(#14947,#14948,#14949,#14950),.UNSPECIFIED.,.F.,.F.,(4,4),(0.,1.),.UNSPECIFIED.);
#428=B_SPLINE_CURVE_WITH_KNOTS('',3,(#14998,#14999,#15000,#15001),.UNSPECIFIED.,.F.,.F.,(4,4),(1.16287593356632E-06,0.000343332597514331),.UNSPECIFIED.);
#429=B_SPLINE_CURVE_WITH_KNOTS('',3,(#15002,#15003,#15004,#15005),.UNSPECIFIED.,.F.,.F.,(4,4),(1.16287593356632E-06,0.000343332597514332),.UNSPECIFIED.);
#430=B_SPLINE_CURVE_WITH_KNOTS('',3,(#15182,#15183,#15184,#15185,#15186,#15187,#15188),.UNSPECIFIED.,.F.,.F.,(4,1,1,1,4),(0.000123736154845557,0.000726806282078802,0.00132987640931205,0.00193294653654529,0.00253601666377854),.UNSPECIFIED.);
#431=B_SPLINE_CURVE_WITH_KNOTS('',3,(#15191,#15192,#15193,#15194),.UNSPECIFIED.,.F.,.F.,(4,4),(3.36903888197556E-16,0.000783927150705295),.UNSPECIFIED.);
#432=B_SPLINE_CURVE_WITH_KNOTS('',3,(#15195,#15196,#15197,#15198),.UNSPECIFIED.,.F.,.F.,(4,4),(0.,0.000860469089479319),.UNSPECIFIED.);
#433=B_SPLINE_CURVE_WITH_KNOTS('',3,(#15202,#15203,#15204,#15205,#15206),.UNSPECIFIED.,.F.,.F.,(4,1,4),(0.,0.262646374679447,0.525292749358895),.UNSPECIFIED.);
#434=B_SPLINE_CURVE_WITH_KNOTS('',3,(#15208,#15209,#15210,#15211),.UNSPECIFIED.,.F.,.F.,(4,4),(0.,0.806587708172407),.UNSPECIFIED.);
#435=B_SPLINE_CURVE_WITH_KNOTS('',3,(#15213,#15214,#15215,#15216),.UNSPECIFIED.,.F.,.F.,(4,4),(0.,0.000126028751182693),.UNSPECIFIED.);
#436=B_SPLINE_CURVE_WITH_KNOTS('',3,(#15248,#15249,#15250,#15251),.UNSPECIFIED.,.F.,.F.,(4,4),(0.,0.00078391073962887),.UNSPECIFIED.);
#437=B_SPLINE_CURVE_WITH_KNOTS('',3,(#15253,#15254,#15255,#15256,#15257,#15258),.UNSPECIFIED.,.F.,.F.,(4,1,1,4),(0.000501509029710378,0.00171250268931822,0.00231799951912214,0.00292349634892606),.UNSPECIFIED.);
#438=B_SPLINE_CURVE_WITH_KNOTS('',3,(#15260,#15261,#15262,#15263),.UNSPECIFIED.,.F.,.F.,(4,4),(3.46944695195361E-18,0.000126028751182696),.UNSPECIFIED.);
#439=B_SPLINE_CURVE_WITH_KNOTS('',3,(#15265,#15266,#15267,#15268),.UNSPECIFIED.,.F.,.F.,(4,4),(0.193412291827593,1.),.UNSPECIFIED.);
#440=B_SPLINE_CURVE_WITH_KNOTS('',3,(#15271,#15272,#15273,#15274),.UNSPECIFIED.,.F.,.F.,(4,4),(0.,0.000860469089479311),.UNSPECIFIED.);
#441=B_SPLINE_CURVE_WITH_KNOTS('',3,(#15678,#15679,#15680,#15681),.UNSPECIFIED.,.F.,.F.,(4,4),(0.,1.),.UNSPECIFIED.);
#442=B_SPLINE_CURVE_WITH_KNOTS('',3,(#15687,#15688,#15689,#15690),.UNSPECIFIED.,.F.,.F.,(4,4),(0.,1.),.UNSPECIFIED.);
#443=B_SPLINE_CURVE_WITH_KNOTS('',3,(#15702,#15703,#15704,#15705),.UNSPECIFIED.,.F.,.F.,(4,4),(0.,1.),.UNSPECIFIED.);
#444=B_SPLINE_CURVE_WITH_KNOTS('',3,(#15707,#15708,#15709,#15710),.UNSPECIFIED.,.F.,.F.,(4,4),(0.,1.),.UNSPECIFIED.);
#445=B_SPLINE_CURVE_WITH_KNOTS('',3,(#15712,#15713,#15714,#15715),.UNSPECIFIED.,.F.,.F.,(4,4),(0.,1.),.UNSPECIFIED.);
#446=B_SPLINE_CURVE_WITH_KNOTS('',3,(#15717,#15718,#15719,#15720),.UNSPECIFIED.,.F.,.F.,(4,4),(0.,1.),.UNSPECIFIED.);
#447=B_SPLINE_CURVE_WITH_KNOTS('',3,(#15722,#15723,#15724,#15725),.UNSPECIFIED.,.F.,.F.,(4,4),(0.,1.),.UNSPECIFIED.);
#448=B_SPLINE_CURVE_WITH_KNOTS('',3,(#15742,#15743,#15744,#15745),.UNSPECIFIED.,.F.,.F.,(4,4),(0.,1.),.UNSPECIFIED.);
#449=B_SPLINE_CURVE_WITH_KNOTS('',3,(#15748,#15749,#15750,#15751),.UNSPECIFIED.,.F.,.F.,(4,4),(0.,1.),.UNSPECIFIED.);
#450=B_SPLINE_CURVE_WITH_KNOTS('',3,(#15755,#15756,#15757,#15758),.UNSPECIFIED.,.F.,.F.,(4,4),(0.,1.),.UNSPECIFIED.);
#451=B_SPLINE_CURVE_WITH_KNOTS('',3,(#15760,#15761,#15762,#15763),.UNSPECIFIED.,.F.,.F.,(4,4),(0.,1.),.UNSPECIFIED.);
#452=B_SPLINE_CURVE_WITH_KNOTS('',3,(#15765,#15766,#15767,#15768,#15769,#15770,#15771),.UNSPECIFIED.,.F.,.F.,(4,1,1,1,4),(0.,0.25,0.5,0.75,1.),.UNSPECIFIED.);
#453=B_SPLINE_CURVE_WITH_KNOTS('',3,(#15773,#15774,#15775,#15776,#15777),.UNSPECIFIED.,.F.,.F.,(4,1,4),(0.,0.5,1.),.UNSPECIFIED.);
#454=B_SPLINE_CURVE_WITH_KNOTS('',3,(#15779,#15780,#15781,#15782,#15783,#15784,#15785,#15786,#15787),.UNSPECIFIED.,.F.,.F.,(4,1,1,1,1,1,4),(0.,0.125,0.25,0.375,0.5,0.75,1.),.UNSPECIFIED.);
#455=B_SPLINE_CURVE_WITH_KNOTS('',3,(#15789,#15790,#15791,#15792),.UNSPECIFIED.,.F.,.F.,(4,4),(0.,1.),.UNSPECIFIED.);
#456=B_SPLINE_CURVE_WITH_KNOTS('',3,(#15798,#15799,#15800,#15801,#15802),.UNSPECIFIED.,.F.,.F.,(4,1,4),(0.,0.5,1.),.UNSPECIFIED.);
#457=B_SPLINE_CURVE_WITH_KNOTS('',3,(#15813,#15814,#15815,#15816),.UNSPECIFIED.,.F.,.F.,(4,4),(0.,1.),.UNSPECIFIED.);
#458=B_SPLINE_CURVE_WITH_KNOTS('',3,(#15817,#15818,#15819,#15820),.UNSPECIFIED.,.F.,.F.,(4,4),(0.,1.),.UNSPECIFIED.);
#459=B_SPLINE_CURVE_WITH_KNOTS('',3,(#15822,#15823,#15824,#15825),.UNSPECIFIED.,.F.,.F.,(4,4),(4.1667211391568E-07,1.),.UNSPECIFIED.);
#460=B_SPLINE_CURVE_WITH_KNOTS('',3,(#15850,#15851,#15852,#15853),.UNSPECIFIED.,.F.,.F.,(4,4),(0.,1.),.UNSPECIFIED.);
#461=B_SPLINE_CURVE_WITH_KNOTS('',3,(#15855,#15856,#15857,#15858),.UNSPECIFIED.,.F.,.F.,(4,4),(0.,1.),.UNSPECIFIED.);
#462=B_SPLINE_CURVE_WITH_KNOTS('',3,(#15875,#15876,#15877,#15878),.UNSPECIFIED.,.F.,.F.,(4,4),(0.,1.),.UNSPECIFIED.);
#463=B_SPLINE_CURVE_WITH_KNOTS('',3,(#15899,#15900,#15901,#15902),.UNSPECIFIED.,.F.,.F.,(4,4),(0.,1.),.UNSPECIFIED.);
#464=B_SPLINE_CURVE_WITH_KNOTS('',3,(#15915,#15916,#15917,#15918),.UNSPECIFIED.,.F.,.F.,(4,4),(0.,1.),.UNSPECIFIED.);
#465=B_SPLINE_CURVE_WITH_KNOTS('',3,(#15920,#15921,#15922,#15923),.UNSPECIFIED.,.F.,.F.,(4,4),(0.,1.),.UNSPECIFIED.);
#466=B_SPLINE_CURVE_WITH_KNOTS('',3,(#15932,#15933,#15934,#15935),.UNSPECIFIED.,.F.,.F.,(4,4),(0.,1.),.UNSPECIFIED.);
#467=B_SPLINE_CURVE_WITH_KNOTS('',3,(#15952,#15953,#15954,#15955),.UNSPECIFIED.,.F.,.F.,(4,4),(0.,1.),.UNSPECIFIED.);
#468=B_SPLINE_CURVE_WITH_KNOTS('',3,(#15957,#15958,#15959,#15960),.UNSPECIFIED.,.F.,.F.,(4,4),(4.99987053289448E-07,0.999999583322667),.UNSPECIFIED.);
#469=B_SPLINE_CURVE_WITH_KNOTS('',3,(#16026,#16027,#16028,#16029),.UNSPECIFIED.,.F.,.F.,(4,4),(0.,1.),.UNSPECIFIED.);
#470=B_SPLINE_CURVE_WITH_KNOTS('',3,(#16035,#16036,#16037,#16038),.UNSPECIFIED.,.F.,.F.,(4,4),(0.,1.),.UNSPECIFIED.);
#471=B_SPLINE_CURVE_WITH_KNOTS('',3,(#16050,#16051,#16052,#16053),.UNSPECIFIED.,.F.,.F.,(4,4),(0.,1.),.UNSPECIFIED.);
#472=B_SPLINE_CURVE_WITH_KNOTS('',3,(#16055,#16056,#16057,#16058),.UNSPECIFIED.,.F.,.F.,(4,4),(0.,1.),.UNSPECIFIED.);
#473=B_SPLINE_CURVE_WITH_KNOTS('',3,(#16060,#16061,#16062,#16063),.UNSPECIFIED.,.F.,.F.,(4,4),(0.,1.),.UNSPECIFIED.);
#474=B_SPLINE_CURVE_WITH_KNOTS('',3,(#16065,#16066,#16067,#16068),.UNSPECIFIED.,.F.,.F.,(4,4),(0.,1.),.UNSPECIFIED.);
#475=B_SPLINE_CURVE_WITH_KNOTS('',3,(#16070,#16071,#16072,#16073),.UNSPECIFIED.,.F.,.F.,(4,4),(0.,1.),.UNSPECIFIED.);
#476=B_SPLINE_CURVE_WITH_KNOTS('',3,(#16090,#16091,#16092,#16093),.UNSPECIFIED.,.F.,.F.,(4,4),(0.,1.),.UNSPECIFIED.);
#477=B_SPLINE_CURVE_WITH_KNOTS('',3,(#16096,#16097,#16098,#16099),.UNSPECIFIED.,.F.,.F.,(4,4),(0.,1.),.UNSPECIFIED.);
#478=B_SPLINE_CURVE_WITH_KNOTS('',3,(#16103,#16104,#16105,#16106),.UNSPECIFIED.,.F.,.F.,(4,4),(0.,1.),.UNSPECIFIED.);
#479=B_SPLINE_CURVE_WITH_KNOTS('',3,(#16108,#16109,#16110,#16111),.UNSPECIFIED.,.F.,.F.,(4,4),(0.,1.),.UNSPECIFIED.);
#480=B_SPLINE_CURVE_WITH_KNOTS('',3,(#16113,#16114,#16115,#16116,#16117,#16118,#16119),.UNSPECIFIED.,.F.,.F.,(4,1,1,1,4),(0.,0.25,0.5,0.75,1.),.UNSPECIFIED.);
#481=B_SPLINE_CURVE_WITH_KNOTS('',3,(#16121,#16122,#16123,#16124,#16125),.UNSPECIFIED.,.F.,.F.,(4,1,4),(0.,0.5,1.),.UNSPECIFIED.);
#482=B_SPLINE_CURVE_WITH_KNOTS('',3,(#16127,#16128,#16129,#16130,#16131,#16132,#16133,#16134,#16135),.UNSPECIFIED.,.F.,.F.,(4,1,1,1,1,1,4),(0.,0.125,0.25,0.375,0.5,0.75,1.),.UNSPECIFIED.);
#483=B_SPLINE_CURVE_WITH_KNOTS('',3,(#16137,#16138,#16139,#16140),.UNSPECIFIED.,.F.,.F.,(4,4),(0.,1.),.UNSPECIFIED.);
#484=B_SPLINE_CURVE_WITH_KNOTS('',3,(#16146,#16147,#16148,#16149,#16150),.UNSPECIFIED.,.F.,.F.,(4,1,4),(0.,0.5,1.),.UNSPECIFIED.);
#485=B_SPLINE_CURVE_WITH_KNOTS('',3,(#16161,#16162,#16163,#16164),.UNSPECIFIED.,.F.,.F.,(4,4),(0.,1.),.UNSPECIFIED.);
#486=B_SPLINE_CURVE_WITH_KNOTS('',3,(#16165,#16166,#16167,#16168),.UNSPECIFIED.,.F.,.F.,(4,4),(0.,1.),.UNSPECIFIED.);
#487=B_SPLINE_CURVE_WITH_KNOTS('',3,(#16170,#16171,#16172,#16173),.UNSPECIFIED.,.F.,.F.,(4,4),(4.16672170835498E-07,1.),.UNSPECIFIED.);
#488=B_SPLINE_CURVE_WITH_KNOTS('',3,(#16198,#16199,#16200,#16201),.UNSPECIFIED.,.F.,.F.,(4,4),(0.,1.),.UNSPECIFIED.);
#489=B_SPLINE_CURVE_WITH_KNOTS('',3,(#16203,#16204,#16205,#16206),.UNSPECIFIED.,.F.,.F.,(4,4),(0.,1.),.UNSPECIFIED.);
#490=B_SPLINE_CURVE_WITH_KNOTS('',3,(#16223,#16224,#16225,#16226),.UNSPECIFIED.,.F.,.F.,(4,4),(0.,1.),.UNSPECIFIED.);
#491=B_SPLINE_CURVE_WITH_KNOTS('',3,(#16247,#16248,#16249,#16250),.UNSPECIFIED.,.F.,.F.,(4,4),(0.,1.),.UNSPECIFIED.);
#492=B_SPLINE_CURVE_WITH_KNOTS('',3,(#16263,#16264,#16265,#16266),.UNSPECIFIED.,.F.,.F.,(4,4),(0.,1.),.UNSPECIFIED.);
#493=B_SPLINE_CURVE_WITH_KNOTS('',3,(#16268,#16269,#16270,#16271),.UNSPECIFIED.,.F.,.F.,(4,4),(0.,1.),.UNSPECIFIED.);
#494=B_SPLINE_CURVE_WITH_KNOTS('',3,(#16280,#16281,#16282,#16283),.UNSPECIFIED.,.F.,.F.,(4,4),(0.,1.),.UNSPECIFIED.);
#495=B_SPLINE_CURVE_WITH_KNOTS('',3,(#16300,#16301,#16302,#16303),.UNSPECIFIED.,.F.,.F.,(4,4),(0.,1.),.UNSPECIFIED.);
#496=B_SPLINE_CURVE_WITH_KNOTS('',3,(#16305,#16306,#16307,#16308),.UNSPECIFIED.,.F.,.F.,(4,4),(4.9998703243232E-07,0.999999583322652),.UNSPECIFIED.);
#497=CIRCLE('',#8391,0.0003);
#498=CIRCLE('',#8392,0.0003);
#499=CIRCLE('',#8393,0.0003);
#500=CIRCLE('',#8394,0.0003);
#501=CIRCLE('',#8395,0.0003);
#502=CIRCLE('',#8398,0.00966490947931251);
#503=CIRCLE('',#8402,0.00966168198095059);
#504=CIRCLE('',#8417,0.001);
#505=CIRCLE('',#8418,0.001);
#506=CIRCLE('',#8419,0.001);
#507=CIRCLE('',#8420,0.001);
#508=CIRCLE('',#8421,0.001);
#509=CIRCLE('',#8422,0.001);
#510=CIRCLE('',#8423,0.001);
#511=CIRCLE('',#8424,0.001);
#512=CIRCLE('',#8425,0.001);
#513=CIRCLE('',#8426,0.001);
#514=CIRCLE('',#8427,0.0005);
#515=CIRCLE('',#8428,0.0005);
#516=CIRCLE('',#8429,0.001);
#517=CIRCLE('',#8430,0.001);
#518=CIRCLE('',#8431,0.001);
#519=CIRCLE('',#8432,0.001);
#520=CIRCLE('',#8433,0.001);
#521=CIRCLE('',#8434,0.001);
#522=CIRCLE('',#8435,0.001);
#523=CIRCLE('',#8436,0.001);
#524=CIRCLE('',#8437,0.001);
#525=CIRCLE('',#8438,0.001);
#526=CIRCLE('',#8446,0.001);
#527=CIRCLE('',#8447,0.001);
#528=CIRCLE('',#8448,0.001);
#529=CIRCLE('',#8449,0.001);
#530=CIRCLE('',#8450,0.001);
#531=CIRCLE('',#8451,0.001);
#532=CIRCLE('',#8452,0.001);
#533=CIRCLE('',#8453,0.001);
#534=CIRCLE('',#8454,0.001);
#535=CIRCLE('',#8455,0.001);
#536=CIRCLE('',#8456,0.001);
#537=CIRCLE('',#8457,0.001);
#538=CIRCLE('',#8458,0.001);
#539=CIRCLE('',#8459,0.001);
#540=CIRCLE('',#8460,0.0005);
#541=CIRCLE('',#8461,0.0005);
#542=CIRCLE('',#8462,0.001);
#543=CIRCLE('',#8463,0.001);
#544=CIRCLE('',#8464,0.001);
#545=CIRCLE('',#8465,0.001);
#546=CIRCLE('',#8466,0.001);
#547=CIRCLE('',#8467,0.001);
#548=CIRCLE('',#8473,0.0005);
#549=CIRCLE('',#8474,0.0005);
#550=CIRCLE('',#8475,0.0005);
#551=CIRCLE('',#8476,0.0005);
#552=CIRCLE('',#8477,0.0005);
#553=CIRCLE('',#8478,0.0005);
#554=CIRCLE('',#8516,0.0005);
#555=CIRCLE('',#8517,0.0005);
#556=CIRCLE('',#8524,0.0005);
#557=CIRCLE('',#8525,0.0005);
#558=CIRCLE('',#8532,0.0005);
#559=CIRCLE('',#8533,0.0005);
#560=CIRCLE('',#8602,0.0005);
#561=CIRCLE('',#8611,0.0005);
#562=CIRCLE('',#8612,0.001);
#563=CIRCLE('',#8613,0.000875);
#564=CIRCLE('',#8614,0.001125);
#565=CIRCLE('',#8615,0.001125);
#566=CIRCLE('',#8616,0.000875);
#567=CIRCLE('',#8617,0.000875);
#568=CIRCLE('',#8618,0.001125);
#569=CIRCLE('',#8619,0.001125);
#570=CIRCLE('',#8620,0.000875);
#571=CIRCLE('',#8621,0.001);
#572=CIRCLE('',#8622,0.001);
#573=CIRCLE('',#8623,0.000875);
#574=CIRCLE('',#8624,0.001125);
#575=CIRCLE('',#8625,0.001125);
#576=CIRCLE('',#8626,0.000875);
#577=CIRCLE('',#8627,0.000875);
#578=CIRCLE('',#8628,0.001125);
#579=CIRCLE('',#8629,0.001125);
#580=CIRCLE('',#8630,0.000875);
#581=CIRCLE('',#8631,0.001);
#582=CIRCLE('',#8635,0.0005);
#583=CIRCLE('',#8636,0.0005);
#584=CIRCLE('',#8637,0.0005);
#585=CIRCLE('',#8638,0.0005);
#586=CIRCLE('',#8639,0.0005);
#587=CIRCLE('',#8640,0.0005);
#588=CIRCLE('',#8641,0.0005);
#589=CIRCLE('',#8642,0.0005);
#590=CIRCLE('',#8650,0.00025);
#591=CIRCLE('',#8651,0.00025);
#592=CIRCLE('',#8652,0.00025);
#593=CIRCLE('',#8653,0.00025);
#594=CIRCLE('',#8654,0.00025);
#595=CIRCLE('',#8655,0.00025);
#596=CIRCLE('',#8657,0.00025);
#597=CIRCLE('',#8658,0.00025);
#598=CIRCLE('',#8659,0.00025);
#599=CIRCLE('',#8660,0.00025);
#600=CIRCLE('',#8661,0.00225);
#601=CIRCLE('',#8663,0.001);
#602=CIRCLE('',#8664,0.001);
#603=CIRCLE('',#8665,0.001);
#604=CIRCLE('',#8666,0.00025);
#605=CIRCLE('',#8667,0.00025);
#606=CIRCLE('',#8668,0.00025);
#607=CIRCLE('',#8669,0.00025);
#608=CIRCLE('',#8670,0.001);
#609=CIRCLE('',#8672,0.00205);
#610=CIRCLE('',#8735,0.00025);
#611=CIRCLE('',#8736,0.00025);
#612=CIRCLE('',#8746,0.00205);
#613=CIRCLE('',#8747,0.00205);
#614=CIRCLE('',#8766,0.0005);
#615=CIRCLE('',#8767,0.0005);
#616=CIRCLE('',#8771,0.0005);
#617=CIRCLE('',#8772,0.0005);
#618=CIRCLE('',#8775,0.0005);
#619=CIRCLE('',#8776,0.0005);
#620=CIRCLE('',#8780,0.0005);
#621=CIRCLE('',#8781,0.0005);
#622=CIRCLE('',#8787,0.0005);
#623=CIRCLE('',#8788,0.0005);
#624=CIRCLE('',#8793,0.000875);
#625=CIRCLE('',#8795,0.000875);
#626=CIRCLE('',#8797,0.001125);
#627=CIRCLE('',#8798,0.001125);
#628=CIRCLE('',#8805,0.000875);
#629=CIRCLE('',#8807,0.000875);
#630=CIRCLE('',#8809,0.001125);
#631=CIRCLE('',#8810,0.001125);
#632=CIRCLE('',#8817,0.001125);
#633=CIRCLE('',#8819,0.001125);
#634=CIRCLE('',#8824,0.000875);
#635=CIRCLE('',#8826,0.000875);
#636=CIRCLE('',#8829,0.000875);
#637=CIRCLE('',#8831,0.000875);
#638=CIRCLE('',#8833,0.001125);
#639=CIRCLE('',#8834,0.001125);
#640=CIRCLE('',#8861,0.00035);
#641=CIRCLE('',#8863,0.00035);
#642=CIRCLE('',#8865,0.00035);
#643=CIRCLE('',#8870,0.00035);
#644=CIRCLE('',#8872,0.00035);
#645=CIRCLE('',#8881,0.00035);
#646=CIRCLE('',#8883,0.00035);
#647=CIRCLE('',#8885,0.00035);
#648=CIRCLE('',#8890,0.00035);
#649=CIRCLE('',#8892,0.00035);
#650=CIRCLE('',#8900,0.00035);
#651=CIRCLE('',#8903,0.00035);
#652=CIRCLE('',#8905,0.00035);
#653=CIRCLE('',#8910,0.00035);
#654=CIRCLE('',#8912,0.00035);
#655=CIRCLE('',#8925,0.0003);
#656=CIRCLE('',#8926,0.0003);
#657=CIRCLE('',#8927,0.0003);
#658=CIRCLE('',#8928,0.0003);
#659=CIRCLE('',#8929,0.0003);
#660=CIRCLE('',#8932,0.00966490948574458);
#661=CIRCLE('',#8936,0.00966168197689572);
#662=CIRCLE('',#8955,0.0003);
#663=CIRCLE('',#8956,0.0003);
#664=CIRCLE('',#8957,0.0003);
#665=CIRCLE('',#8958,0.0003);
#666=CIRCLE('',#8959,0.0003);
#667=CIRCLE('',#8962,0.00966490947922907);
#668=CIRCLE('',#8966,0.00966168197646134);
#669=ORIENTED_EDGE('',*,*,#3127,.F.);
#670=ORIENTED_EDGE('',*,*,#3128,.F.);
#671=ORIENTED_EDGE('',*,*,#3129,.T.);
#672=ORIENTED_EDGE('',*,*,#3130,.T.);
#673=ORIENTED_EDGE('',*,*,#3131,.T.);
#674=ORIENTED_EDGE('',*,*,#3132,.F.);
#675=ORIENTED_EDGE('',*,*,#3133,.F.);
#676=ORIENTED_EDGE('',*,*,#3128,.T.);
#677=ORIENTED_EDGE('',*,*,#3134,.T.);
#678=ORIENTED_EDGE('',*,*,#3135,.F.);
#679=ORIENTED_EDGE('',*,*,#3136,.F.);
#680=ORIENTED_EDGE('',*,*,#3132,.T.);
#681=ORIENTED_EDGE('',*,*,#3137,.F.);
#682=ORIENTED_EDGE('',*,*,#3130,.F.);
#683=ORIENTED_EDGE('',*,*,#3138,.T.);
#684=ORIENTED_EDGE('',*,*,#3135,.T.);
#685=ORIENTED_EDGE('',*,*,#3129,.F.);
#686=ORIENTED_EDGE('',*,*,#3133,.T.);
#687=ORIENTED_EDGE('',*,*,#3136,.T.);
#688=ORIENTED_EDGE('',*,*,#3138,.F.);
#689=ORIENTED_EDGE('',*,*,#3139,.T.);
#690=ORIENTED_EDGE('',*,*,#3140,.T.);
#691=ORIENTED_EDGE('',*,*,#3141,.T.);
#692=ORIENTED_EDGE('',*,*,#3142,.T.);
#693=ORIENTED_EDGE('',*,*,#3143,.T.);
#694=ORIENTED_EDGE('',*,*,#3144,.T.);
#695=ORIENTED_EDGE('',*,*,#3145,.T.);
#696=ORIENTED_EDGE('',*,*,#3146,.T.);
#697=ORIENTED_EDGE('',*,*,#3147,.T.);
#698=ORIENTED_EDGE('',*,*,#3148,.T.);
#699=ORIENTED_EDGE('',*,*,#3127,.T.);
#700=ORIENTED_EDGE('',*,*,#3137,.T.);
#701=ORIENTED_EDGE('',*,*,#3134,.F.);
#702=ORIENTED_EDGE('',*,*,#3131,.F.);
#703=ORIENTED_EDGE('',*,*,#3149,.T.);
#704=ORIENTED_EDGE('',*,*,#3150,.T.);
#705=ORIENTED_EDGE('',*,*,#3151,.T.);
#706=ORIENTED_EDGE('',*,*,#3143,.F.);
#707=ORIENTED_EDGE('',*,*,#3152,.T.);
#708=ORIENTED_EDGE('',*,*,#3153,.T.);
#709=ORIENTED_EDGE('',*,*,#3154,.T.);
#710=ORIENTED_EDGE('',*,*,#3141,.F.);
#711=ORIENTED_EDGE('',*,*,#3155,.T.);
#712=ORIENTED_EDGE('',*,*,#3156,.T.);
#713=ORIENTED_EDGE('',*,*,#3157,.T.);
#714=ORIENTED_EDGE('',*,*,#3158,.T.);
#715=ORIENTED_EDGE('',*,*,#3139,.F.);
#716=ORIENTED_EDGE('',*,*,#3159,.T.);
#717=ORIENTED_EDGE('',*,*,#3160,.T.);
#718=ORIENTED_EDGE('',*,*,#3161,.T.);
#719=ORIENTED_EDGE('',*,*,#3147,.F.);
#720=ORIENTED_EDGE('',*,*,#3162,.T.);
#721=ORIENTED_EDGE('',*,*,#3163,.T.);
#722=ORIENTED_EDGE('',*,*,#3164,.T.);
#723=ORIENTED_EDGE('',*,*,#3165,.T.);
#724=ORIENTED_EDGE('',*,*,#3145,.F.);
#725=ORIENTED_EDGE('',*,*,#3151,.F.);
#726=ORIENTED_EDGE('',*,*,#3166,.T.);
#727=ORIENTED_EDGE('',*,*,#3162,.F.);
#728=ORIENTED_EDGE('',*,*,#3144,.F.);
#729=ORIENTED_EDGE('',*,*,#3165,.F.);
#730=ORIENTED_EDGE('',*,*,#3167,.T.);
#731=ORIENTED_EDGE('',*,*,#3159,.F.);
#732=ORIENTED_EDGE('',*,*,#3146,.F.);
#733=ORIENTED_EDGE('',*,*,#3161,.F.);
#734=ORIENTED_EDGE('',*,*,#3168,.T.);
#735=ORIENTED_EDGE('',*,*,#3156,.F.);
#736=ORIENTED_EDGE('',*,*,#3148,.F.);
#737=ORIENTED_EDGE('',*,*,#3158,.F.);
#738=ORIENTED_EDGE('',*,*,#3169,.T.);
#739=ORIENTED_EDGE('',*,*,#3155,.F.);
#740=ORIENTED_EDGE('',*,*,#3140,.F.);
#741=ORIENTED_EDGE('',*,*,#3154,.F.);
#742=ORIENTED_EDGE('',*,*,#3170,.T.);
#743=ORIENTED_EDGE('',*,*,#3149,.F.);
#744=ORIENTED_EDGE('',*,*,#3142,.F.);
#745=ORIENTED_EDGE('',*,*,#3171,.T.);
#746=ORIENTED_EDGE('',*,*,#3172,.T.);
#747=ORIENTED_EDGE('',*,*,#3173,.F.);
#748=ORIENTED_EDGE('',*,*,#3174,.T.);
#749=ORIENTED_EDGE('',*,*,#3175,.T.);
#750=ORIENTED_EDGE('',*,*,#3176,.T.);
#751=ORIENTED_EDGE('',*,*,#3177,.T.);
#752=ORIENTED_EDGE('',*,*,#3178,.T.);
#753=ORIENTED_EDGE('',*,*,#3179,.T.);
#754=ORIENTED_EDGE('',*,*,#3180,.T.);
#755=ORIENTED_EDGE('',*,*,#3173,.T.);
#756=ORIENTED_EDGE('',*,*,#3181,.T.);
#757=ORIENTED_EDGE('',*,*,#3182,.T.);
#758=ORIENTED_EDGE('',*,*,#3183,.T.);
#759=ORIENTED_EDGE('',*,*,#3184,.F.);
#760=ORIENTED_EDGE('',*,*,#3167,.F.);
#761=ORIENTED_EDGE('',*,*,#3185,.F.);
#762=ORIENTED_EDGE('',*,*,#3171,.F.);
#763=ORIENTED_EDGE('',*,*,#3185,.T.);
#764=ORIENTED_EDGE('',*,*,#3164,.F.);
#765=ORIENTED_EDGE('',*,*,#3186,.F.);
#766=ORIENTED_EDGE('',*,*,#3172,.F.);
#767=ORIENTED_EDGE('',*,*,#3184,.T.);
#768=ORIENTED_EDGE('',*,*,#3178,.F.);
#769=ORIENTED_EDGE('',*,*,#3187,.F.);
#770=ORIENTED_EDGE('',*,*,#3160,.F.);
#771=ORIENTED_EDGE('',*,*,#3186,.T.);
#772=ORIENTED_EDGE('',*,*,#3163,.F.);
#773=ORIENTED_EDGE('',*,*,#3188,.F.);
#774=ORIENTED_EDGE('',*,*,#3181,.F.);
#775=ORIENTED_EDGE('',*,*,#3187,.T.);
#776=ORIENTED_EDGE('',*,*,#3177,.F.);
#777=ORIENTED_EDGE('',*,*,#3189,.F.);
#778=ORIENTED_EDGE('',*,*,#3168,.F.);
#779=ORIENTED_EDGE('',*,*,#3188,.T.);
#780=ORIENTED_EDGE('',*,*,#3166,.F.);
#781=ORIENTED_EDGE('',*,*,#3190,.F.);
#782=ORIENTED_EDGE('',*,*,#3182,.F.);
#783=ORIENTED_EDGE('',*,*,#3189,.T.);
#784=ORIENTED_EDGE('',*,*,#3176,.F.);
#785=ORIENTED_EDGE('',*,*,#3191,.F.);
#786=ORIENTED_EDGE('',*,*,#3157,.F.);
#787=ORIENTED_EDGE('',*,*,#3190,.T.);
#788=ORIENTED_EDGE('',*,*,#3150,.F.);
#789=ORIENTED_EDGE('',*,*,#3192,.F.);
#790=ORIENTED_EDGE('',*,*,#3183,.F.);
#791=ORIENTED_EDGE('',*,*,#3191,.T.);
#792=ORIENTED_EDGE('',*,*,#3175,.F.);
#793=ORIENTED_EDGE('',*,*,#3193,.F.);
#794=ORIENTED_EDGE('',*,*,#3169,.F.);
#795=ORIENTED_EDGE('',*,*,#3192,.T.);
#796=ORIENTED_EDGE('',*,*,#3170,.F.);
#797=ORIENTED_EDGE('',*,*,#3194,.F.);
#798=ORIENTED_EDGE('',*,*,#3179,.F.);
#799=ORIENTED_EDGE('',*,*,#3193,.T.);
#800=ORIENTED_EDGE('',*,*,#3174,.F.);
#801=ORIENTED_EDGE('',*,*,#3195,.F.);
#802=ORIENTED_EDGE('',*,*,#3152,.F.);
#803=ORIENTED_EDGE('',*,*,#3194,.T.);
#804=ORIENTED_EDGE('',*,*,#3153,.F.);
#805=ORIENTED_EDGE('',*,*,#3195,.T.);
#806=ORIENTED_EDGE('',*,*,#3180,.F.);
#807=ORIENTED_EDGE('',*,*,#3196,.T.);
#808=ORIENTED_EDGE('',*,*,#3197,.T.);
#809=ORIENTED_EDGE('',*,*,#3198,.F.);
#810=ORIENTED_EDGE('',*,*,#3199,.T.);
#811=ORIENTED_EDGE('',*,*,#3200,.T.);
#812=ORIENTED_EDGE('',*,*,#3201,.F.);
#813=ORIENTED_EDGE('',*,*,#3202,.F.);
#814=ORIENTED_EDGE('',*,*,#3203,.T.);
#815=ORIENTED_EDGE('',*,*,#3204,.T.);
#816=ORIENTED_EDGE('',*,*,#3205,.F.);
#817=ORIENTED_EDGE('',*,*,#3206,.T.);
#818=ORIENTED_EDGE('',*,*,#3207,.T.);
#819=ORIENTED_EDGE('',*,*,#3208,.F.);
#820=ORIENTED_EDGE('',*,*,#3209,.T.);
#821=ORIENTED_EDGE('',*,*,#3210,.T.);
#822=ORIENTED_EDGE('',*,*,#3211,.F.);
#823=ORIENTED_EDGE('',*,*,#3212,.F.);
#824=ORIENTED_EDGE('',*,*,#3213,.T.);
#825=ORIENTED_EDGE('',*,*,#3214,.T.);
#826=ORIENTED_EDGE('',*,*,#3215,.F.);
#827=ORIENTED_EDGE('',*,*,#3216,.F.);
#828=ORIENTED_EDGE('',*,*,#3217,.T.);
#829=ORIENTED_EDGE('',*,*,#3218,.T.);
#830=ORIENTED_EDGE('',*,*,#3219,.F.);
#831=ORIENTED_EDGE('',*,*,#3220,.T.);
#832=ORIENTED_EDGE('',*,*,#3221,.T.);
#833=ORIENTED_EDGE('',*,*,#3222,.T.);
#834=ORIENTED_EDGE('',*,*,#3223,.F.);
#835=ORIENTED_EDGE('',*,*,#3224,.T.);
#836=ORIENTED_EDGE('',*,*,#3225,.T.);
#837=ORIENTED_EDGE('',*,*,#3226,.T.);
#838=ORIENTED_EDGE('',*,*,#3227,.F.);
#839=ORIENTED_EDGE('',*,*,#3228,.F.);
#840=ORIENTED_EDGE('',*,*,#3229,.F.);
#841=ORIENTED_EDGE('',*,*,#3230,.T.);
#842=ORIENTED_EDGE('',*,*,#3231,.T.);
#843=ORIENTED_EDGE('',*,*,#3232,.T.);
#844=ORIENTED_EDGE('',*,*,#3233,.T.);
#845=ORIENTED_EDGE('',*,*,#3234,.T.);
#846=ORIENTED_EDGE('',*,*,#3235,.T.);
#847=ORIENTED_EDGE('',*,*,#3236,.T.);
#848=ORIENTED_EDGE('',*,*,#3237,.F.);
#849=ORIENTED_EDGE('',*,*,#3238,.T.);
#850=ORIENTED_EDGE('',*,*,#3239,.F.);
#851=ORIENTED_EDGE('',*,*,#3240,.T.);
#852=ORIENTED_EDGE('',*,*,#3241,.F.);
#853=ORIENTED_EDGE('',*,*,#3242,.T.);
#854=ORIENTED_EDGE('',*,*,#3243,.F.);
#855=ORIENTED_EDGE('',*,*,#3244,.T.);
#856=ORIENTED_EDGE('',*,*,#3245,.F.);
#857=ORIENTED_EDGE('',*,*,#3246,.F.);
#858=ORIENTED_EDGE('',*,*,#3247,.F.);
#859=ORIENTED_EDGE('',*,*,#3248,.T.);
#860=ORIENTED_EDGE('',*,*,#3249,.T.);
#861=ORIENTED_EDGE('',*,*,#3250,.T.);
#862=ORIENTED_EDGE('',*,*,#3251,.T.);
#863=ORIENTED_EDGE('',*,*,#3252,.F.);
#864=ORIENTED_EDGE('',*,*,#3253,.F.);
#865=ORIENTED_EDGE('',*,*,#3254,.F.);
#866=ORIENTED_EDGE('',*,*,#3255,.T.);
#867=ORIENTED_EDGE('',*,*,#3256,.T.);
#868=ORIENTED_EDGE('',*,*,#3257,.T.);
#869=ORIENTED_EDGE('',*,*,#3258,.T.);
#870=ORIENTED_EDGE('',*,*,#3259,.T.);
#871=ORIENTED_EDGE('',*,*,#3260,.T.);
#872=ORIENTED_EDGE('',*,*,#3261,.T.);
#873=ORIENTED_EDGE('',*,*,#3262,.F.);
#874=ORIENTED_EDGE('',*,*,#3263,.T.);
#875=ORIENTED_EDGE('',*,*,#3264,.F.);
#876=ORIENTED_EDGE('',*,*,#3265,.T.);
#877=ORIENTED_EDGE('',*,*,#3266,.F.);
#878=ORIENTED_EDGE('',*,*,#3267,.T.);
#879=ORIENTED_EDGE('',*,*,#3268,.F.);
#880=ORIENTED_EDGE('',*,*,#3269,.T.);
#881=ORIENTED_EDGE('',*,*,#3270,.F.);
#882=ORIENTED_EDGE('',*,*,#3271,.F.);
#883=ORIENTED_EDGE('',*,*,#3272,.F.);
#884=ORIENTED_EDGE('',*,*,#3273,.T.);
#885=ORIENTED_EDGE('',*,*,#3274,.F.);
#886=ORIENTED_EDGE('',*,*,#3275,.F.);
#887=ORIENTED_EDGE('',*,*,#3276,.T.);
#888=ORIENTED_EDGE('',*,*,#3277,.T.);
#889=ORIENTED_EDGE('',*,*,#3278,.T.);
#890=ORIENTED_EDGE('',*,*,#3279,.T.);
#891=ORIENTED_EDGE('',*,*,#3204,.F.);
#892=ORIENTED_EDGE('',*,*,#3280,.T.);
#893=ORIENTED_EDGE('',*,*,#3281,.T.);
#894=ORIENTED_EDGE('',*,*,#3282,.T.);
#895=ORIENTED_EDGE('',*,*,#3283,.T.);
#896=ORIENTED_EDGE('',*,*,#3284,.T.);
#897=ORIENTED_EDGE('',*,*,#3285,.T.);
#898=ORIENTED_EDGE('',*,*,#3196,.F.);
#899=ORIENTED_EDGE('',*,*,#3283,.F.);
#900=ORIENTED_EDGE('',*,*,#3286,.T.);
#901=ORIENTED_EDGE('',*,*,#3287,.F.);
#902=ORIENTED_EDGE('',*,*,#3288,.T.);
#903=ORIENTED_EDGE('',*,*,#3202,.T.);
#904=ORIENTED_EDGE('',*,*,#3289,.T.);
#905=ORIENTED_EDGE('',*,*,#3290,.F.);
#906=ORIENTED_EDGE('',*,*,#3291,.F.);
#907=ORIENTED_EDGE('',*,*,#3249,.F.);
#908=ORIENTED_EDGE('',*,*,#3198,.T.);
#909=ORIENTED_EDGE('',*,*,#3292,.T.);
#910=ORIENTED_EDGE('',*,*,#3293,.F.);
#911=ORIENTED_EDGE('',*,*,#3250,.F.);
#912=ORIENTED_EDGE('',*,*,#3291,.T.);
#913=ORIENTED_EDGE('',*,*,#3294,.F.);
#914=ORIENTED_EDGE('',*,*,#3295,.F.);
#915=ORIENTED_EDGE('',*,*,#3293,.T.);
#916=ORIENTED_EDGE('',*,*,#3296,.T.);
#917=ORIENTED_EDGE('',*,*,#3284,.F.);
#918=ORIENTED_EDGE('',*,*,#3297,.T.);
#919=ORIENTED_EDGE('',*,*,#3281,.F.);
#920=ORIENTED_EDGE('',*,*,#3298,.T.);
#921=ORIENTED_EDGE('',*,*,#3287,.T.);
#922=ORIENTED_EDGE('',*,*,#3299,.T.);
#923=ORIENTED_EDGE('',*,*,#3300,.T.);
#924=ORIENTED_EDGE('',*,*,#3301,.T.);
#925=ORIENTED_EDGE('',*,*,#3229,.T.);
#926=ORIENTED_EDGE('',*,*,#3302,.T.);
#927=ORIENTED_EDGE('',*,*,#3237,.T.);
#928=ORIENTED_EDGE('',*,*,#3303,.T.);
#929=ORIENTED_EDGE('',*,*,#3304,.T.);
#930=ORIENTED_EDGE('',*,*,#3305,.T.);
#931=ORIENTED_EDGE('',*,*,#3306,.T.);
#932=ORIENTED_EDGE('',*,*,#3307,.T.);
#933=ORIENTED_EDGE('',*,*,#3262,.T.);
#934=ORIENTED_EDGE('',*,*,#3308,.T.);
#935=ORIENTED_EDGE('',*,*,#3309,.T.);
#936=ORIENTED_EDGE('',*,*,#3310,.T.);
#937=ORIENTED_EDGE('',*,*,#3254,.T.);
#938=ORIENTED_EDGE('',*,*,#3311,.T.);
#939=ORIENTED_EDGE('',*,*,#3312,.F.);
#940=ORIENTED_EDGE('',*,*,#3313,.T.);
#941=ORIENTED_EDGE('',*,*,#3314,.F.);
#942=ORIENTED_EDGE('',*,*,#3315,.T.);
#943=ORIENTED_EDGE('',*,*,#3316,.F.);
#944=ORIENTED_EDGE('',*,*,#3317,.T.);
#945=ORIENTED_EDGE('',*,*,#3300,.F.);
#946=ORIENTED_EDGE('',*,*,#3318,.F.);
#947=ORIENTED_EDGE('',*,*,#3319,.F.);
#948=ORIENTED_EDGE('',*,*,#3320,.F.);
#949=ORIENTED_EDGE('',*,*,#3321,.F.);
#950=ORIENTED_EDGE('',*,*,#3322,.T.);
#951=ORIENTED_EDGE('',*,*,#3323,.T.);
#952=ORIENTED_EDGE('',*,*,#3324,.T.);
#953=ORIENTED_EDGE('',*,*,#3325,.T.);
#954=ORIENTED_EDGE('',*,*,#3326,.T.);
#955=ORIENTED_EDGE('',*,*,#3327,.T.);
#956=ORIENTED_EDGE('',*,*,#3328,.T.);
#957=ORIENTED_EDGE('',*,*,#3306,.F.);
#958=ORIENTED_EDGE('',*,*,#3329,.T.);
#959=ORIENTED_EDGE('',*,*,#3330,.F.);
#960=ORIENTED_EDGE('',*,*,#3331,.T.);
#961=ORIENTED_EDGE('',*,*,#3332,.F.);
#962=ORIENTED_EDGE('',*,*,#3333,.T.);
#963=ORIENTED_EDGE('',*,*,#3334,.F.);
#964=ORIENTED_EDGE('',*,*,#3335,.T.);
#965=ORIENTED_EDGE('',*,*,#3309,.F.);
#966=ORIENTED_EDGE('',*,*,#3336,.F.);
#967=ORIENTED_EDGE('',*,*,#3337,.F.);
#968=ORIENTED_EDGE('',*,*,#3338,.T.);
#969=ORIENTED_EDGE('',*,*,#3286,.F.);
#970=ORIENTED_EDGE('',*,*,#3282,.F.);
#971=ORIENTED_EDGE('',*,*,#3339,.T.);
#972=ORIENTED_EDGE('',*,*,#3340,.F.);
#973=ORIENTED_EDGE('',*,*,#3341,.F.);
#974=ORIENTED_EDGE('',*,*,#3342,.F.);
#975=ORIENTED_EDGE('',*,*,#3343,.T.);
#976=ORIENTED_EDGE('',*,*,#3344,.T.);
#977=ORIENTED_EDGE('',*,*,#3345,.T.);
#978=ORIENTED_EDGE('',*,*,#3346,.T.);
#979=ORIENTED_EDGE('',*,*,#3347,.T.);
#980=ORIENTED_EDGE('',*,*,#3348,.T.);
#981=ORIENTED_EDGE('',*,*,#3349,.T.);
#982=ORIENTED_EDGE('',*,*,#3304,.F.);
#983=ORIENTED_EDGE('',*,*,#3350,.T.);
#984=ORIENTED_EDGE('',*,*,#3252,.T.);
#985=ORIENTED_EDGE('',*,*,#3351,.T.);
#986=ORIENTED_EDGE('',*,*,#3337,.T.);
#987=ORIENTED_EDGE('',*,*,#3352,.F.);
#988=ORIENTED_EDGE('',*,*,#3253,.T.);
#989=ORIENTED_EDGE('',*,*,#3352,.T.);
#990=ORIENTED_EDGE('',*,*,#3336,.T.);
#991=ORIENTED_EDGE('',*,*,#3311,.F.);
#992=ORIENTED_EDGE('',*,*,#3270,.T.);
#993=ORIENTED_EDGE('',*,*,#3353,.T.);
#994=ORIENTED_EDGE('',*,*,#3321,.T.);
#995=ORIENTED_EDGE('',*,*,#3354,.F.);
#996=ORIENTED_EDGE('',*,*,#3271,.T.);
#997=ORIENTED_EDGE('',*,*,#3354,.T.);
#998=ORIENTED_EDGE('',*,*,#3320,.T.);
#999=ORIENTED_EDGE('',*,*,#3355,.F.);
#1000=ORIENTED_EDGE('',*,*,#3227,.T.);
#1001=ORIENTED_EDGE('',*,*,#3356,.T.);
#1002=ORIENTED_EDGE('',*,*,#3357,.F.);
#1003=ORIENTED_EDGE('',*,*,#3358,.T.);
#1004=ORIENTED_EDGE('',*,*,#3359,.F.);
#1005=ORIENTED_EDGE('',*,*,#3360,.T.);
#1006=ORIENTED_EDGE('',*,*,#3223,.T.);
#1007=ORIENTED_EDGE('',*,*,#3361,.T.);
#1008=ORIENTED_EDGE('',*,*,#3362,.F.);
#1009=ORIENTED_EDGE('',*,*,#3363,.T.);
#1010=ORIENTED_EDGE('',*,*,#3364,.F.);
#1011=ORIENTED_EDGE('',*,*,#3365,.T.);
#1012=ORIENTED_EDGE('',*,*,#3219,.T.);
#1013=ORIENTED_EDGE('',*,*,#3366,.T.);
#1014=ORIENTED_EDGE('',*,*,#3367,.F.);
#1015=ORIENTED_EDGE('',*,*,#3368,.T.);
#1016=ORIENTED_EDGE('',*,*,#3369,.F.);
#1017=ORIENTED_EDGE('',*,*,#3370,.T.);
#1018=ORIENTED_EDGE('',*,*,#3272,.T.);
#1019=ORIENTED_EDGE('',*,*,#3355,.T.);
#1020=ORIENTED_EDGE('',*,*,#3319,.T.);
#1021=ORIENTED_EDGE('',*,*,#3371,.F.);
#1022=ORIENTED_EDGE('',*,*,#3228,.T.);
#1023=ORIENTED_EDGE('',*,*,#3371,.T.);
#1024=ORIENTED_EDGE('',*,*,#3318,.T.);
#1025=ORIENTED_EDGE('',*,*,#3302,.F.);
#1026=ORIENTED_EDGE('',*,*,#3245,.T.);
#1027=ORIENTED_EDGE('',*,*,#3372,.T.);
#1028=ORIENTED_EDGE('',*,*,#3342,.T.);
#1029=ORIENTED_EDGE('',*,*,#3373,.F.);
#1030=ORIENTED_EDGE('',*,*,#3246,.T.);
#1031=ORIENTED_EDGE('',*,*,#3373,.T.);
#1032=ORIENTED_EDGE('',*,*,#3341,.T.);
#1033=ORIENTED_EDGE('',*,*,#3374,.F.);
#1034=ORIENTED_EDGE('',*,*,#3340,.T.);
#1035=ORIENTED_EDGE('',*,*,#3375,.T.);
#1036=ORIENTED_EDGE('',*,*,#3247,.T.);
#1037=ORIENTED_EDGE('',*,*,#3374,.T.);
#1038=ORIENTED_EDGE('',*,*,#3334,.T.);
#1039=ORIENTED_EDGE('',*,*,#3376,.T.);
#1040=ORIENTED_EDGE('',*,*,#3256,.F.);
#1041=ORIENTED_EDGE('',*,*,#3377,.T.);
#1042=ORIENTED_EDGE('',*,*,#3330,.T.);
#1043=ORIENTED_EDGE('',*,*,#3378,.T.);
#1044=ORIENTED_EDGE('',*,*,#3260,.F.);
#1045=ORIENTED_EDGE('',*,*,#3379,.T.);
#1046=ORIENTED_EDGE('',*,*,#3332,.T.);
#1047=ORIENTED_EDGE('',*,*,#3380,.T.);
#1048=ORIENTED_EDGE('',*,*,#3258,.F.);
#1049=ORIENTED_EDGE('',*,*,#3381,.T.);
#1050=ORIENTED_EDGE('',*,*,#3261,.F.);
#1051=ORIENTED_EDGE('',*,*,#3378,.F.);
#1052=ORIENTED_EDGE('',*,*,#3329,.F.);
#1053=ORIENTED_EDGE('',*,*,#3308,.F.);
#1054=ORIENTED_EDGE('',*,*,#3259,.F.);
#1055=ORIENTED_EDGE('',*,*,#3380,.F.);
#1056=ORIENTED_EDGE('',*,*,#3331,.F.);
#1057=ORIENTED_EDGE('',*,*,#3379,.F.);
#1058=ORIENTED_EDGE('',*,*,#3257,.F.);
#1059=ORIENTED_EDGE('',*,*,#3376,.F.);
#1060=ORIENTED_EDGE('',*,*,#3333,.F.);
#1061=ORIENTED_EDGE('',*,*,#3381,.F.);
#1062=ORIENTED_EDGE('',*,*,#3255,.F.);
#1063=ORIENTED_EDGE('',*,*,#3310,.F.);
#1064=ORIENTED_EDGE('',*,*,#3335,.F.);
#1065=ORIENTED_EDGE('',*,*,#3377,.F.);
#1066=ORIENTED_EDGE('',*,*,#3268,.T.);
#1067=ORIENTED_EDGE('',*,*,#3382,.T.);
#1068=ORIENTED_EDGE('',*,*,#3323,.F.);
#1069=ORIENTED_EDGE('',*,*,#3383,.T.);
#1070=ORIENTED_EDGE('',*,*,#3266,.T.);
#1071=ORIENTED_EDGE('',*,*,#3384,.T.);
#1072=ORIENTED_EDGE('',*,*,#3325,.F.);
#1073=ORIENTED_EDGE('',*,*,#3385,.T.);
#1074=ORIENTED_EDGE('',*,*,#3264,.T.);
#1075=ORIENTED_EDGE('',*,*,#3386,.T.);
#1076=ORIENTED_EDGE('',*,*,#3327,.F.);
#1077=ORIENTED_EDGE('',*,*,#3387,.T.);
#1078=ORIENTED_EDGE('',*,*,#3263,.F.);
#1079=ORIENTED_EDGE('',*,*,#3307,.F.);
#1080=ORIENTED_EDGE('',*,*,#3328,.F.);
#1081=ORIENTED_EDGE('',*,*,#3386,.F.);
#1082=ORIENTED_EDGE('',*,*,#3265,.F.);
#1083=ORIENTED_EDGE('',*,*,#3387,.F.);
#1084=ORIENTED_EDGE('',*,*,#3326,.F.);
#1085=ORIENTED_EDGE('',*,*,#3384,.F.);
#1086=ORIENTED_EDGE('',*,*,#3267,.F.);
#1087=ORIENTED_EDGE('',*,*,#3385,.F.);
#1088=ORIENTED_EDGE('',*,*,#3324,.F.);
#1089=ORIENTED_EDGE('',*,*,#3382,.F.);
#1090=ORIENTED_EDGE('',*,*,#3269,.F.);
#1091=ORIENTED_EDGE('',*,*,#3383,.F.);
#1092=ORIENTED_EDGE('',*,*,#3322,.F.);
#1093=ORIENTED_EDGE('',*,*,#3353,.F.);
#1094=ORIENTED_EDGE('',*,*,#3243,.T.);
#1095=ORIENTED_EDGE('',*,*,#3388,.T.);
#1096=ORIENTED_EDGE('',*,*,#3344,.F.);
#1097=ORIENTED_EDGE('',*,*,#3389,.T.);
#1098=ORIENTED_EDGE('',*,*,#3241,.T.);
#1099=ORIENTED_EDGE('',*,*,#3390,.T.);
#1100=ORIENTED_EDGE('',*,*,#3346,.F.);
#1101=ORIENTED_EDGE('',*,*,#3391,.T.);
#1102=ORIENTED_EDGE('',*,*,#3239,.T.);
#1103=ORIENTED_EDGE('',*,*,#3392,.T.);
#1104=ORIENTED_EDGE('',*,*,#3348,.F.);
#1105=ORIENTED_EDGE('',*,*,#3393,.T.);
#1106=ORIENTED_EDGE('',*,*,#3238,.F.);
#1107=ORIENTED_EDGE('',*,*,#3305,.F.);
#1108=ORIENTED_EDGE('',*,*,#3349,.F.);
#1109=ORIENTED_EDGE('',*,*,#3392,.F.);
#1110=ORIENTED_EDGE('',*,*,#3240,.F.);
#1111=ORIENTED_EDGE('',*,*,#3393,.F.);
#1112=ORIENTED_EDGE('',*,*,#3347,.F.);
#1113=ORIENTED_EDGE('',*,*,#3390,.F.);
#1114=ORIENTED_EDGE('',*,*,#3242,.F.);
#1115=ORIENTED_EDGE('',*,*,#3391,.F.);
#1116=ORIENTED_EDGE('',*,*,#3345,.F.);
#1117=ORIENTED_EDGE('',*,*,#3388,.F.);
#1118=ORIENTED_EDGE('',*,*,#3244,.F.);
#1119=ORIENTED_EDGE('',*,*,#3389,.F.);
#1120=ORIENTED_EDGE('',*,*,#3343,.F.);
#1121=ORIENTED_EDGE('',*,*,#3372,.F.);
#1122=ORIENTED_EDGE('',*,*,#3316,.T.);
#1123=ORIENTED_EDGE('',*,*,#3394,.T.);
#1124=ORIENTED_EDGE('',*,*,#3231,.F.);
#1125=ORIENTED_EDGE('',*,*,#3395,.T.);
#1126=ORIENTED_EDGE('',*,*,#3312,.T.);
#1127=ORIENTED_EDGE('',*,*,#3396,.T.);
#1128=ORIENTED_EDGE('',*,*,#3235,.F.);
#1129=ORIENTED_EDGE('',*,*,#3397,.T.);
#1130=ORIENTED_EDGE('',*,*,#3314,.T.);
#1131=ORIENTED_EDGE('',*,*,#3398,.T.);
#1132=ORIENTED_EDGE('',*,*,#3233,.F.);
#1133=ORIENTED_EDGE('',*,*,#3399,.T.);
#1134=ORIENTED_EDGE('',*,*,#3236,.F.);
#1135=ORIENTED_EDGE('',*,*,#3396,.F.);
#1136=ORIENTED_EDGE('',*,*,#3350,.F.);
#1137=ORIENTED_EDGE('',*,*,#3303,.F.);
#1138=ORIENTED_EDGE('',*,*,#3234,.F.);
#1139=ORIENTED_EDGE('',*,*,#3398,.F.);
#1140=ORIENTED_EDGE('',*,*,#3313,.F.);
#1141=ORIENTED_EDGE('',*,*,#3397,.F.);
#1142=ORIENTED_EDGE('',*,*,#3232,.F.);
#1143=ORIENTED_EDGE('',*,*,#3394,.F.);
#1144=ORIENTED_EDGE('',*,*,#3315,.F.);
#1145=ORIENTED_EDGE('',*,*,#3399,.F.);
#1146=ORIENTED_EDGE('',*,*,#3230,.F.);
#1147=ORIENTED_EDGE('',*,*,#3301,.F.);
#1148=ORIENTED_EDGE('',*,*,#3317,.F.);
#1149=ORIENTED_EDGE('',*,*,#3395,.F.);
#1150=ORIENTED_EDGE('',*,*,#3400,.T.);
#1151=ORIENTED_EDGE('',*,*,#3401,.T.);
#1152=ORIENTED_EDGE('',*,*,#3402,.F.);
#1153=ORIENTED_EDGE('',*,*,#3403,.T.);
#1154=ORIENTED_EDGE('',*,*,#3404,.T.);
#1155=ORIENTED_EDGE('',*,*,#3405,.T.);
#1156=ORIENTED_EDGE('',*,*,#3364,.T.);
#1157=ORIENTED_EDGE('',*,*,#3406,.F.);
#1158=ORIENTED_EDGE('',*,*,#3407,.T.);
#1159=ORIENTED_EDGE('',*,*,#3408,.T.);
#1160=ORIENTED_EDGE('',*,*,#3409,.T.);
#1161=ORIENTED_EDGE('',*,*,#3410,.T.);
#1162=ORIENTED_EDGE('',*,*,#3402,.T.);
#1163=ORIENTED_EDGE('',*,*,#3411,.T.);
#1164=ORIENTED_EDGE('',*,*,#3412,.T.);
#1165=ORIENTED_EDGE('',*,*,#3413,.T.);
#1166=ORIENTED_EDGE('',*,*,#3414,.T.);
#1167=ORIENTED_EDGE('',*,*,#3362,.T.);
#1168=ORIENTED_EDGE('',*,*,#3415,.T.);
#1169=ORIENTED_EDGE('',*,*,#3416,.T.);
#1170=ORIENTED_EDGE('',*,*,#3400,.F.);
#1171=ORIENTED_EDGE('',*,*,#3417,.T.);
#1172=ORIENTED_EDGE('',*,*,#3418,.F.);
#1173=ORIENTED_EDGE('',*,*,#3419,.T.);
#1174=ORIENTED_EDGE('',*,*,#3420,.T.);
#1175=ORIENTED_EDGE('',*,*,#3421,.T.);
#1176=ORIENTED_EDGE('',*,*,#3409,.F.);
#1177=ORIENTED_EDGE('',*,*,#3422,.T.);
#1178=ORIENTED_EDGE('',*,*,#3411,.F.);
#1179=ORIENTED_EDGE('',*,*,#3423,.T.);
#1180=ORIENTED_EDGE('',*,*,#3418,.T.);
#1181=ORIENTED_EDGE('',*,*,#3424,.T.);
#1182=ORIENTED_EDGE('',*,*,#3421,.F.);
#1183=ORIENTED_EDGE('',*,*,#3425,.T.);
#1184=ORIENTED_EDGE('',*,*,#3406,.T.);
#1185=ORIENTED_EDGE('',*,*,#3363,.F.);
#1186=ORIENTED_EDGE('',*,*,#3426,.T.);
#1187=ORIENTED_EDGE('',*,*,#3427,.T.);
#1188=ORIENTED_EDGE('',*,*,#3428,.T.);
#1189=ORIENTED_EDGE('',*,*,#3429,.T.);
#1190=ORIENTED_EDGE('',*,*,#3357,.T.);
#1191=ORIENTED_EDGE('',*,*,#3430,.T.);
#1192=ORIENTED_EDGE('',*,*,#3431,.T.);
#1193=ORIENTED_EDGE('',*,*,#3432,.F.);
#1194=ORIENTED_EDGE('',*,*,#3433,.T.);
#1195=ORIENTED_EDGE('',*,*,#3434,.F.);
#1196=ORIENTED_EDGE('',*,*,#3435,.T.);
#1197=ORIENTED_EDGE('',*,*,#3436,.T.);
#1198=ORIENTED_EDGE('',*,*,#3437,.T.);
#1199=ORIENTED_EDGE('',*,*,#3432,.T.);
#1200=ORIENTED_EDGE('',*,*,#3438,.T.);
#1201=ORIENTED_EDGE('',*,*,#3439,.F.);
#1202=ORIENTED_EDGE('',*,*,#3440,.T.);
#1203=ORIENTED_EDGE('',*,*,#3441,.T.);
#1204=ORIENTED_EDGE('',*,*,#3442,.T.);
#1205=ORIENTED_EDGE('',*,*,#3359,.T.);
#1206=ORIENTED_EDGE('',*,*,#3443,.F.);
#1207=ORIENTED_EDGE('',*,*,#3444,.T.);
#1208=ORIENTED_EDGE('',*,*,#3445,.T.);
#1209=ORIENTED_EDGE('',*,*,#3446,.T.);
#1210=ORIENTED_EDGE('',*,*,#3447,.T.);
#1211=ORIENTED_EDGE('',*,*,#3439,.T.);
#1212=ORIENTED_EDGE('',*,*,#3446,.F.);
#1213=ORIENTED_EDGE('',*,*,#3448,.T.);
#1214=ORIENTED_EDGE('',*,*,#3426,.F.);
#1215=ORIENTED_EDGE('',*,*,#3449,.T.);
#1216=ORIENTED_EDGE('',*,*,#3434,.T.);
#1217=ORIENTED_EDGE('',*,*,#3450,.T.);
#1218=ORIENTED_EDGE('',*,*,#3437,.F.);
#1219=ORIENTED_EDGE('',*,*,#3451,.T.);
#1220=ORIENTED_EDGE('',*,*,#3443,.T.);
#1221=ORIENTED_EDGE('',*,*,#3358,.F.);
#1222=ORIENTED_EDGE('',*,*,#3452,.T.);
#1223=ORIENTED_EDGE('',*,*,#3453,.T.);
#1224=ORIENTED_EDGE('',*,*,#3454,.T.);
#1225=ORIENTED_EDGE('',*,*,#3455,.T.);
#1226=ORIENTED_EDGE('',*,*,#3367,.T.);
#1227=ORIENTED_EDGE('',*,*,#3456,.T.);
#1228=ORIENTED_EDGE('',*,*,#3457,.T.);
#1229=ORIENTED_EDGE('',*,*,#3458,.F.);
#1230=ORIENTED_EDGE('',*,*,#3459,.T.);
#1231=ORIENTED_EDGE('',*,*,#3460,.F.);
#1232=ORIENTED_EDGE('',*,*,#3461,.T.);
#1233=ORIENTED_EDGE('',*,*,#3462,.T.);
#1234=ORIENTED_EDGE('',*,*,#3463,.T.);
#1235=ORIENTED_EDGE('',*,*,#3458,.T.);
#1236=ORIENTED_EDGE('',*,*,#3464,.T.);
#1237=ORIENTED_EDGE('',*,*,#3465,.F.);
#1238=ORIENTED_EDGE('',*,*,#3466,.T.);
#1239=ORIENTED_EDGE('',*,*,#3467,.T.);
#1240=ORIENTED_EDGE('',*,*,#3468,.T.);
#1241=ORIENTED_EDGE('',*,*,#3369,.T.);
#1242=ORIENTED_EDGE('',*,*,#3469,.F.);
#1243=ORIENTED_EDGE('',*,*,#3470,.T.);
#1244=ORIENTED_EDGE('',*,*,#3471,.T.);
#1245=ORIENTED_EDGE('',*,*,#3472,.T.);
#1246=ORIENTED_EDGE('',*,*,#3473,.T.);
#1247=ORIENTED_EDGE('',*,*,#3465,.T.);
#1248=ORIENTED_EDGE('',*,*,#3472,.F.);
#1249=ORIENTED_EDGE('',*,*,#3474,.T.);
#1250=ORIENTED_EDGE('',*,*,#3452,.F.);
#1251=ORIENTED_EDGE('',*,*,#3475,.T.);
#1252=ORIENTED_EDGE('',*,*,#3460,.T.);
#1253=ORIENTED_EDGE('',*,*,#3476,.T.);
#1254=ORIENTED_EDGE('',*,*,#3463,.F.);
#1255=ORIENTED_EDGE('',*,*,#3477,.T.);
#1256=ORIENTED_EDGE('',*,*,#3469,.T.);
#1257=ORIENTED_EDGE('',*,*,#3368,.F.);
#1258=ORIENTED_EDGE('',*,*,#3457,.F.);
#1259=ORIENTED_EDGE('',*,*,#3478,.T.);
#1260=ORIENTED_EDGE('',*,*,#3217,.F.);
#1261=ORIENTED_EDGE('',*,*,#3479,.T.);
#1262=ORIENTED_EDGE('',*,*,#3467,.F.);
#1263=ORIENTED_EDGE('',*,*,#3464,.F.);
#1264=ORIENTED_EDGE('',*,*,#3431,.F.);
#1265=ORIENTED_EDGE('',*,*,#3480,.T.);
#1266=ORIENTED_EDGE('',*,*,#3225,.F.);
#1267=ORIENTED_EDGE('',*,*,#3481,.T.);
#1268=ORIENTED_EDGE('',*,*,#3441,.F.);
#1269=ORIENTED_EDGE('',*,*,#3438,.F.);
#1270=ORIENTED_EDGE('',*,*,#3416,.F.);
#1271=ORIENTED_EDGE('',*,*,#3482,.T.);
#1272=ORIENTED_EDGE('',*,*,#3221,.F.);
#1273=ORIENTED_EDGE('',*,*,#3483,.T.);
#1274=ORIENTED_EDGE('',*,*,#3404,.F.);
#1275=ORIENTED_EDGE('',*,*,#3401,.F.);
#1276=ORIENTED_EDGE('',*,*,#3459,.F.);
#1277=ORIENTED_EDGE('',*,*,#3466,.F.);
#1278=ORIENTED_EDGE('',*,*,#3473,.F.);
#1279=ORIENTED_EDGE('',*,*,#3476,.F.);
#1280=ORIENTED_EDGE('',*,*,#3433,.F.);
#1281=ORIENTED_EDGE('',*,*,#3440,.F.);
#1282=ORIENTED_EDGE('',*,*,#3447,.F.);
#1283=ORIENTED_EDGE('',*,*,#3450,.F.);
#1284=ORIENTED_EDGE('',*,*,#3417,.F.);
#1285=ORIENTED_EDGE('',*,*,#3403,.F.);
#1286=ORIENTED_EDGE('',*,*,#3410,.F.);
#1287=ORIENTED_EDGE('',*,*,#3424,.F.);
#1288=ORIENTED_EDGE('',*,*,#3454,.F.);
#1289=ORIENTED_EDGE('',*,*,#3484,.T.);
#1290=ORIENTED_EDGE('',*,*,#3470,.F.);
#1291=ORIENTED_EDGE('',*,*,#3477,.F.);
#1292=ORIENTED_EDGE('',*,*,#3462,.F.);
#1293=ORIENTED_EDGE('',*,*,#3485,.T.);
#1294=ORIENTED_EDGE('',*,*,#3428,.F.);
#1295=ORIENTED_EDGE('',*,*,#3486,.T.);
#1296=ORIENTED_EDGE('',*,*,#3444,.F.);
#1297=ORIENTED_EDGE('',*,*,#3451,.F.);
#1298=ORIENTED_EDGE('',*,*,#3436,.F.);
#1299=ORIENTED_EDGE('',*,*,#3487,.T.);
#1300=ORIENTED_EDGE('',*,*,#3413,.F.);
#1301=ORIENTED_EDGE('',*,*,#3488,.T.);
#1302=ORIENTED_EDGE('',*,*,#3407,.F.);
#1303=ORIENTED_EDGE('',*,*,#3425,.F.);
#1304=ORIENTED_EDGE('',*,*,#3420,.F.);
#1305=ORIENTED_EDGE('',*,*,#3489,.T.);
#1306=ORIENTED_EDGE('',*,*,#3366,.F.);
#1307=ORIENTED_EDGE('',*,*,#3218,.F.);
#1308=ORIENTED_EDGE('',*,*,#3478,.F.);
#1309=ORIENTED_EDGE('',*,*,#3456,.F.);
#1310=ORIENTED_EDGE('',*,*,#3370,.F.);
#1311=ORIENTED_EDGE('',*,*,#3468,.F.);
#1312=ORIENTED_EDGE('',*,*,#3479,.F.);
#1313=ORIENTED_EDGE('',*,*,#3273,.F.);
#1314=ORIENTED_EDGE('',*,*,#3360,.F.);
#1315=ORIENTED_EDGE('',*,*,#3442,.F.);
#1316=ORIENTED_EDGE('',*,*,#3481,.F.);
#1317=ORIENTED_EDGE('',*,*,#3224,.F.);
#1318=ORIENTED_EDGE('',*,*,#3356,.F.);
#1319=ORIENTED_EDGE('',*,*,#3226,.F.);
#1320=ORIENTED_EDGE('',*,*,#3480,.F.);
#1321=ORIENTED_EDGE('',*,*,#3430,.F.);
#1322=ORIENTED_EDGE('',*,*,#3361,.F.);
#1323=ORIENTED_EDGE('',*,*,#3222,.F.);
#1324=ORIENTED_EDGE('',*,*,#3482,.F.);
#1325=ORIENTED_EDGE('',*,*,#3415,.F.);
#1326=ORIENTED_EDGE('',*,*,#3365,.F.);
#1327=ORIENTED_EDGE('',*,*,#3405,.F.);
#1328=ORIENTED_EDGE('',*,*,#3483,.F.);
#1329=ORIENTED_EDGE('',*,*,#3220,.F.);
#1330=ORIENTED_EDGE('',*,*,#3474,.F.);
#1331=ORIENTED_EDGE('',*,*,#3471,.F.);
#1332=ORIENTED_EDGE('',*,*,#3484,.F.);
#1333=ORIENTED_EDGE('',*,*,#3453,.F.);
#1334=ORIENTED_EDGE('',*,*,#3475,.F.);
#1335=ORIENTED_EDGE('',*,*,#3455,.F.);
#1336=ORIENTED_EDGE('',*,*,#3485,.F.);
#1337=ORIENTED_EDGE('',*,*,#3461,.F.);
#1338=ORIENTED_EDGE('',*,*,#3422,.F.);
#1339=ORIENTED_EDGE('',*,*,#3408,.F.);
#1340=ORIENTED_EDGE('',*,*,#3488,.F.);
#1341=ORIENTED_EDGE('',*,*,#3412,.F.);
#1342=ORIENTED_EDGE('',*,*,#3423,.F.);
#1343=ORIENTED_EDGE('',*,*,#3414,.F.);
#1344=ORIENTED_EDGE('',*,*,#3489,.F.);
#1345=ORIENTED_EDGE('',*,*,#3419,.F.);
#1346=ORIENTED_EDGE('',*,*,#3448,.F.);
#1347=ORIENTED_EDGE('',*,*,#3445,.F.);
#1348=ORIENTED_EDGE('',*,*,#3486,.F.);
#1349=ORIENTED_EDGE('',*,*,#3427,.F.);
#1350=ORIENTED_EDGE('',*,*,#3449,.F.);
#1351=ORIENTED_EDGE('',*,*,#3429,.F.);
#1352=ORIENTED_EDGE('',*,*,#3487,.F.);
#1353=ORIENTED_EDGE('',*,*,#3435,.F.);
#1354=ORIENTED_EDGE('',*,*,#3213,.F.);
#1355=ORIENTED_EDGE('',*,*,#3490,.F.);
#1356=ORIENTED_EDGE('',*,*,#3491,.T.);
#1357=ORIENTED_EDGE('',*,*,#3492,.T.);
#1358=ORIENTED_EDGE('',*,*,#3216,.T.);
#1359=ORIENTED_EDGE('',*,*,#3493,.F.);
#1360=ORIENTED_EDGE('',*,*,#3494,.F.);
#1361=ORIENTED_EDGE('',*,*,#3490,.T.);
#1362=ORIENTED_EDGE('',*,*,#3215,.T.);
#1363=ORIENTED_EDGE('',*,*,#3495,.F.);
#1364=ORIENTED_EDGE('',*,*,#3496,.F.);
#1365=ORIENTED_EDGE('',*,*,#3493,.T.);
#1366=ORIENTED_EDGE('',*,*,#3214,.F.);
#1367=ORIENTED_EDGE('',*,*,#3492,.F.);
#1368=ORIENTED_EDGE('',*,*,#3497,.T.);
#1369=ORIENTED_EDGE('',*,*,#3495,.T.);
#1370=ORIENTED_EDGE('',*,*,#3491,.F.);
#1371=ORIENTED_EDGE('',*,*,#3494,.T.);
#1372=ORIENTED_EDGE('',*,*,#3496,.T.);
#1373=ORIENTED_EDGE('',*,*,#3497,.F.);
#1374=ORIENTED_EDGE('',*,*,#3209,.F.);
#1375=ORIENTED_EDGE('',*,*,#3498,.F.);
#1376=ORIENTED_EDGE('',*,*,#3499,.T.);
#1377=ORIENTED_EDGE('',*,*,#3500,.T.);
#1378=ORIENTED_EDGE('',*,*,#3212,.T.);
#1379=ORIENTED_EDGE('',*,*,#3501,.F.);
#1380=ORIENTED_EDGE('',*,*,#3502,.F.);
#1381=ORIENTED_EDGE('',*,*,#3498,.T.);
#1382=ORIENTED_EDGE('',*,*,#3211,.T.);
#1383=ORIENTED_EDGE('',*,*,#3503,.F.);
#1384=ORIENTED_EDGE('',*,*,#3504,.F.);
#1385=ORIENTED_EDGE('',*,*,#3501,.T.);
#1386=ORIENTED_EDGE('',*,*,#3210,.F.);
#1387=ORIENTED_EDGE('',*,*,#3500,.F.);
#1388=ORIENTED_EDGE('',*,*,#3505,.T.);
#1389=ORIENTED_EDGE('',*,*,#3503,.T.);
#1390=ORIENTED_EDGE('',*,*,#3499,.F.);
#1391=ORIENTED_EDGE('',*,*,#3502,.T.);
#1392=ORIENTED_EDGE('',*,*,#3504,.T.);
#1393=ORIENTED_EDGE('',*,*,#3505,.F.);
#1394=ORIENTED_EDGE('',*,*,#3275,.T.);
#1395=ORIENTED_EDGE('',*,*,#3506,.F.);
#1396=ORIENTED_EDGE('',*,*,#3507,.F.);
#1397=ORIENTED_EDGE('',*,*,#3508,.T.);
#1398=ORIENTED_EDGE('',*,*,#3274,.T.);
#1399=ORIENTED_EDGE('',*,*,#3509,.F.);
#1400=ORIENTED_EDGE('',*,*,#3510,.F.);
#1401=ORIENTED_EDGE('',*,*,#3506,.T.);
#1402=ORIENTED_EDGE('',*,*,#3279,.F.);
#1403=ORIENTED_EDGE('',*,*,#3511,.F.);
#1404=ORIENTED_EDGE('',*,*,#3512,.T.);
#1405=ORIENTED_EDGE('',*,*,#3509,.T.);
#1406=ORIENTED_EDGE('',*,*,#3278,.F.);
#1407=ORIENTED_EDGE('',*,*,#3513,.F.);
#1408=ORIENTED_EDGE('',*,*,#3514,.T.);
#1409=ORIENTED_EDGE('',*,*,#3511,.T.);
#1410=ORIENTED_EDGE('',*,*,#3277,.F.);
#1411=ORIENTED_EDGE('',*,*,#3515,.F.);
#1412=ORIENTED_EDGE('',*,*,#3516,.T.);
#1413=ORIENTED_EDGE('',*,*,#3513,.T.);
#1414=ORIENTED_EDGE('',*,*,#3276,.F.);
#1415=ORIENTED_EDGE('',*,*,#3508,.F.);
#1416=ORIENTED_EDGE('',*,*,#3517,.T.);
#1417=ORIENTED_EDGE('',*,*,#3515,.T.);
#1418=ORIENTED_EDGE('',*,*,#3507,.T.);
#1419=ORIENTED_EDGE('',*,*,#3510,.T.);
#1420=ORIENTED_EDGE('',*,*,#3512,.F.);
#1421=ORIENTED_EDGE('',*,*,#3514,.F.);
#1422=ORIENTED_EDGE('',*,*,#3516,.F.);
#1423=ORIENTED_EDGE('',*,*,#3517,.F.);
#1424=ORIENTED_EDGE('',*,*,#3294,.T.);
#1425=ORIENTED_EDGE('',*,*,#3290,.T.);
#1426=ORIENTED_EDGE('',*,*,#3518,.F.);
#1427=ORIENTED_EDGE('',*,*,#3519,.F.);
#1428=ORIENTED_EDGE('',*,*,#3520,.T.);
#1429=ORIENTED_EDGE('',*,*,#3521,.F.);
#1430=ORIENTED_EDGE('',*,*,#3522,.F.);
#1431=ORIENTED_EDGE('',*,*,#3523,.T.);
#1432=ORIENTED_EDGE('',*,*,#3519,.T.);
#1433=ORIENTED_EDGE('',*,*,#3524,.F.);
#1434=ORIENTED_EDGE('',*,*,#3200,.F.);
#1435=ORIENTED_EDGE('',*,*,#3525,.T.);
#1436=ORIENTED_EDGE('',*,*,#3522,.T.);
#1437=ORIENTED_EDGE('',*,*,#3199,.F.);
#1438=ORIENTED_EDGE('',*,*,#3295,.T.);
#1439=ORIENTED_EDGE('',*,*,#3520,.F.);
#1440=ORIENTED_EDGE('',*,*,#3523,.F.);
#1441=ORIENTED_EDGE('',*,*,#3525,.F.);
#1442=ORIENTED_EDGE('',*,*,#3289,.F.);
#1443=ORIENTED_EDGE('',*,*,#3201,.T.);
#1444=ORIENTED_EDGE('',*,*,#3524,.T.);
#1445=ORIENTED_EDGE('',*,*,#3521,.T.);
#1446=ORIENTED_EDGE('',*,*,#3518,.T.);
#1447=ORIENTED_EDGE('',*,*,#3526,.T.);
#1448=ORIENTED_EDGE('',*,*,#3527,.T.);
#1449=ORIENTED_EDGE('',*,*,#3206,.F.);
#1450=ORIENTED_EDGE('',*,*,#3528,.F.);
#1451=ORIENTED_EDGE('',*,*,#3205,.T.);
#1452=ORIENTED_EDGE('',*,*,#3529,.F.);
#1453=ORIENTED_EDGE('',*,*,#3528,.T.);
#1454=ORIENTED_EDGE('',*,*,#3529,.T.);
#1455=ORIENTED_EDGE('',*,*,#3208,.T.);
#1456=ORIENTED_EDGE('',*,*,#3530,.F.);
#1457=ORIENTED_EDGE('',*,*,#3526,.F.);
#1458=ORIENTED_EDGE('',*,*,#3207,.F.);
#1459=ORIENTED_EDGE('',*,*,#3527,.F.);
#1460=ORIENTED_EDGE('',*,*,#3530,.T.);
#1461=ORIENTED_EDGE('',*,*,#3285,.F.);
#1462=ORIENTED_EDGE('',*,*,#3296,.F.);
#1463=ORIENTED_EDGE('',*,*,#3292,.F.);
#1464=ORIENTED_EDGE('',*,*,#3197,.F.);
#1465=ORIENTED_EDGE('',*,*,#3288,.F.);
#1466=ORIENTED_EDGE('',*,*,#3298,.F.);
#1467=ORIENTED_EDGE('',*,*,#3280,.F.);
#1468=ORIENTED_EDGE('',*,*,#3203,.F.);
#1469=ORIENTED_EDGE('',*,*,#3251,.F.);
#1470=ORIENTED_EDGE('',*,*,#3297,.F.);
#1471=ORIENTED_EDGE('',*,*,#3338,.F.);
#1472=ORIENTED_EDGE('',*,*,#3351,.F.);
#1473=ORIENTED_EDGE('',*,*,#3248,.F.);
#1474=ORIENTED_EDGE('',*,*,#3375,.F.);
#1475=ORIENTED_EDGE('',*,*,#3339,.F.);
#1476=ORIENTED_EDGE('',*,*,#3299,.F.);
#1477=ORIENTED_EDGE('',*,*,#3531,.T.);
#1478=ORIENTED_EDGE('',*,*,#3532,.T.);
#1479=ORIENTED_EDGE('',*,*,#3533,.F.);
#1480=ORIENTED_EDGE('',*,*,#3534,.T.);
#1481=ORIENTED_EDGE('',*,*,#3535,.T.);
#1482=ORIENTED_EDGE('',*,*,#3536,.F.);
#1483=ORIENTED_EDGE('',*,*,#3537,.T.);
#1484=ORIENTED_EDGE('',*,*,#3538,.F.);
#1485=ORIENTED_EDGE('',*,*,#3539,.F.);
#1486=ORIENTED_EDGE('',*,*,#3540,.F.);
#1487=ORIENTED_EDGE('',*,*,#3541,.T.);
#1488=ORIENTED_EDGE('',*,*,#3542,.T.);
#1489=ORIENTED_EDGE('',*,*,#3543,.T.);
#1490=ORIENTED_EDGE('',*,*,#3544,.F.);
#1491=ORIENTED_EDGE('',*,*,#3537,.F.);
#1492=ORIENTED_EDGE('',*,*,#3545,.F.);
#1493=ORIENTED_EDGE('',*,*,#3546,.T.);
#1494=ORIENTED_EDGE('',*,*,#3547,.T.);
#1495=ORIENTED_EDGE('',*,*,#3548,.T.);
#1496=ORIENTED_EDGE('',*,*,#3549,.T.);
#1497=ORIENTED_EDGE('',*,*,#3546,.F.);
#1498=ORIENTED_EDGE('',*,*,#3550,.F.);
#1499=ORIENTED_EDGE('',*,*,#3551,.F.);
#1500=ORIENTED_EDGE('',*,*,#3552,.F.);
#1501=ORIENTED_EDGE('',*,*,#3553,.F.);
#1502=ORIENTED_EDGE('',*,*,#3554,.T.);
#1503=ORIENTED_EDGE('',*,*,#3555,.F.);
#1504=ORIENTED_EDGE('',*,*,#3556,.T.);
#1505=ORIENTED_EDGE('',*,*,#3557,.F.);
#1506=ORIENTED_EDGE('',*,*,#3558,.T.);
#1507=ORIENTED_EDGE('',*,*,#3559,.F.);
#1508=ORIENTED_EDGE('',*,*,#3560,.T.);
#1509=ORIENTED_EDGE('',*,*,#3561,.T.);
#1510=ORIENTED_EDGE('',*,*,#3562,.T.);
#1511=ORIENTED_EDGE('',*,*,#3563,.T.);
#1512=ORIENTED_EDGE('',*,*,#3564,.T.);
#1513=ORIENTED_EDGE('',*,*,#3565,.T.);
#1514=ORIENTED_EDGE('',*,*,#3566,.T.);
#1515=ORIENTED_EDGE('',*,*,#3567,.T.);
#1516=ORIENTED_EDGE('',*,*,#3568,.T.);
#1517=ORIENTED_EDGE('',*,*,#3569,.T.);
#1518=ORIENTED_EDGE('',*,*,#3570,.T.);
#1519=ORIENTED_EDGE('',*,*,#3571,.F.);
#1520=ORIENTED_EDGE('',*,*,#3572,.T.);
#1521=ORIENTED_EDGE('',*,*,#3573,.F.);
#1522=ORIENTED_EDGE('',*,*,#3574,.T.);
#1523=ORIENTED_EDGE('',*,*,#3531,.F.);
#1524=ORIENTED_EDGE('',*,*,#3575,.F.);
#1525=ORIENTED_EDGE('',*,*,#3576,.F.);
#1526=ORIENTED_EDGE('',*,*,#3577,.T.);
#1527=ORIENTED_EDGE('',*,*,#3578,.F.);
#1528=ORIENTED_EDGE('',*,*,#3579,.T.);
#1529=ORIENTED_EDGE('',*,*,#3580,.F.);
#1530=ORIENTED_EDGE('',*,*,#3581,.T.);
#1531=ORIENTED_EDGE('',*,*,#3582,.T.);
#1532=ORIENTED_EDGE('',*,*,#3583,.T.);
#1533=ORIENTED_EDGE('',*,*,#3584,.F.);
#1534=ORIENTED_EDGE('',*,*,#3585,.F.);
#1535=ORIENTED_EDGE('',*,*,#3586,.F.);
#1536=ORIENTED_EDGE('',*,*,#3587,.F.);
#1537=ORIENTED_EDGE('',*,*,#3588,.F.);
#1538=ORIENTED_EDGE('',*,*,#3589,.F.);
#1539=ORIENTED_EDGE('',*,*,#3590,.T.);
#1540=ORIENTED_EDGE('',*,*,#3591,.T.);
#1541=ORIENTED_EDGE('',*,*,#3592,.T.);
#1542=ORIENTED_EDGE('',*,*,#3593,.T.);
#1543=ORIENTED_EDGE('',*,*,#3594,.T.);
#1544=ORIENTED_EDGE('',*,*,#3595,.F.);
#1545=ORIENTED_EDGE('',*,*,#3596,.T.);
#1546=ORIENTED_EDGE('',*,*,#3597,.F.);
#1547=ORIENTED_EDGE('',*,*,#3598,.F.);
#1548=ORIENTED_EDGE('',*,*,#3542,.F.);
#1549=ORIENTED_EDGE('',*,*,#3599,.T.);
#1550=ORIENTED_EDGE('',*,*,#3600,.F.);
#1551=ORIENTED_EDGE('',*,*,#3601,.F.);
#1552=ORIENTED_EDGE('',*,*,#3602,.T.);
#1553=ORIENTED_EDGE('',*,*,#3603,.F.);
#1554=ORIENTED_EDGE('',*,*,#3604,.T.);
#1555=ORIENTED_EDGE('',*,*,#3605,.F.);
#1556=ORIENTED_EDGE('',*,*,#3606,.T.);
#1557=ORIENTED_EDGE('',*,*,#3607,.F.);
#1558=ORIENTED_EDGE('',*,*,#3608,.T.);
#1559=ORIENTED_EDGE('',*,*,#3609,.F.);
#1560=ORIENTED_EDGE('',*,*,#3610,.T.);
#1561=ORIENTED_EDGE('',*,*,#3611,.F.);
#1562=ORIENTED_EDGE('',*,*,#3612,.F.);
#1563=ORIENTED_EDGE('',*,*,#3613,.F.);
#1564=ORIENTED_EDGE('',*,*,#3614,.F.);
#1565=ORIENTED_EDGE('',*,*,#3615,.F.);
#1566=ORIENTED_EDGE('',*,*,#3616,.F.);
#1567=ORIENTED_EDGE('',*,*,#3617,.F.);
#1568=ORIENTED_EDGE('',*,*,#3618,.T.);
#1569=ORIENTED_EDGE('',*,*,#3619,.F.);
#1570=ORIENTED_EDGE('',*,*,#3620,.T.);
#1571=ORIENTED_EDGE('',*,*,#3621,.F.);
#1572=ORIENTED_EDGE('',*,*,#3558,.F.);
#1573=ORIENTED_EDGE('',*,*,#3622,.F.);
#1574=ORIENTED_EDGE('',*,*,#3623,.T.);
#1575=ORIENTED_EDGE('',*,*,#3624,.F.);
#1576=ORIENTED_EDGE('',*,*,#3625,.T.);
#1577=ORIENTED_EDGE('',*,*,#3626,.F.);
#1578=ORIENTED_EDGE('',*,*,#3627,.T.);
#1579=ORIENTED_EDGE('',*,*,#3628,.F.);
#1580=ORIENTED_EDGE('',*,*,#3554,.F.);
#1581=ORIENTED_EDGE('',*,*,#3629,.F.);
#1582=ORIENTED_EDGE('',*,*,#3630,.F.);
#1583=ORIENTED_EDGE('',*,*,#3631,.F.);
#1584=ORIENTED_EDGE('',*,*,#3632,.F.);
#1585=ORIENTED_EDGE('',*,*,#3633,.F.);
#1586=ORIENTED_EDGE('',*,*,#3634,.F.);
#1587=ORIENTED_EDGE('',*,*,#3635,.F.);
#1588=ORIENTED_EDGE('',*,*,#3570,.F.);
#1589=ORIENTED_EDGE('',*,*,#3636,.F.);
#1590=ORIENTED_EDGE('',*,*,#3610,.F.);
#1591=ORIENTED_EDGE('',*,*,#3637,.T.);
#1592=ORIENTED_EDGE('',*,*,#3638,.F.);
#1593=ORIENTED_EDGE('',*,*,#3639,.T.);
#1594=ORIENTED_EDGE('',*,*,#3602,.F.);
#1595=ORIENTED_EDGE('',*,*,#3640,.F.);
#1596=ORIENTED_EDGE('',*,*,#3641,.F.);
#1597=ORIENTED_EDGE('',*,*,#3642,.T.);
#1598=ORIENTED_EDGE('',*,*,#3618,.F.);
#1599=ORIENTED_EDGE('',*,*,#3643,.T.);
#1600=ORIENTED_EDGE('',*,*,#3644,.F.);
#1601=ORIENTED_EDGE('',*,*,#3645,.T.);
#1602=ORIENTED_EDGE('',*,*,#3646,.T.);
#1603=ORIENTED_EDGE('',*,*,#3647,.T.);
#1604=ORIENTED_EDGE('',*,*,#3573,.T.);
#1605=ORIENTED_EDGE('',*,*,#3648,.F.);
#1606=ORIENTED_EDGE('',*,*,#3649,.T.);
#1607=ORIENTED_EDGE('',*,*,#3650,.T.);
#1608=ORIENTED_EDGE('',*,*,#3600,.T.);
#1609=ORIENTED_EDGE('',*,*,#3651,.T.);
#1610=ORIENTED_EDGE('',*,*,#3652,.F.);
#1611=ORIENTED_EDGE('',*,*,#3653,.F.);
#1612=ORIENTED_EDGE('',*,*,#3654,.T.);
#1613=ORIENTED_EDGE('',*,*,#3655,.T.);
#1614=ORIENTED_EDGE('',*,*,#3656,.T.);
#1615=ORIENTED_EDGE('',*,*,#3657,.T.);
#1616=ORIENTED_EDGE('',*,*,#3620,.F.);
#1617=ORIENTED_EDGE('',*,*,#3658,.F.);
#1618=ORIENTED_EDGE('',*,*,#3659,.T.);
#1619=ORIENTED_EDGE('',*,*,#3660,.F.);
#1620=ORIENTED_EDGE('',*,*,#3661,.T.);
#1621=ORIENTED_EDGE('',*,*,#3662,.T.);
#1622=ORIENTED_EDGE('',*,*,#3663,.F.);
#1623=ORIENTED_EDGE('',*,*,#3664,.F.);
#1624=ORIENTED_EDGE('',*,*,#3665,.T.);
#1625=ORIENTED_EDGE('',*,*,#3666,.T.);
#1626=ORIENTED_EDGE('',*,*,#3667,.T.);
#1627=ORIENTED_EDGE('',*,*,#3668,.T.);
#1628=ORIENTED_EDGE('',*,*,#3669,.F.);
#1629=ORIENTED_EDGE('',*,*,#3670,.F.);
#1630=ORIENTED_EDGE('',*,*,#3671,.T.);
#1631=ORIENTED_EDGE('',*,*,#3672,.T.);
#1632=ORIENTED_EDGE('',*,*,#3673,.T.);
#1633=ORIENTED_EDGE('',*,*,#3674,.T.);
#1634=ORIENTED_EDGE('',*,*,#3675,.F.);
#1635=ORIENTED_EDGE('',*,*,#3676,.T.);
#1636=ORIENTED_EDGE('',*,*,#3677,.F.);
#1637=ORIENTED_EDGE('',*,*,#3678,.T.);
#1638=ORIENTED_EDGE('',*,*,#3679,.F.);
#1639=ORIENTED_EDGE('',*,*,#3680,.T.);
#1640=ORIENTED_EDGE('',*,*,#3681,.F.);
#1641=ORIENTED_EDGE('',*,*,#3682,.F.);
#1642=ORIENTED_EDGE('',*,*,#3683,.F.);
#1643=ORIENTED_EDGE('',*,*,#3684,.T.);
#1644=ORIENTED_EDGE('',*,*,#3685,.F.);
#1645=ORIENTED_EDGE('',*,*,#3686,.F.);
#1646=ORIENTED_EDGE('',*,*,#3687,.F.);
#1647=ORIENTED_EDGE('',*,*,#3688,.T.);
#1648=ORIENTED_EDGE('',*,*,#3689,.F.);
#1649=ORIENTED_EDGE('',*,*,#3690,.F.);
#1650=ORIENTED_EDGE('',*,*,#3691,.T.);
#1651=ORIENTED_EDGE('',*,*,#3692,.T.);
#1652=ORIENTED_EDGE('',*,*,#3693,.F.);
#1653=ORIENTED_EDGE('',*,*,#3694,.F.);
#1654=ORIENTED_EDGE('',*,*,#3695,.T.);
#1655=ORIENTED_EDGE('',*,*,#3696,.T.);
#1656=ORIENTED_EDGE('',*,*,#3697,.F.);
#1657=ORIENTED_EDGE('',*,*,#3698,.T.);
#1658=ORIENTED_EDGE('',*,*,#3699,.T.);
#1659=ORIENTED_EDGE('',*,*,#3700,.T.);
#1660=ORIENTED_EDGE('',*,*,#3701,.F.);
#1661=ORIENTED_EDGE('',*,*,#3702,.T.);
#1662=ORIENTED_EDGE('',*,*,#3695,.F.);
#1663=ORIENTED_EDGE('',*,*,#3703,.T.);
#1664=ORIENTED_EDGE('',*,*,#3699,.F.);
#1665=ORIENTED_EDGE('',*,*,#3704,.T.);
#1666=ORIENTED_EDGE('',*,*,#3705,.F.);
#1667=ORIENTED_EDGE('',*,*,#3706,.T.);
#1668=ORIENTED_EDGE('',*,*,#3707,.F.);
#1669=ORIENTED_EDGE('',*,*,#3708,.T.);
#1670=ORIENTED_EDGE('',*,*,#3562,.F.);
#1671=ORIENTED_EDGE('',*,*,#3709,.T.);
#1672=ORIENTED_EDGE('',*,*,#3710,.T.);
#1673=ORIENTED_EDGE('',*,*,#3711,.T.);
#1674=ORIENTED_EDGE('',*,*,#3712,.F.);
#1675=ORIENTED_EDGE('',*,*,#3713,.T.);
#1676=ORIENTED_EDGE('',*,*,#3714,.F.);
#1677=ORIENTED_EDGE('',*,*,#3715,.T.);
#1678=ORIENTED_EDGE('',*,*,#3716,.T.);
#1679=ORIENTED_EDGE('',*,*,#3564,.F.);
#1680=ORIENTED_EDGE('',*,*,#3717,.T.);
#1681=ORIENTED_EDGE('',*,*,#3718,.T.);
#1682=ORIENTED_EDGE('',*,*,#3719,.T.);
#1683=ORIENTED_EDGE('',*,*,#3720,.T.);
#1684=ORIENTED_EDGE('',*,*,#3721,.T.);
#1685=ORIENTED_EDGE('',*,*,#3701,.T.);
#1686=ORIENTED_EDGE('',*,*,#3722,.T.);
#1687=ORIENTED_EDGE('',*,*,#3723,.T.);
#1688=ORIENTED_EDGE('',*,*,#3689,.T.);
#1689=ORIENTED_EDGE('',*,*,#3724,.T.);
#1690=ORIENTED_EDGE('',*,*,#3725,.T.);
#1691=ORIENTED_EDGE('',*,*,#3726,.F.);
#1692=ORIENTED_EDGE('',*,*,#3682,.T.);
#1693=ORIENTED_EDGE('',*,*,#3727,.F.);
#1694=ORIENTED_EDGE('',*,*,#3641,.T.);
#1695=ORIENTED_EDGE('',*,*,#3728,.F.);
#1696=ORIENTED_EDGE('',*,*,#3649,.F.);
#1697=ORIENTED_EDGE('',*,*,#3729,.F.);
#1698=ORIENTED_EDGE('',*,*,#3568,.F.);
#1699=ORIENTED_EDGE('',*,*,#3730,.T.);
#1700=ORIENTED_EDGE('',*,*,#3697,.T.);
#1701=ORIENTED_EDGE('',*,*,#3731,.T.);
#1702=ORIENTED_EDGE('',*,*,#3732,.T.);
#1703=ORIENTED_EDGE('',*,*,#3733,.T.);
#1704=ORIENTED_EDGE('',*,*,#3734,.F.);
#1705=ORIENTED_EDGE('',*,*,#3735,.T.);
#1706=ORIENTED_EDGE('',*,*,#3560,.F.);
#1707=ORIENTED_EDGE('',*,*,#3736,.F.);
#1708=ORIENTED_EDGE('',*,*,#3677,.T.);
#1709=ORIENTED_EDGE('',*,*,#3737,.T.);
#1710=ORIENTED_EDGE('',*,*,#3738,.T.);
#1711=ORIENTED_EDGE('',*,*,#3739,.F.);
#1712=ORIENTED_EDGE('',*,*,#3685,.T.);
#1713=ORIENTED_EDGE('',*,*,#3740,.T.);
#1714=ORIENTED_EDGE('',*,*,#3741,.T.);
#1715=ORIENTED_EDGE('',*,*,#3742,.F.);
#1716=ORIENTED_EDGE('',*,*,#3743,.T.);
#1717=ORIENTED_EDGE('',*,*,#3744,.T.);
#1718=ORIENTED_EDGE('',*,*,#3745,.F.);
#1719=ORIENTED_EDGE('',*,*,#3746,.F.);
#1720=ORIENTED_EDGE('',*,*,#3747,.T.);
#1721=ORIENTED_EDGE('',*,*,#3576,.T.);
#1722=ORIENTED_EDGE('',*,*,#3745,.T.);
#1723=ORIENTED_EDGE('',*,*,#3748,.T.);
#1724=ORIENTED_EDGE('',*,*,#3749,.F.);
#1725=ORIENTED_EDGE('',*,*,#3584,.T.);
#1726=ORIENTED_EDGE('',*,*,#3750,.T.);
#1727=ORIENTED_EDGE('',*,*,#3751,.F.);
#1728=ORIENTED_EDGE('',*,*,#3752,.F.);
#1729=ORIENTED_EDGE('',*,*,#3753,.T.);
#1730=ORIENTED_EDGE('',*,*,#3754,.T.);
#1731=ORIENTED_EDGE('',*,*,#3755,.F.);
#1732=ORIENTED_EDGE('',*,*,#3756,.F.);
#1733=ORIENTED_EDGE('',*,*,#3757,.T.);
#1734=ORIENTED_EDGE('',*,*,#3752,.T.);
#1735=ORIENTED_EDGE('',*,*,#3758,.F.);
#1736=ORIENTED_EDGE('',*,*,#3759,.T.);
#1737=ORIENTED_EDGE('',*,*,#3760,.T.);
#1738=ORIENTED_EDGE('',*,*,#3761,.T.);
#1739=ORIENTED_EDGE('',*,*,#3762,.T.);
#1740=ORIENTED_EDGE('',*,*,#3763,.T.);
#1741=ORIENTED_EDGE('',*,*,#3764,.F.);
#1742=ORIENTED_EDGE('',*,*,#3543,.F.);
#1743=ORIENTED_EDGE('',*,*,#3598,.T.);
#1744=ORIENTED_EDGE('',*,*,#3763,.F.);
#1745=ORIENTED_EDGE('',*,*,#3765,.T.);
#1746=ORIENTED_EDGE('',*,*,#3766,.T.);
#1747=ORIENTED_EDGE('',*,*,#3767,.F.);
#1748=ORIENTED_EDGE('',*,*,#3768,.T.);
#1749=ORIENTED_EDGE('',*,*,#3769,.T.);
#1750=ORIENTED_EDGE('',*,*,#3759,.F.);
#1751=ORIENTED_EDGE('',*,*,#3597,.T.);
#1752=ORIENTED_EDGE('',*,*,#3770,.T.);
#1753=ORIENTED_EDGE('',*,*,#3771,.T.);
#1754=ORIENTED_EDGE('',*,*,#3772,.F.);
#1755=ORIENTED_EDGE('',*,*,#3773,.T.);
#1756=ORIENTED_EDGE('',*,*,#3774,.T.);
#1757=ORIENTED_EDGE('',*,*,#3775,.T.);
#1758=ORIENTED_EDGE('',*,*,#3776,.F.);
#1759=ORIENTED_EDGE('',*,*,#3588,.T.);
#1760=ORIENTED_EDGE('',*,*,#3777,.T.);
#1761=ORIENTED_EDGE('',*,*,#3778,.F.);
#1762=ORIENTED_EDGE('',*,*,#3766,.F.);
#1763=ORIENTED_EDGE('',*,*,#3779,.T.);
#1764=ORIENTED_EDGE('',*,*,#3772,.T.);
#1765=ORIENTED_EDGE('',*,*,#3780,.F.);
#1766=ORIENTED_EDGE('',*,*,#3776,.T.);
#1767=ORIENTED_EDGE('',*,*,#3781,.T.);
#1768=ORIENTED_EDGE('',*,*,#3768,.F.);
#1769=ORIENTED_EDGE('',*,*,#3782,.T.);
#1770=ORIENTED_EDGE('',*,*,#3783,.T.);
#1771=ORIENTED_EDGE('',*,*,#3589,.T.);
#1772=ORIENTED_EDGE('',*,*,#3784,.F.);
#1773=ORIENTED_EDGE('',*,*,#3785,.T.);
#1774=ORIENTED_EDGE('',*,*,#3786,.T.);
#1775=ORIENTED_EDGE('',*,*,#3787,.T.);
#1776=ORIENTED_EDGE('',*,*,#3788,.T.);
#1777=ORIENTED_EDGE('',*,*,#3789,.T.);
#1778=ORIENTED_EDGE('',*,*,#3790,.T.);
#1779=ORIENTED_EDGE('',*,*,#3791,.T.);
#1780=ORIENTED_EDGE('',*,*,#3792,.T.);
#1781=ORIENTED_EDGE('',*,*,#3793,.T.);
#1782=ORIENTED_EDGE('',*,*,#3794,.T.);
#1783=ORIENTED_EDGE('',*,*,#3795,.F.);
#1784=ORIENTED_EDGE('',*,*,#3767,.T.);
#1785=ORIENTED_EDGE('',*,*,#3780,.T.);
#1786=ORIENTED_EDGE('',*,*,#3796,.T.);
#1787=ORIENTED_EDGE('',*,*,#3797,.T.);
#1788=ORIENTED_EDGE('',*,*,#3798,.T.);
#1789=ORIENTED_EDGE('',*,*,#3799,.T.);
#1790=ORIENTED_EDGE('',*,*,#3800,.T.);
#1791=ORIENTED_EDGE('',*,*,#3801,.T.);
#1792=ORIENTED_EDGE('',*,*,#3802,.T.);
#1793=ORIENTED_EDGE('',*,*,#3803,.T.);
#1794=ORIENTED_EDGE('',*,*,#3804,.T.);
#1795=ORIENTED_EDGE('',*,*,#3805,.T.);
#1796=ORIENTED_EDGE('',*,*,#3806,.T.);
#1797=ORIENTED_EDGE('',*,*,#3807,.T.);
#1798=ORIENTED_EDGE('',*,*,#3808,.T.);
#1799=ORIENTED_EDGE('',*,*,#3809,.T.);
#1800=ORIENTED_EDGE('',*,*,#3810,.T.);
#1801=ORIENTED_EDGE('',*,*,#3811,.T.);
#1802=ORIENTED_EDGE('',*,*,#3812,.T.);
#1803=ORIENTED_EDGE('',*,*,#3813,.F.);
#1804=ORIENTED_EDGE('',*,*,#3814,.T.);
#1805=ORIENTED_EDGE('',*,*,#3815,.T.);
#1806=ORIENTED_EDGE('',*,*,#3816,.T.);
#1807=ORIENTED_EDGE('',*,*,#3817,.T.);
#1808=ORIENTED_EDGE('',*,*,#3818,.T.);
#1809=ORIENTED_EDGE('',*,*,#3819,.T.);
#1810=ORIENTED_EDGE('',*,*,#3820,.F.);
#1811=ORIENTED_EDGE('',*,*,#3538,.T.);
#1812=ORIENTED_EDGE('',*,*,#3544,.T.);
#1813=ORIENTED_EDGE('',*,*,#3821,.T.);
#1814=ORIENTED_EDGE('',*,*,#3822,.T.);
#1815=ORIENTED_EDGE('',*,*,#3823,.F.);
#1816=ORIENTED_EDGE('',*,*,#3758,.T.);
#1817=ORIENTED_EDGE('',*,*,#3755,.T.);
#1818=ORIENTED_EDGE('',*,*,#3813,.T.);
#1819=ORIENTED_EDGE('',*,*,#3824,.T.);
#1820=ORIENTED_EDGE('',*,*,#3793,.F.);
#1821=ORIENTED_EDGE('',*,*,#3778,.T.);
#1822=ORIENTED_EDGE('',*,*,#3823,.T.);
#1823=ORIENTED_EDGE('',*,*,#3825,.T.);
#1824=ORIENTED_EDGE('',*,*,#3811,.F.);
#1825=ORIENTED_EDGE('',*,*,#3826,.T.);
#1826=ORIENTED_EDGE('',*,*,#3795,.T.);
#1827=ORIENTED_EDGE('',*,*,#3827,.T.);
#1828=ORIENTED_EDGE('',*,*,#3818,.F.);
#1829=ORIENTED_EDGE('',*,*,#3764,.T.);
#1830=ORIENTED_EDGE('',*,*,#3820,.T.);
#1831=ORIENTED_EDGE('',*,*,#3828,.T.);
#1832=ORIENTED_EDGE('',*,*,#3821,.F.);
#1833=ORIENTED_EDGE('',*,*,#3829,.T.);
#1834=ORIENTED_EDGE('',*,*,#3798,.F.);
#1835=ORIENTED_EDGE('',*,*,#3830,.T.);
#1836=ORIENTED_EDGE('',*,*,#3831,.T.);
#1837=ORIENTED_EDGE('',*,*,#3832,.T.);
#1838=ORIENTED_EDGE('',*,*,#3833,.T.);
#1839=ORIENTED_EDGE('',*,*,#3834,.T.);
#1840=ORIENTED_EDGE('',*,*,#3835,.T.);
#1841=ORIENTED_EDGE('',*,*,#3836,.T.);
#1842=ORIENTED_EDGE('',*,*,#3814,.F.);
#1843=ORIENTED_EDGE('',*,*,#3777,.F.);
#1844=ORIENTED_EDGE('',*,*,#3587,.T.);
#1845=ORIENTED_EDGE('',*,*,#3837,.T.);
#1846=ORIENTED_EDGE('',*,*,#3838,.T.);
#1847=ORIENTED_EDGE('',*,*,#3839,.T.);
#1848=ORIENTED_EDGE('',*,*,#3840,.T.);
#1849=ORIENTED_EDGE('',*,*,#3841,.T.);
#1850=ORIENTED_EDGE('',*,*,#3804,.F.);
#1851=ORIENTED_EDGE('',*,*,#3842,.T.);
#1852=ORIENTED_EDGE('',*,*,#3843,.T.);
#1853=ORIENTED_EDGE('',*,*,#3844,.T.);
#1854=ORIENTED_EDGE('',*,*,#3845,.T.);
#1855=ORIENTED_EDGE('',*,*,#3837,.F.);
#1856=ORIENTED_EDGE('',*,*,#3586,.T.);
#1857=ORIENTED_EDGE('',*,*,#3846,.T.);
#1858=ORIENTED_EDGE('',*,*,#3810,.F.);
#1859=ORIENTED_EDGE('',*,*,#3847,.T.);
#1860=ORIENTED_EDGE('',*,*,#3848,.T.);
#1861=ORIENTED_EDGE('',*,*,#3849,.T.);
#1862=ORIENTED_EDGE('',*,*,#3850,.T.);
#1863=ORIENTED_EDGE('',*,*,#3851,.T.);
#1864=ORIENTED_EDGE('',*,*,#3852,.T.);
#1865=ORIENTED_EDGE('',*,*,#3853,.T.);
#1866=ORIENTED_EDGE('',*,*,#3854,.T.);
#1867=ORIENTED_EDGE('',*,*,#3855,.T.);
#1868=ORIENTED_EDGE('',*,*,#3756,.T.);
#1869=ORIENTED_EDGE('',*,*,#3826,.F.);
#1870=ORIENTED_EDGE('',*,*,#3846,.F.);
#1871=ORIENTED_EDGE('',*,*,#3585,.T.);
#1872=ORIENTED_EDGE('',*,*,#3749,.T.);
#1873=ORIENTED_EDGE('',*,*,#3856,.T.);
#1874=ORIENTED_EDGE('',*,*,#3857,.T.);
#1875=ORIENTED_EDGE('',*,*,#3858,.T.);
#1876=ORIENTED_EDGE('',*,*,#3743,.F.);
#1877=ORIENTED_EDGE('',*,*,#3575,.T.);
#1878=ORIENTED_EDGE('',*,*,#3539,.T.);
#1879=ORIENTED_EDGE('',*,*,#3829,.F.);
#1880=ORIENTED_EDGE('',*,*,#3754,.F.);
#1881=ORIENTED_EDGE('',*,*,#3859,.T.);
#1882=ORIENTED_EDGE('',*,*,#3860,.F.);
#1883=ORIENTED_EDGE('',*,*,#3861,.T.);
#1884=ORIENTED_EDGE('',*,*,#3862,.T.);
#1885=ORIENTED_EDGE('',*,*,#3863,.T.);
#1886=ORIENTED_EDGE('',*,*,#3864,.F.);
#1887=ORIENTED_EDGE('',*,*,#3865,.T.);
#1888=ORIENTED_EDGE('',*,*,#3866,.T.);
#1889=ORIENTED_EDGE('',*,*,#3867,.T.);
#1890=ORIENTED_EDGE('',*,*,#3868,.T.);
#1891=ORIENTED_EDGE('',*,*,#3869,.T.);
#1892=ORIENTED_EDGE('',*,*,#3860,.T.);
#1893=ORIENTED_EDGE('',*,*,#3870,.T.);
#1894=ORIENTED_EDGE('',*,*,#3871,.T.);
#1895=ORIENTED_EDGE('',*,*,#3862,.F.);
#1896=ORIENTED_EDGE('',*,*,#3872,.T.);
#1897=ORIENTED_EDGE('',*,*,#3873,.T.);
#1898=ORIENTED_EDGE('',*,*,#3874,.T.);
#1899=ORIENTED_EDGE('',*,*,#3875,.T.);
#1900=ORIENTED_EDGE('',*,*,#3866,.F.);
#1901=ORIENTED_EDGE('',*,*,#3876,.T.);
#1902=ORIENTED_EDGE('',*,*,#3877,.F.);
#1903=ORIENTED_EDGE('',*,*,#3878,.T.);
#1904=ORIENTED_EDGE('',*,*,#3879,.F.);
#1905=ORIENTED_EDGE('',*,*,#3880,.T.);
#1906=ORIENTED_EDGE('',*,*,#3881,.T.);
#1907=ORIENTED_EDGE('',*,*,#3882,.T.);
#1908=ORIENTED_EDGE('',*,*,#3593,.F.);
#1909=ORIENTED_EDGE('',*,*,#3883,.T.);
#1910=ORIENTED_EDGE('',*,*,#3864,.T.);
#1911=ORIENTED_EDGE('',*,*,#3884,.T.);
#1912=ORIENTED_EDGE('',*,*,#3879,.T.);
#1913=ORIENTED_EDGE('',*,*,#3885,.T.);
#1914=ORIENTED_EDGE('',*,*,#3782,.F.);
#1915=ORIENTED_EDGE('',*,*,#3771,.F.);
#1916=ORIENTED_EDGE('',*,*,#3886,.T.);
#1917=ORIENTED_EDGE('',*,*,#3591,.F.);
#1918=ORIENTED_EDGE('',*,*,#3887,.T.);
#1919=ORIENTED_EDGE('',*,*,#3877,.T.);
#1920=ORIENTED_EDGE('',*,*,#3888,.T.);
#1921=ORIENTED_EDGE('',*,*,#3881,.F.);
#1922=ORIENTED_EDGE('',*,*,#3889,.T.);
#1923=ORIENTED_EDGE('',*,*,#3595,.T.);
#1924=ORIENTED_EDGE('',*,*,#3890,.T.);
#1925=ORIENTED_EDGE('',*,*,#3783,.F.);
#1926=ORIENTED_EDGE('',*,*,#3885,.F.);
#1927=ORIENTED_EDGE('',*,*,#3878,.F.);
#1928=ORIENTED_EDGE('',*,*,#3887,.F.);
#1929=ORIENTED_EDGE('',*,*,#3590,.F.);
#1930=ORIENTED_EDGE('',*,*,#3596,.F.);
#1931=ORIENTED_EDGE('',*,*,#3889,.F.);
#1932=ORIENTED_EDGE('',*,*,#3880,.F.);
#1933=ORIENTED_EDGE('',*,*,#3886,.F.);
#1934=ORIENTED_EDGE('',*,*,#3770,.F.);
#1935=ORIENTED_EDGE('',*,*,#3865,.F.);
#1936=ORIENTED_EDGE('',*,*,#3883,.F.);
#1937=ORIENTED_EDGE('',*,*,#3592,.F.);
#1938=ORIENTED_EDGE('',*,*,#3888,.F.);
#1939=ORIENTED_EDGE('',*,*,#3876,.F.);
#1940=ORIENTED_EDGE('',*,*,#3882,.F.);
#1941=ORIENTED_EDGE('',*,*,#3890,.F.);
#1942=ORIENTED_EDGE('',*,*,#3594,.F.);
#1943=ORIENTED_EDGE('',*,*,#3884,.F.);
#1944=ORIENTED_EDGE('',*,*,#3863,.F.);
#1945=ORIENTED_EDGE('',*,*,#3891,.F.);
#1946=ORIENTED_EDGE('',*,*,#3892,.T.);
#1947=ORIENTED_EDGE('',*,*,#3893,.T.);
#1948=ORIENTED_EDGE('',*,*,#3894,.T.);
#1949=ORIENTED_EDGE('',*,*,#3895,.F.);
#1950=ORIENTED_EDGE('',*,*,#3896,.T.);
#1951=ORIENTED_EDGE('',*,*,#3897,.F.);
#1952=ORIENTED_EDGE('',*,*,#3898,.T.);
#1953=ORIENTED_EDGE('',*,*,#3893,.F.);
#1954=ORIENTED_EDGE('',*,*,#3899,.T.);
#1955=ORIENTED_EDGE('',*,*,#3900,.T.);
#1956=ORIENTED_EDGE('',*,*,#3901,.T.);
#1957=ORIENTED_EDGE('',*,*,#3902,.T.);
#1958=ORIENTED_EDGE('',*,*,#3903,.T.);
#1959=ORIENTED_EDGE('',*,*,#3904,.T.);
#1960=ORIENTED_EDGE('',*,*,#3891,.T.);
#1961=ORIENTED_EDGE('',*,*,#3905,.T.);
#1962=ORIENTED_EDGE('',*,*,#3906,.F.);
#1963=ORIENTED_EDGE('',*,*,#3907,.T.);
#1964=ORIENTED_EDGE('',*,*,#3908,.F.);
#1965=ORIENTED_EDGE('',*,*,#3909,.T.);
#1966=ORIENTED_EDGE('',*,*,#3910,.T.);
#1967=ORIENTED_EDGE('',*,*,#3911,.T.);
#1968=ORIENTED_EDGE('',*,*,#3895,.T.);
#1969=ORIENTED_EDGE('',*,*,#3912,.T.);
#1970=ORIENTED_EDGE('',*,*,#3913,.T.);
#1971=ORIENTED_EDGE('',*,*,#3897,.T.);
#1972=ORIENTED_EDGE('',*,*,#3914,.T.);
#1973=ORIENTED_EDGE('',*,*,#3580,.T.);
#1974=ORIENTED_EDGE('',*,*,#3915,.T.);
#1975=ORIENTED_EDGE('',*,*,#3751,.T.);
#1976=ORIENTED_EDGE('',*,*,#3916,.T.);
#1977=ORIENTED_EDGE('',*,*,#3908,.T.);
#1978=ORIENTED_EDGE('',*,*,#3917,.T.);
#1979=ORIENTED_EDGE('',*,*,#3746,.T.);
#1980=ORIENTED_EDGE('',*,*,#3910,.F.);
#1981=ORIENTED_EDGE('',*,*,#3918,.T.);
#1982=ORIENTED_EDGE('',*,*,#3582,.F.);
#1983=ORIENTED_EDGE('',*,*,#3919,.T.);
#1984=ORIENTED_EDGE('',*,*,#3578,.T.);
#1985=ORIENTED_EDGE('',*,*,#3920,.T.);
#1986=ORIENTED_EDGE('',*,*,#3906,.T.);
#1987=ORIENTED_EDGE('',*,*,#3921,.T.);
#1988=ORIENTED_EDGE('',*,*,#3583,.F.);
#1989=ORIENTED_EDGE('',*,*,#3918,.F.);
#1990=ORIENTED_EDGE('',*,*,#3909,.F.);
#1991=ORIENTED_EDGE('',*,*,#3916,.F.);
#1992=ORIENTED_EDGE('',*,*,#3750,.F.);
#1993=ORIENTED_EDGE('',*,*,#3747,.F.);
#1994=ORIENTED_EDGE('',*,*,#3917,.F.);
#1995=ORIENTED_EDGE('',*,*,#3907,.F.);
#1996=ORIENTED_EDGE('',*,*,#3920,.F.);
#1997=ORIENTED_EDGE('',*,*,#3577,.F.);
#1998=ORIENTED_EDGE('',*,*,#3911,.F.);
#1999=ORIENTED_EDGE('',*,*,#3919,.F.);
#2000=ORIENTED_EDGE('',*,*,#3581,.F.);
#2001=ORIENTED_EDGE('',*,*,#3914,.F.);
#2002=ORIENTED_EDGE('',*,*,#3896,.F.);
#2003=ORIENTED_EDGE('',*,*,#3898,.F.);
#2004=ORIENTED_EDGE('',*,*,#3915,.F.);
#2005=ORIENTED_EDGE('',*,*,#3579,.F.);
#2006=ORIENTED_EDGE('',*,*,#3921,.F.);
#2007=ORIENTED_EDGE('',*,*,#3905,.F.);
#2008=ORIENTED_EDGE('',*,*,#3922,.F.);
#2009=ORIENTED_EDGE('',*,*,#3822,.F.);
#2010=ORIENTED_EDGE('',*,*,#3923,.F.);
#2011=ORIENTED_EDGE('',*,*,#3790,.F.);
#2012=ORIENTED_EDGE('',*,*,#3923,.T.);
#2013=ORIENTED_EDGE('',*,*,#3828,.F.);
#2014=ORIENTED_EDGE('',*,*,#3924,.F.);
#2015=ORIENTED_EDGE('',*,*,#3791,.F.);
#2016=ORIENTED_EDGE('',*,*,#3922,.T.);
#2017=ORIENTED_EDGE('',*,*,#3789,.F.);
#2018=ORIENTED_EDGE('',*,*,#3925,.F.);
#2019=ORIENTED_EDGE('',*,*,#3825,.F.);
#2020=ORIENTED_EDGE('',*,*,#3924,.T.);
#2021=ORIENTED_EDGE('',*,*,#3819,.F.);
#2022=ORIENTED_EDGE('',*,*,#3926,.F.);
#2023=ORIENTED_EDGE('',*,*,#3792,.F.);
#2024=ORIENTED_EDGE('',*,*,#3925,.T.);
#2025=ORIENTED_EDGE('',*,*,#3788,.F.);
#2026=ORIENTED_EDGE('',*,*,#3927,.F.);
#2027=ORIENTED_EDGE('',*,*,#3812,.F.);
#2028=ORIENTED_EDGE('',*,*,#3926,.T.);
#2029=ORIENTED_EDGE('',*,*,#3827,.F.);
#2030=ORIENTED_EDGE('',*,*,#3928,.F.);
#2031=ORIENTED_EDGE('',*,*,#3785,.F.);
#2032=ORIENTED_EDGE('',*,*,#3927,.T.);
#2033=ORIENTED_EDGE('',*,*,#3787,.F.);
#2034=ORIENTED_EDGE('',*,*,#3929,.F.);
#2035=ORIENTED_EDGE('',*,*,#3824,.F.);
#2036=ORIENTED_EDGE('',*,*,#3928,.T.);
#2037=ORIENTED_EDGE('',*,*,#3794,.F.);
#2038=ORIENTED_EDGE('',*,*,#3929,.T.);
#2039=ORIENTED_EDGE('',*,*,#3786,.F.);
#2040=ORIENTED_EDGE('',*,*,#3930,.F.);
#2041=ORIENTED_EDGE('',*,*,#3900,.F.);
#2042=ORIENTED_EDGE('',*,*,#3931,.F.);
#2043=ORIENTED_EDGE('',*,*,#3753,.F.);
#2044=ORIENTED_EDGE('',*,*,#3931,.T.);
#2045=ORIENTED_EDGE('',*,*,#3899,.F.);
#2046=ORIENTED_EDGE('',*,*,#3932,.F.);
#2047=ORIENTED_EDGE('',*,*,#3859,.F.);
#2048=ORIENTED_EDGE('',*,*,#3930,.T.);
#2049=ORIENTED_EDGE('',*,*,#3757,.F.);
#2050=ORIENTED_EDGE('',*,*,#3933,.F.);
#2051=ORIENTED_EDGE('',*,*,#3901,.F.);
#2052=ORIENTED_EDGE('',*,*,#3932,.T.);
#2053=ORIENTED_EDGE('',*,*,#3892,.F.);
#2054=ORIENTED_EDGE('',*,*,#3934,.F.);
#2055=ORIENTED_EDGE('',*,*,#3857,.F.);
#2056=ORIENTED_EDGE('',*,*,#3933,.T.);
#2057=ORIENTED_EDGE('',*,*,#3855,.F.);
#2058=ORIENTED_EDGE('',*,*,#3935,.F.);
#2059=ORIENTED_EDGE('',*,*,#3902,.F.);
#2060=ORIENTED_EDGE('',*,*,#3934,.T.);
#2061=ORIENTED_EDGE('',*,*,#3904,.F.);
#2062=ORIENTED_EDGE('',*,*,#3936,.F.);
#2063=ORIENTED_EDGE('',*,*,#3858,.F.);
#2064=ORIENTED_EDGE('',*,*,#3935,.T.);
#2065=ORIENTED_EDGE('',*,*,#3854,.F.);
#2066=ORIENTED_EDGE('',*,*,#3937,.F.);
#2067=ORIENTED_EDGE('',*,*,#3894,.F.);
#2068=ORIENTED_EDGE('',*,*,#3936,.T.);
#2069=ORIENTED_EDGE('',*,*,#3903,.F.);
#2070=ORIENTED_EDGE('',*,*,#3938,.F.);
#2071=ORIENTED_EDGE('',*,*,#3744,.F.);
#2072=ORIENTED_EDGE('',*,*,#3937,.T.);
#2073=ORIENTED_EDGE('',*,*,#3856,.F.);
#2074=ORIENTED_EDGE('',*,*,#3939,.F.);
#2075=ORIENTED_EDGE('',*,*,#3912,.F.);
#2076=ORIENTED_EDGE('',*,*,#3938,.T.);
#2077=ORIENTED_EDGE('',*,*,#3913,.F.);
#2078=ORIENTED_EDGE('',*,*,#3939,.T.);
#2079=ORIENTED_EDGE('',*,*,#3748,.F.);
#2080=ORIENTED_EDGE('',*,*,#3940,.F.);
#2081=ORIENTED_EDGE('',*,*,#3765,.F.);
#2082=ORIENTED_EDGE('',*,*,#3941,.F.);
#2083=ORIENTED_EDGE('',*,*,#3868,.F.);
#2084=ORIENTED_EDGE('',*,*,#3941,.T.);
#2085=ORIENTED_EDGE('',*,*,#3762,.F.);
#2086=ORIENTED_EDGE('',*,*,#3942,.F.);
#2087=ORIENTED_EDGE('',*,*,#3869,.F.);
#2088=ORIENTED_EDGE('',*,*,#3940,.T.);
#2089=ORIENTED_EDGE('',*,*,#3871,.F.);
#2090=ORIENTED_EDGE('',*,*,#3943,.F.);
#2091=ORIENTED_EDGE('',*,*,#3779,.F.);
#2092=ORIENTED_EDGE('',*,*,#3942,.T.);
#2093=ORIENTED_EDGE('',*,*,#3761,.F.);
#2094=ORIENTED_EDGE('',*,*,#3944,.F.);
#2095=ORIENTED_EDGE('',*,*,#3861,.F.);
#2096=ORIENTED_EDGE('',*,*,#3943,.T.);
#2097=ORIENTED_EDGE('',*,*,#3870,.F.);
#2098=ORIENTED_EDGE('',*,*,#3945,.F.);
#2099=ORIENTED_EDGE('',*,*,#3773,.F.);
#2100=ORIENTED_EDGE('',*,*,#3944,.T.);
#2101=ORIENTED_EDGE('',*,*,#3760,.F.);
#2102=ORIENTED_EDGE('',*,*,#3946,.F.);
#2103=ORIENTED_EDGE('',*,*,#3872,.F.);
#2104=ORIENTED_EDGE('',*,*,#3945,.T.);
#2105=ORIENTED_EDGE('',*,*,#3867,.F.);
#2106=ORIENTED_EDGE('',*,*,#3947,.F.);
#2107=ORIENTED_EDGE('',*,*,#3774,.F.);
#2108=ORIENTED_EDGE('',*,*,#3946,.T.);
#2109=ORIENTED_EDGE('',*,*,#3769,.F.);
#2110=ORIENTED_EDGE('',*,*,#3948,.F.);
#2111=ORIENTED_EDGE('',*,*,#3873,.F.);
#2112=ORIENTED_EDGE('',*,*,#3947,.T.);
#2113=ORIENTED_EDGE('',*,*,#3875,.F.);
#2114=ORIENTED_EDGE('',*,*,#3949,.F.);
#2115=ORIENTED_EDGE('',*,*,#3775,.F.);
#2116=ORIENTED_EDGE('',*,*,#3948,.T.);
#2117=ORIENTED_EDGE('',*,*,#3781,.F.);
#2118=ORIENTED_EDGE('',*,*,#3949,.T.);
#2119=ORIENTED_EDGE('',*,*,#3874,.F.);
#2120=ORIENTED_EDGE('',*,*,#3727,.T.);
#2121=ORIENTED_EDGE('',*,*,#3681,.T.);
#2122=ORIENTED_EDGE('',*,*,#3950,.T.);
#2123=ORIENTED_EDGE('',*,*,#3658,.T.);
#2124=ORIENTED_EDGE('',*,*,#3619,.T.);
#2125=ORIENTED_EDGE('',*,*,#3642,.F.);
#2126=ORIENTED_EDGE('',*,*,#3728,.T.);
#2127=ORIENTED_EDGE('',*,*,#3640,.T.);
#2128=ORIENTED_EDGE('',*,*,#3601,.T.);
#2129=ORIENTED_EDGE('',*,*,#3650,.F.);
#2130=ORIENTED_EDGE('',*,*,#3729,.T.);
#2131=ORIENTED_EDGE('',*,*,#3648,.T.);
#2132=ORIENTED_EDGE('',*,*,#3636,.T.);
#2133=ORIENTED_EDGE('',*,*,#3569,.F.);
#2134=ORIENTED_EDGE('',*,*,#3736,.T.);
#2135=ORIENTED_EDGE('',*,*,#3559,.T.);
#2136=ORIENTED_EDGE('',*,*,#3621,.T.);
#2137=ORIENTED_EDGE('',*,*,#3657,.F.);
#2138=ORIENTED_EDGE('',*,*,#3951,.F.);
#2139=ORIENTED_EDGE('',*,*,#3678,.F.);
#2140=ORIENTED_EDGE('',*,*,#3710,.F.);
#2141=ORIENTED_EDGE('',*,*,#3952,.T.);
#2142=ORIENTED_EDGE('',*,*,#3734,.T.);
#2143=ORIENTED_EDGE('',*,*,#3953,.T.);
#2144=ORIENTED_EDGE('',*,*,#3712,.T.);
#2145=ORIENTED_EDGE('',*,*,#3954,.T.);
#2146=ORIENTED_EDGE('',*,*,#3732,.F.);
#2147=ORIENTED_EDGE('',*,*,#3955,.T.);
#2148=ORIENTED_EDGE('',*,*,#3718,.F.);
#2149=ORIENTED_EDGE('',*,*,#3956,.T.);
#2150=ORIENTED_EDGE('',*,*,#3707,.T.);
#2151=ORIENTED_EDGE('',*,*,#3957,.T.);
#2152=ORIENTED_EDGE('',*,*,#3958,.F.);
#2153=ORIENTED_EDGE('',*,*,#3959,.T.);
#2154=ORIENTED_EDGE('',*,*,#3960,.T.);
#2155=ORIENTED_EDGE('',*,*,#3715,.F.);
#2156=ORIENTED_EDGE('',*,*,#3705,.T.);
#2157=ORIENTED_EDGE('',*,*,#3961,.T.);
#2158=ORIENTED_EDGE('',*,*,#3720,.F.);
#2159=ORIENTED_EDGE('',*,*,#3962,.T.);
#2160=ORIENTED_EDGE('',*,*,#3963,.F.);
#2161=ORIENTED_EDGE('',*,*,#3691,.F.);
#2162=ORIENTED_EDGE('',*,*,#3964,.T.);
#2163=ORIENTED_EDGE('',*,*,#3566,.F.);
#2164=ORIENTED_EDGE('',*,*,#3965,.T.);
#2165=ORIENTED_EDGE('',*,*,#3959,.F.);
#2166=ORIENTED_EDGE('',*,*,#3964,.F.);
#2167=ORIENTED_EDGE('',*,*,#3698,.F.);
#2168=ORIENTED_EDGE('',*,*,#3730,.F.);
#2169=ORIENTED_EDGE('',*,*,#3567,.F.);
#2170=ORIENTED_EDGE('',*,*,#3708,.F.);
#2171=ORIENTED_EDGE('',*,*,#3956,.F.);
#2172=ORIENTED_EDGE('',*,*,#3717,.F.);
#2173=ORIENTED_EDGE('',*,*,#3563,.F.);
#2174=ORIENTED_EDGE('',*,*,#3709,.F.);
#2175=ORIENTED_EDGE('',*,*,#3561,.F.);
#2176=ORIENTED_EDGE('',*,*,#3735,.F.);
#2177=ORIENTED_EDGE('',*,*,#3952,.F.);
#2178=ORIENTED_EDGE('',*,*,#3965,.F.);
#2179=ORIENTED_EDGE('',*,*,#3565,.F.);
#2180=ORIENTED_EDGE('',*,*,#3716,.F.);
#2181=ORIENTED_EDGE('',*,*,#3960,.F.);
#2182=ORIENTED_EDGE('',*,*,#3711,.F.);
#2183=ORIENTED_EDGE('',*,*,#3953,.F.);
#2184=ORIENTED_EDGE('',*,*,#3733,.F.);
#2185=ORIENTED_EDGE('',*,*,#3954,.F.);
#2186=ORIENTED_EDGE('',*,*,#3704,.F.);
#2187=ORIENTED_EDGE('',*,*,#3702,.F.);
#2188=ORIENTED_EDGE('',*,*,#3721,.F.);
#2189=ORIENTED_EDGE('',*,*,#3961,.F.);
#2190=ORIENTED_EDGE('',*,*,#3713,.F.);
#2191=ORIENTED_EDGE('',*,*,#3955,.F.);
#2192=ORIENTED_EDGE('',*,*,#3731,.F.);
#2193=ORIENTED_EDGE('',*,*,#3696,.F.);
#2194=ORIENTED_EDGE('',*,*,#3706,.F.);
#2195=ORIENTED_EDGE('',*,*,#3962,.F.);
#2196=ORIENTED_EDGE('',*,*,#3719,.F.);
#2197=ORIENTED_EDGE('',*,*,#3957,.F.);
#2198=ORIENTED_EDGE('',*,*,#3966,.F.);
#2199=ORIENTED_EDGE('',*,*,#3967,.T.);
#2200=ORIENTED_EDGE('',*,*,#3968,.T.);
#2201=ORIENTED_EDGE('',*,*,#3969,.F.);
#2202=ORIENTED_EDGE('',*,*,#3784,.T.);
#2203=ORIENTED_EDGE('',*,*,#3970,.F.);
#2204=ORIENTED_EDGE('',*,*,#3723,.F.);
#2205=ORIENTED_EDGE('',*,*,#3971,.T.);
#2206=ORIENTED_EDGE('',*,*,#3968,.F.);
#2207=ORIENTED_EDGE('',*,*,#3966,.T.);
#2208=ORIENTED_EDGE('',*,*,#3972,.T.);
#2209=ORIENTED_EDGE('',*,*,#3693,.T.);
#2210=ORIENTED_EDGE('',*,*,#3973,.F.);
#2211=ORIENTED_EDGE('',*,*,#3963,.T.);
#2212=ORIENTED_EDGE('',*,*,#3958,.T.);
#2213=ORIENTED_EDGE('',*,*,#3714,.T.);
#2214=ORIENTED_EDGE('',*,*,#3970,.T.);
#2215=ORIENTED_EDGE('',*,*,#3967,.F.);
#2216=ORIENTED_EDGE('',*,*,#3973,.T.);
#2217=ORIENTED_EDGE('',*,*,#3692,.F.);
#2218=ORIENTED_EDGE('',*,*,#3694,.T.);
#2219=ORIENTED_EDGE('',*,*,#3972,.F.);
#2220=ORIENTED_EDGE('',*,*,#3969,.T.);
#2221=ORIENTED_EDGE('',*,*,#3971,.F.);
#2222=ORIENTED_EDGE('',*,*,#3722,.F.);
#2223=ORIENTED_EDGE('',*,*,#3700,.F.);
#2224=ORIENTED_EDGE('',*,*,#3703,.F.);
#2225=ORIENTED_EDGE('',*,*,#3668,.F.);
#2226=ORIENTED_EDGE('',*,*,#3974,.T.);
#2227=ORIENTED_EDGE('',*,*,#3975,.T.);
#2228=ORIENTED_EDGE('',*,*,#3976,.T.);
#2229=ORIENTED_EDGE('',*,*,#3690,.T.);
#2230=ORIENTED_EDGE('',*,*,#3742,.T.);
#2231=ORIENTED_EDGE('',*,*,#3977,.T.);
#2232=ORIENTED_EDGE('',*,*,#3978,.T.);
#2233=ORIENTED_EDGE('',*,*,#3979,.F.);
#2234=ORIENTED_EDGE('',*,*,#3980,.F.);
#2235=ORIENTED_EDGE('',*,*,#3981,.T.);
#2236=ORIENTED_EDGE('',*,*,#3982,.T.);
#2237=ORIENTED_EDGE('',*,*,#3983,.T.);
#2238=ORIENTED_EDGE('',*,*,#3984,.T.);
#2239=ORIENTED_EDGE('',*,*,#3977,.F.);
#2240=ORIENTED_EDGE('',*,*,#3741,.F.);
#2241=ORIENTED_EDGE('',*,*,#3985,.F.);
#2242=ORIENTED_EDGE('',*,*,#3986,.T.);
#2243=ORIENTED_EDGE('',*,*,#3670,.T.);
#2244=ORIENTED_EDGE('',*,*,#3987,.T.);
#2245=ORIENTED_EDGE('',*,*,#3983,.F.);
#2246=ORIENTED_EDGE('',*,*,#3740,.F.);
#2247=ORIENTED_EDGE('',*,*,#3684,.F.);
#2248=ORIENTED_EDGE('',*,*,#3988,.T.);
#2249=ORIENTED_EDGE('',*,*,#3989,.F.);
#2250=ORIENTED_EDGE('',*,*,#3990,.T.);
#2251=ORIENTED_EDGE('',*,*,#3653,.T.);
#2252=ORIENTED_EDGE('',*,*,#3991,.T.);
#2253=ORIENTED_EDGE('',*,*,#3992,.F.);
#2254=ORIENTED_EDGE('',*,*,#3737,.F.);
#2255=ORIENTED_EDGE('',*,*,#3676,.F.);
#2256=ORIENTED_EDGE('',*,*,#3993,.T.);
#2257=ORIENTED_EDGE('',*,*,#3994,.F.);
#2258=ORIENTED_EDGE('',*,*,#3995,.F.);
#2259=ORIENTED_EDGE('',*,*,#3996,.T.);
#2260=ORIENTED_EDGE('',*,*,#3997,.T.);
#2261=ORIENTED_EDGE('',*,*,#3992,.T.);
#2262=ORIENTED_EDGE('',*,*,#3998,.T.);
#2263=ORIENTED_EDGE('',*,*,#3999,.F.);
#2264=ORIENTED_EDGE('',*,*,#3738,.F.);
#2265=ORIENTED_EDGE('',*,*,#3674,.F.);
#2266=ORIENTED_EDGE('',*,*,#4000,.T.);
#2267=ORIENTED_EDGE('',*,*,#4001,.T.);
#2268=ORIENTED_EDGE('',*,*,#4002,.T.);
#2269=ORIENTED_EDGE('',*,*,#3686,.T.);
#2270=ORIENTED_EDGE('',*,*,#3739,.T.);
#2271=ORIENTED_EDGE('',*,*,#3999,.T.);
#2272=ORIENTED_EDGE('',*,*,#4003,.T.);
#2273=ORIENTED_EDGE('',*,*,#3662,.F.);
#2274=ORIENTED_EDGE('',*,*,#4004,.T.);
#2275=ORIENTED_EDGE('',*,*,#4005,.T.);
#2276=ORIENTED_EDGE('',*,*,#4006,.T.);
#2277=ORIENTED_EDGE('',*,*,#3679,.T.);
#2278=ORIENTED_EDGE('',*,*,#3726,.T.);
#2279=ORIENTED_EDGE('',*,*,#4007,.T.);
#2280=ORIENTED_EDGE('',*,*,#4008,.T.);
#2281=ORIENTED_EDGE('',*,*,#4009,.F.);
#2282=ORIENTED_EDGE('',*,*,#4010,.F.);
#2283=ORIENTED_EDGE('',*,*,#4011,.T.);
#2284=ORIENTED_EDGE('',*,*,#4012,.T.);
#2285=ORIENTED_EDGE('',*,*,#4013,.T.);
#2286=ORIENTED_EDGE('',*,*,#4014,.T.);
#2287=ORIENTED_EDGE('',*,*,#4007,.F.);
#2288=ORIENTED_EDGE('',*,*,#3725,.F.);
#2289=ORIENTED_EDGE('',*,*,#4015,.F.);
#2290=ORIENTED_EDGE('',*,*,#4016,.T.);
#2291=ORIENTED_EDGE('',*,*,#3664,.T.);
#2292=ORIENTED_EDGE('',*,*,#4017,.T.);
#2293=ORIENTED_EDGE('',*,*,#4013,.F.);
#2294=ORIENTED_EDGE('',*,*,#3724,.F.);
#2295=ORIENTED_EDGE('',*,*,#3688,.F.);
#2296=ORIENTED_EDGE('',*,*,#4018,.T.);
#2297=ORIENTED_EDGE('',*,*,#4003,.F.);
#2298=ORIENTED_EDGE('',*,*,#3998,.F.);
#2299=ORIENTED_EDGE('',*,*,#3991,.F.);
#2300=ORIENTED_EDGE('',*,*,#3652,.T.);
#2301=ORIENTED_EDGE('',*,*,#4008,.F.);
#2302=ORIENTED_EDGE('',*,*,#4014,.F.);
#2303=ORIENTED_EDGE('',*,*,#4017,.F.);
#2304=ORIENTED_EDGE('',*,*,#3663,.T.);
#2305=ORIENTED_EDGE('',*,*,#3978,.F.);
#2306=ORIENTED_EDGE('',*,*,#3984,.F.);
#2307=ORIENTED_EDGE('',*,*,#3987,.F.);
#2308=ORIENTED_EDGE('',*,*,#3669,.T.);
#2309=ORIENTED_EDGE('',*,*,#4019,.T.);
#2310=ORIENTED_EDGE('',*,*,#4020,.T.);
#2311=ORIENTED_EDGE('',*,*,#3666,.F.);
#2312=ORIENTED_EDGE('',*,*,#4021,.T.);
#2313=ORIENTED_EDGE('',*,*,#3975,.F.);
#2314=ORIENTED_EDGE('',*,*,#4022,.T.);
#2315=ORIENTED_EDGE('',*,*,#4019,.F.);
#2316=ORIENTED_EDGE('',*,*,#4023,.T.);
#2317=ORIENTED_EDGE('',*,*,#4015,.T.);
#2318=ORIENTED_EDGE('',*,*,#4024,.T.);
#2319=ORIENTED_EDGE('',*,*,#4025,.F.);
#2320=ORIENTED_EDGE('',*,*,#4026,.T.);
#2321=ORIENTED_EDGE('',*,*,#3660,.T.);
#2322=ORIENTED_EDGE('',*,*,#4027,.T.);
#2323=ORIENTED_EDGE('',*,*,#4028,.T.);
#2324=ORIENTED_EDGE('',*,*,#4029,.T.);
#2325=ORIENTED_EDGE('',*,*,#3950,.F.);
#2326=ORIENTED_EDGE('',*,*,#4030,.T.);
#2327=ORIENTED_EDGE('',*,*,#4005,.F.);
#2328=ORIENTED_EDGE('',*,*,#4031,.T.);
#2329=ORIENTED_EDGE('',*,*,#4025,.T.);
#2330=ORIENTED_EDGE('',*,*,#4032,.T.);
#2331=ORIENTED_EDGE('',*,*,#4028,.F.);
#2332=ORIENTED_EDGE('',*,*,#4033,.T.);
#2333=ORIENTED_EDGE('',*,*,#4034,.T.);
#2334=ORIENTED_EDGE('',*,*,#4035,.T.);
#2335=ORIENTED_EDGE('',*,*,#3672,.F.);
#2336=ORIENTED_EDGE('',*,*,#4036,.T.);
#2337=ORIENTED_EDGE('',*,*,#4001,.F.);
#2338=ORIENTED_EDGE('',*,*,#4037,.T.);
#2339=ORIENTED_EDGE('',*,*,#4034,.F.);
#2340=ORIENTED_EDGE('',*,*,#4038,.T.);
#2341=ORIENTED_EDGE('',*,*,#3985,.T.);
#2342=ORIENTED_EDGE('',*,*,#4039,.T.);
#2343=ORIENTED_EDGE('',*,*,#4040,.T.);
#2344=ORIENTED_EDGE('',*,*,#4041,.T.);
#2345=ORIENTED_EDGE('',*,*,#3655,.F.);
#2346=ORIENTED_EDGE('',*,*,#4042,.T.);
#2347=ORIENTED_EDGE('',*,*,#3951,.T.);
#2348=ORIENTED_EDGE('',*,*,#4043,.T.);
#2349=ORIENTED_EDGE('',*,*,#4044,.F.);
#2350=ORIENTED_EDGE('',*,*,#4045,.T.);
#2351=ORIENTED_EDGE('',*,*,#4044,.T.);
#2352=ORIENTED_EDGE('',*,*,#4046,.T.);
#2353=ORIENTED_EDGE('',*,*,#4040,.F.);
#2354=ORIENTED_EDGE('',*,*,#4047,.T.);
#2355=ORIENTED_EDGE('',*,*,#3989,.T.);
#2356=ORIENTED_EDGE('',*,*,#4048,.T.);
#2357=ORIENTED_EDGE('',*,*,#3993,.F.);
#2358=ORIENTED_EDGE('',*,*,#3675,.T.);
#2359=ORIENTED_EDGE('',*,*,#4045,.F.);
#2360=ORIENTED_EDGE('',*,*,#4048,.F.);
#2361=ORIENTED_EDGE('',*,*,#3988,.F.);
#2362=ORIENTED_EDGE('',*,*,#3683,.T.);
#2363=ORIENTED_EDGE('',*,*,#4002,.F.);
#2364=ORIENTED_EDGE('',*,*,#4039,.F.);
#2365=ORIENTED_EDGE('',*,*,#4006,.F.);
#2366=ORIENTED_EDGE('',*,*,#4033,.F.);
#2367=ORIENTED_EDGE('',*,*,#4030,.F.);
#2368=ORIENTED_EDGE('',*,*,#3680,.F.);
#2369=ORIENTED_EDGE('',*,*,#4018,.F.);
#2370=ORIENTED_EDGE('',*,*,#3687,.T.);
#2371=ORIENTED_EDGE('',*,*,#3976,.F.);
#2372=ORIENTED_EDGE('',*,*,#4024,.F.);
#2373=ORIENTED_EDGE('',*,*,#4049,.T.);
#2374=ORIENTED_EDGE('',*,*,#4050,.T.);
#2375=ORIENTED_EDGE('',*,*,#3548,.F.);
#2376=ORIENTED_EDGE('',*,*,#4051,.T.);
#2377=ORIENTED_EDGE('',*,*,#4052,.T.);
#2378=ORIENTED_EDGE('',*,*,#4053,.F.);
#2379=ORIENTED_EDGE('',*,*,#4054,.T.);
#2380=ORIENTED_EDGE('',*,*,#4055,.T.);
#2381=ORIENTED_EDGE('',*,*,#4056,.F.);
#2382=ORIENTED_EDGE('',*,*,#4057,.T.);
#2383=ORIENTED_EDGE('',*,*,#4058,.T.);
#2384=ORIENTED_EDGE('',*,*,#4059,.T.);
#2385=ORIENTED_EDGE('',*,*,#4060,.T.);
#2386=ORIENTED_EDGE('',*,*,#4053,.T.);
#2387=ORIENTED_EDGE('',*,*,#4061,.T.);
#2388=ORIENTED_EDGE('',*,*,#4062,.F.);
#2389=ORIENTED_EDGE('',*,*,#3646,.F.);
#2390=ORIENTED_EDGE('',*,*,#4063,.T.);
#2391=ORIENTED_EDGE('',*,*,#4054,.F.);
#2392=ORIENTED_EDGE('',*,*,#4060,.F.);
#2393=ORIENTED_EDGE('',*,*,#4064,.T.);
#2394=ORIENTED_EDGE('',*,*,#4058,.F.);
#2395=ORIENTED_EDGE('',*,*,#4065,.T.);
#2396=ORIENTED_EDGE('',*,*,#3533,.T.);
#2397=ORIENTED_EDGE('',*,*,#4066,.T.);
#2398=ORIENTED_EDGE('',*,*,#3540,.T.);
#2399=ORIENTED_EDGE('',*,*,#4067,.T.);
#2400=ORIENTED_EDGE('',*,*,#4049,.F.);
#2401=ORIENTED_EDGE('',*,*,#4068,.T.);
#2402=ORIENTED_EDGE('',*,*,#3535,.F.);
#2403=ORIENTED_EDGE('',*,*,#4069,.T.);
#2404=ORIENTED_EDGE('',*,*,#4056,.T.);
#2405=ORIENTED_EDGE('',*,*,#4070,.T.);
#2406=ORIENTED_EDGE('',*,*,#4071,.F.);
#2407=ORIENTED_EDGE('',*,*,#4072,.F.);
#2408=ORIENTED_EDGE('',*,*,#3617,.T.);
#2409=ORIENTED_EDGE('',*,*,#4073,.T.);
#2410=ORIENTED_EDGE('',*,*,#4074,.T.);
#2411=ORIENTED_EDGE('',*,*,#3643,.F.);
#2412=ORIENTED_EDGE('',*,*,#4075,.T.);
#2413=ORIENTED_EDGE('',*,*,#4076,.T.);
#2414=ORIENTED_EDGE('',*,*,#3611,.T.);
#2415=ORIENTED_EDGE('',*,*,#3645,.F.);
#2416=ORIENTED_EDGE('',*,*,#3644,.T.);
#2417=ORIENTED_EDGE('',*,*,#4074,.F.);
#2418=ORIENTED_EDGE('',*,*,#4077,.T.);
#2419=ORIENTED_EDGE('',*,*,#4078,.F.);
#2420=ORIENTED_EDGE('',*,*,#4079,.T.);
#2421=ORIENTED_EDGE('',*,*,#4080,.F.);
#2422=ORIENTED_EDGE('',*,*,#4081,.T.);
#2423=ORIENTED_EDGE('',*,*,#4075,.F.);
#2424=ORIENTED_EDGE('',*,*,#4078,.T.);
#2425=ORIENTED_EDGE('',*,*,#4082,.T.);
#2426=ORIENTED_EDGE('',*,*,#3615,.T.);
#2427=ORIENTED_EDGE('',*,*,#4083,.T.);
#2428=ORIENTED_EDGE('',*,*,#4080,.T.);
#2429=ORIENTED_EDGE('',*,*,#4084,.T.);
#2430=ORIENTED_EDGE('',*,*,#3613,.T.);
#2431=ORIENTED_EDGE('',*,*,#4085,.T.);
#2432=ORIENTED_EDGE('',*,*,#4081,.F.);
#2433=ORIENTED_EDGE('',*,*,#4085,.F.);
#2434=ORIENTED_EDGE('',*,*,#3612,.T.);
#2435=ORIENTED_EDGE('',*,*,#4076,.F.);
#2436=ORIENTED_EDGE('',*,*,#4079,.F.);
#2437=ORIENTED_EDGE('',*,*,#4083,.F.);
#2438=ORIENTED_EDGE('',*,*,#3614,.T.);
#2439=ORIENTED_EDGE('',*,*,#4084,.F.);
#2440=ORIENTED_EDGE('',*,*,#4077,.F.);
#2441=ORIENTED_EDGE('',*,*,#4073,.F.);
#2442=ORIENTED_EDGE('',*,*,#3616,.T.);
#2443=ORIENTED_EDGE('',*,*,#4082,.F.);
#2444=ORIENTED_EDGE('',*,*,#3609,.T.);
#2445=ORIENTED_EDGE('',*,*,#4086,.T.);
#2446=ORIENTED_EDGE('',*,*,#4087,.T.);
#2447=ORIENTED_EDGE('',*,*,#3637,.F.);
#2448=ORIENTED_EDGE('',*,*,#4088,.T.);
#2449=ORIENTED_EDGE('',*,*,#4089,.T.);
#2450=ORIENTED_EDGE('',*,*,#3603,.T.);
#2451=ORIENTED_EDGE('',*,*,#3639,.F.);
#2452=ORIENTED_EDGE('',*,*,#3638,.T.);
#2453=ORIENTED_EDGE('',*,*,#4087,.F.);
#2454=ORIENTED_EDGE('',*,*,#4090,.F.);
#2455=ORIENTED_EDGE('',*,*,#4091,.F.);
#2456=ORIENTED_EDGE('',*,*,#4092,.F.);
#2457=ORIENTED_EDGE('',*,*,#4093,.F.);
#2458=ORIENTED_EDGE('',*,*,#4094,.F.);
#2459=ORIENTED_EDGE('',*,*,#4088,.F.);
#2460=ORIENTED_EDGE('',*,*,#4093,.T.);
#2461=ORIENTED_EDGE('',*,*,#4095,.T.);
#2462=ORIENTED_EDGE('',*,*,#3605,.T.);
#2463=ORIENTED_EDGE('',*,*,#4096,.T.);
#2464=ORIENTED_EDGE('',*,*,#4091,.T.);
#2465=ORIENTED_EDGE('',*,*,#4097,.T.);
#2466=ORIENTED_EDGE('',*,*,#3607,.T.);
#2467=ORIENTED_EDGE('',*,*,#4098,.T.);
#2468=ORIENTED_EDGE('',*,*,#3606,.F.);
#2469=ORIENTED_EDGE('',*,*,#4095,.F.);
#2470=ORIENTED_EDGE('',*,*,#4092,.T.);
#2471=ORIENTED_EDGE('',*,*,#4098,.F.);
#2472=ORIENTED_EDGE('',*,*,#3608,.F.);
#2473=ORIENTED_EDGE('',*,*,#4097,.F.);
#2474=ORIENTED_EDGE('',*,*,#4090,.T.);
#2475=ORIENTED_EDGE('',*,*,#4086,.F.);
#2476=ORIENTED_EDGE('',*,*,#3604,.F.);
#2477=ORIENTED_EDGE('',*,*,#4089,.F.);
#2478=ORIENTED_EDGE('',*,*,#4094,.T.);
#2479=ORIENTED_EDGE('',*,*,#4096,.F.);
#2480=ORIENTED_EDGE('',*,*,#4099,.T.);
#2481=ORIENTED_EDGE('',*,*,#4100,.T.);
#2482=ORIENTED_EDGE('',*,*,#3624,.T.);
#2483=ORIENTED_EDGE('',*,*,#4101,.T.);
#2484=ORIENTED_EDGE('',*,*,#4102,.T.);
#2485=ORIENTED_EDGE('',*,*,#4103,.T.);
#2486=ORIENTED_EDGE('',*,*,#3626,.T.);
#2487=ORIENTED_EDGE('',*,*,#4104,.T.);
#2488=ORIENTED_EDGE('',*,*,#3625,.F.);
#2489=ORIENTED_EDGE('',*,*,#4100,.F.);
#2490=ORIENTED_EDGE('',*,*,#4105,.T.);
#2491=ORIENTED_EDGE('',*,*,#4104,.F.);
#2492=ORIENTED_EDGE('',*,*,#3627,.F.);
#2493=ORIENTED_EDGE('',*,*,#4103,.F.);
#2494=ORIENTED_EDGE('',*,*,#4106,.T.);
#2495=ORIENTED_EDGE('',*,*,#4107,.F.);
#2496=ORIENTED_EDGE('',*,*,#3623,.F.);
#2497=ORIENTED_EDGE('',*,*,#4108,.F.);
#2498=ORIENTED_EDGE('',*,*,#4109,.T.);
#2499=ORIENTED_EDGE('',*,*,#4101,.F.);
#2500=ORIENTED_EDGE('',*,*,#3557,.T.);
#2501=ORIENTED_EDGE('',*,*,#4110,.T.);
#2502=ORIENTED_EDGE('',*,*,#4108,.T.);
#2503=ORIENTED_EDGE('',*,*,#3622,.T.);
#2504=ORIENTED_EDGE('',*,*,#3555,.T.);
#2505=ORIENTED_EDGE('',*,*,#3628,.T.);
#2506=ORIENTED_EDGE('',*,*,#4107,.T.);
#2507=ORIENTED_EDGE('',*,*,#4111,.T.);
#2508=ORIENTED_EDGE('',*,*,#4111,.F.);
#2509=ORIENTED_EDGE('',*,*,#4106,.F.);
#2510=ORIENTED_EDGE('',*,*,#4102,.F.);
#2511=ORIENTED_EDGE('',*,*,#4105,.F.);
#2512=ORIENTED_EDGE('',*,*,#4099,.F.);
#2513=ORIENTED_EDGE('',*,*,#4109,.F.);
#2514=ORIENTED_EDGE('',*,*,#4110,.F.);
#2515=ORIENTED_EDGE('',*,*,#3556,.F.);
#2516=ORIENTED_EDGE('',*,*,#3553,.T.);
#2517=ORIENTED_EDGE('',*,*,#4112,.T.);
#2518=ORIENTED_EDGE('',*,*,#4113,.T.);
#2519=ORIENTED_EDGE('',*,*,#3629,.T.);
#2520=ORIENTED_EDGE('',*,*,#3571,.T.);
#2521=ORIENTED_EDGE('',*,*,#3635,.T.);
#2522=ORIENTED_EDGE('',*,*,#4114,.T.);
#2523=ORIENTED_EDGE('',*,*,#4115,.T.);
#2524=ORIENTED_EDGE('',*,*,#4115,.F.);
#2525=ORIENTED_EDGE('',*,*,#4116,.T.);
#2526=ORIENTED_EDGE('',*,*,#4117,.F.);
#2527=ORIENTED_EDGE('',*,*,#4118,.T.);
#2528=ORIENTED_EDGE('',*,*,#4119,.F.);
#2529=ORIENTED_EDGE('',*,*,#4120,.T.);
#2530=ORIENTED_EDGE('',*,*,#4112,.F.);
#2531=ORIENTED_EDGE('',*,*,#3572,.F.);
#2532=ORIENTED_EDGE('',*,*,#4116,.F.);
#2533=ORIENTED_EDGE('',*,*,#4114,.F.);
#2534=ORIENTED_EDGE('',*,*,#3634,.T.);
#2535=ORIENTED_EDGE('',*,*,#4121,.F.);
#2536=ORIENTED_EDGE('',*,*,#4118,.F.);
#2537=ORIENTED_EDGE('',*,*,#4122,.F.);
#2538=ORIENTED_EDGE('',*,*,#3632,.T.);
#2539=ORIENTED_EDGE('',*,*,#4123,.F.);
#2540=ORIENTED_EDGE('',*,*,#4120,.F.);
#2541=ORIENTED_EDGE('',*,*,#4124,.F.);
#2542=ORIENTED_EDGE('',*,*,#3630,.T.);
#2543=ORIENTED_EDGE('',*,*,#4113,.F.);
#2544=ORIENTED_EDGE('',*,*,#4119,.T.);
#2545=ORIENTED_EDGE('',*,*,#4123,.T.);
#2546=ORIENTED_EDGE('',*,*,#3631,.T.);
#2547=ORIENTED_EDGE('',*,*,#4124,.T.);
#2548=ORIENTED_EDGE('',*,*,#4117,.T.);
#2549=ORIENTED_EDGE('',*,*,#4121,.T.);
#2550=ORIENTED_EDGE('',*,*,#3633,.T.);
#2551=ORIENTED_EDGE('',*,*,#4122,.T.);
#2552=ORIENTED_EDGE('',*,*,#3552,.T.);
#2553=ORIENTED_EDGE('',*,*,#4125,.T.);
#2554=ORIENTED_EDGE('',*,*,#4126,.T.);
#2555=ORIENTED_EDGE('',*,*,#4127,.T.);
#2556=ORIENTED_EDGE('',*,*,#4051,.F.);
#2557=ORIENTED_EDGE('',*,*,#4127,.F.);
#2558=ORIENTED_EDGE('',*,*,#4128,.T.);
#2559=ORIENTED_EDGE('',*,*,#4129,.T.);
#2560=ORIENTED_EDGE('',*,*,#4061,.F.);
#2561=ORIENTED_EDGE('',*,*,#4052,.F.);
#2562=ORIENTED_EDGE('',*,*,#4130,.F.);
#2563=ORIENTED_EDGE('',*,*,#4131,.F.);
#2564=ORIENTED_EDGE('',*,*,#4070,.F.);
#2565=ORIENTED_EDGE('',*,*,#4062,.T.);
#2566=ORIENTED_EDGE('',*,*,#4129,.F.);
#2567=ORIENTED_EDGE('',*,*,#4130,.T.);
#2568=ORIENTED_EDGE('',*,*,#4128,.F.);
#2569=ORIENTED_EDGE('',*,*,#4126,.F.);
#2570=ORIENTED_EDGE('',*,*,#4132,.T.);
#2571=ORIENTED_EDGE('',*,*,#4131,.T.);
#2572=ORIENTED_EDGE('',*,*,#4132,.F.);
#2573=ORIENTED_EDGE('',*,*,#4125,.F.);
#2574=ORIENTED_EDGE('',*,*,#3551,.T.);
#2575=ORIENTED_EDGE('',*,*,#4133,.F.);
#2576=ORIENTED_EDGE('',*,*,#4071,.T.);
#2577=ORIENTED_EDGE('',*,*,#4037,.F.);
#2578=ORIENTED_EDGE('',*,*,#4000,.F.);
#2579=ORIENTED_EDGE('',*,*,#3673,.F.);
#2580=ORIENTED_EDGE('',*,*,#4035,.F.);
#2581=ORIENTED_EDGE('',*,*,#4022,.F.);
#2582=ORIENTED_EDGE('',*,*,#3974,.F.);
#2583=ORIENTED_EDGE('',*,*,#3667,.F.);
#2584=ORIENTED_EDGE('',*,*,#4020,.F.);
#2585=ORIENTED_EDGE('',*,*,#4031,.F.);
#2586=ORIENTED_EDGE('',*,*,#4004,.F.);
#2587=ORIENTED_EDGE('',*,*,#3661,.F.);
#2588=ORIENTED_EDGE('',*,*,#4026,.F.);
#2589=ORIENTED_EDGE('',*,*,#4032,.F.);
#2590=ORIENTED_EDGE('',*,*,#4027,.F.);
#2591=ORIENTED_EDGE('',*,*,#3659,.F.);
#2592=ORIENTED_EDGE('',*,*,#4029,.F.);
#2593=ORIENTED_EDGE('',*,*,#4023,.F.);
#2594=ORIENTED_EDGE('',*,*,#4021,.F.);
#2595=ORIENTED_EDGE('',*,*,#3665,.F.);
#2596=ORIENTED_EDGE('',*,*,#4016,.F.);
#2597=ORIENTED_EDGE('',*,*,#4038,.F.);
#2598=ORIENTED_EDGE('',*,*,#4036,.F.);
#2599=ORIENTED_EDGE('',*,*,#3671,.F.);
#2600=ORIENTED_EDGE('',*,*,#3986,.F.);
#2601=ORIENTED_EDGE('',*,*,#4046,.F.);
#2602=ORIENTED_EDGE('',*,*,#4043,.F.);
#2603=ORIENTED_EDGE('',*,*,#3656,.F.);
#2604=ORIENTED_EDGE('',*,*,#4041,.F.);
#2605=ORIENTED_EDGE('',*,*,#4047,.F.);
#2606=ORIENTED_EDGE('',*,*,#4042,.F.);
#2607=ORIENTED_EDGE('',*,*,#3654,.F.);
#2608=ORIENTED_EDGE('',*,*,#3990,.F.);
#2609=ORIENTED_EDGE('',*,*,#3550,.T.);
#2610=ORIENTED_EDGE('',*,*,#3545,.T.);
#2611=ORIENTED_EDGE('',*,*,#3536,.T.);
#2612=ORIENTED_EDGE('',*,*,#4072,.T.);
#2613=ORIENTED_EDGE('',*,*,#4133,.T.);
#2614=ORIENTED_EDGE('',*,*,#4057,.F.);
#2615=ORIENTED_EDGE('',*,*,#4069,.F.);
#2616=ORIENTED_EDGE('',*,*,#3534,.F.);
#2617=ORIENTED_EDGE('',*,*,#4065,.F.);
#2618=ORIENTED_EDGE('',*,*,#3574,.F.);
#2619=ORIENTED_EDGE('',*,*,#3647,.F.);
#2620=ORIENTED_EDGE('',*,*,#4064,.F.);
#2621=ORIENTED_EDGE('',*,*,#4059,.F.);
#2622=ORIENTED_EDGE('',*,*,#4066,.F.);
#2623=ORIENTED_EDGE('',*,*,#3532,.F.);
#2624=ORIENTED_EDGE('',*,*,#3547,.F.);
#2625=ORIENTED_EDGE('',*,*,#3549,.F.);
#2626=ORIENTED_EDGE('',*,*,#4050,.F.);
#2627=ORIENTED_EDGE('',*,*,#4067,.F.);
#2628=ORIENTED_EDGE('',*,*,#4063,.F.);
#2629=ORIENTED_EDGE('',*,*,#3651,.F.);
#2630=ORIENTED_EDGE('',*,*,#3599,.F.);
#2631=ORIENTED_EDGE('',*,*,#3541,.F.);
#2632=ORIENTED_EDGE('',*,*,#4068,.F.);
#2633=ORIENTED_EDGE('',*,*,#4055,.F.);
#2634=ORIENTED_EDGE('',*,*,#4134,.F.);
#2635=ORIENTED_EDGE('',*,*,#4135,.T.);
#2636=ORIENTED_EDGE('',*,*,#4136,.F.);
#2637=ORIENTED_EDGE('',*,*,#3834,.F.);
#2638=ORIENTED_EDGE('',*,*,#4137,.F.);
#2639=ORIENTED_EDGE('',*,*,#4138,.T.);
#2640=ORIENTED_EDGE('',*,*,#4139,.F.);
#2641=ORIENTED_EDGE('',*,*,#3832,.F.);
#2642=ORIENTED_EDGE('',*,*,#4140,.T.);
#2643=ORIENTED_EDGE('',*,*,#4141,.T.);
#2644=ORIENTED_EDGE('',*,*,#4137,.T.);
#2645=ORIENTED_EDGE('',*,*,#3831,.F.);
#2646=ORIENTED_EDGE('',*,*,#4139,.T.);
#2647=ORIENTED_EDGE('',*,*,#4142,.T.);
#2648=ORIENTED_EDGE('',*,*,#4134,.T.);
#2649=ORIENTED_EDGE('',*,*,#3833,.F.);
#2650=ORIENTED_EDGE('',*,*,#4136,.T.);
#2651=ORIENTED_EDGE('',*,*,#4143,.T.);
#2652=ORIENTED_EDGE('',*,*,#4144,.T.);
#2653=ORIENTED_EDGE('',*,*,#3835,.F.);
#2654=ORIENTED_EDGE('',*,*,#4145,.F.);
#2655=ORIENTED_EDGE('',*,*,#4146,.T.);
#2656=ORIENTED_EDGE('',*,*,#4147,.F.);
#2657=ORIENTED_EDGE('',*,*,#3817,.F.);
#2658=ORIENTED_EDGE('',*,*,#4144,.F.);
#2659=ORIENTED_EDGE('',*,*,#4148,.T.);
#2660=ORIENTED_EDGE('',*,*,#4149,.F.);
#2661=ORIENTED_EDGE('',*,*,#3815,.F.);
#2662=ORIENTED_EDGE('',*,*,#3836,.F.);
#2663=ORIENTED_EDGE('',*,*,#3797,.F.);
#2664=ORIENTED_EDGE('',*,*,#4150,.F.);
#2665=ORIENTED_EDGE('',*,*,#4151,.T.);
#2666=ORIENTED_EDGE('',*,*,#4140,.F.);
#2667=ORIENTED_EDGE('',*,*,#3830,.F.);
#2668=ORIENTED_EDGE('',*,*,#4147,.T.);
#2669=ORIENTED_EDGE('',*,*,#4152,.T.);
#2670=ORIENTED_EDGE('',*,*,#4150,.T.);
#2671=ORIENTED_EDGE('',*,*,#3796,.F.);
#2672=ORIENTED_EDGE('',*,*,#4149,.T.);
#2673=ORIENTED_EDGE('',*,*,#4153,.T.);
#2674=ORIENTED_EDGE('',*,*,#4145,.T.);
#2675=ORIENTED_EDGE('',*,*,#3816,.F.);
#2676=ORIENTED_EDGE('',*,*,#4009,.T.);
#2677=ORIENTED_EDGE('',*,*,#4154,.T.);
#2678=ORIENTED_EDGE('',*,*,#4155,.T.);
#2679=ORIENTED_EDGE('',*,*,#4156,.F.);
#2680=ORIENTED_EDGE('',*,*,#4157,.T.);
#2681=ORIENTED_EDGE('',*,*,#4158,.F.);
#2682=ORIENTED_EDGE('',*,*,#4154,.F.);
#2683=ORIENTED_EDGE('',*,*,#4012,.F.);
#2684=ORIENTED_EDGE('',*,*,#4159,.T.);
#2685=ORIENTED_EDGE('',*,*,#4160,.F.);
#2686=ORIENTED_EDGE('',*,*,#4157,.F.);
#2687=ORIENTED_EDGE('',*,*,#4011,.F.);
#2688=ORIENTED_EDGE('',*,*,#4010,.T.);
#2689=ORIENTED_EDGE('',*,*,#4156,.T.);
#2690=ORIENTED_EDGE('',*,*,#4161,.T.);
#2691=ORIENTED_EDGE('',*,*,#4159,.F.);
#2692=ORIENTED_EDGE('',*,*,#4135,.F.);
#2693=ORIENTED_EDGE('',*,*,#4142,.F.);
#2694=ORIENTED_EDGE('',*,*,#4138,.F.);
#2695=ORIENTED_EDGE('',*,*,#4141,.F.);
#2696=ORIENTED_EDGE('',*,*,#4151,.F.);
#2697=ORIENTED_EDGE('',*,*,#4152,.F.);
#2698=ORIENTED_EDGE('',*,*,#4146,.F.);
#2699=ORIENTED_EDGE('',*,*,#4153,.F.);
#2700=ORIENTED_EDGE('',*,*,#4148,.F.);
#2701=ORIENTED_EDGE('',*,*,#4143,.F.);
#2702=ORIENTED_EDGE('',*,*,#4155,.F.);
#2703=ORIENTED_EDGE('',*,*,#4158,.T.);
#2704=ORIENTED_EDGE('',*,*,#4160,.T.);
#2705=ORIENTED_EDGE('',*,*,#4161,.F.);
#2706=ORIENTED_EDGE('',*,*,#4162,.F.);
#2707=ORIENTED_EDGE('',*,*,#4163,.T.);
#2708=ORIENTED_EDGE('',*,*,#4164,.F.);
#2709=ORIENTED_EDGE('',*,*,#3851,.F.);
#2710=ORIENTED_EDGE('',*,*,#4165,.F.);
#2711=ORIENTED_EDGE('',*,*,#4166,.T.);
#2712=ORIENTED_EDGE('',*,*,#4167,.F.);
#2713=ORIENTED_EDGE('',*,*,#3849,.F.);
#2714=ORIENTED_EDGE('',*,*,#4168,.T.);
#2715=ORIENTED_EDGE('',*,*,#4169,.T.);
#2716=ORIENTED_EDGE('',*,*,#4165,.T.);
#2717=ORIENTED_EDGE('',*,*,#3848,.F.);
#2718=ORIENTED_EDGE('',*,*,#4167,.T.);
#2719=ORIENTED_EDGE('',*,*,#4170,.T.);
#2720=ORIENTED_EDGE('',*,*,#4162,.T.);
#2721=ORIENTED_EDGE('',*,*,#3850,.F.);
#2722=ORIENTED_EDGE('',*,*,#4164,.T.);
#2723=ORIENTED_EDGE('',*,*,#4171,.T.);
#2724=ORIENTED_EDGE('',*,*,#4172,.T.);
#2725=ORIENTED_EDGE('',*,*,#3852,.F.);
#2726=ORIENTED_EDGE('',*,*,#4173,.F.);
#2727=ORIENTED_EDGE('',*,*,#4174,.T.);
#2728=ORIENTED_EDGE('',*,*,#4175,.F.);
#2729=ORIENTED_EDGE('',*,*,#3807,.F.);
#2730=ORIENTED_EDGE('',*,*,#4172,.F.);
#2731=ORIENTED_EDGE('',*,*,#4176,.T.);
#2732=ORIENTED_EDGE('',*,*,#4177,.F.);
#2733=ORIENTED_EDGE('',*,*,#3805,.F.);
#2734=ORIENTED_EDGE('',*,*,#3853,.F.);
#2735=ORIENTED_EDGE('',*,*,#3809,.F.);
#2736=ORIENTED_EDGE('',*,*,#4178,.F.);
#2737=ORIENTED_EDGE('',*,*,#4179,.T.);
#2738=ORIENTED_EDGE('',*,*,#4168,.F.);
#2739=ORIENTED_EDGE('',*,*,#3847,.F.);
#2740=ORIENTED_EDGE('',*,*,#4175,.T.);
#2741=ORIENTED_EDGE('',*,*,#4180,.T.);
#2742=ORIENTED_EDGE('',*,*,#4178,.T.);
#2743=ORIENTED_EDGE('',*,*,#3808,.F.);
#2744=ORIENTED_EDGE('',*,*,#4177,.T.);
#2745=ORIENTED_EDGE('',*,*,#4181,.T.);
#2746=ORIENTED_EDGE('',*,*,#4173,.T.);
#2747=ORIENTED_EDGE('',*,*,#3806,.F.);
#2748=ORIENTED_EDGE('',*,*,#3994,.T.);
#2749=ORIENTED_EDGE('',*,*,#4182,.T.);
#2750=ORIENTED_EDGE('',*,*,#4183,.T.);
#2751=ORIENTED_EDGE('',*,*,#4184,.F.);
#2752=ORIENTED_EDGE('',*,*,#4185,.T.);
#2753=ORIENTED_EDGE('',*,*,#4186,.F.);
#2754=ORIENTED_EDGE('',*,*,#4182,.F.);
#2755=ORIENTED_EDGE('',*,*,#3997,.F.);
#2756=ORIENTED_EDGE('',*,*,#4187,.T.);
#2757=ORIENTED_EDGE('',*,*,#4188,.F.);
#2758=ORIENTED_EDGE('',*,*,#4185,.F.);
#2759=ORIENTED_EDGE('',*,*,#3996,.F.);
#2760=ORIENTED_EDGE('',*,*,#3995,.T.);
#2761=ORIENTED_EDGE('',*,*,#4184,.T.);
#2762=ORIENTED_EDGE('',*,*,#4189,.T.);
#2763=ORIENTED_EDGE('',*,*,#4187,.F.);
#2764=ORIENTED_EDGE('',*,*,#4163,.F.);
#2765=ORIENTED_EDGE('',*,*,#4170,.F.);
#2766=ORIENTED_EDGE('',*,*,#4166,.F.);
#2767=ORIENTED_EDGE('',*,*,#4169,.F.);
#2768=ORIENTED_EDGE('',*,*,#4179,.F.);
#2769=ORIENTED_EDGE('',*,*,#4180,.F.);
#2770=ORIENTED_EDGE('',*,*,#4174,.F.);
#2771=ORIENTED_EDGE('',*,*,#4181,.F.);
#2772=ORIENTED_EDGE('',*,*,#4176,.F.);
#2773=ORIENTED_EDGE('',*,*,#4171,.F.);
#2774=ORIENTED_EDGE('',*,*,#4183,.F.);
#2775=ORIENTED_EDGE('',*,*,#4186,.T.);
#2776=ORIENTED_EDGE('',*,*,#4188,.T.);
#2777=ORIENTED_EDGE('',*,*,#4189,.F.);
#2778=ORIENTED_EDGE('',*,*,#4190,.F.);
#2779=ORIENTED_EDGE('',*,*,#4191,.T.);
#2780=ORIENTED_EDGE('',*,*,#4192,.F.);
#2781=ORIENTED_EDGE('',*,*,#3844,.F.);
#2782=ORIENTED_EDGE('',*,*,#4193,.T.);
#2783=ORIENTED_EDGE('',*,*,#4194,.T.);
#2784=ORIENTED_EDGE('',*,*,#4190,.T.);
#2785=ORIENTED_EDGE('',*,*,#3843,.F.);
#2786=ORIENTED_EDGE('',*,*,#4195,.F.);
#2787=ORIENTED_EDGE('',*,*,#4196,.T.);
#2788=ORIENTED_EDGE('',*,*,#4197,.F.);
#2789=ORIENTED_EDGE('',*,*,#3839,.F.);
#2790=ORIENTED_EDGE('',*,*,#4192,.T.);
#2791=ORIENTED_EDGE('',*,*,#4198,.T.);
#2792=ORIENTED_EDGE('',*,*,#4195,.T.);
#2793=ORIENTED_EDGE('',*,*,#3838,.F.);
#2794=ORIENTED_EDGE('',*,*,#3845,.F.);
#2795=ORIENTED_EDGE('',*,*,#4197,.T.);
#2796=ORIENTED_EDGE('',*,*,#4199,.T.);
#2797=ORIENTED_EDGE('',*,*,#4200,.T.);
#2798=ORIENTED_EDGE('',*,*,#3840,.F.);
#2799=ORIENTED_EDGE('',*,*,#4201,.F.);
#2800=ORIENTED_EDGE('',*,*,#4202,.T.);
#2801=ORIENTED_EDGE('',*,*,#4203,.F.);
#2802=ORIENTED_EDGE('',*,*,#3801,.F.);
#2803=ORIENTED_EDGE('',*,*,#4200,.F.);
#2804=ORIENTED_EDGE('',*,*,#4204,.T.);
#2805=ORIENTED_EDGE('',*,*,#4205,.F.);
#2806=ORIENTED_EDGE('',*,*,#3799,.F.);
#2807=ORIENTED_EDGE('',*,*,#3841,.F.);
#2808=ORIENTED_EDGE('',*,*,#3803,.F.);
#2809=ORIENTED_EDGE('',*,*,#4206,.F.);
#2810=ORIENTED_EDGE('',*,*,#4207,.T.);
#2811=ORIENTED_EDGE('',*,*,#4193,.F.);
#2812=ORIENTED_EDGE('',*,*,#3842,.F.);
#2813=ORIENTED_EDGE('',*,*,#4203,.T.);
#2814=ORIENTED_EDGE('',*,*,#4208,.T.);
#2815=ORIENTED_EDGE('',*,*,#4206,.T.);
#2816=ORIENTED_EDGE('',*,*,#3802,.F.);
#2817=ORIENTED_EDGE('',*,*,#4205,.T.);
#2818=ORIENTED_EDGE('',*,*,#4209,.T.);
#2819=ORIENTED_EDGE('',*,*,#4201,.T.);
#2820=ORIENTED_EDGE('',*,*,#3800,.F.);
#2821=ORIENTED_EDGE('',*,*,#3979,.T.);
#2822=ORIENTED_EDGE('',*,*,#4210,.T.);
#2823=ORIENTED_EDGE('',*,*,#4211,.T.);
#2824=ORIENTED_EDGE('',*,*,#4212,.F.);
#2825=ORIENTED_EDGE('',*,*,#4213,.T.);
#2826=ORIENTED_EDGE('',*,*,#4214,.F.);
#2827=ORIENTED_EDGE('',*,*,#4210,.F.);
#2828=ORIENTED_EDGE('',*,*,#3982,.F.);
#2829=ORIENTED_EDGE('',*,*,#4215,.T.);
#2830=ORIENTED_EDGE('',*,*,#4216,.F.);
#2831=ORIENTED_EDGE('',*,*,#4213,.F.);
#2832=ORIENTED_EDGE('',*,*,#3981,.F.);
#2833=ORIENTED_EDGE('',*,*,#3980,.T.);
#2834=ORIENTED_EDGE('',*,*,#4212,.T.);
#2835=ORIENTED_EDGE('',*,*,#4217,.T.);
#2836=ORIENTED_EDGE('',*,*,#4215,.F.);
#2837=ORIENTED_EDGE('',*,*,#4196,.F.);
#2838=ORIENTED_EDGE('',*,*,#4198,.F.);
#2839=ORIENTED_EDGE('',*,*,#4191,.F.);
#2840=ORIENTED_EDGE('',*,*,#4194,.F.);
#2841=ORIENTED_EDGE('',*,*,#4207,.F.);
#2842=ORIENTED_EDGE('',*,*,#4208,.F.);
#2843=ORIENTED_EDGE('',*,*,#4202,.F.);
#2844=ORIENTED_EDGE('',*,*,#4209,.F.);
#2845=ORIENTED_EDGE('',*,*,#4204,.F.);
#2846=ORIENTED_EDGE('',*,*,#4199,.F.);
#2847=ORIENTED_EDGE('',*,*,#4211,.F.);
#2848=ORIENTED_EDGE('',*,*,#4214,.T.);
#2849=ORIENTED_EDGE('',*,*,#4216,.T.);
#2850=ORIENTED_EDGE('',*,*,#4217,.F.);
#2851=ORIENTED_EDGE('',*,*,#4218,.F.);
#2852=ORIENTED_EDGE('',*,*,#4219,.F.);
#2853=ORIENTED_EDGE('',*,*,#4220,.T.);
#2854=ORIENTED_EDGE('',*,*,#4221,.T.);
#2855=ORIENTED_EDGE('',*,*,#4222,.T.);
#2856=ORIENTED_EDGE('',*,*,#4223,.F.);
#2857=ORIENTED_EDGE('',*,*,#4224,.F.);
#2858=ORIENTED_EDGE('',*,*,#4219,.T.);
#2859=ORIENTED_EDGE('',*,*,#4225,.T.);
#2860=ORIENTED_EDGE('',*,*,#4226,.F.);
#2861=ORIENTED_EDGE('',*,*,#4227,.F.);
#2862=ORIENTED_EDGE('',*,*,#4223,.T.);
#2863=ORIENTED_EDGE('',*,*,#4228,.F.);
#2864=ORIENTED_EDGE('',*,*,#4221,.F.);
#2865=ORIENTED_EDGE('',*,*,#4229,.T.);
#2866=ORIENTED_EDGE('',*,*,#4226,.T.);
#2867=ORIENTED_EDGE('',*,*,#4220,.F.);
#2868=ORIENTED_EDGE('',*,*,#4224,.T.);
#2869=ORIENTED_EDGE('',*,*,#4227,.T.);
#2870=ORIENTED_EDGE('',*,*,#4229,.F.);
#2871=ORIENTED_EDGE('',*,*,#4230,.T.);
#2872=ORIENTED_EDGE('',*,*,#4231,.T.);
#2873=ORIENTED_EDGE('',*,*,#4232,.T.);
#2874=ORIENTED_EDGE('',*,*,#4233,.T.);
#2875=ORIENTED_EDGE('',*,*,#4234,.T.);
#2876=ORIENTED_EDGE('',*,*,#4235,.T.);
#2877=ORIENTED_EDGE('',*,*,#4236,.T.);
#2878=ORIENTED_EDGE('',*,*,#4237,.T.);
#2879=ORIENTED_EDGE('',*,*,#4238,.T.);
#2880=ORIENTED_EDGE('',*,*,#4239,.T.);
#2881=ORIENTED_EDGE('',*,*,#4218,.T.);
#2882=ORIENTED_EDGE('',*,*,#4228,.T.);
#2883=ORIENTED_EDGE('',*,*,#4225,.F.);
#2884=ORIENTED_EDGE('',*,*,#4222,.F.);
#2885=ORIENTED_EDGE('',*,*,#4240,.T.);
#2886=ORIENTED_EDGE('',*,*,#4241,.T.);
#2887=ORIENTED_EDGE('',*,*,#4242,.T.);
#2888=ORIENTED_EDGE('',*,*,#4234,.F.);
#2889=ORIENTED_EDGE('',*,*,#4243,.T.);
#2890=ORIENTED_EDGE('',*,*,#4244,.T.);
#2891=ORIENTED_EDGE('',*,*,#4245,.T.);
#2892=ORIENTED_EDGE('',*,*,#4232,.F.);
#2893=ORIENTED_EDGE('',*,*,#4246,.T.);
#2894=ORIENTED_EDGE('',*,*,#4247,.T.);
#2895=ORIENTED_EDGE('',*,*,#4248,.T.);
#2896=ORIENTED_EDGE('',*,*,#4249,.T.);
#2897=ORIENTED_EDGE('',*,*,#4230,.F.);
#2898=ORIENTED_EDGE('',*,*,#4250,.T.);
#2899=ORIENTED_EDGE('',*,*,#4251,.T.);
#2900=ORIENTED_EDGE('',*,*,#4252,.T.);
#2901=ORIENTED_EDGE('',*,*,#4238,.F.);
#2902=ORIENTED_EDGE('',*,*,#4253,.T.);
#2903=ORIENTED_EDGE('',*,*,#4254,.T.);
#2904=ORIENTED_EDGE('',*,*,#4255,.T.);
#2905=ORIENTED_EDGE('',*,*,#4256,.T.);
#2906=ORIENTED_EDGE('',*,*,#4236,.F.);
#2907=ORIENTED_EDGE('',*,*,#4242,.F.);
#2908=ORIENTED_EDGE('',*,*,#4257,.T.);
#2909=ORIENTED_EDGE('',*,*,#4253,.F.);
#2910=ORIENTED_EDGE('',*,*,#4235,.F.);
#2911=ORIENTED_EDGE('',*,*,#4256,.F.);
#2912=ORIENTED_EDGE('',*,*,#4258,.T.);
#2913=ORIENTED_EDGE('',*,*,#4250,.F.);
#2914=ORIENTED_EDGE('',*,*,#4237,.F.);
#2915=ORIENTED_EDGE('',*,*,#4252,.F.);
#2916=ORIENTED_EDGE('',*,*,#4259,.T.);
#2917=ORIENTED_EDGE('',*,*,#4247,.F.);
#2918=ORIENTED_EDGE('',*,*,#4239,.F.);
#2919=ORIENTED_EDGE('',*,*,#4249,.F.);
#2920=ORIENTED_EDGE('',*,*,#4260,.T.);
#2921=ORIENTED_EDGE('',*,*,#4246,.F.);
#2922=ORIENTED_EDGE('',*,*,#4231,.F.);
#2923=ORIENTED_EDGE('',*,*,#4245,.F.);
#2924=ORIENTED_EDGE('',*,*,#4261,.T.);
#2925=ORIENTED_EDGE('',*,*,#4240,.F.);
#2926=ORIENTED_EDGE('',*,*,#4233,.F.);
#2927=ORIENTED_EDGE('',*,*,#4262,.T.);
#2928=ORIENTED_EDGE('',*,*,#4263,.T.);
#2929=ORIENTED_EDGE('',*,*,#4264,.F.);
#2930=ORIENTED_EDGE('',*,*,#4265,.T.);
#2931=ORIENTED_EDGE('',*,*,#4266,.T.);
#2932=ORIENTED_EDGE('',*,*,#4267,.T.);
#2933=ORIENTED_EDGE('',*,*,#4268,.T.);
#2934=ORIENTED_EDGE('',*,*,#4269,.T.);
#2935=ORIENTED_EDGE('',*,*,#4270,.T.);
#2936=ORIENTED_EDGE('',*,*,#4271,.T.);
#2937=ORIENTED_EDGE('',*,*,#4264,.T.);
#2938=ORIENTED_EDGE('',*,*,#4272,.T.);
#2939=ORIENTED_EDGE('',*,*,#4273,.T.);
#2940=ORIENTED_EDGE('',*,*,#4274,.T.);
#2941=ORIENTED_EDGE('',*,*,#4275,.F.);
#2942=ORIENTED_EDGE('',*,*,#4258,.F.);
#2943=ORIENTED_EDGE('',*,*,#4276,.F.);
#2944=ORIENTED_EDGE('',*,*,#4262,.F.);
#2945=ORIENTED_EDGE('',*,*,#4276,.T.);
#2946=ORIENTED_EDGE('',*,*,#4255,.F.);
#2947=ORIENTED_EDGE('',*,*,#4277,.F.);
#2948=ORIENTED_EDGE('',*,*,#4263,.F.);
#2949=ORIENTED_EDGE('',*,*,#4275,.T.);
#2950=ORIENTED_EDGE('',*,*,#4269,.F.);
#2951=ORIENTED_EDGE('',*,*,#4278,.F.);
#2952=ORIENTED_EDGE('',*,*,#4251,.F.);
#2953=ORIENTED_EDGE('',*,*,#4277,.T.);
#2954=ORIENTED_EDGE('',*,*,#4254,.F.);
#2955=ORIENTED_EDGE('',*,*,#4279,.F.);
#2956=ORIENTED_EDGE('',*,*,#4272,.F.);
#2957=ORIENTED_EDGE('',*,*,#4278,.T.);
#2958=ORIENTED_EDGE('',*,*,#4268,.F.);
#2959=ORIENTED_EDGE('',*,*,#4280,.F.);
#2960=ORIENTED_EDGE('',*,*,#4259,.F.);
#2961=ORIENTED_EDGE('',*,*,#4279,.T.);
#2962=ORIENTED_EDGE('',*,*,#4257,.F.);
#2963=ORIENTED_EDGE('',*,*,#4281,.F.);
#2964=ORIENTED_EDGE('',*,*,#4273,.F.);
#2965=ORIENTED_EDGE('',*,*,#4280,.T.);
#2966=ORIENTED_EDGE('',*,*,#4267,.F.);
#2967=ORIENTED_EDGE('',*,*,#4282,.F.);
#2968=ORIENTED_EDGE('',*,*,#4248,.F.);
#2969=ORIENTED_EDGE('',*,*,#4281,.T.);
#2970=ORIENTED_EDGE('',*,*,#4241,.F.);
#2971=ORIENTED_EDGE('',*,*,#4283,.F.);
#2972=ORIENTED_EDGE('',*,*,#4274,.F.);
#2973=ORIENTED_EDGE('',*,*,#4282,.T.);
#2974=ORIENTED_EDGE('',*,*,#4266,.F.);
#2975=ORIENTED_EDGE('',*,*,#4284,.F.);
#2976=ORIENTED_EDGE('',*,*,#4260,.F.);
#2977=ORIENTED_EDGE('',*,*,#4283,.T.);
#2978=ORIENTED_EDGE('',*,*,#4261,.F.);
#2979=ORIENTED_EDGE('',*,*,#4285,.F.);
#2980=ORIENTED_EDGE('',*,*,#4270,.F.);
#2981=ORIENTED_EDGE('',*,*,#4284,.T.);
#2982=ORIENTED_EDGE('',*,*,#4265,.F.);
#2983=ORIENTED_EDGE('',*,*,#4286,.F.);
#2984=ORIENTED_EDGE('',*,*,#4243,.F.);
#2985=ORIENTED_EDGE('',*,*,#4285,.T.);
#2986=ORIENTED_EDGE('',*,*,#4244,.F.);
#2987=ORIENTED_EDGE('',*,*,#4286,.T.);
#2988=ORIENTED_EDGE('',*,*,#4271,.F.);
#2989=ORIENTED_EDGE('',*,*,#4287,.F.);
#2990=ORIENTED_EDGE('',*,*,#4288,.F.);
#2991=ORIENTED_EDGE('',*,*,#4289,.T.);
#2992=ORIENTED_EDGE('',*,*,#4290,.T.);
#2993=ORIENTED_EDGE('',*,*,#4291,.T.);
#2994=ORIENTED_EDGE('',*,*,#4292,.F.);
#2995=ORIENTED_EDGE('',*,*,#4293,.F.);
#2996=ORIENTED_EDGE('',*,*,#4288,.T.);
#2997=ORIENTED_EDGE('',*,*,#4294,.T.);
#2998=ORIENTED_EDGE('',*,*,#4295,.F.);
#2999=ORIENTED_EDGE('',*,*,#4296,.F.);
#3000=ORIENTED_EDGE('',*,*,#4292,.T.);
#3001=ORIENTED_EDGE('',*,*,#4297,.F.);
#3002=ORIENTED_EDGE('',*,*,#4290,.F.);
#3003=ORIENTED_EDGE('',*,*,#4298,.T.);
#3004=ORIENTED_EDGE('',*,*,#4295,.T.);
#3005=ORIENTED_EDGE('',*,*,#4289,.F.);
#3006=ORIENTED_EDGE('',*,*,#4293,.T.);
#3007=ORIENTED_EDGE('',*,*,#4296,.T.);
#3008=ORIENTED_EDGE('',*,*,#4298,.F.);
#3009=ORIENTED_EDGE('',*,*,#4299,.T.);
#3010=ORIENTED_EDGE('',*,*,#4300,.T.);
#3011=ORIENTED_EDGE('',*,*,#4301,.T.);
#3012=ORIENTED_EDGE('',*,*,#4302,.T.);
#3013=ORIENTED_EDGE('',*,*,#4303,.T.);
#3014=ORIENTED_EDGE('',*,*,#4304,.T.);
#3015=ORIENTED_EDGE('',*,*,#4305,.T.);
#3016=ORIENTED_EDGE('',*,*,#4306,.T.);
#3017=ORIENTED_EDGE('',*,*,#4307,.T.);
#3018=ORIENTED_EDGE('',*,*,#4308,.T.);
#3019=ORIENTED_EDGE('',*,*,#4287,.T.);
#3020=ORIENTED_EDGE('',*,*,#4297,.T.);
#3021=ORIENTED_EDGE('',*,*,#4294,.F.);
#3022=ORIENTED_EDGE('',*,*,#4291,.F.);
#3023=ORIENTED_EDGE('',*,*,#4309,.T.);
#3024=ORIENTED_EDGE('',*,*,#4310,.T.);
#3025=ORIENTED_EDGE('',*,*,#4311,.T.);
#3026=ORIENTED_EDGE('',*,*,#4303,.F.);
#3027=ORIENTED_EDGE('',*,*,#4312,.T.);
#3028=ORIENTED_EDGE('',*,*,#4313,.T.);
#3029=ORIENTED_EDGE('',*,*,#4314,.T.);
#3030=ORIENTED_EDGE('',*,*,#4301,.F.);
#3031=ORIENTED_EDGE('',*,*,#4315,.T.);
#3032=ORIENTED_EDGE('',*,*,#4316,.T.);
#3033=ORIENTED_EDGE('',*,*,#4317,.T.);
#3034=ORIENTED_EDGE('',*,*,#4318,.T.);
#3035=ORIENTED_EDGE('',*,*,#4299,.F.);
#3036=ORIENTED_EDGE('',*,*,#4319,.T.);
#3037=ORIENTED_EDGE('',*,*,#4320,.T.);
#3038=ORIENTED_EDGE('',*,*,#4321,.T.);
#3039=ORIENTED_EDGE('',*,*,#4307,.F.);
#3040=ORIENTED_EDGE('',*,*,#4322,.T.);
#3041=ORIENTED_EDGE('',*,*,#4323,.T.);
#3042=ORIENTED_EDGE('',*,*,#4324,.T.);
#3043=ORIENTED_EDGE('',*,*,#4325,.T.);
#3044=ORIENTED_EDGE('',*,*,#4305,.F.);
#3045=ORIENTED_EDGE('',*,*,#4311,.F.);
#3046=ORIENTED_EDGE('',*,*,#4326,.T.);
#3047=ORIENTED_EDGE('',*,*,#4322,.F.);
#3048=ORIENTED_EDGE('',*,*,#4304,.F.);
#3049=ORIENTED_EDGE('',*,*,#4325,.F.);
#3050=ORIENTED_EDGE('',*,*,#4327,.T.);
#3051=ORIENTED_EDGE('',*,*,#4319,.F.);
#3052=ORIENTED_EDGE('',*,*,#4306,.F.);
#3053=ORIENTED_EDGE('',*,*,#4321,.F.);
#3054=ORIENTED_EDGE('',*,*,#4328,.T.);
#3055=ORIENTED_EDGE('',*,*,#4316,.F.);
#3056=ORIENTED_EDGE('',*,*,#4308,.F.);
#3057=ORIENTED_EDGE('',*,*,#4318,.F.);
#3058=ORIENTED_EDGE('',*,*,#4329,.T.);
#3059=ORIENTED_EDGE('',*,*,#4315,.F.);
#3060=ORIENTED_EDGE('',*,*,#4300,.F.);
#3061=ORIENTED_EDGE('',*,*,#4314,.F.);
#3062=ORIENTED_EDGE('',*,*,#4330,.T.);
#3063=ORIENTED_EDGE('',*,*,#4309,.F.);
#3064=ORIENTED_EDGE('',*,*,#4302,.F.);
#3065=ORIENTED_EDGE('',*,*,#4331,.T.);
#3066=ORIENTED_EDGE('',*,*,#4332,.T.);
#3067=ORIENTED_EDGE('',*,*,#4333,.F.);
#3068=ORIENTED_EDGE('',*,*,#4334,.T.);
#3069=ORIENTED_EDGE('',*,*,#4335,.T.);
#3070=ORIENTED_EDGE('',*,*,#4336,.T.);
#3071=ORIENTED_EDGE('',*,*,#4337,.T.);
#3072=ORIENTED_EDGE('',*,*,#4338,.T.);
#3073=ORIENTED_EDGE('',*,*,#4339,.T.);
#3074=ORIENTED_EDGE('',*,*,#4340,.T.);
#3075=ORIENTED_EDGE('',*,*,#4333,.T.);
#3076=ORIENTED_EDGE('',*,*,#4341,.T.);
#3077=ORIENTED_EDGE('',*,*,#4342,.T.);
#3078=ORIENTED_EDGE('',*,*,#4343,.T.);
#3079=ORIENTED_EDGE('',*,*,#4344,.F.);
#3080=ORIENTED_EDGE('',*,*,#4327,.F.);
#3081=ORIENTED_EDGE('',*,*,#4345,.F.);
#3082=ORIENTED_EDGE('',*,*,#4331,.F.);
#3083=ORIENTED_EDGE('',*,*,#4345,.T.);
#3084=ORIENTED_EDGE('',*,*,#4324,.F.);
#3085=ORIENTED_EDGE('',*,*,#4346,.F.);
#3086=ORIENTED_EDGE('',*,*,#4332,.F.);
#3087=ORIENTED_EDGE('',*,*,#4344,.T.);
#3088=ORIENTED_EDGE('',*,*,#4338,.F.);
#3089=ORIENTED_EDGE('',*,*,#4347,.F.);
#3090=ORIENTED_EDGE('',*,*,#4320,.F.);
#3091=ORIENTED_EDGE('',*,*,#4346,.T.);
#3092=ORIENTED_EDGE('',*,*,#4323,.F.);
#3093=ORIENTED_EDGE('',*,*,#4348,.F.);
#3094=ORIENTED_EDGE('',*,*,#4341,.F.);
#3095=ORIENTED_EDGE('',*,*,#4347,.T.);
#3096=ORIENTED_EDGE('',*,*,#4337,.F.);
#3097=ORIENTED_EDGE('',*,*,#4349,.F.);
#3098=ORIENTED_EDGE('',*,*,#4328,.F.);
#3099=ORIENTED_EDGE('',*,*,#4348,.T.);
#3100=ORIENTED_EDGE('',*,*,#4326,.F.);
#3101=ORIENTED_EDGE('',*,*,#4350,.F.);
#3102=ORIENTED_EDGE('',*,*,#4342,.F.);
#3103=ORIENTED_EDGE('',*,*,#4349,.T.);
#3104=ORIENTED_EDGE('',*,*,#4336,.F.);
#3105=ORIENTED_EDGE('',*,*,#4351,.F.);
#3106=ORIENTED_EDGE('',*,*,#4317,.F.);
#3107=ORIENTED_EDGE('',*,*,#4350,.T.);
#3108=ORIENTED_EDGE('',*,*,#4310,.F.);
#3109=ORIENTED_EDGE('',*,*,#4352,.F.);
#3110=ORIENTED_EDGE('',*,*,#4343,.F.);
#3111=ORIENTED_EDGE('',*,*,#4351,.T.);
#3112=ORIENTED_EDGE('',*,*,#4335,.F.);
#3113=ORIENTED_EDGE('',*,*,#4353,.F.);
#3114=ORIENTED_EDGE('',*,*,#4329,.F.);
#3115=ORIENTED_EDGE('',*,*,#4352,.T.);
#3116=ORIENTED_EDGE('',*,*,#4330,.F.);
#3117=ORIENTED_EDGE('',*,*,#4354,.F.);
#3118=ORIENTED_EDGE('',*,*,#4339,.F.);
#3119=ORIENTED_EDGE('',*,*,#4353,.T.);
#3120=ORIENTED_EDGE('',*,*,#4334,.F.);
#3121=ORIENTED_EDGE('',*,*,#4355,.F.);
#3122=ORIENTED_EDGE('',*,*,#4312,.F.);
#3123=ORIENTED_EDGE('',*,*,#4354,.T.);
#3124=ORIENTED_EDGE('',*,*,#4313,.F.);
#3125=ORIENTED_EDGE('',*,*,#4355,.T.);
#3126=ORIENTED_EDGE('',*,*,#4340,.F.);
#3127=EDGE_CURVE('',#4356,#4357,#5149,.T.);
#3128=EDGE_CURVE('',#4358,#4356,#5150,.T.);
#3129=EDGE_CURVE('',#4358,#4359,#5151,.T.);
#3130=EDGE_CURVE('',#4359,#4357,#5152,.T.);
#3131=EDGE_CURVE('',#4356,#4360,#5153,.T.);
#3132=EDGE_CURVE('',#4361,#4360,#5154,.T.);
#3133=EDGE_CURVE('',#4358,#4361,#5155,.T.);
#3134=EDGE_CURVE('',#4360,#4362,#5156,.T.);
#3135=EDGE_CURVE('',#4363,#4362,#5157,.T.);
#3136=EDGE_CURVE('',#4361,#4363,#5158,.T.);
#3137=EDGE_CURVE('',#4357,#4362,#5159,.T.);
#3138=EDGE_CURVE('',#4359,#4363,#5160,.T.);
#3139=EDGE_CURVE('',#4364,#4365,#5161,.T.);
#3140=EDGE_CURVE('',#4365,#4366,#497,.T.);
#3141=EDGE_CURVE('',#4366,#4367,#5162,.T.);
#3142=EDGE_CURVE('',#4367,#4368,#498,.T.);
#3143=EDGE_CURVE('',#4368,#4369,#5163,.T.);
#3144=EDGE_CURVE('',#4369,#4370,#499,.T.);
#3145=EDGE_CURVE('',#4370,#4371,#5164,.T.);
#3146=EDGE_CURVE('',#4371,#4372,#500,.T.);
#3147=EDGE_CURVE('',#4372,#4373,#5165,.T.);
#3148=EDGE_CURVE('',#4373,#4364,#501,.T.);
#3149=EDGE_CURVE('',#4368,#4374,#5166,.F.);
#3150=EDGE_CURVE('',#4374,#4375,#5167,.T.);
#3151=EDGE_CURVE('',#4375,#4369,#5168,.T.);
#3152=EDGE_CURVE('',#4376,#4377,#502,.T.);
#3153=EDGE_CURVE('',#4377,#4378,#5169,.T.);
#3154=EDGE_CURVE('',#4378,#4367,#5170,.T.);
#3155=EDGE_CURVE('',#4366,#4376,#5171,.F.);
#3156=EDGE_CURVE('',#4364,#4379,#5172,.F.);
#3157=EDGE_CURVE('',#4379,#4380,#246,.T.);
#3158=EDGE_CURVE('',#4380,#4365,#5173,.T.);
#3159=EDGE_CURVE('',#4372,#4381,#5174,.F.);
#3160=EDGE_CURVE('',#4381,#4382,#247,.T.);
#3161=EDGE_CURVE('',#4382,#4373,#5175,.T.);
#3162=EDGE_CURVE('',#4370,#4383,#5176,.F.);
#3163=EDGE_CURVE('',#4383,#4384,#5177,.T.);
#3164=EDGE_CURVE('',#4384,#4385,#503,.T.);
#3165=EDGE_CURVE('',#4385,#4371,#5178,.T.);
#3166=EDGE_CURVE('',#4375,#4383,#248,.T.);
#3167=EDGE_CURVE('',#4385,#4381,#249,.T.);
#3168=EDGE_CURVE('',#4382,#4379,#250,.T.);
#3169=EDGE_CURVE('',#4380,#4376,#251,.T.);
#3170=EDGE_CURVE('',#4378,#4374,#252,.T.);
#3171=EDGE_CURVE('',#4386,#4387,#253,.F.);
#3172=EDGE_CURVE('',#4387,#4388,#254,.F.);
#3173=EDGE_CURVE('',#4389,#4388,#5179,.T.);
#3174=EDGE_CURVE('',#4389,#4390,#255,.F.);
#3175=EDGE_CURVE('',#4390,#4391,#256,.F.);
#3176=EDGE_CURVE('',#4391,#4392,#257,.F.);
#3177=EDGE_CURVE('',#4392,#4393,#258,.F.);
#3178=EDGE_CURVE('',#4393,#4386,#259,.F.);
#3179=EDGE_CURVE('',#4394,#4395,#260,.T.);
#3180=EDGE_CURVE('',#4395,#4389,#5180,.T.);
#3181=EDGE_CURVE('',#4388,#4396,#5181,.T.);
#3182=EDGE_CURVE('',#4396,#4397,#261,.T.);
#3183=EDGE_CURVE('',#4397,#4394,#5182,.T.);
#3184=EDGE_CURVE('',#4381,#4386,#262,.F.);
#3185=EDGE_CURVE('',#4387,#4385,#263,.T.);
#3186=EDGE_CURVE('',#4388,#4384,#264,.T.);
#3187=EDGE_CURVE('',#4382,#4393,#265,.F.);
#3188=EDGE_CURVE('',#4396,#4383,#266,.F.);
#3189=EDGE_CURVE('',#4379,#4392,#267,.F.);
#3190=EDGE_CURVE('',#4397,#4375,#268,.T.);
#3191=EDGE_CURVE('',#4380,#4391,#269,.F.);
#3192=EDGE_CURVE('',#4394,#4374,#270,.F.);
#3193=EDGE_CURVE('',#4376,#4390,#271,.T.);
#3194=EDGE_CURVE('',#4395,#4378,#272,.T.);
#3195=EDGE_CURVE('',#4377,#4389,#273,.T.);
#3196=EDGE_CURVE('',#4398,#4399,#5183,.T.);
#3197=EDGE_CURVE('',#4399,#4400,#5184,.T.);
#3198=EDGE_CURVE('',#4401,#4400,#5185,.T.);
#3199=EDGE_CURVE('',#4401,#4402,#5186,.T.);
#3200=EDGE_CURVE('',#4402,#4403,#5187,.T.);
#3201=EDGE_CURVE('',#4404,#4403,#5188,.T.);
#3202=EDGE_CURVE('',#4405,#4404,#5189,.T.);
#3203=EDGE_CURVE('',#4405,#4406,#5190,.T.);
#3204=EDGE_CURVE('',#4406,#4398,#5191,.T.);
#3205=EDGE_CURVE('',#4407,#4408,#5192,.T.);
#3206=EDGE_CURVE('',#4407,#4409,#5193,.F.);
#3207=EDGE_CURVE('',#4409,#4410,#5194,.F.);
#3208=EDGE_CURVE('',#4408,#4410,#5195,.T.);
#3209=EDGE_CURVE('',#4411,#4412,#5196,.T.);
#3210=EDGE_CURVE('',#4412,#4413,#5197,.T.);
#3211=EDGE_CURVE('',#4414,#4413,#5198,.F.);
#3212=EDGE_CURVE('',#4411,#4414,#5199,.F.);
#3213=EDGE_CURVE('',#4415,#4416,#5200,.T.);
#3214=EDGE_CURVE('',#4416,#4417,#5201,.T.);
#3215=EDGE_CURVE('',#4418,#4417,#5202,.F.);
#3216=EDGE_CURVE('',#4415,#4418,#5203,.F.);
#3217=EDGE_CURVE('',#4419,#4420,#5204,.T.);
#3218=EDGE_CURVE('',#4420,#4421,#5205,.F.);
#3219=EDGE_CURVE('',#4422,#4421,#5206,.T.);
#3220=EDGE_CURVE('',#4422,#4423,#5207,.T.);
#3221=EDGE_CURVE('',#4423,#4424,#5208,.T.);
#3222=EDGE_CURVE('',#4424,#4425,#5209,.F.);
#3223=EDGE_CURVE('',#4426,#4425,#5210,.T.);
#3224=EDGE_CURVE('',#4426,#4427,#5211,.T.);
#3225=EDGE_CURVE('',#4427,#4428,#5212,.T.);
#3226=EDGE_CURVE('',#4428,#4429,#5213,.F.);
#3227=EDGE_CURVE('',#4430,#4429,#5214,.T.);
#3228=EDGE_CURVE('',#4431,#4430,#504,.F.);
#3229=EDGE_CURVE('',#4432,#4431,#5215,.T.);
#3230=EDGE_CURVE('',#4432,#4433,#505,.F.);
#3231=EDGE_CURVE('',#4433,#4434,#5216,.T.);
#3232=EDGE_CURVE('',#4434,#4435,#506,.T.);
#3233=EDGE_CURVE('',#4435,#4436,#5217,.T.);
#3234=EDGE_CURVE('',#4436,#4437,#507,.T.);
#3235=EDGE_CURVE('',#4437,#4438,#5218,.T.);
#3236=EDGE_CURVE('',#4438,#4439,#508,.F.);
#3237=EDGE_CURVE('',#4440,#4439,#5219,.T.);
#3238=EDGE_CURVE('',#4440,#4441,#509,.F.);
#3239=EDGE_CURVE('',#4442,#4441,#5220,.T.);
#3240=EDGE_CURVE('',#4442,#4443,#510,.T.);
#3241=EDGE_CURVE('',#4444,#4443,#5221,.T.);
#3242=EDGE_CURVE('',#4444,#4445,#511,.T.);
#3243=EDGE_CURVE('',#4446,#4445,#5222,.T.);
#3244=EDGE_CURVE('',#4446,#4447,#512,.F.);
#3245=EDGE_CURVE('',#4448,#4447,#5223,.T.);
#3246=EDGE_CURVE('',#4449,#4448,#513,.F.);
#3247=EDGE_CURVE('',#4450,#4449,#5224,.T.);
#3248=EDGE_CURVE('',#4450,#4451,#514,.F.);
#3249=EDGE_CURVE('',#4451,#4452,#274,.T.);
#3250=EDGE_CURVE('',#4452,#4453,#275,.T.);
#3251=EDGE_CURVE('',#4453,#4454,#515,.F.);
#3252=EDGE_CURVE('',#4455,#4454,#5225,.T.);
#3253=EDGE_CURVE('',#4456,#4455,#516,.F.);
#3254=EDGE_CURVE('',#4457,#4456,#5226,.T.);
#3255=EDGE_CURVE('',#4457,#4458,#517,.F.);
#3256=EDGE_CURVE('',#4458,#4459,#5227,.T.);
#3257=EDGE_CURVE('',#4459,#4460,#518,.T.);
#3258=EDGE_CURVE('',#4460,#4461,#5228,.T.);
#3259=EDGE_CURVE('',#4461,#4462,#519,.T.);
#3260=EDGE_CURVE('',#4462,#4463,#5229,.T.);
#3261=EDGE_CURVE('',#4463,#4464,#520,.F.);
#3262=EDGE_CURVE('',#4465,#4464,#5230,.T.);
#3263=EDGE_CURVE('',#4465,#4466,#521,.F.);
#3264=EDGE_CURVE('',#4467,#4466,#5231,.T.);
#3265=EDGE_CURVE('',#4467,#4468,#522,.T.);
#3266=EDGE_CURVE('',#4469,#4468,#5232,.T.);
#3267=EDGE_CURVE('',#4469,#4470,#523,.T.);
#3268=EDGE_CURVE('',#4471,#4470,#5233,.T.);
#3269=EDGE_CURVE('',#4471,#4472,#524,.F.);
#3270=EDGE_CURVE('',#4473,#4472,#5234,.T.);
#3271=EDGE_CURVE('',#4474,#4473,#525,.F.);
#3272=EDGE_CURVE('',#4475,#4474,#5235,.T.);
#3273=EDGE_CURVE('',#4475,#4419,#5236,.T.);
#3274=EDGE_CURVE('',#4476,#4477,#5237,.F.);
#3275=EDGE_CURVE('',#4478,#4476,#5238,.F.);
#3276=EDGE_CURVE('',#4478,#4479,#5239,.T.);
#3277=EDGE_CURVE('',#4479,#4480,#5240,.T.);
#3278=EDGE_CURVE('',#4480,#4481,#5241,.T.);
#3279=EDGE_CURVE('',#4481,#4477,#5242,.T.);
#3280=EDGE_CURVE('',#4406,#4482,#276,.T.);
#3281=EDGE_CURVE('',#4482,#4483,#277,.T.);
#3282=EDGE_CURVE('',#4483,#4484,#5243,.T.);
#3283=EDGE_CURVE('',#4484,#4398,#278,.T.);
#3284=EDGE_CURVE('',#4485,#4486,#279,.T.);
#3285=EDGE_CURVE('',#4486,#4399,#280,.T.);
#3286=EDGE_CURVE('',#4484,#4485,#5244,.T.);
#3287=EDGE_CURVE('',#4487,#4451,#281,.T.);
#3288=EDGE_CURVE('',#4487,#4405,#282,.T.);
#3289=EDGE_CURVE('',#4404,#4488,#283,.T.);
#3290=EDGE_CURVE('',#4489,#4488,#5245,.F.);
#3291=EDGE_CURVE('',#4452,#4489,#284,.T.);
#3292=EDGE_CURVE('',#4400,#4490,#285,.T.);
#3293=EDGE_CURVE('',#4453,#4490,#286,.T.);
#3294=EDGE_CURVE('',#4491,#4489,#5246,.F.);
#3295=EDGE_CURVE('',#4401,#4491,#287,.T.);
#3296=EDGE_CURVE('',#4490,#4486,#5247,.F.);
#3297=EDGE_CURVE('',#4485,#4453,#5248,.F.);
#3298=EDGE_CURVE('',#4482,#4487,#5249,.F.);
#3299=EDGE_CURVE('',#4451,#4483,#5250,.T.);
#3300=EDGE_CURVE('',#4492,#4493,#5251,.T.);
#3301=EDGE_CURVE('',#4493,#4432,#5252,.F.);
#3302=EDGE_CURVE('',#4431,#4492,#5253,.T.);
#3303=EDGE_CURVE('',#4439,#4494,#5254,.T.);
#3304=EDGE_CURVE('',#4494,#4495,#5255,.T.);
#3305=EDGE_CURVE('',#4495,#4440,#5256,.F.);
#3306=EDGE_CURVE('',#4496,#4497,#5257,.T.);
#3307=EDGE_CURVE('',#4497,#4465,#5258,.F.);
#3308=EDGE_CURVE('',#4464,#4496,#5259,.T.);
#3309=EDGE_CURVE('',#4498,#4499,#5260,.T.);
#3310=EDGE_CURVE('',#4499,#4457,#5261,.F.);
#3311=EDGE_CURVE('',#4456,#4498,#5262,.T.);
#3312=EDGE_CURVE('',#4500,#4501,#5263,.T.);
#3313=EDGE_CURVE('',#4500,#4502,#526,.F.);
#3314=EDGE_CURVE('',#4503,#4502,#5264,.T.);
#3315=EDGE_CURVE('',#4503,#4504,#527,.F.);
#3316=EDGE_CURVE('',#4505,#4504,#5265,.T.);
#3317=EDGE_CURVE('',#4505,#4493,#528,.T.);
#3318=EDGE_CURVE('',#4506,#4492,#529,.T.);
#3319=EDGE_CURVE('',#4507,#4506,#5266,.T.);
#3320=EDGE_CURVE('',#4508,#4507,#530,.T.);
#3321=EDGE_CURVE('',#4509,#4508,#5267,.T.);
#3322=EDGE_CURVE('',#4509,#4510,#531,.T.);
#3323=EDGE_CURVE('',#4510,#4511,#5268,.T.);
#3324=EDGE_CURVE('',#4511,#4512,#532,.F.);
#3325=EDGE_CURVE('',#4512,#4513,#5269,.T.);
#3326=EDGE_CURVE('',#4513,#4514,#533,.F.);
#3327=EDGE_CURVE('',#4514,#4515,#5270,.T.);
#3328=EDGE_CURVE('',#4515,#4497,#534,.T.);
#3329=EDGE_CURVE('',#4496,#4516,#535,.T.);
#3330=EDGE_CURVE('',#4517,#4516,#5271,.T.);
#3331=EDGE_CURVE('',#4517,#4518,#536,.F.);
#3332=EDGE_CURVE('',#4519,#4518,#5272,.T.);
#3333=EDGE_CURVE('',#4519,#4520,#537,.F.);
#3334=EDGE_CURVE('',#4521,#4520,#5273,.T.);
#3335=EDGE_CURVE('',#4521,#4499,#538,.T.);
#3336=EDGE_CURVE('',#4522,#4498,#539,.T.);
#3337=EDGE_CURVE('',#4523,#4522,#5274,.T.);
#3338=EDGE_CURVE('',#4523,#4485,#540,.T.);
#3339=EDGE_CURVE('',#4483,#4524,#541,.T.);
#3340=EDGE_CURVE('',#4525,#4524,#5275,.T.);
#3341=EDGE_CURVE('',#4526,#4525,#542,.T.);
#3342=EDGE_CURVE('',#4527,#4526,#5276,.T.);
#3343=EDGE_CURVE('',#4527,#4528,#543,.T.);
#3344=EDGE_CURVE('',#4528,#4529,#5277,.T.);
#3345=EDGE_CURVE('',#4529,#4530,#544,.F.);
#3346=EDGE_CURVE('',#4530,#4531,#5278,.T.);
#3347=EDGE_CURVE('',#4531,#4532,#545,.F.);
#3348=EDGE_CURVE('',#4532,#4533,#5279,.T.);
#3349=EDGE_CURVE('',#4533,#4495,#546,.T.);
#3350=EDGE_CURVE('',#4494,#4501,#547,.T.);
#3351=EDGE_CURVE('',#4454,#4523,#5280,.T.);
#3352=EDGE_CURVE('',#4455,#4522,#5281,.T.);
#3353=EDGE_CURVE('',#4472,#4509,#5282,.T.);
#3354=EDGE_CURVE('',#4473,#4508,#5283,.T.);
#3355=EDGE_CURVE('',#4474,#4507,#5284,.T.);
#3356=EDGE_CURVE('',#4429,#4534,#548,.T.);
#3357=EDGE_CURVE('',#4535,#4534,#5285,.T.);
#3358=EDGE_CURVE('',#4535,#4536,#5286,.T.);
#3359=EDGE_CURVE('',#4537,#4536,#5287,.T.);
#3360=EDGE_CURVE('',#4537,#4426,#549,.T.);
#3361=EDGE_CURVE('',#4425,#4538,#550,.T.);
#3362=EDGE_CURVE('',#4539,#4538,#5288,.T.);
#3363=EDGE_CURVE('',#4539,#4540,#5289,.T.);
#3364=EDGE_CURVE('',#4541,#4540,#5290,.T.);
#3365=EDGE_CURVE('',#4541,#4422,#551,.T.);
#3366=EDGE_CURVE('',#4421,#4542,#552,.T.);
#3367=EDGE_CURVE('',#4543,#4542,#5291,.T.);
#3368=EDGE_CURVE('',#4543,#4544,#5292,.T.);
#3369=EDGE_CURVE('',#4545,#4544,#5293,.T.);
#3370=EDGE_CURVE('',#4545,#4475,#553,.T.);
#3371=EDGE_CURVE('',#4430,#4506,#5294,.T.);
#3372=EDGE_CURVE('',#4447,#4527,#5295,.T.);
#3373=EDGE_CURVE('',#4448,#4526,#5296,.T.);
#3374=EDGE_CURVE('',#4449,#4525,#5297,.T.);
#3375=EDGE_CURVE('',#4524,#4450,#5298,.F.);
#3376=EDGE_CURVE('',#4520,#4459,#5299,.F.);
#3377=EDGE_CURVE('',#4458,#4521,#5300,.T.);
#3378=EDGE_CURVE('',#4516,#4463,#5301,.F.);
#3379=EDGE_CURVE('',#4462,#4517,#5302,.T.);
#3380=EDGE_CURVE('',#4518,#4461,#5303,.F.);
#3381=EDGE_CURVE('',#4460,#4519,#5304,.T.);
#3382=EDGE_CURVE('',#4470,#4511,#5305,.T.);
#3383=EDGE_CURVE('',#4510,#4471,#5306,.F.);
#3384=EDGE_CURVE('',#4468,#4513,#5307,.T.);
#3385=EDGE_CURVE('',#4512,#4469,#5308,.F.);
#3386=EDGE_CURVE('',#4466,#4515,#5309,.T.);
#3387=EDGE_CURVE('',#4514,#4467,#5310,.F.);
#3388=EDGE_CURVE('',#4445,#4529,#5311,.T.);
#3389=EDGE_CURVE('',#4528,#4446,#5312,.F.);
#3390=EDGE_CURVE('',#4443,#4531,#5313,.T.);
#3391=EDGE_CURVE('',#4530,#4444,#5314,.F.);
#3392=EDGE_CURVE('',#4441,#4533,#5315,.T.);
#3393=EDGE_CURVE('',#4532,#4442,#5316,.F.);
#3394=EDGE_CURVE('',#4504,#4434,#5317,.F.);
#3395=EDGE_CURVE('',#4433,#4505,#5318,.T.);
#3396=EDGE_CURVE('',#4501,#4438,#5319,.F.);
#3397=EDGE_CURVE('',#4437,#4500,#5320,.T.);
#3398=EDGE_CURVE('',#4502,#4436,#5321,.F.);
#3399=EDGE_CURVE('',#4435,#4503,#5322,.T.);
#3400=EDGE_CURVE('',#4546,#4547,#5323,.T.);
#3401=EDGE_CURVE('',#4547,#4548,#5324,.T.);
#3402=EDGE_CURVE('',#4549,#4548,#5325,.T.);
#3403=EDGE_CURVE('',#4549,#4546,#5326,.T.);
#3404=EDGE_CURVE('',#4548,#4550,#5327,.T.);
#3405=EDGE_CURVE('',#4550,#4541,#5328,.F.);
#3406=EDGE_CURVE('',#4551,#4540,#5329,.T.);
#3407=EDGE_CURVE('',#4551,#4552,#5330,.T.);
#3408=EDGE_CURVE('',#4552,#4553,#5331,.F.);
#3409=EDGE_CURVE('',#4553,#4554,#5332,.T.);
#3410=EDGE_CURVE('',#4554,#4549,#5333,.T.);
#3411=EDGE_CURVE('',#4555,#4556,#5334,.T.);
#3412=EDGE_CURVE('',#4556,#4557,#5335,.T.);
#3413=EDGE_CURVE('',#4557,#4558,#5336,.T.);
#3414=EDGE_CURVE('',#4558,#4555,#5337,.F.);
#3415=EDGE_CURVE('',#4538,#4559,#5338,.T.);
#3416=EDGE_CURVE('',#4559,#4547,#5339,.T.);
#3417=EDGE_CURVE('',#4546,#4560,#5340,.T.);
#3418=EDGE_CURVE('',#4561,#4560,#5341,.T.);
#3419=EDGE_CURVE('',#4561,#4562,#5342,.T.);
#3420=EDGE_CURVE('',#4562,#4563,#5343,.T.);
#3421=EDGE_CURVE('',#4563,#4539,#5344,.T.);
#3422=EDGE_CURVE('',#4553,#4556,#554,.T.);
#3423=EDGE_CURVE('',#4555,#4561,#555,.T.);
#3424=EDGE_CURVE('',#4560,#4554,#5345,.T.);
#3425=EDGE_CURVE('',#4563,#4551,#5346,.T.);
#3426=EDGE_CURVE('',#4564,#4565,#5347,.T.);
#3427=EDGE_CURVE('',#4565,#4566,#5348,.T.);
#3428=EDGE_CURVE('',#4566,#4567,#5349,.T.);
#3429=EDGE_CURVE('',#4567,#4564,#5350,.F.);
#3430=EDGE_CURVE('',#4534,#4568,#5351,.T.);
#3431=EDGE_CURVE('',#4568,#4569,#5352,.T.);
#3432=EDGE_CURVE('',#4570,#4569,#5353,.T.);
#3433=EDGE_CURVE('',#4570,#4571,#5354,.T.);
#3434=EDGE_CURVE('',#4572,#4571,#5355,.T.);
#3435=EDGE_CURVE('',#4572,#4573,#5356,.T.);
#3436=EDGE_CURVE('',#4573,#4574,#5357,.T.);
#3437=EDGE_CURVE('',#4574,#4535,#5358,.T.);
#3438=EDGE_CURVE('',#4569,#4575,#5359,.T.);
#3439=EDGE_CURVE('',#4576,#4575,#5360,.T.);
#3440=EDGE_CURVE('',#4576,#4570,#5361,.T.);
#3441=EDGE_CURVE('',#4575,#4577,#5362,.T.);
#3442=EDGE_CURVE('',#4577,#4537,#5363,.F.);
#3443=EDGE_CURVE('',#4578,#4536,#5364,.T.);
#3444=EDGE_CURVE('',#4578,#4579,#5365,.T.);
#3445=EDGE_CURVE('',#4579,#4580,#5366,.F.);
#3446=EDGE_CURVE('',#4580,#4581,#5367,.T.);
#3447=EDGE_CURVE('',#4581,#4576,#5368,.T.);
#3448=EDGE_CURVE('',#4580,#4565,#556,.T.);
#3449=EDGE_CURVE('',#4564,#4572,#557,.T.);
#3450=EDGE_CURVE('',#4571,#4581,#5369,.T.);
#3451=EDGE_CURVE('',#4574,#4578,#5370,.T.);
#3452=EDGE_CURVE('',#4582,#4583,#5371,.T.);
#3453=EDGE_CURVE('',#4583,#4584,#5372,.T.);
#3454=EDGE_CURVE('',#4584,#4585,#5373,.T.);
#3455=EDGE_CURVE('',#4585,#4582,#5374,.F.);
#3456=EDGE_CURVE('',#4542,#4586,#5375,.T.);
#3457=EDGE_CURVE('',#4586,#4587,#5376,.T.);
#3458=EDGE_CURVE('',#4588,#4587,#5377,.T.);
#3459=EDGE_CURVE('',#4588,#4589,#5378,.T.);
#3460=EDGE_CURVE('',#4590,#4589,#5379,.T.);
#3461=EDGE_CURVE('',#4590,#4591,#5380,.T.);
#3462=EDGE_CURVE('',#4591,#4592,#5381,.T.);
#3463=EDGE_CURVE('',#4592,#4543,#5382,.T.);
#3464=EDGE_CURVE('',#4587,#4593,#5383,.T.);
#3465=EDGE_CURVE('',#4594,#4593,#5384,.T.);
#3466=EDGE_CURVE('',#4594,#4588,#5385,.T.);
#3467=EDGE_CURVE('',#4593,#4595,#5386,.T.);
#3468=EDGE_CURVE('',#4595,#4545,#5387,.F.);
#3469=EDGE_CURVE('',#4596,#4544,#5388,.T.);
#3470=EDGE_CURVE('',#4596,#4597,#5389,.T.);
#3471=EDGE_CURVE('',#4597,#4598,#5390,.F.);
#3472=EDGE_CURVE('',#4598,#4599,#5391,.T.);
#3473=EDGE_CURVE('',#4599,#4594,#5392,.T.);
#3474=EDGE_CURVE('',#4598,#4583,#558,.T.);
#3475=EDGE_CURVE('',#4582,#4590,#559,.T.);
#3476=EDGE_CURVE('',#4589,#4599,#5393,.T.);
#3477=EDGE_CURVE('',#4592,#4596,#5394,.T.);
#3478=EDGE_CURVE('',#4586,#4420,#10,.T.);
#3479=EDGE_CURVE('',#4419,#4595,#11,.T.);
#3480=EDGE_CURVE('',#4568,#4428,#12,.T.);
#3481=EDGE_CURVE('',#4427,#4577,#13,.T.);
#3482=EDGE_CURVE('',#4559,#4424,#14,.T.);
#3483=EDGE_CURVE('',#4423,#4550,#15,.T.);
#3484=EDGE_CURVE('',#4584,#4597,#16,.T.);
#3485=EDGE_CURVE('',#4591,#4585,#17,.T.);
#3486=EDGE_CURVE('',#4566,#4579,#18,.T.);
#3487=EDGE_CURVE('',#4573,#4567,#19,.T.);
#3488=EDGE_CURVE('',#4557,#4552,#20,.T.);
#3489=EDGE_CURVE('',#4562,#4558,#21,.T.);
#3490=EDGE_CURVE('',#4600,#4415,#5395,.F.);
#3491=EDGE_CURVE('',#4600,#4601,#5396,.T.);
#3492=EDGE_CURVE('',#4601,#4416,#5397,.T.);
#3493=EDGE_CURVE('',#4602,#4418,#5398,.T.);
#3494=EDGE_CURVE('',#4600,#4602,#5399,.F.);
#3495=EDGE_CURVE('',#4603,#4417,#5400,.F.);
#3496=EDGE_CURVE('',#4602,#4603,#5401,.F.);
#3497=EDGE_CURVE('',#4601,#4603,#5402,.T.);
#3498=EDGE_CURVE('',#4604,#4411,#5403,.F.);
#3499=EDGE_CURVE('',#4604,#4605,#5404,.T.);
#3500=EDGE_CURVE('',#4605,#4412,#5405,.T.);
#3501=EDGE_CURVE('',#4606,#4414,#5406,.T.);
#3502=EDGE_CURVE('',#4604,#4606,#5407,.F.);
#3503=EDGE_CURVE('',#4607,#4413,#5408,.F.);
#3504=EDGE_CURVE('',#4606,#4607,#5409,.F.);
#3505=EDGE_CURVE('',#4605,#4607,#5410,.T.);
#3506=EDGE_CURVE('',#4608,#4476,#5411,.T.);
#3507=EDGE_CURVE('',#4609,#4608,#5412,.F.);
#3508=EDGE_CURVE('',#4609,#4478,#5413,.F.);
#3509=EDGE_CURVE('',#4610,#4477,#5414,.F.);
#3510=EDGE_CURVE('',#4608,#4610,#5415,.F.);
#3511=EDGE_CURVE('',#4611,#4481,#5416,.T.);
#3512=EDGE_CURVE('',#4611,#4610,#5417,.T.);
#3513=EDGE_CURVE('',#4612,#4480,#5418,.T.);
#3514=EDGE_CURVE('',#4612,#4611,#5419,.T.);
#3515=EDGE_CURVE('',#4613,#4479,#5420,.T.);
#3516=EDGE_CURVE('',#4613,#4612,#5421,.T.);
#3517=EDGE_CURVE('',#4609,#4613,#5422,.T.);
#3518=EDGE_CURVE('',#4614,#4488,#5423,.T.);
#3519=EDGE_CURVE('',#4615,#4614,#5424,.T.);
#3520=EDGE_CURVE('',#4615,#4491,#5425,.T.);
#3521=EDGE_CURVE('',#4616,#4614,#5426,.T.);
#3522=EDGE_CURVE('',#4617,#4616,#5427,.T.);
#3523=EDGE_CURVE('',#4617,#4615,#5428,.T.);
#3524=EDGE_CURVE('',#4403,#4616,#5429,.T.);
#3525=EDGE_CURVE('',#4402,#4617,#5430,.T.);
#3526=EDGE_CURVE('',#4618,#4619,#5431,.F.);
#3527=EDGE_CURVE('',#4619,#4409,#5432,.T.);
#3528=EDGE_CURVE('',#4618,#4407,#5433,.F.);
#3529=EDGE_CURVE('',#4618,#4408,#5434,.T.);
#3530=EDGE_CURVE('',#4619,#4410,#5435,.F.);
#3531=EDGE_CURVE('',#4620,#4621,#5436,.T.);
#3532=EDGE_CURVE('',#4621,#4622,#288,.T.);
#3533=EDGE_CURVE('',#4623,#4622,#289,.T.);
#3534=EDGE_CURVE('',#4623,#4624,#290,.T.);
#3535=EDGE_CURVE('',#4624,#4625,#5437,.T.);
#3536=EDGE_CURVE('',#4626,#4625,#291,.T.);
#3537=EDGE_CURVE('',#4626,#4627,#292,.T.);
#3538=EDGE_CURVE('',#4628,#4627,#5438,.T.);
#3539=EDGE_CURVE('',#4620,#4628,#293,.T.);
#3540=EDGE_CURVE('',#4629,#4630,#294,.T.);
#3541=EDGE_CURVE('',#4629,#4631,#295,.T.);
#3542=EDGE_CURVE('',#4631,#4632,#5439,.T.);
#3543=EDGE_CURVE('',#4632,#4633,#296,.T.);
#3544=EDGE_CURVE('',#4627,#4633,#5440,.T.);
#3545=EDGE_CURVE('',#4634,#4626,#297,.T.);
#3546=EDGE_CURVE('',#4634,#4635,#5441,.T.);
#3547=EDGE_CURVE('',#4635,#4630,#298,.T.);
#3548=EDGE_CURVE('',#4636,#4637,#5442,.T.);
#3549=EDGE_CURVE('',#4637,#4635,#5443,.F.);
#3550=EDGE_CURVE('',#4638,#4634,#5444,.T.);
#3551=EDGE_CURVE('',#4639,#4638,#5445,.T.);
#3552=EDGE_CURVE('',#4636,#4639,#5446,.T.);
#3553=EDGE_CURVE('',#4640,#4641,#5447,.F.);
#3554=EDGE_CURVE('',#4640,#4642,#5448,.T.);
#3555=EDGE_CURVE('',#4643,#4642,#5449,.F.);
#3556=EDGE_CURVE('',#4643,#4644,#5450,.T.);
#3557=EDGE_CURVE('',#4645,#4644,#5451,.T.);
#3558=EDGE_CURVE('',#4645,#4646,#5452,.T.);
#3559=EDGE_CURVE('',#4647,#4646,#5453,.T.);
#3560=EDGE_CURVE('',#4647,#4648,#5454,.T.);
#3561=EDGE_CURVE('',#4648,#4649,#5455,.F.);
#3562=EDGE_CURVE('',#4649,#4650,#5456,.T.);
#3563=EDGE_CURVE('',#4650,#4651,#5457,.T.);
#3564=EDGE_CURVE('',#4651,#4652,#5458,.T.);
#3565=EDGE_CURVE('',#4652,#4653,#5459,.F.);
#3566=EDGE_CURVE('',#4653,#4654,#5460,.T.);
#3567=EDGE_CURVE('',#4654,#4655,#5461,.T.);
#3568=EDGE_CURVE('',#4655,#4656,#5462,.T.);
#3569=EDGE_CURVE('',#4656,#4657,#5463,.T.);
#3570=EDGE_CURVE('',#4657,#4658,#5464,.T.);
#3571=EDGE_CURVE('',#4659,#4658,#5465,.T.);
#3572=EDGE_CURVE('',#4659,#4641,#5466,.T.);
#3573=EDGE_CURVE('',#4660,#4661,#5467,.T.);
#3574=EDGE_CURVE('',#4660,#4621,#560,.F.);
#3575=EDGE_CURVE('',#4662,#4620,#299,.T.);
#3576=EDGE_CURVE('',#4663,#4662,#5468,.T.);
#3577=EDGE_CURVE('',#4663,#4664,#22,.T.);
#3578=EDGE_CURVE('',#4665,#4664,#5469,.T.);
#3579=EDGE_CURVE('',#4665,#4666,#23,.T.);
#3580=EDGE_CURVE('',#4667,#4666,#5470,.T.);
#3581=EDGE_CURVE('',#4667,#4668,#24,.T.);
#3582=EDGE_CURVE('',#4668,#4669,#5471,.T.);
#3583=EDGE_CURVE('',#4669,#4670,#25,.T.);
#3584=EDGE_CURVE('',#4671,#4670,#5472,.T.);
#3585=EDGE_CURVE('',#4672,#4671,#300,.T.);
#3586=EDGE_CURVE('',#4673,#4672,#5473,.T.);
#3587=EDGE_CURVE('',#4674,#4673,#5474,.T.);
#3588=EDGE_CURVE('',#4675,#4674,#301,.T.);
#3589=EDGE_CURVE('',#4676,#4675,#5475,.T.);
#3590=EDGE_CURVE('',#4676,#4677,#26,.T.);
#3591=EDGE_CURVE('',#4677,#4678,#5476,.T.);
#3592=EDGE_CURVE('',#4678,#4679,#27,.T.);
#3593=EDGE_CURVE('',#4679,#4680,#5477,.T.);
#3594=EDGE_CURVE('',#4680,#4681,#28,.T.);
#3595=EDGE_CURVE('',#4682,#4681,#5478,.T.);
#3596=EDGE_CURVE('',#4682,#4683,#29,.T.);
#3597=EDGE_CURVE('',#4684,#4683,#5479,.T.);
#3598=EDGE_CURVE('',#4632,#4684,#302,.T.);
#3599=EDGE_CURVE('',#4631,#4685,#561,.F.);
#3600=EDGE_CURVE('',#4686,#4685,#5480,.T.);
#3601=EDGE_CURVE('',#4687,#4686,#562,.T.);
#3602=EDGE_CURVE('',#4687,#4688,#5481,.T.);
#3603=EDGE_CURVE('',#4689,#4688,#563,.T.);
#3604=EDGE_CURVE('',#4689,#4690,#5482,.T.);
#3605=EDGE_CURVE('',#4691,#4690,#564,.F.);
#3606=EDGE_CURVE('',#4691,#4692,#5483,.T.);
#3607=EDGE_CURVE('',#4693,#4692,#565,.F.);
#3608=EDGE_CURVE('',#4693,#4694,#5484,.T.);
#3609=EDGE_CURVE('',#4695,#4694,#566,.T.);
#3610=EDGE_CURVE('',#4695,#4696,#5485,.T.);
#3611=EDGE_CURVE('',#4697,#4696,#567,.T.);
#3612=EDGE_CURVE('',#4698,#4697,#5486,.T.);
#3613=EDGE_CURVE('',#4699,#4698,#568,.F.);
#3614=EDGE_CURVE('',#4700,#4699,#5487,.T.);
#3615=EDGE_CURVE('',#4701,#4700,#569,.F.);
#3616=EDGE_CURVE('',#4702,#4701,#5488,.T.);
#3617=EDGE_CURVE('',#4703,#4702,#570,.T.);
#3618=EDGE_CURVE('',#4703,#4704,#5489,.T.);
#3619=EDGE_CURVE('',#4705,#4704,#571,.T.);
#3620=EDGE_CURVE('',#4705,#4706,#5490,.T.);
#3621=EDGE_CURVE('',#4646,#4706,#572,.T.);
#3622=EDGE_CURVE('',#4707,#4645,#573,.T.);
#3623=EDGE_CURVE('',#4707,#4708,#5491,.T.);
#3624=EDGE_CURVE('',#4709,#4708,#574,.F.);
#3625=EDGE_CURVE('',#4709,#4710,#5492,.T.);
#3626=EDGE_CURVE('',#4711,#4710,#575,.F.);
#3627=EDGE_CURVE('',#4711,#4712,#5493,.T.);
#3628=EDGE_CURVE('',#4642,#4712,#576,.T.);
#3629=EDGE_CURVE('',#4713,#4640,#577,.T.);
#3630=EDGE_CURVE('',#4714,#4713,#5494,.T.);
#3631=EDGE_CURVE('',#4715,#4714,#578,.F.);
#3632=EDGE_CURVE('',#4716,#4715,#5495,.T.);
#3633=EDGE_CURVE('',#4717,#4716,#579,.F.);
#3634=EDGE_CURVE('',#4718,#4717,#5496,.T.);
#3635=EDGE_CURVE('',#4658,#4718,#580,.T.);
#3636=EDGE_CURVE('',#4661,#4657,#581,.T.);
#3637=EDGE_CURVE('',#4695,#4719,#5497,.T.);
#3638=EDGE_CURVE('',#4720,#4719,#5498,.T.);
#3639=EDGE_CURVE('',#4720,#4688,#5499,.F.);
#3640=EDGE_CURVE('',#4721,#4687,#5500,.T.);
#3641=EDGE_CURVE('',#4722,#4721,#5501,.T.);
#3642=EDGE_CURVE('',#4722,#4704,#5502,.T.);
#3643=EDGE_CURVE('',#4703,#4723,#5503,.F.);
#3644=EDGE_CURVE('',#4724,#4723,#5504,.T.);
#3645=EDGE_CURVE('',#4724,#4696,#5505,.T.);
#3646=EDGE_CURVE('',#4725,#4726,#5506,.T.);
#3647=EDGE_CURVE('',#4726,#4660,#5507,.F.);
#3648=EDGE_CURVE('',#4727,#4661,#5508,.T.);
#3649=EDGE_CURVE('',#4727,#4728,#5509,.T.);
#3650=EDGE_CURVE('',#4728,#4686,#5510,.T.);
#3651=EDGE_CURVE('',#4685,#4725,#5511,.F.);
#3652=EDGE_CURVE('',#4729,#4730,#5512,.T.);
#3653=EDGE_CURVE('',#4731,#4729,#5513,.T.);
#3654=EDGE_CURVE('',#4731,#4732,#582,.F.);
#3655=EDGE_CURVE('',#4732,#4733,#5514,.T.);
#3656=EDGE_CURVE('',#4733,#4734,#583,.F.);
#3657=EDGE_CURVE('',#4734,#4706,#5515,.T.);
#3658=EDGE_CURVE('',#4735,#4705,#5516,.T.);
#3659=EDGE_CURVE('',#4735,#4736,#584,.F.);
#3660=EDGE_CURVE('',#4737,#4736,#5517,.T.);
#3661=EDGE_CURVE('',#4737,#4738,#585,.F.);
#3662=EDGE_CURVE('',#4738,#4739,#5518,.T.);
#3663=EDGE_CURVE('',#4740,#4739,#5519,.T.);
#3664=EDGE_CURVE('',#4741,#4740,#5520,.T.);
#3665=EDGE_CURVE('',#4741,#4742,#586,.F.);
#3666=EDGE_CURVE('',#4742,#4743,#5521,.T.);
#3667=EDGE_CURVE('',#4743,#4744,#587,.F.);
#3668=EDGE_CURVE('',#4744,#4745,#5522,.T.);
#3669=EDGE_CURVE('',#4746,#4745,#5523,.T.);
#3670=EDGE_CURVE('',#4747,#4746,#5524,.T.);
#3671=EDGE_CURVE('',#4747,#4748,#588,.F.);
#3672=EDGE_CURVE('',#4748,#4749,#5525,.T.);
#3673=EDGE_CURVE('',#4749,#4750,#589,.F.);
#3674=EDGE_CURVE('',#4750,#4730,#5526,.T.);
#3675=EDGE_CURVE('',#4751,#4752,#5527,.T.);
#3676=EDGE_CURVE('',#4751,#4753,#5528,.T.);
#3677=EDGE_CURVE('',#4754,#4753,#5529,.T.);
#3678=EDGE_CURVE('',#4754,#4752,#5530,.T.);
#3679=EDGE_CURVE('',#4755,#4756,#5531,.T.);
#3680=EDGE_CURVE('',#4755,#4757,#5532,.T.);
#3681=EDGE_CURVE('',#4758,#4757,#5533,.T.);
#3682=EDGE_CURVE('',#4756,#4758,#5534,.T.);
#3683=EDGE_CURVE('',#4759,#4760,#5535,.T.);
#3684=EDGE_CURVE('',#4759,#4761,#5536,.T.);
#3685=EDGE_CURVE('',#4762,#4761,#5537,.T.);
#3686=EDGE_CURVE('',#4760,#4762,#5538,.T.);
#3687=EDGE_CURVE('',#4763,#4764,#5539,.T.);
#3688=EDGE_CURVE('',#4763,#4765,#5540,.T.);
#3689=EDGE_CURVE('',#4766,#4765,#5541,.T.);
#3690=EDGE_CURVE('',#4764,#4766,#5542,.T.);
#3691=EDGE_CURVE('',#4767,#4768,#5543,.T.);
#3692=EDGE_CURVE('',#4768,#4769,#5544,.T.);
#3693=EDGE_CURVE('',#4770,#4769,#5545,.T.);
#3694=EDGE_CURVE('',#4771,#4770,#5546,.T.);
#3695=EDGE_CURVE('',#4771,#4772,#5547,.T.);
#3696=EDGE_CURVE('',#4772,#4773,#5548,.T.);
#3697=EDGE_CURVE('',#4774,#4773,#5549,.T.);
#3698=EDGE_CURVE('',#4774,#4767,#5550,.F.);
#3699=EDGE_CURVE('',#4775,#4776,#5551,.T.);
#3700=EDGE_CURVE('',#4776,#4777,#5552,.T.);
#3701=EDGE_CURVE('',#4778,#4777,#5553,.T.);
#3702=EDGE_CURVE('',#4778,#4775,#5554,.F.);
#3703=EDGE_CURVE('',#4771,#4776,#5555,.T.);
#3704=EDGE_CURVE('',#4775,#4779,#590,.F.);
#3705=EDGE_CURVE('',#4780,#4779,#5556,.T.);
#3706=EDGE_CURVE('',#4780,#4781,#591,.F.);
#3707=EDGE_CURVE('',#4782,#4781,#5557,.T.);
#3708=EDGE_CURVE('',#4782,#4650,#592,.F.);
#3709=EDGE_CURVE('',#4649,#4783,#593,.F.);
#3710=EDGE_CURVE('',#4783,#4784,#5558,.T.);
#3711=EDGE_CURVE('',#4784,#4785,#594,.T.);
#3712=EDGE_CURVE('',#4786,#4785,#5559,.T.);
#3713=EDGE_CURVE('',#4786,#4772,#595,.T.);
#3714=EDGE_CURVE('',#4787,#4788,#5560,.T.);
#3715=EDGE_CURVE('',#4787,#4789,#5561,.T.);
#3716=EDGE_CURVE('',#4789,#4652,#596,.T.);
#3717=EDGE_CURVE('',#4651,#4790,#597,.T.);
#3718=EDGE_CURVE('',#4790,#4791,#5562,.T.);
#3719=EDGE_CURVE('',#4791,#4792,#598,.T.);
#3720=EDGE_CURVE('',#4792,#4793,#5563,.T.);
#3721=EDGE_CURVE('',#4793,#4778,#599,.T.);
#3722=EDGE_CURVE('',#4777,#4794,#5564,.T.);
#3723=EDGE_CURVE('',#4794,#4788,#600,.F.);
#3724=EDGE_CURVE('',#4765,#4795,#5565,.T.);
#3725=EDGE_CURVE('',#4795,#4796,#5566,.T.);
#3726=EDGE_CURVE('',#4756,#4796,#5567,.T.);
#3727=EDGE_CURVE('',#4722,#4758,#601,.F.);
#3728=EDGE_CURVE('',#4728,#4721,#602,.F.);
#3729=EDGE_CURVE('',#4656,#4727,#603,.F.);
#3730=EDGE_CURVE('',#4655,#4774,#604,.T.);
#3731=EDGE_CURVE('',#4773,#4797,#605,.F.);
#3732=EDGE_CURVE('',#4797,#4798,#5568,.T.);
#3733=EDGE_CURVE('',#4798,#4799,#606,.F.);
#3734=EDGE_CURVE('',#4800,#4799,#5569,.T.);
#3735=EDGE_CURVE('',#4800,#4648,#607,.T.);
#3736=EDGE_CURVE('',#4754,#4647,#608,.F.);
#3737=EDGE_CURVE('',#4753,#4801,#5570,.T.);
#3738=EDGE_CURVE('',#4801,#4802,#5571,.T.);
#3739=EDGE_CURVE('',#4762,#4802,#5572,.T.);
#3740=EDGE_CURVE('',#4761,#4803,#5573,.T.);
#3741=EDGE_CURVE('',#4803,#4804,#5574,.T.);
#3742=EDGE_CURVE('',#4766,#4804,#5575,.T.);
#3743=EDGE_CURVE('',#4662,#4805,#303,.T.);
#3744=EDGE_CURVE('',#4805,#4806,#304,.F.);
#3745=EDGE_CURVE('',#4807,#4806,#305,.T.);
#3746=EDGE_CURVE('',#4808,#4807,#5576,.F.);
#3747=EDGE_CURVE('',#4808,#4663,#306,.T.);
#3748=EDGE_CURVE('',#4806,#4809,#307,.F.);
#3749=EDGE_CURVE('',#4671,#4809,#308,.T.);
#3750=EDGE_CURVE('',#4670,#4810,#309,.T.);
#3751=EDGE_CURVE('',#4807,#4810,#5577,.F.);
#3752=EDGE_CURVE('',#4811,#4812,#310,.T.);
#3753=EDGE_CURVE('',#4811,#4813,#311,.F.);
#3754=EDGE_CURVE('',#4813,#4814,#312,.T.);
#3755=EDGE_CURVE('',#4812,#4814,#5578,.T.);
#3756=EDGE_CURVE('',#4815,#4816,#313,.T.);
#3757=EDGE_CURVE('',#4815,#4811,#314,.F.);
#3758=EDGE_CURVE('',#4816,#4812,#5579,.T.);
#3759=EDGE_CURVE('',#4684,#4817,#315,.T.);
#3760=EDGE_CURVE('',#4817,#4818,#316,.T.);
#3761=EDGE_CURVE('',#4818,#4819,#317,.T.);
#3762=EDGE_CURVE('',#4819,#4820,#318,.T.);
#3763=EDGE_CURVE('',#4820,#4821,#319,.T.);
#3764=EDGE_CURVE('',#4633,#4821,#320,.T.);
#3765=EDGE_CURVE('',#4820,#4822,#321,.F.);
#3766=EDGE_CURVE('',#4822,#4823,#322,.T.);
#3767=EDGE_CURVE('',#4821,#4823,#5580,.T.);
#3768=EDGE_CURVE('',#4824,#4825,#323,.T.);
#3769=EDGE_CURVE('',#4825,#4817,#324,.F.);
#3770=EDGE_CURVE('',#4683,#4826,#325,.T.);
#3771=EDGE_CURVE('',#4826,#4824,#5581,.T.);
#3772=EDGE_CURVE('',#4827,#4828,#326,.T.);
#3773=EDGE_CURVE('',#4827,#4829,#327,.T.);
#3774=EDGE_CURVE('',#4829,#4830,#328,.T.);
#3775=EDGE_CURVE('',#4830,#4831,#329,.T.);
#3776=EDGE_CURVE('',#4675,#4831,#330,.T.);
#3777=EDGE_CURVE('',#4674,#4832,#331,.T.);
#3778=EDGE_CURVE('',#4828,#4832,#332,.T.);
#3779=EDGE_CURVE('',#4822,#4827,#333,.F.);
#3780=EDGE_CURVE('',#4823,#4828,#5582,.T.);
#3781=EDGE_CURVE('',#4831,#4825,#334,.F.);
#3782=EDGE_CURVE('',#4824,#4833,#5583,.T.);
#3783=EDGE_CURVE('',#4833,#4676,#335,.T.);
#3784=EDGE_CURVE('',#4834,#4834,#609,.F.);
#3785=EDGE_CURVE('',#4835,#4836,#336,.T.);
#3786=EDGE_CURVE('',#4836,#4837,#5584,.T.);
#3787=EDGE_CURVE('',#4837,#4838,#337,.T.);
#3788=EDGE_CURVE('',#4838,#4839,#5585,.T.);
#3789=EDGE_CURVE('',#4839,#4840,#338,.T.);
#3790=EDGE_CURVE('',#4840,#4841,#5586,.T.);
#3791=EDGE_CURVE('',#4841,#4842,#339,.T.);
#3792=EDGE_CURVE('',#4842,#4835,#5587,.T.);
#3793=EDGE_CURVE('',#4828,#4843,#5588,.T.);
#3794=EDGE_CURVE('',#4843,#4844,#5589,.T.);
#3795=EDGE_CURVE('',#4821,#4844,#5590,.T.);
#3796=EDGE_CURVE('',#4845,#4846,#30,.T.);
#3797=EDGE_CURVE('',#4846,#4847,#5591,.T.);
#3798=EDGE_CURVE('',#4847,#4848,#5592,.T.);
#3799=EDGE_CURVE('',#4848,#4849,#5593,.T.);
#3800=EDGE_CURVE('',#4849,#4850,#31,.T.);
#3801=EDGE_CURVE('',#4850,#4851,#5594,.T.);
#3802=EDGE_CURVE('',#4851,#4852,#32,.T.);
#3803=EDGE_CURVE('',#4852,#4853,#5595,.T.);
#3804=EDGE_CURVE('',#4853,#4854,#5596,.T.);
#3805=EDGE_CURVE('',#4854,#4855,#5597,.T.);
#3806=EDGE_CURVE('',#4855,#4856,#33,.T.);
#3807=EDGE_CURVE('',#4856,#4857,#5598,.T.);
#3808=EDGE_CURVE('',#4857,#4858,#34,.T.);
#3809=EDGE_CURVE('',#4858,#4859,#5599,.T.);
#3810=EDGE_CURVE('',#4859,#4860,#5600,.T.);
#3811=EDGE_CURVE('',#4860,#4861,#5601,.T.);
#3812=EDGE_CURVE('',#4861,#4862,#5602,.T.);
#3813=EDGE_CURVE('',#4832,#4862,#5603,.T.);
#3814=EDGE_CURVE('',#4832,#4863,#5604,.T.);
#3815=EDGE_CURVE('',#4863,#4864,#5605,.T.);
#3816=EDGE_CURVE('',#4864,#4865,#35,.T.);
#3817=EDGE_CURVE('',#4865,#4845,#5606,.T.);
#3818=EDGE_CURVE('',#4633,#4866,#5607,.T.);
#3819=EDGE_CURVE('',#4866,#4867,#5608,.T.);
#3820=EDGE_CURVE('',#4628,#4867,#5609,.T.);
#3821=EDGE_CURVE('',#4814,#4868,#5610,.T.);
#3822=EDGE_CURVE('',#4868,#4869,#5611,.T.);
#3823=EDGE_CURVE('',#4816,#4869,#5612,.T.);
#3824=EDGE_CURVE('',#4862,#4843,#340,.T.);
#3825=EDGE_CURVE('',#4869,#4861,#341,.T.);
#3826=EDGE_CURVE('',#4860,#4816,#342,.T.);
#3827=EDGE_CURVE('',#4844,#4866,#343,.T.);
#3828=EDGE_CURVE('',#4867,#4868,#344,.T.);
#3829=EDGE_CURVE('',#4814,#4628,#345,.T.);
#3830=EDGE_CURVE('',#4847,#4870,#346,.T.);
#3831=EDGE_CURVE('',#4870,#4871,#347,.T.);
#3832=EDGE_CURVE('',#4871,#4872,#348,.T.);
#3833=EDGE_CURVE('',#4872,#4873,#349,.T.);
#3834=EDGE_CURVE('',#4873,#4874,#350,.T.);
#3835=EDGE_CURVE('',#4874,#4875,#351,.T.);
#3836=EDGE_CURVE('',#4875,#4863,#352,.T.);
#3837=EDGE_CURVE('',#4673,#4876,#353,.T.);
#3838=EDGE_CURVE('',#4876,#4877,#354,.T.);
#3839=EDGE_CURVE('',#4877,#4878,#355,.T.);
#3840=EDGE_CURVE('',#4878,#4879,#356,.T.);
#3841=EDGE_CURVE('',#4879,#4848,#357,.T.);
#3842=EDGE_CURVE('',#4853,#4880,#358,.T.);
#3843=EDGE_CURVE('',#4880,#4881,#359,.T.);
#3844=EDGE_CURVE('',#4881,#4882,#360,.T.);
#3845=EDGE_CURVE('',#4882,#4876,#361,.T.);
#3846=EDGE_CURVE('',#4672,#4860,#362,.T.);
#3847=EDGE_CURVE('',#4859,#4883,#363,.T.);
#3848=EDGE_CURVE('',#4883,#4884,#364,.T.);
#3849=EDGE_CURVE('',#4884,#4885,#365,.T.);
#3850=EDGE_CURVE('',#4885,#4886,#366,.T.);
#3851=EDGE_CURVE('',#4886,#4887,#367,.T.);
#3852=EDGE_CURVE('',#4887,#4888,#368,.T.);
#3853=EDGE_CURVE('',#4888,#4854,#369,.T.);
#3854=EDGE_CURVE('',#4889,#4890,#370,.T.);
#3855=EDGE_CURVE('',#4890,#4815,#371,.T.);
#3856=EDGE_CURVE('',#4809,#4889,#372,.T.);
#3857=EDGE_CURVE('',#4891,#4892,#373,.T.);
#3858=EDGE_CURVE('',#4892,#4805,#374,.T.);
#3859=EDGE_CURVE('',#4813,#4891,#375,.T.);
#3860=EDGE_CURVE('',#4893,#4894,#5613,.T.);
#3861=EDGE_CURVE('',#4893,#4895,#376,.T.);
#3862=EDGE_CURVE('',#4895,#4896,#5614,.T.);
#3863=EDGE_CURVE('',#4896,#4897,#377,.T.);
#3864=EDGE_CURVE('',#4898,#4897,#5615,.F.);
#3865=EDGE_CURVE('',#4898,#4899,#378,.T.);
#3866=EDGE_CURVE('',#4899,#4900,#5616,.T.);
#3867=EDGE_CURVE('',#4900,#4894,#379,.T.);
#3868=EDGE_CURVE('',#4901,#4902,#380,.T.);
#3869=EDGE_CURVE('',#4902,#4893,#381,.T.);
#3870=EDGE_CURVE('',#4894,#4903,#382,.T.);
#3871=EDGE_CURVE('',#4903,#4901,#383,.T.);
#3872=EDGE_CURVE('',#4895,#4904,#384,.T.);
#3873=EDGE_CURVE('',#4904,#4905,#385,.T.);
#3874=EDGE_CURVE('',#4905,#4906,#386,.T.);
#3875=EDGE_CURVE('',#4906,#4900,#387,.T.);
#3876=EDGE_CURVE('',#4899,#4907,#36,.F.);
#3877=EDGE_CURVE('',#4908,#4907,#5617,.T.);
#3878=EDGE_CURVE('',#4908,#4909,#37,.F.);
#3879=EDGE_CURVE('',#4910,#4909,#5618,.T.);
#3880=EDGE_CURVE('',#4910,#4911,#38,.F.);
#3881=EDGE_CURVE('',#4911,#4912,#5619,.T.);
#3882=EDGE_CURVE('',#4912,#4896,#39,.F.);
#3883=EDGE_CURVE('',#4679,#4898,#5620,.F.);
#3884=EDGE_CURVE('',#4897,#4680,#5621,.T.);
#3885=EDGE_CURVE('',#4909,#4833,#5622,.F.);
#3886=EDGE_CURVE('',#4826,#4910,#5623,.T.);
#3887=EDGE_CURVE('',#4677,#4908,#5624,.T.);
#3888=EDGE_CURVE('',#4907,#4678,#5625,.T.);
#3889=EDGE_CURVE('',#4911,#4682,#5626,.F.);
#3890=EDGE_CURVE('',#4681,#4912,#5627,.F.);
#3891=EDGE_CURVE('',#4913,#4914,#5628,.T.);
#3892=EDGE_CURVE('',#4913,#4915,#388,.T.);
#3893=EDGE_CURVE('',#4915,#4916,#5629,.T.);
#3894=EDGE_CURVE('',#4916,#4917,#389,.T.);
#3895=EDGE_CURVE('',#4918,#4917,#5630,.T.);
#3896=EDGE_CURVE('',#4918,#4919,#390,.T.);
#3897=EDGE_CURVE('',#4920,#4919,#5631,.T.);
#3898=EDGE_CURVE('',#4920,#4914,#391,.T.);
#3899=EDGE_CURVE('',#4915,#4921,#392,.T.);
#3900=EDGE_CURVE('',#4921,#4922,#393,.T.);
#3901=EDGE_CURVE('',#4922,#4923,#394,.T.);
#3902=EDGE_CURVE('',#4923,#4916,#395,.T.);
#3903=EDGE_CURVE('',#4924,#4925,#396,.T.);
#3904=EDGE_CURVE('',#4925,#4913,#397,.T.);
#3905=EDGE_CURVE('',#4914,#4926,#40,.T.);
#3906=EDGE_CURVE('',#4927,#4926,#5632,.T.);
#3907=EDGE_CURVE('',#4927,#4928,#41,.T.);
#3908=EDGE_CURVE('',#4929,#4928,#5633,.T.);
#3909=EDGE_CURVE('',#4929,#4930,#42,.T.);
#3910=EDGE_CURVE('',#4930,#4931,#5634,.T.);
#3911=EDGE_CURVE('',#4931,#4918,#43,.T.);
#3912=EDGE_CURVE('',#4917,#4932,#398,.T.);
#3913=EDGE_CURVE('',#4932,#4924,#399,.T.);
#3914=EDGE_CURVE('',#4919,#4667,#5635,.T.);
#3915=EDGE_CURVE('',#4666,#4920,#5636,.F.);
#3916=EDGE_CURVE('',#4810,#4929,#5637,.T.);
#3917=EDGE_CURVE('',#4928,#4808,#5638,.F.);
#3918=EDGE_CURVE('',#4930,#4669,#5639,.F.);
#3919=EDGE_CURVE('',#4668,#4931,#5640,.F.);
#3920=EDGE_CURVE('',#4664,#4927,#5641,.T.);
#3921=EDGE_CURVE('',#4926,#4665,#5642,.T.);
#3922=EDGE_CURVE('',#4869,#4840,#400,.F.);
#3923=EDGE_CURVE('',#4841,#4868,#401,.F.);
#3924=EDGE_CURVE('',#4842,#4867,#402,.T.);
#3925=EDGE_CURVE('',#4861,#4839,#403,.T.);
#3926=EDGE_CURVE('',#4835,#4866,#404,.F.);
#3927=EDGE_CURVE('',#4862,#4838,#405,.F.);
#3928=EDGE_CURVE('',#4836,#4844,#406,.T.);
#3929=EDGE_CURVE('',#4843,#4837,#407,.T.);
#3930=EDGE_CURVE('',#4922,#4811,#408,.F.);
#3931=EDGE_CURVE('',#4813,#4921,#409,.F.);
#3932=EDGE_CURVE('',#4891,#4915,#410,.F.);
#3933=EDGE_CURVE('',#4923,#4815,#411,.F.);
#3934=EDGE_CURVE('',#4892,#4913,#412,.F.);
#3935=EDGE_CURVE('',#4916,#4890,#413,.F.);
#3936=EDGE_CURVE('',#4805,#4925,#414,.T.);
#3937=EDGE_CURVE('',#4917,#4889,#415,.F.);
#3938=EDGE_CURVE('',#4806,#4924,#416,.F.);
#3939=EDGE_CURVE('',#4932,#4809,#417,.T.);
#3940=EDGE_CURVE('',#4822,#4901,#418,.F.);
#3941=EDGE_CURVE('',#4902,#4820,#419,.F.);
#3942=EDGE_CURVE('',#4893,#4819,#420,.F.);
#3943=EDGE_CURVE('',#4827,#4903,#421,.F.);
#3944=EDGE_CURVE('',#4895,#4818,#422,.F.);
#3945=EDGE_CURVE('',#4829,#4894,#423,.F.);
#3946=EDGE_CURVE('',#4904,#4817,#424,.T.);
#3947=EDGE_CURVE('',#4830,#4900,#425,.F.);
#3948=EDGE_CURVE('',#4905,#4825,#426,.F.);
#3949=EDGE_CURVE('',#4831,#4906,#427,.T.);
#3950=EDGE_CURVE('',#4757,#4735,#5643,.T.);
#3951=EDGE_CURVE('',#4752,#4734,#5644,.T.);
#3952=EDGE_CURVE('',#4783,#4800,#5645,.T.);
#3953=EDGE_CURVE('',#4799,#4784,#5646,.F.);
#3954=EDGE_CURVE('',#4785,#4798,#5647,.T.);
#3955=EDGE_CURVE('',#4797,#4786,#5648,.F.);
#3956=EDGE_CURVE('',#4790,#4782,#5649,.F.);
#3957=EDGE_CURVE('',#4781,#4791,#5650,.T.);
#3958=EDGE_CURVE('',#4933,#4787,#5651,.T.);
#3959=EDGE_CURVE('',#4933,#4934,#5652,.T.);
#3960=EDGE_CURVE('',#4934,#4789,#5653,.T.);
#3961=EDGE_CURVE('',#4779,#4793,#5654,.T.);
#3962=EDGE_CURVE('',#4792,#4780,#5655,.F.);
#3963=EDGE_CURVE('',#4768,#4933,#5656,.T.);
#3964=EDGE_CURVE('',#4767,#4654,#610,.F.);
#3965=EDGE_CURVE('',#4653,#4934,#611,.F.);
#3966=EDGE_CURVE('',#4935,#4936,#612,.F.);
#3967=EDGE_CURVE('',#4935,#4937,#5657,.T.);
#3968=EDGE_CURVE('',#4937,#4938,#613,.T.);
#3969=EDGE_CURVE('',#4936,#4938,#5658,.T.);
#3970=EDGE_CURVE('',#4788,#4937,#428,.T.);
#3971=EDGE_CURVE('',#4794,#4938,#429,.T.);
#3972=EDGE_CURVE('',#4936,#4770,#5659,.T.);
#3973=EDGE_CURVE('',#4935,#4769,#5660,.T.);
#3974=EDGE_CURVE('',#4744,#4939,#5661,.F.);
#3975=EDGE_CURVE('',#4939,#4940,#5662,.T.);
#3976=EDGE_CURVE('',#4940,#4764,#5663,.T.);
#3977=EDGE_CURVE('',#4804,#4941,#5664,.T.);
#3978=EDGE_CURVE('',#4941,#4745,#5665,.T.);
#3979=EDGE_CURVE('',#4942,#4943,#5666,.T.);
#3980=EDGE_CURVE('',#4944,#4942,#5667,.T.);
#3981=EDGE_CURVE('',#4944,#4945,#5668,.T.);
#3982=EDGE_CURVE('',#4945,#4943,#5669,.T.);
#3983=EDGE_CURVE('',#4803,#4946,#5670,.T.);
#3984=EDGE_CURVE('',#4946,#4941,#5671,.T.);
#3985=EDGE_CURVE('',#4947,#4948,#5672,.T.);
#3986=EDGE_CURVE('',#4947,#4747,#5673,.T.);
#3987=EDGE_CURVE('',#4746,#4946,#5674,.T.);
#3988=EDGE_CURVE('',#4759,#4948,#5675,.T.);
#3989=EDGE_CURVE('',#4949,#4950,#5676,.T.);
#3990=EDGE_CURVE('',#4949,#4731,#5677,.T.);
#3991=EDGE_CURVE('',#4729,#4951,#5678,.T.);
#3992=EDGE_CURVE('',#4801,#4951,#5679,.T.);
#3993=EDGE_CURVE('',#4751,#4950,#5680,.T.);
#3994=EDGE_CURVE('',#4952,#4953,#5681,.T.);
#3995=EDGE_CURVE('',#4954,#4952,#5682,.T.);
#3996=EDGE_CURVE('',#4954,#4955,#5683,.T.);
#3997=EDGE_CURVE('',#4955,#4953,#5684,.T.);
#3998=EDGE_CURVE('',#4951,#4956,#5685,.T.);
#3999=EDGE_CURVE('',#4802,#4956,#5686,.T.);
#4000=EDGE_CURVE('',#4750,#4957,#5687,.F.);
#4001=EDGE_CURVE('',#4957,#4958,#5688,.T.);
#4002=EDGE_CURVE('',#4958,#4760,#5689,.T.);
#4003=EDGE_CURVE('',#4956,#4730,#5690,.T.);
#4004=EDGE_CURVE('',#4738,#4959,#5691,.F.);
#4005=EDGE_CURVE('',#4959,#4960,#5692,.T.);
#4006=EDGE_CURVE('',#4960,#4755,#5693,.F.);
#4007=EDGE_CURVE('',#4796,#4961,#5694,.T.);
#4008=EDGE_CURVE('',#4961,#4739,#5695,.T.);
#4009=EDGE_CURVE('',#4962,#4963,#5696,.T.);
#4010=EDGE_CURVE('',#4964,#4962,#5697,.T.);
#4011=EDGE_CURVE('',#4964,#4965,#5698,.T.);
#4012=EDGE_CURVE('',#4965,#4963,#5699,.T.);
#4013=EDGE_CURVE('',#4795,#4966,#5700,.T.);
#4014=EDGE_CURVE('',#4966,#4961,#5701,.T.);
#4015=EDGE_CURVE('',#4967,#4968,#5702,.T.);
#4016=EDGE_CURVE('',#4967,#4741,#5703,.T.);
#4017=EDGE_CURVE('',#4740,#4966,#5704,.T.);
#4018=EDGE_CURVE('',#4763,#4968,#5705,.T.);
#4019=EDGE_CURVE('',#4969,#4970,#5706,.T.);
#4020=EDGE_CURVE('',#4970,#4743,#5707,.T.);
#4021=EDGE_CURVE('',#4742,#4969,#5708,.F.);
#4022=EDGE_CURVE('',#4939,#4970,#614,.T.);
#4023=EDGE_CURVE('',#4969,#4967,#615,.T.);
#4024=EDGE_CURVE('',#4968,#4940,#5709,.T.);
#4025=EDGE_CURVE('',#4971,#4972,#5710,.T.);
#4026=EDGE_CURVE('',#4971,#4737,#5711,.T.);
#4027=EDGE_CURVE('',#4736,#4972,#5712,.F.);
#4028=EDGE_CURVE('',#4973,#4974,#5713,.T.);
#4029=EDGE_CURVE('',#4974,#4735,#5714,.T.);
#4030=EDGE_CURVE('',#4757,#4973,#5715,.F.);
#4031=EDGE_CURVE('',#4959,#4971,#616,.T.);
#4032=EDGE_CURVE('',#4972,#4974,#617,.T.);
#4033=EDGE_CURVE('',#4973,#4960,#5716,.T.);
#4034=EDGE_CURVE('',#4975,#4976,#5717,.T.);
#4035=EDGE_CURVE('',#4976,#4749,#5718,.T.);
#4036=EDGE_CURVE('',#4748,#4975,#5719,.F.);
#4037=EDGE_CURVE('',#4957,#4976,#618,.T.);
#4038=EDGE_CURVE('',#4975,#4947,#619,.T.);
#4039=EDGE_CURVE('',#4948,#4958,#5720,.T.);
#4040=EDGE_CURVE('',#4977,#4978,#5721,.T.);
#4041=EDGE_CURVE('',#4978,#4733,#5722,.T.);
#4042=EDGE_CURVE('',#4732,#4977,#5723,.F.);
#4043=EDGE_CURVE('',#4734,#4979,#5724,.F.);
#4044=EDGE_CURVE('',#4980,#4979,#5725,.T.);
#4045=EDGE_CURVE('',#4980,#4752,#5726,.T.);
#4046=EDGE_CURVE('',#4979,#4978,#620,.T.);
#4047=EDGE_CURVE('',#4977,#4949,#621,.T.);
#4048=EDGE_CURVE('',#4950,#4980,#5727,.T.);
#4049=EDGE_CURVE('',#4981,#4982,#430,.T.);
#4050=EDGE_CURVE('',#4982,#4637,#431,.T.);
#4051=EDGE_CURVE('',#4636,#4983,#432,.T.);
#4052=EDGE_CURVE('',#4983,#4984,#5728,.F.);
#4053=EDGE_CURVE('',#4985,#4984,#433,.T.);
#4054=EDGE_CURVE('',#4985,#4986,#434,.T.);
#4055=EDGE_CURVE('',#4986,#4981,#435,.T.);
#4056=EDGE_CURVE('',#4987,#4988,#5729,.T.);
#4057=EDGE_CURVE('',#4987,#4989,#436,.T.);
#4058=EDGE_CURVE('',#4989,#4990,#437,.T.);
#4059=EDGE_CURVE('',#4990,#4991,#438,.T.);
#4060=EDGE_CURVE('',#4991,#4985,#439,.T.);
#4061=EDGE_CURVE('',#4984,#4992,#5730,.F.);
#4062=EDGE_CURVE('',#4988,#4992,#440,.T.);
#4063=EDGE_CURVE('',#4725,#4986,#622,.T.);
#4064=EDGE_CURVE('',#4991,#4726,#623,.T.);
#4065=EDGE_CURVE('',#4989,#4623,#5731,.T.);
#4066=EDGE_CURVE('',#4622,#4990,#5732,.T.);
#4067=EDGE_CURVE('',#4630,#4982,#5733,.T.);
#4068=EDGE_CURVE('',#4981,#4629,#5734,.T.);
#4069=EDGE_CURVE('',#4624,#4987,#5735,.F.);
#4070=EDGE_CURVE('',#4988,#4993,#5736,.T.);
#4071=EDGE_CURVE('',#4994,#4993,#5737,.T.);
#4072=EDGE_CURVE('',#4625,#4994,#5738,.F.);
#4073=EDGE_CURVE('',#4702,#4995,#5739,.F.);
#4074=EDGE_CURVE('',#4995,#4723,#624,.F.);
#4075=EDGE_CURVE('',#4724,#4996,#625,.F.);
#4076=EDGE_CURVE('',#4996,#4697,#5740,.T.);
#4077=EDGE_CURVE('',#4995,#4997,#5741,.T.);
#4078=EDGE_CURVE('',#4998,#4997,#626,.T.);
#4079=EDGE_CURVE('',#4998,#4999,#5742,.T.);
#4080=EDGE_CURVE('',#5000,#4999,#627,.T.);
#4081=EDGE_CURVE('',#5000,#4996,#5743,.T.);
#4082=EDGE_CURVE('',#4997,#4701,#5744,.T.);
#4083=EDGE_CURVE('',#4700,#4998,#5745,.F.);
#4084=EDGE_CURVE('',#4999,#4699,#5746,.T.);
#4085=EDGE_CURVE('',#4698,#5000,#5747,.F.);
#4086=EDGE_CURVE('',#4694,#5001,#5748,.T.);
#4087=EDGE_CURVE('',#5001,#4719,#628,.F.);
#4088=EDGE_CURVE('',#4720,#5002,#629,.F.);
#4089=EDGE_CURVE('',#5002,#4689,#5749,.F.);
#4090=EDGE_CURVE('',#5003,#5001,#5750,.T.);
#4091=EDGE_CURVE('',#5004,#5003,#630,.T.);
#4092=EDGE_CURVE('',#5005,#5004,#5751,.T.);
#4093=EDGE_CURVE('',#5006,#5005,#631,.T.);
#4094=EDGE_CURVE('',#5002,#5006,#5752,.T.);
#4095=EDGE_CURVE('',#5005,#4691,#5753,.T.);
#4096=EDGE_CURVE('',#4690,#5006,#5754,.F.);
#4097=EDGE_CURVE('',#5003,#4693,#5755,.T.);
#4098=EDGE_CURVE('',#4692,#5004,#5756,.F.);
#4099=EDGE_CURVE('',#5007,#5008,#632,.T.);
#4100=EDGE_CURVE('',#5008,#4709,#5757,.T.);
#4101=EDGE_CURVE('',#4708,#5007,#5758,.F.);
#4102=EDGE_CURVE('',#5009,#5010,#633,.T.);
#4103=EDGE_CURVE('',#5010,#4711,#5759,.T.);
#4104=EDGE_CURVE('',#4710,#5009,#5760,.F.);
#4105=EDGE_CURVE('',#5008,#5009,#5761,.T.);
#4106=EDGE_CURVE('',#5010,#5011,#5762,.T.);
#4107=EDGE_CURVE('',#4712,#5011,#5763,.T.);
#4108=EDGE_CURVE('',#5012,#4707,#5764,.F.);
#4109=EDGE_CURVE('',#5012,#5007,#5765,.T.);
#4110=EDGE_CURVE('',#4644,#5012,#634,.F.);
#4111=EDGE_CURVE('',#5011,#4643,#635,.F.);
#4112=EDGE_CURVE('',#4641,#5013,#636,.F.);
#4113=EDGE_CURVE('',#5013,#4713,#5766,.T.);
#4114=EDGE_CURVE('',#4718,#5014,#5767,.F.);
#4115=EDGE_CURVE('',#5014,#4659,#637,.F.);
#4116=EDGE_CURVE('',#5014,#5015,#5768,.T.);
#4117=EDGE_CURVE('',#5016,#5015,#638,.T.);
#4118=EDGE_CURVE('',#5016,#5017,#5769,.T.);
#4119=EDGE_CURVE('',#5018,#5017,#639,.T.);
#4120=EDGE_CURVE('',#5018,#5013,#5770,.T.);
#4121=EDGE_CURVE('',#5015,#4717,#5771,.T.);
#4122=EDGE_CURVE('',#4716,#5016,#5772,.F.);
#4123=EDGE_CURVE('',#5017,#4715,#5773,.T.);
#4124=EDGE_CURVE('',#4714,#5018,#5774,.F.);
#4125=EDGE_CURVE('',#4639,#5019,#5775,.T.);
#4126=EDGE_CURVE('',#5019,#5020,#5776,.T.);
#4127=EDGE_CURVE('',#5020,#4983,#5777,.T.);
#4128=EDGE_CURVE('',#5020,#5021,#5778,.T.);
#4129=EDGE_CURVE('',#5021,#4992,#5779,.T.);
#4130=EDGE_CURVE('',#5022,#5021,#5780,.T.);
#4131=EDGE_CURVE('',#4993,#5022,#5781,.T.);
#4132=EDGE_CURVE('',#5019,#5022,#5782,.T.);
#4133=EDGE_CURVE('',#4994,#4638,#44,.T.);
#4134=EDGE_CURVE('',#5023,#4873,#5783,.T.);
#4135=EDGE_CURVE('',#5023,#5024,#5784,.T.);
#4136=EDGE_CURVE('',#4874,#5024,#5785,.F.);
#4137=EDGE_CURVE('',#5025,#4871,#5786,.T.);
#4138=EDGE_CURVE('',#5025,#5026,#5787,.T.);
#4139=EDGE_CURVE('',#4872,#5026,#5788,.F.);
#4140=EDGE_CURVE('',#4870,#5027,#5789,.F.);
#4141=EDGE_CURVE('',#5027,#5025,#640,.T.);
#4142=EDGE_CURVE('',#5026,#5023,#641,.T.);
#4143=EDGE_CURVE('',#5024,#5028,#642,.T.);
#4144=EDGE_CURVE('',#5028,#4875,#5790,.T.);
#4145=EDGE_CURVE('',#5029,#4865,#5791,.T.);
#4146=EDGE_CURVE('',#5029,#5030,#5792,.T.);
#4147=EDGE_CURVE('',#4845,#5030,#5793,.F.);
#4148=EDGE_CURVE('',#5028,#5031,#5794,.T.);
#4149=EDGE_CURVE('',#4864,#5031,#5795,.F.);
#4150=EDGE_CURVE('',#5032,#4846,#5796,.T.);
#4151=EDGE_CURVE('',#5032,#5027,#5797,.T.);
#4152=EDGE_CURVE('',#5030,#5032,#643,.T.);
#4153=EDGE_CURVE('',#5031,#5029,#644,.T.);
#4154=EDGE_CURVE('',#4963,#5033,#5798,.T.);
#4155=EDGE_CURVE('',#5033,#5034,#5799,.T.);
#4156=EDGE_CURVE('',#4962,#5034,#5800,.T.);
#4157=EDGE_CURVE('',#4965,#5035,#5801,.T.);
#4158=EDGE_CURVE('',#5033,#5035,#5802,.T.);
#4159=EDGE_CURVE('',#4964,#5036,#5803,.T.);
#4160=EDGE_CURVE('',#5035,#5036,#5804,.T.);
#4161=EDGE_CURVE('',#5034,#5036,#5805,.T.);
#4162=EDGE_CURVE('',#5037,#4886,#5806,.T.);
#4163=EDGE_CURVE('',#5037,#5038,#5807,.T.);
#4164=EDGE_CURVE('',#4887,#5038,#5808,.F.);
#4165=EDGE_CURVE('',#5039,#4884,#5809,.T.);
#4166=EDGE_CURVE('',#5039,#5040,#5810,.T.);
#4167=EDGE_CURVE('',#4885,#5040,#5811,.F.);
#4168=EDGE_CURVE('',#4883,#5041,#5812,.F.);
#4169=EDGE_CURVE('',#5041,#5039,#645,.T.);
#4170=EDGE_CURVE('',#5040,#5037,#646,.T.);
#4171=EDGE_CURVE('',#5038,#5042,#647,.T.);
#4172=EDGE_CURVE('',#5042,#4888,#5813,.T.);
#4173=EDGE_CURVE('',#5043,#4856,#5814,.T.);
#4174=EDGE_CURVE('',#5043,#5044,#5815,.T.);
#4175=EDGE_CURVE('',#4857,#5044,#5816,.F.);
#4176=EDGE_CURVE('',#5042,#5045,#5817,.T.);
#4177=EDGE_CURVE('',#4855,#5045,#5818,.F.);
#4178=EDGE_CURVE('',#5046,#4858,#5819,.T.);
#4179=EDGE_CURVE('',#5046,#5041,#5820,.T.);
#4180=EDGE_CURVE('',#5044,#5046,#648,.T.);
#4181=EDGE_CURVE('',#5045,#5043,#649,.T.);
#4182=EDGE_CURVE('',#4953,#5047,#5821,.T.);
#4183=EDGE_CURVE('',#5047,#5048,#5822,.T.);
#4184=EDGE_CURVE('',#4952,#5048,#5823,.T.);
#4185=EDGE_CURVE('',#4955,#5049,#5824,.T.);
#4186=EDGE_CURVE('',#5047,#5049,#5825,.T.);
#4187=EDGE_CURVE('',#4954,#5050,#5826,.T.);
#4188=EDGE_CURVE('',#5049,#5050,#5827,.T.);
#4189=EDGE_CURVE('',#5048,#5050,#5828,.T.);
#4190=EDGE_CURVE('',#5051,#4881,#5829,.T.);
#4191=EDGE_CURVE('',#5051,#5052,#5830,.T.);
#4192=EDGE_CURVE('',#4882,#5052,#5831,.F.);
#4193=EDGE_CURVE('',#4880,#5053,#5832,.F.);
#4194=EDGE_CURVE('',#5053,#5051,#650,.T.);
#4195=EDGE_CURVE('',#5054,#4877,#5833,.T.);
#4196=EDGE_CURVE('',#5054,#5055,#5834,.T.);
#4197=EDGE_CURVE('',#4878,#5055,#5835,.F.);
#4198=EDGE_CURVE('',#5052,#5054,#651,.T.);
#4199=EDGE_CURVE('',#5055,#5056,#652,.T.);
#4200=EDGE_CURVE('',#5056,#4879,#5836,.T.);
#4201=EDGE_CURVE('',#5057,#4850,#5837,.T.);
#4202=EDGE_CURVE('',#5057,#5058,#5838,.T.);
#4203=EDGE_CURVE('',#4851,#5058,#5839,.F.);
#4204=EDGE_CURVE('',#5056,#5059,#5840,.T.);
#4205=EDGE_CURVE('',#4849,#5059,#5841,.F.);
#4206=EDGE_CURVE('',#5060,#4852,#5842,.T.);
#4207=EDGE_CURVE('',#5060,#5053,#5843,.T.);
#4208=EDGE_CURVE('',#5058,#5060,#653,.T.);
#4209=EDGE_CURVE('',#5059,#5057,#654,.T.);
#4210=EDGE_CURVE('',#4943,#5061,#5844,.T.);
#4211=EDGE_CURVE('',#5061,#5062,#5845,.T.);
#4212=EDGE_CURVE('',#4942,#5062,#5846,.T.);
#4213=EDGE_CURVE('',#4945,#5063,#5847,.T.);
#4214=EDGE_CURVE('',#5061,#5063,#5848,.T.);
#4215=EDGE_CURVE('',#4944,#5064,#5849,.T.);
#4216=EDGE_CURVE('',#5063,#5064,#5850,.T.);
#4217=EDGE_CURVE('',#5062,#5064,#5851,.T.);
#4218=EDGE_CURVE('',#5065,#5066,#5852,.T.);
#4219=EDGE_CURVE('',#5067,#5065,#5853,.T.);
#4220=EDGE_CURVE('',#5067,#5068,#5854,.T.);
#4221=EDGE_CURVE('',#5068,#5066,#5855,.T.);
#4222=EDGE_CURVE('',#5065,#5069,#5856,.T.);
#4223=EDGE_CURVE('',#5070,#5069,#5857,.T.);
#4224=EDGE_CURVE('',#5067,#5070,#5858,.T.);
#4225=EDGE_CURVE('',#5069,#5071,#5859,.T.);
#4226=EDGE_CURVE('',#5072,#5071,#5860,.T.);
#4227=EDGE_CURVE('',#5070,#5072,#5861,.T.);
#4228=EDGE_CURVE('',#5066,#5071,#5862,.T.);
#4229=EDGE_CURVE('',#5068,#5072,#5863,.T.);
#4230=EDGE_CURVE('',#5073,#5074,#5864,.T.);
#4231=EDGE_CURVE('',#5074,#5075,#655,.T.);
#4232=EDGE_CURVE('',#5075,#5076,#5865,.T.);
#4233=EDGE_CURVE('',#5076,#5077,#656,.T.);
#4234=EDGE_CURVE('',#5077,#5078,#5866,.T.);
#4235=EDGE_CURVE('',#5078,#5079,#657,.T.);
#4236=EDGE_CURVE('',#5079,#5080,#5867,.T.);
#4237=EDGE_CURVE('',#5080,#5081,#658,.T.);
#4238=EDGE_CURVE('',#5081,#5082,#5868,.T.);
#4239=EDGE_CURVE('',#5082,#5073,#659,.T.);
#4240=EDGE_CURVE('',#5077,#5083,#5869,.F.);
#4241=EDGE_CURVE('',#5083,#5084,#5870,.T.);
#4242=EDGE_CURVE('',#5084,#5078,#5871,.T.);
#4243=EDGE_CURVE('',#5085,#5086,#660,.T.);
#4244=EDGE_CURVE('',#5086,#5087,#5872,.T.);
#4245=EDGE_CURVE('',#5087,#5076,#5873,.T.);
#4246=EDGE_CURVE('',#5075,#5085,#5874,.F.);
#4247=EDGE_CURVE('',#5073,#5088,#5875,.F.);
#4248=EDGE_CURVE('',#5088,#5089,#441,.T.);
#4249=EDGE_CURVE('',#5089,#5074,#5876,.T.);
#4250=EDGE_CURVE('',#5081,#5090,#5877,.F.);
#4251=EDGE_CURVE('',#5090,#5091,#442,.T.);
#4252=EDGE_CURVE('',#5091,#5082,#5878,.T.);
#4253=EDGE_CURVE('',#5079,#5092,#5879,.F.);
#4254=EDGE_CURVE('',#5092,#5093,#5880,.T.);
#4255=EDGE_CURVE('',#5093,#5094,#661,.T.);
#4256=EDGE_CURVE('',#5094,#5080,#5881,.T.);
#4257=EDGE_CURVE('',#5084,#5092,#443,.T.);
#4258=EDGE_CURVE('',#5094,#5090,#444,.T.);
#4259=EDGE_CURVE('',#5091,#5088,#445,.T.);
#4260=EDGE_CURVE('',#5089,#5085,#446,.T.);
#4261=EDGE_CURVE('',#5087,#5083,#447,.T.);
#4262=EDGE_CURVE('',#5095,#5096,#448,.F.);
#4263=EDGE_CURVE('',#5096,#5097,#449,.F.);
#4264=EDGE_CURVE('',#5098,#5097,#5882,.T.);
#4265=EDGE_CURVE('',#5098,#5099,#450,.F.);
#4266=EDGE_CURVE('',#5099,#5100,#451,.F.);
#4267=EDGE_CURVE('',#5100,#5101,#452,.F.);
#4268=EDGE_CURVE('',#5101,#5102,#453,.F.);
#4269=EDGE_CURVE('',#5102,#5095,#454,.F.);
#4270=EDGE_CURVE('',#5103,#5104,#455,.T.);
#4271=EDGE_CURVE('',#5104,#5098,#5883,.T.);
#4272=EDGE_CURVE('',#5097,#5105,#5884,.T.);
#4273=EDGE_CURVE('',#5105,#5106,#456,.T.);
#4274=EDGE_CURVE('',#5106,#5103,#5885,.T.);
#4275=EDGE_CURVE('',#5090,#5095,#457,.F.);
#4276=EDGE_CURVE('',#5096,#5094,#458,.T.);
#4277=EDGE_CURVE('',#5097,#5093,#459,.T.);
#4278=EDGE_CURVE('',#5091,#5102,#460,.F.);
#4279=EDGE_CURVE('',#5105,#5092,#461,.F.);
#4280=EDGE_CURVE('',#5088,#5101,#462,.F.);
#4281=EDGE_CURVE('',#5106,#5084,#463,.T.);
#4282=EDGE_CURVE('',#5089,#5100,#464,.F.);
#4283=EDGE_CURVE('',#5103,#5083,#465,.F.);
#4284=EDGE_CURVE('',#5085,#5099,#466,.T.);
#4285=EDGE_CURVE('',#5104,#5087,#467,.T.);
#4286=EDGE_CURVE('',#5086,#5098,#468,.T.);
#4287=EDGE_CURVE('',#5107,#5108,#5886,.T.);
#4288=EDGE_CURVE('',#5109,#5107,#5887,.T.);
#4289=EDGE_CURVE('',#5109,#5110,#5888,.T.);
#4290=EDGE_CURVE('',#5110,#5108,#5889,.T.);
#4291=EDGE_CURVE('',#5107,#5111,#5890,.T.);
#4292=EDGE_CURVE('',#5112,#5111,#5891,.T.);
#4293=EDGE_CURVE('',#5109,#5112,#5892,.T.);
#4294=EDGE_CURVE('',#5111,#5113,#5893,.T.);
#4295=EDGE_CURVE('',#5114,#5113,#5894,.T.);
#4296=EDGE_CURVE('',#5112,#5114,#5895,.T.);
#4297=EDGE_CURVE('',#5108,#5113,#5896,.T.);
#4298=EDGE_CURVE('',#5110,#5114,#5897,.T.);
#4299=EDGE_CURVE('',#5115,#5116,#5898,.T.);
#4300=EDGE_CURVE('',#5116,#5117,#662,.T.);
#4301=EDGE_CURVE('',#5117,#5118,#5899,.T.);
#4302=EDGE_CURVE('',#5118,#5119,#663,.T.);
#4303=EDGE_CURVE('',#5119,#5120,#5900,.T.);
#4304=EDGE_CURVE('',#5120,#5121,#664,.T.);
#4305=EDGE_CURVE('',#5121,#5122,#5901,.T.);
#4306=EDGE_CURVE('',#5122,#5123,#665,.T.);
#4307=EDGE_CURVE('',#5123,#5124,#5902,.T.);
#4308=EDGE_CURVE('',#5124,#5115,#666,.T.);
#4309=EDGE_CURVE('',#5119,#5125,#5903,.F.);
#4310=EDGE_CURVE('',#5125,#5126,#5904,.T.);
#4311=EDGE_CURVE('',#5126,#5120,#5905,.T.);
#4312=EDGE_CURVE('',#5127,#5128,#667,.T.);
#4313=EDGE_CURVE('',#5128,#5129,#5906,.T.);
#4314=EDGE_CURVE('',#5129,#5118,#5907,.T.);
#4315=EDGE_CURVE('',#5117,#5127,#5908,.F.);
#4316=EDGE_CURVE('',#5115,#5130,#5909,.F.);
#4317=EDGE_CURVE('',#5130,#5131,#469,.T.);
#4318=EDGE_CURVE('',#5131,#5116,#5910,.T.);
#4319=EDGE_CURVE('',#5123,#5132,#5911,.F.);
#4320=EDGE_CURVE('',#5132,#5133,#470,.T.);
#4321=EDGE_CURVE('',#5133,#5124,#5912,.T.);
#4322=EDGE_CURVE('',#5121,#5134,#5913,.F.);
#4323=EDGE_CURVE('',#5134,#5135,#5914,.T.);
#4324=EDGE_CURVE('',#5135,#5136,#668,.T.);
#4325=EDGE_CURVE('',#5136,#5122,#5915,.T.);
#4326=EDGE_CURVE('',#5126,#5134,#471,.T.);
#4327=EDGE_CURVE('',#5136,#5132,#472,.T.);
#4328=EDGE_CURVE('',#5133,#5130,#473,.T.);
#4329=EDGE_CURVE('',#5131,#5127,#474,.T.);
#4330=EDGE_CURVE('',#5129,#5125,#475,.T.);
#4331=EDGE_CURVE('',#5137,#5138,#476,.F.);
#4332=EDGE_CURVE('',#5138,#5139,#477,.F.);
#4333=EDGE_CURVE('',#5140,#5139,#5916,.T.);
#4334=EDGE_CURVE('',#5140,#5141,#478,.F.);
#4335=EDGE_CURVE('',#5141,#5142,#479,.F.);
#4336=EDGE_CURVE('',#5142,#5143,#480,.F.);
#4337=EDGE_CURVE('',#5143,#5144,#481,.F.);
#4338=EDGE_CURVE('',#5144,#5137,#482,.F.);
#4339=EDGE_CURVE('',#5145,#5146,#483,.T.);
#4340=EDGE_CURVE('',#5146,#5140,#5917,.T.);
#4341=EDGE_CURVE('',#5139,#5147,#5918,.T.);
#4342=EDGE_CURVE('',#5147,#5148,#484,.T.);
#4343=EDGE_CURVE('',#5148,#5145,#5919,.T.);
#4344=EDGE_CURVE('',#5132,#5137,#485,.F.);
#4345=EDGE_CURVE('',#5138,#5136,#486,.T.);
#4346=EDGE_CURVE('',#5139,#5135,#487,.T.);
#4347=EDGE_CURVE('',#5133,#5144,#488,.F.);
#4348=EDGE_CURVE('',#5147,#5134,#489,.F.);
#4349=EDGE_CURVE('',#5130,#5143,#490,.F.);
#4350=EDGE_CURVE('',#5148,#5126,#491,.T.);
#4351=EDGE_CURVE('',#5131,#5142,#492,.F.);
#4352=EDGE_CURVE('',#5145,#5125,#493,.F.);
#4353=EDGE_CURVE('',#5127,#5141,#494,.T.);
#4354=EDGE_CURVE('',#5146,#5129,#495,.T.);
#4355=EDGE_CURVE('',#5128,#5140,#496,.T.);
#4356=VERTEX_POINT('',#10940);
#4357=VERTEX_POINT('',#10941);
#4358=VERTEX_POINT('',#10943);
#4359=VERTEX_POINT('',#10945);
#4360=VERTEX_POINT('',#10949);
#4361=VERTEX_POINT('',#10951);
#4362=VERTEX_POINT('',#10955);
#4363=VERTEX_POINT('',#10957);
#4364=VERTEX_POINT('',#10965);
#4365=VERTEX_POINT('',#10966);
#4366=VERTEX_POINT('',#10968);
#4367=VERTEX_POINT('',#10970);
#4368=VERTEX_POINT('',#10972);
#4369=VERTEX_POINT('',#10974);
#4370=VERTEX_POINT('',#10976);
#4371=VERTEX_POINT('',#10978);
#4372=VERTEX_POINT('',#10980);
#4373=VERTEX_POINT('',#10982);
#4374=VERTEX_POINT('',#10986);
#4375=VERTEX_POINT('',#10988);
#4376=VERTEX_POINT('',#10992);
#4377=VERTEX_POINT('',#10993);
#4378=VERTEX_POINT('',#10995);
#4379=VERTEX_POINT('',#11000);
#4380=VERTEX_POINT('',#11005);
#4381=VERTEX_POINT('',#11009);
#4382=VERTEX_POINT('',#11014);
#4383=VERTEX_POINT('',#11018);
#4384=VERTEX_POINT('',#11020);
#4385=VERTEX_POINT('',#11022);
#4386=VERTEX_POINT('',#11069);
#4387=VERTEX_POINT('',#11070);
#4388=VERTEX_POINT('',#11075);
#4389=VERTEX_POINT('',#11077);
#4390=VERTEX_POINT('',#11082);
#4391=VERTEX_POINT('',#11087);
#4392=VERTEX_POINT('',#11095);
#4393=VERTEX_POINT('',#11101);
#4394=VERTEX_POINT('',#11116);
#4395=VERTEX_POINT('',#11117);
#4396=VERTEX_POINT('',#11120);
#4397=VERTEX_POINT('',#11126);
#4398=VERTEX_POINT('',#11288);
#4399=VERTEX_POINT('',#11289);
#4400=VERTEX_POINT('',#11291);
#4401=VERTEX_POINT('',#11293);
#4402=VERTEX_POINT('',#11295);
#4403=VERTEX_POINT('',#11297);
#4404=VERTEX_POINT('',#11299);
#4405=VERTEX_POINT('',#11301);
#4406=VERTEX_POINT('',#11303);
#4407=VERTEX_POINT('',#11306);
#4408=VERTEX_POINT('',#11307);
#4409=VERTEX_POINT('',#11309);
#4410=VERTEX_POINT('',#11311);
#4411=VERTEX_POINT('',#11315);
#4412=VERTEX_POINT('',#11316);
#4413=VERTEX_POINT('',#11318);
#4414=VERTEX_POINT('',#11320);
#4415=VERTEX_POINT('',#11323);
#4416=VERTEX_POINT('',#11324);
#4417=VERTEX_POINT('',#11326);
#4418=VERTEX_POINT('',#11328);
#4419=VERTEX_POINT('',#11331);
#4420=VERTEX_POINT('',#11332);
#4421=VERTEX_POINT('',#11334);
#4422=VERTEX_POINT('',#11336);
#4423=VERTEX_POINT('',#11338);
#4424=VERTEX_POINT('',#11340);
#4425=VERTEX_POINT('',#11342);
#4426=VERTEX_POINT('',#11344);
#4427=VERTEX_POINT('',#11346);
#4428=VERTEX_POINT('',#11348);
#4429=VERTEX_POINT('',#11350);
#4430=VERTEX_POINT('',#11352);
#4431=VERTEX_POINT('',#11354);
#4432=VERTEX_POINT('',#11356);
#4433=VERTEX_POINT('',#11358);
#4434=VERTEX_POINT('',#11360);
#4435=VERTEX_POINT('',#11362);
#4436=VERTEX_POINT('',#11364);
#4437=VERTEX_POINT('',#11366);
#4438=VERTEX_POINT('',#11368);
#4439=VERTEX_POINT('',#11370);
#4440=VERTEX_POINT('',#11372);
#4441=VERTEX_POINT('',#11374);
#4442=VERTEX_POINT('',#11376);
#4443=VERTEX_POINT('',#11378);
#4444=VERTEX_POINT('',#11380);
#4445=VERTEX_POINT('',#11382);
#4446=VERTEX_POINT('',#11384);
#4447=VERTEX_POINT('',#11386);
#4448=VERTEX_POINT('',#11388);
#4449=VERTEX_POINT('',#11390);
#4450=VERTEX_POINT('',#11392);
#4451=VERTEX_POINT('',#11394);
#4452=VERTEX_POINT('',#11399);
#4453=VERTEX_POINT('',#11404);
#4454=VERTEX_POINT('',#11406);
#4455=VERTEX_POINT('',#11408);
#4456=VERTEX_POINT('',#11410);
#4457=VERTEX_POINT('',#11412);
#4458=VERTEX_POINT('',#11414);
#4459=VERTEX_POINT('',#11416);
#4460=VERTEX_POINT('',#11418);
#4461=VERTEX_POINT('',#11420);
#4462=VERTEX_POINT('',#11422);
#4463=VERTEX_POINT('',#11424);
#4464=VERTEX_POINT('',#11426);
#4465=VERTEX_POINT('',#11428);
#4466=VERTEX_POINT('',#11430);
#4467=VERTEX_POINT('',#11432);
#4468=VERTEX_POINT('',#11434);
#4469=VERTEX_POINT('',#11436);
#4470=VERTEX_POINT('',#11438);
#4471=VERTEX_POINT('',#11440);
#4472=VERTEX_POINT('',#11442);
#4473=VERTEX_POINT('',#11444);
#4474=VERTEX_POINT('',#11446);
#4475=VERTEX_POINT('',#11448);
#4476=VERTEX_POINT('',#11451);
#4477=VERTEX_POINT('',#11452);
#4478=VERTEX_POINT('',#11454);
#4479=VERTEX_POINT('',#11456);
#4480=VERTEX_POINT('',#11458);
#4481=VERTEX_POINT('',#11460);
#4482=VERTEX_POINT('',#11474);
#4483=VERTEX_POINT('',#11482);
#4484=VERTEX_POINT('',#11484);
#4485=VERTEX_POINT('',#11504);
#4486=VERTEX_POINT('',#11505);
#4487=VERTEX_POINT('',#11546);
#4488=VERTEX_POINT('',#11555);
#4489=VERTEX_POINT('',#11557);
#4490=VERTEX_POINT('',#11595);
#4491=VERTEX_POINT('',#11604);
#4492=VERTEX_POINT('',#11617);
#4493=VERTEX_POINT('',#11618);
#4494=VERTEX_POINT('',#11623);
#4495=VERTEX_POINT('',#11625);
#4496=VERTEX_POINT('',#11629);
#4497=VERTEX_POINT('',#11630);
#4498=VERTEX_POINT('',#11635);
#4499=VERTEX_POINT('',#11636);
#4500=VERTEX_POINT('',#11641);
#4501=VERTEX_POINT('',#11642);
#4502=VERTEX_POINT('',#11644);
#4503=VERTEX_POINT('',#11646);
#4504=VERTEX_POINT('',#11648);
#4505=VERTEX_POINT('',#11650);
#4506=VERTEX_POINT('',#11653);
#4507=VERTEX_POINT('',#11655);
#4508=VERTEX_POINT('',#11657);
#4509=VERTEX_POINT('',#11659);
#4510=VERTEX_POINT('',#11661);
#4511=VERTEX_POINT('',#11663);
#4512=VERTEX_POINT('',#11665);
#4513=VERTEX_POINT('',#11667);
#4514=VERTEX_POINT('',#11669);
#4515=VERTEX_POINT('',#11671);
#4516=VERTEX_POINT('',#11674);
#4517=VERTEX_POINT('',#11676);
#4518=VERTEX_POINT('',#11678);
#4519=VERTEX_POINT('',#11680);
#4520=VERTEX_POINT('',#11682);
#4521=VERTEX_POINT('',#11684);
#4522=VERTEX_POINT('',#11687);
#4523=VERTEX_POINT('',#11689);
#4524=VERTEX_POINT('',#11692);
#4525=VERTEX_POINT('',#11694);
#4526=VERTEX_POINT('',#11696);
#4527=VERTEX_POINT('',#11698);
#4528=VERTEX_POINT('',#11700);
#4529=VERTEX_POINT('',#11702);
#4530=VERTEX_POINT('',#11704);
#4531=VERTEX_POINT('',#11706);
#4532=VERTEX_POINT('',#11708);
#4533=VERTEX_POINT('',#11710);
#4534=VERTEX_POINT('',#11724);
#4535=VERTEX_POINT('',#11726);
#4536=VERTEX_POINT('',#11728);
#4537=VERTEX_POINT('',#11730);
#4538=VERTEX_POINT('',#11733);
#4539=VERTEX_POINT('',#11735);
#4540=VERTEX_POINT('',#11737);
#4541=VERTEX_POINT('',#11739);
#4542=VERTEX_POINT('',#11742);
#4543=VERTEX_POINT('',#11744);
#4544=VERTEX_POINT('',#11746);
#4545=VERTEX_POINT('',#11748);
#4546=VERTEX_POINT('',#11813);
#4547=VERTEX_POINT('',#11814);
#4548=VERTEX_POINT('',#11816);
#4549=VERTEX_POINT('',#11818);
#4550=VERTEX_POINT('',#11822);
#4551=VERTEX_POINT('',#11825);
#4552=VERTEX_POINT('',#11827);
#4553=VERTEX_POINT('',#11829);
#4554=VERTEX_POINT('',#11831);
#4555=VERTEX_POINT('',#11835);
#4556=VERTEX_POINT('',#11836);
#4557=VERTEX_POINT('',#11838);
#4558=VERTEX_POINT('',#11840);
#4559=VERTEX_POINT('',#11844);
#4560=VERTEX_POINT('',#11847);
#4561=VERTEX_POINT('',#11849);
#4562=VERTEX_POINT('',#11851);
#4563=VERTEX_POINT('',#11853);
#4564=VERTEX_POINT('',#11863);
#4565=VERTEX_POINT('',#11864);
#4566=VERTEX_POINT('',#11866);
#4567=VERTEX_POINT('',#11868);
#4568=VERTEX_POINT('',#11872);
#4569=VERTEX_POINT('',#11874);
#4570=VERTEX_POINT('',#11876);
#4571=VERTEX_POINT('',#11878);
#4572=VERTEX_POINT('',#11880);
#4573=VERTEX_POINT('',#11882);
#4574=VERTEX_POINT('',#11884);
#4575=VERTEX_POINT('',#11888);
#4576=VERTEX_POINT('',#11890);
#4577=VERTEX_POINT('',#11894);
#4578=VERTEX_POINT('',#11897);
#4579=VERTEX_POINT('',#11899);
#4580=VERTEX_POINT('',#11901);
#4581=VERTEX_POINT('',#11903);
#4582=VERTEX_POINT('',#11913);
#4583=VERTEX_POINT('',#11914);
#4584=VERTEX_POINT('',#11916);
#4585=VERTEX_POINT('',#11918);
#4586=VERTEX_POINT('',#11922);
#4587=VERTEX_POINT('',#11924);
#4588=VERTEX_POINT('',#11926);
#4589=VERTEX_POINT('',#11928);
#4590=VERTEX_POINT('',#11930);
#4591=VERTEX_POINT('',#11932);
#4592=VERTEX_POINT('',#11934);
#4593=VERTEX_POINT('',#11938);
#4594=VERTEX_POINT('',#11940);
#4595=VERTEX_POINT('',#11944);
#4596=VERTEX_POINT('',#11947);
#4597=VERTEX_POINT('',#11949);
#4598=VERTEX_POINT('',#11951);
#4599=VERTEX_POINT('',#11953);
#4600=VERTEX_POINT('',#11996);
#4601=VERTEX_POINT('',#11998);
#4602=VERTEX_POINT('',#12002);
#4603=VERTEX_POINT('',#12006);
#4604=VERTEX_POINT('',#12013);
#4605=VERTEX_POINT('',#12015);
#4606=VERTEX_POINT('',#12019);
#4607=VERTEX_POINT('',#12023);
#4608=VERTEX_POINT('',#12030);
#4609=VERTEX_POINT('',#12032);
#4610=VERTEX_POINT('',#12036);
#4611=VERTEX_POINT('',#12040);
#4612=VERTEX_POINT('',#12044);
#4613=VERTEX_POINT('',#12048);
#4614=VERTEX_POINT('',#12055);
#4615=VERTEX_POINT('',#12057);
#4616=VERTEX_POINT('',#12061);
#4617=VERTEX_POINT('',#12063);
#4618=VERTEX_POINT('',#12072);
#4619=VERTEX_POINT('',#12073);
#4620=VERTEX_POINT('',#12095);
#4621=VERTEX_POINT('',#12096);
#4622=VERTEX_POINT('',#12101);
#4623=VERTEX_POINT('',#12109);
#4624=VERTEX_POINT('',#12114);
#4625=VERTEX_POINT('',#12116);
#4626=VERTEX_POINT('',#12130);
#4627=VERTEX_POINT('',#12135);
#4628=VERTEX_POINT('',#12137);
#4629=VERTEX_POINT('',#12157);
#4630=VERTEX_POINT('',#12158);
#4631=VERTEX_POINT('',#12163);
#4632=VERTEX_POINT('',#12165);
#4633=VERTEX_POINT('',#12170);
#4634=VERTEX_POINT('',#12185);
#4635=VERTEX_POINT('',#12187);
#4636=VERTEX_POINT('',#12194);
#4637=VERTEX_POINT('',#12195);
#4638=VERTEX_POINT('',#12198);
#4639=VERTEX_POINT('',#12200);
#4640=VERTEX_POINT('',#12204);
#4641=VERTEX_POINT('',#12205);
#4642=VERTEX_POINT('',#12207);
#4643=VERTEX_POINT('',#12209);
#4644=VERTEX_POINT('',#12211);
#4645=VERTEX_POINT('',#12213);
#4646=VERTEX_POINT('',#12215);
#4647=VERTEX_POINT('',#12217);
#4648=VERTEX_POINT('',#12219);
#4649=VERTEX_POINT('',#12221);
#4650=VERTEX_POINT('',#12223);
#4651=VERTEX_POINT('',#12225);
#4652=VERTEX_POINT('',#12227);
#4653=VERTEX_POINT('',#12229);
#4654=VERTEX_POINT('',#12231);
#4655=VERTEX_POINT('',#12233);
#4656=VERTEX_POINT('',#12235);
#4657=VERTEX_POINT('',#12237);
#4658=VERTEX_POINT('',#12239);
#4659=VERTEX_POINT('',#12241);
#4660=VERTEX_POINT('',#12245);
#4661=VERTEX_POINT('',#12246);
#4662=VERTEX_POINT('',#12266);
#4663=VERTEX_POINT('',#12268);
#4664=VERTEX_POINT('',#12270);
#4665=VERTEX_POINT('',#12272);
#4666=VERTEX_POINT('',#12274);
#4667=VERTEX_POINT('',#12276);
#4668=VERTEX_POINT('',#12278);
#4669=VERTEX_POINT('',#12280);
#4670=VERTEX_POINT('',#12282);
#4671=VERTEX_POINT('',#12284);
#4672=VERTEX_POINT('',#12303);
#4673=VERTEX_POINT('',#12305);
#4674=VERTEX_POINT('',#12307);
#4675=VERTEX_POINT('',#12326);
#4676=VERTEX_POINT('',#12328);
#4677=VERTEX_POINT('',#12330);
#4678=VERTEX_POINT('',#12332);
#4679=VERTEX_POINT('',#12334);
#4680=VERTEX_POINT('',#12336);
#4681=VERTEX_POINT('',#12338);
#4682=VERTEX_POINT('',#12340);
#4683=VERTEX_POINT('',#12342);
#4684=VERTEX_POINT('',#12344);
#4685=VERTEX_POINT('',#12364);
#4686=VERTEX_POINT('',#12366);
#4687=VERTEX_POINT('',#12368);
#4688=VERTEX_POINT('',#12370);
#4689=VERTEX_POINT('',#12372);
#4690=VERTEX_POINT('',#12374);
#4691=VERTEX_POINT('',#12376);
#4692=VERTEX_POINT('',#12378);
#4693=VERTEX_POINT('',#12380);
#4694=VERTEX_POINT('',#12382);
#4695=VERTEX_POINT('',#12384);
#4696=VERTEX_POINT('',#12386);
#4697=VERTEX_POINT('',#12388);
#4698=VERTEX_POINT('',#12390);
#4699=VERTEX_POINT('',#12392);
#4700=VERTEX_POINT('',#12394);
#4701=VERTEX_POINT('',#12396);
#4702=VERTEX_POINT('',#12398);
#4703=VERTEX_POINT('',#12400);
#4704=VERTEX_POINT('',#12402);
#4705=VERTEX_POINT('',#12404);
#4706=VERTEX_POINT('',#12406);
#4707=VERTEX_POINT('',#12409);
#4708=VERTEX_POINT('',#12411);
#4709=VERTEX_POINT('',#12413);
#4710=VERTEX_POINT('',#12415);
#4711=VERTEX_POINT('',#12417);
#4712=VERTEX_POINT('',#12419);
#4713=VERTEX_POINT('',#12422);
#4714=VERTEX_POINT('',#12424);
#4715=VERTEX_POINT('',#12426);
#4716=VERTEX_POINT('',#12428);
#4717=VERTEX_POINT('',#12430);
#4718=VERTEX_POINT('',#12432);
#4719=VERTEX_POINT('',#12437);
#4720=VERTEX_POINT('',#12439);
#4721=VERTEX_POINT('',#12442);
#4722=VERTEX_POINT('',#12444);
#4723=VERTEX_POINT('',#12447);
#4724=VERTEX_POINT('',#12449);
#4725=VERTEX_POINT('',#12453);
#4726=VERTEX_POINT('',#12454);
#4727=VERTEX_POINT('',#12457);
#4728=VERTEX_POINT('',#12459);
#4729=VERTEX_POINT('',#12464);
#4730=VERTEX_POINT('',#12465);
#4731=VERTEX_POINT('',#12467);
#4732=VERTEX_POINT('',#12469);
#4733=VERTEX_POINT('',#12471);
#4734=VERTEX_POINT('',#12473);
#4735=VERTEX_POINT('',#12476);
#4736=VERTEX_POINT('',#12478);
#4737=VERTEX_POINT('',#12480);
#4738=VERTEX_POINT('',#12482);
#4739=VERTEX_POINT('',#12484);
#4740=VERTEX_POINT('',#12486);
#4741=VERTEX_POINT('',#12488);
#4742=VERTEX_POINT('',#12490);
#4743=VERTEX_POINT('',#12492);
#4744=VERTEX_POINT('',#12494);
#4745=VERTEX_POINT('',#12496);
#4746=VERTEX_POINT('',#12498);
#4747=VERTEX_POINT('',#12500);
#4748=VERTEX_POINT('',#12502);
#4749=VERTEX_POINT('',#12504);
#4750=VERTEX_POINT('',#12506);
#4751=VERTEX_POINT('',#12510);
#4752=VERTEX_POINT('',#12511);
#4753=VERTEX_POINT('',#12513);
#4754=VERTEX_POINT('',#12515);
#4755=VERTEX_POINT('',#12519);
#4756=VERTEX_POINT('',#12520);
#4757=VERTEX_POINT('',#12522);
#4758=VERTEX_POINT('',#12524);
#4759=VERTEX_POINT('',#12528);
#4760=VERTEX_POINT('',#12529);
#4761=VERTEX_POINT('',#12531);
#4762=VERTEX_POINT('',#12533);
#4763=VERTEX_POINT('',#12537);
#4764=VERTEX_POINT('',#12538);
#4765=VERTEX_POINT('',#12540);
#4766=VERTEX_POINT('',#12542);
#4767=VERTEX_POINT('',#12546);
#4768=VERTEX_POINT('',#12547);
#4769=VERTEX_POINT('',#12549);
#4770=VERTEX_POINT('',#12551);
#4771=VERTEX_POINT('',#12553);
#4772=VERTEX_POINT('',#12555);
#4773=VERTEX_POINT('',#12557);
#4774=VERTEX_POINT('',#12559);
#4775=VERTEX_POINT('',#12563);
#4776=VERTEX_POINT('',#12564);
#4777=VERTEX_POINT('',#12566);
#4778=VERTEX_POINT('',#12568);
#4779=VERTEX_POINT('',#12573);
#4780=VERTEX_POINT('',#12575);
#4781=VERTEX_POINT('',#12577);
#4782=VERTEX_POINT('',#12579);
#4783=VERTEX_POINT('',#12582);
#4784=VERTEX_POINT('',#12584);
#4785=VERTEX_POINT('',#12586);
#4786=VERTEX_POINT('',#12588);
#4787=VERTEX_POINT('',#12592);
#4788=VERTEX_POINT('',#12593);
#4789=VERTEX_POINT('',#12595);
#4790=VERTEX_POINT('',#12598);
#4791=VERTEX_POINT('',#12600);
#4792=VERTEX_POINT('',#12602);
#4793=VERTEX_POINT('',#12604);
#4794=VERTEX_POINT('',#12607);
#4795=VERTEX_POINT('',#12611);
#4796=VERTEX_POINT('',#12613);
#4797=VERTEX_POINT('',#12620);
#4798=VERTEX_POINT('',#12622);
#4799=VERTEX_POINT('',#12624);
#4800=VERTEX_POINT('',#12626);
#4801=VERTEX_POINT('',#12630);
#4802=VERTEX_POINT('',#12632);
#4803=VERTEX_POINT('',#12635);
#4804=VERTEX_POINT('',#12637);
#4805=VERTEX_POINT('',#12651);
#4806=VERTEX_POINT('',#12656);
#4807=VERTEX_POINT('',#12661);
#4808=VERTEX_POINT('',#12663);
#4809=VERTEX_POINT('',#12680);
#4810=VERTEX_POINT('',#12689);
#4811=VERTEX_POINT('',#12703);
#4812=VERTEX_POINT('',#12704);
#4813=VERTEX_POINT('',#12709);
#4814=VERTEX_POINT('',#12714);
#4815=VERTEX_POINT('',#12728);
#4816=VERTEX_POINT('',#12729);
#4817=VERTEX_POINT('',#12811);
#4818=VERTEX_POINT('',#12835);
#4819=VERTEX_POINT('',#12854);
#4820=VERTEX_POINT('',#12878);
#4821=VERTEX_POINT('',#12883);
#4822=VERTEX_POINT('',#12914);
#4823=VERTEX_POINT('',#12919);
#4824=VERTEX_POINT('',#12933);
#4825=VERTEX_POINT('',#12934);
#4826=VERTEX_POINT('',#12943);
#4827=VERTEX_POINT('',#13021);
#4828=VERTEX_POINT('',#13022);
#4829=VERTEX_POINT('',#13046);
#4830=VERTEX_POINT('',#13065);
#4831=VERTEX_POINT('',#13089);
#4832=VERTEX_POINT('',#13098);
#4833=VERTEX_POINT('',#13143);
#4834=VERTEX_POINT('',#13150);
#4835=VERTEX_POINT('',#13188);
#4836=VERTEX_POINT('',#13189);
#4837=VERTEX_POINT('',#13191);
#4838=VERTEX_POINT('',#13227);
#4839=VERTEX_POINT('',#13229);
#4840=VERTEX_POINT('',#13267);
#4841=VERTEX_POINT('',#13269);
#4842=VERTEX_POINT('',#13305);
#4843=VERTEX_POINT('',#13309);
#4844=VERTEX_POINT('',#13311);
#4845=VERTEX_POINT('',#13315);
#4846=VERTEX_POINT('',#13316);
#4847=VERTEX_POINT('',#13318);
#4848=VERTEX_POINT('',#13320);
#4849=VERTEX_POINT('',#13322);
#4850=VERTEX_POINT('',#13324);
#4851=VERTEX_POINT('',#13326);
#4852=VERTEX_POINT('',#13328);
#4853=VERTEX_POINT('',#13330);
#4854=VERTEX_POINT('',#13332);
#4855=VERTEX_POINT('',#13334);
#4856=VERTEX_POINT('',#13336);
#4857=VERTEX_POINT('',#13338);
#4858=VERTEX_POINT('',#13340);
#4859=VERTEX_POINT('',#13342);
#4860=VERTEX_POINT('',#13344);
#4861=VERTEX_POINT('',#13346);
#4862=VERTEX_POINT('',#13348);
#4863=VERTEX_POINT('',#13351);
#4864=VERTEX_POINT('',#13353);
#4865=VERTEX_POINT('',#13355);
#4866=VERTEX_POINT('',#13359);
#4867=VERTEX_POINT('',#13361);
#4868=VERTEX_POINT('',#13365);
#4869=VERTEX_POINT('',#13367);
#4870=VERTEX_POINT('',#13605);
#4871=VERTEX_POINT('',#13610);
#4872=VERTEX_POINT('',#13615);
#4873=VERTEX_POINT('',#13620);
#4874=VERTEX_POINT('',#13625);
#4875=VERTEX_POINT('',#13630);
#4876=VERTEX_POINT('',#13639);
#4877=VERTEX_POINT('',#13644);
#4878=VERTEX_POINT('',#13649);
#4879=VERTEX_POINT('',#13654);
#4880=VERTEX_POINT('',#13671);
#4881=VERTEX_POINT('',#13676);
#4882=VERTEX_POINT('',#13681);
#4883=VERTEX_POINT('',#13694);
#4884=VERTEX_POINT('',#13699);
#4885=VERTEX_POINT('',#13704);
#4886=VERTEX_POINT('',#13709);
#4887=VERTEX_POINT('',#13714);
#4888=VERTEX_POINT('',#13719);
#4889=VERTEX_POINT('',#13814);
#4890=VERTEX_POINT('',#13815);
#4891=VERTEX_POINT('',#13952);
#4892=VERTEX_POINT('',#13953);
#4893=VERTEX_POINT('',#14002);
#4894=VERTEX_POINT('',#14003);
#4895=VERTEX_POINT('',#14022);
#4896=VERTEX_POINT('',#14024);
#4897=VERTEX_POINT('',#14029);
#4898=VERTEX_POINT('',#14031);
#4899=VERTEX_POINT('',#14036);
#4900=VERTEX_POINT('',#14038);
#4901=VERTEX_POINT('',#14066);
#4902=VERTEX_POINT('',#14067);
#4903=VERTEX_POINT('',#14114);
#4904=VERTEX_POINT('',#14142);
#4905=VERTEX_POINT('',#14147);
#4906=VERTEX_POINT('',#14152);
#4907=VERTEX_POINT('',#14176);
#4908=VERTEX_POINT('',#14178);
#4909=VERTEX_POINT('',#14180);
#4910=VERTEX_POINT('',#14182);
#4911=VERTEX_POINT('',#14184);
#4912=VERTEX_POINT('',#14186);
#4913=VERTEX_POINT('',#14206);
#4914=VERTEX_POINT('',#14207);
#4915=VERTEX_POINT('',#14226);
#4916=VERTEX_POINT('',#14228);
#4917=VERTEX_POINT('',#14251);
#4918=VERTEX_POINT('',#14253);
#4919=VERTEX_POINT('',#14258);
#4920=VERTEX_POINT('',#14260);
#4921=VERTEX_POINT('',#14289);
#4922=VERTEX_POINT('',#14294);
#4923=VERTEX_POINT('',#14299);
#4924=VERTEX_POINT('',#14328);
#4925=VERTEX_POINT('',#14329);
#4926=VERTEX_POINT('',#14353);
#4927=VERTEX_POINT('',#14355);
#4928=VERTEX_POINT('',#14357);
#4929=VERTEX_POINT('',#14359);
#4930=VERTEX_POINT('',#14361);
#4931=VERTEX_POINT('',#14363);
#4932=VERTEX_POINT('',#14387);
#4933=VERTEX_POINT('',#14969);
#4934=VERTEX_POINT('',#14971);
#4935=VERTEX_POINT('',#14990);
#4936=VERTEX_POINT('',#14991);
#4937=VERTEX_POINT('',#14993);
#4938=VERTEX_POINT('',#14995);
#4939=VERTEX_POINT('',#15013);
#4940=VERTEX_POINT('',#15015);
#4941=VERTEX_POINT('',#15018);
#4942=VERTEX_POINT('',#15022);
#4943=VERTEX_POINT('',#15023);
#4944=VERTEX_POINT('',#15025);
#4945=VERTEX_POINT('',#15027);
#4946=VERTEX_POINT('',#15030);
#4947=VERTEX_POINT('',#15034);
#4948=VERTEX_POINT('',#15035);
#4949=VERTEX_POINT('',#15041);
#4950=VERTEX_POINT('',#15042);
#4951=VERTEX_POINT('',#15045);
#4952=VERTEX_POINT('',#15050);
#4953=VERTEX_POINT('',#15051);
#4954=VERTEX_POINT('',#15053);
#4955=VERTEX_POINT('',#15055);
#4956=VERTEX_POINT('',#15058);
#4957=VERTEX_POINT('',#15062);
#4958=VERTEX_POINT('',#15064);
#4959=VERTEX_POINT('',#15069);
#4960=VERTEX_POINT('',#15071);
#4961=VERTEX_POINT('',#15074);
#4962=VERTEX_POINT('',#15078);
#4963=VERTEX_POINT('',#15079);
#4964=VERTEX_POINT('',#15081);
#4965=VERTEX_POINT('',#15083);
#4966=VERTEX_POINT('',#15086);
#4967=VERTEX_POINT('',#15090);
#4968=VERTEX_POINT('',#15091);
#4969=VERTEX_POINT('',#15100);
#4970=VERTEX_POINT('',#15101);
#4971=VERTEX_POINT('',#15110);
#4972=VERTEX_POINT('',#15111);
#4973=VERTEX_POINT('',#15116);
#4974=VERTEX_POINT('',#15117);
#4975=VERTEX_POINT('',#15126);
#4976=VERTEX_POINT('',#15127);
#4977=VERTEX_POINT('',#15136);
#4978=VERTEX_POINT('',#15137);
#4979=VERTEX_POINT('',#15142);
#4980=VERTEX_POINT('',#15144);
#4981=VERTEX_POINT('',#15189);
#4982=VERTEX_POINT('',#15190);
#4983=VERTEX_POINT('',#15199);
#4984=VERTEX_POINT('',#15201);
#4985=VERTEX_POINT('',#15207);
#4986=VERTEX_POINT('',#15212);
#4987=VERTEX_POINT('',#15246);
#4988=VERTEX_POINT('',#15247);
#4989=VERTEX_POINT('',#15252);
#4990=VERTEX_POINT('',#15259);
#4991=VERTEX_POINT('',#15264);
#4992=VERTEX_POINT('',#15270);
#4993=VERTEX_POINT('',#15287);
#4994=VERTEX_POINT('',#15289);
#4995=VERTEX_POINT('',#15293);
#4996=VERTEX_POINT('',#15297);
#4997=VERTEX_POINT('',#15301);
#4998=VERTEX_POINT('',#15303);
#4999=VERTEX_POINT('',#15305);
#5000=VERTEX_POINT('',#15307);
#5001=VERTEX_POINT('',#15320);
#5002=VERTEX_POINT('',#15324);
#5003=VERTEX_POINT('',#15328);
#5004=VERTEX_POINT('',#15330);
#5005=VERTEX_POINT('',#15332);
#5006=VERTEX_POINT('',#15334);
#5007=VERTEX_POINT('',#15347);
#5008=VERTEX_POINT('',#15348);
#5009=VERTEX_POINT('',#15353);
#5010=VERTEX_POINT('',#15354);
#5011=VERTEX_POINT('',#15361);
#5012=VERTEX_POINT('',#15365);
#5013=VERTEX_POINT('',#15374);
#5014=VERTEX_POINT('',#15378);
#5015=VERTEX_POINT('',#15382);
#5016=VERTEX_POINT('',#15384);
#5017=VERTEX_POINT('',#15386);
#5018=VERTEX_POINT('',#15388);
#5019=VERTEX_POINT('',#15401);
#5020=VERTEX_POINT('',#15403);
#5021=VERTEX_POINT('',#15407);
#5022=VERTEX_POINT('',#15411);
#5023=VERTEX_POINT('',#15445);
#5024=VERTEX_POINT('',#15447);
#5025=VERTEX_POINT('',#15451);
#5026=VERTEX_POINT('',#15453);
#5027=VERTEX_POINT('',#15457);
#5028=VERTEX_POINT('',#15463);
#5029=VERTEX_POINT('',#15467);
#5030=VERTEX_POINT('',#15469);
#5031=VERTEX_POINT('',#15473);
#5032=VERTEX_POINT('',#15477);
#5033=VERTEX_POINT('',#15485);
#5034=VERTEX_POINT('',#15487);
#5035=VERTEX_POINT('',#15491);
#5036=VERTEX_POINT('',#15495);
#5037=VERTEX_POINT('',#15502);
#5038=VERTEX_POINT('',#15504);
#5039=VERTEX_POINT('',#15508);
#5040=VERTEX_POINT('',#15510);
#5041=VERTEX_POINT('',#15514);
#5042=VERTEX_POINT('',#15520);
#5043=VERTEX_POINT('',#15524);
#5044=VERTEX_POINT('',#15526);
#5045=VERTEX_POINT('',#15530);
#5046=VERTEX_POINT('',#15534);
#5047=VERTEX_POINT('',#15542);
#5048=VERTEX_POINT('',#15544);
#5049=VERTEX_POINT('',#15548);
#5050=VERTEX_POINT('',#15552);
#5051=VERTEX_POINT('',#15559);
#5052=VERTEX_POINT('',#15561);
#5053=VERTEX_POINT('',#15565);
#5054=VERTEX_POINT('',#15569);
#5055=VERTEX_POINT('',#15571);
#5056=VERTEX_POINT('',#15577);
#5057=VERTEX_POINT('',#15581);
#5058=VERTEX_POINT('',#15583);
#5059=VERTEX_POINT('',#15587);
#5060=VERTEX_POINT('',#15591);
#5061=VERTEX_POINT('',#15599);
#5062=VERTEX_POINT('',#15601);
#5063=VERTEX_POINT('',#15605);
#5064=VERTEX_POINT('',#15609);
#5065=VERTEX_POINT('',#15617);
#5066=VERTEX_POINT('',#15618);
#5067=VERTEX_POINT('',#15620);
#5068=VERTEX_POINT('',#15622);
#5069=VERTEX_POINT('',#15626);
#5070=VERTEX_POINT('',#15628);
#5071=VERTEX_POINT('',#15632);
#5072=VERTEX_POINT('',#15634);
#5073=VERTEX_POINT('',#15642);
#5074=VERTEX_POINT('',#15643);
#5075=VERTEX_POINT('',#15645);
#5076=VERTEX_POINT('',#15647);
#5077=VERTEX_POINT('',#15649);
#5078=VERTEX_POINT('',#15651);
#5079=VERTEX_POINT('',#15653);
#5080=VERTEX_POINT('',#15655);
#5081=VERTEX_POINT('',#15657);
#5082=VERTEX_POINT('',#15659);
#5083=VERTEX_POINT('',#15663);
#5084=VERTEX_POINT('',#15665);
#5085=VERTEX_POINT('',#15669);
#5086=VERTEX_POINT('',#15670);
#5087=VERTEX_POINT('',#15672);
#5088=VERTEX_POINT('',#15677);
#5089=VERTEX_POINT('',#15682);
#5090=VERTEX_POINT('',#15686);
#5091=VERTEX_POINT('',#15691);
#5092=VERTEX_POINT('',#15695);
#5093=VERTEX_POINT('',#15697);
#5094=VERTEX_POINT('',#15699);
#5095=VERTEX_POINT('',#15746);
#5096=VERTEX_POINT('',#15747);
#5097=VERTEX_POINT('',#15752);
#5098=VERTEX_POINT('',#15754);
#5099=VERTEX_POINT('',#15759);
#5100=VERTEX_POINT('',#15764);
#5101=VERTEX_POINT('',#15772);
#5102=VERTEX_POINT('',#15778);
#5103=VERTEX_POINT('',#15793);
#5104=VERTEX_POINT('',#15794);
#5105=VERTEX_POINT('',#15797);
#5106=VERTEX_POINT('',#15803);
#5107=VERTEX_POINT('',#15965);
#5108=VERTEX_POINT('',#15966);
#5109=VERTEX_POINT('',#15968);
#5110=VERTEX_POINT('',#15970);
#5111=VERTEX_POINT('',#15974);
#5112=VERTEX_POINT('',#15976);
#5113=VERTEX_POINT('',#15980);
#5114=VERTEX_POINT('',#15982);
#5115=VERTEX_POINT('',#15990);
#5116=VERTEX_POINT('',#15991);
#5117=VERTEX_POINT('',#15993);
#5118=VERTEX_POINT('',#15995);
#5119=VERTEX_POINT('',#15997);
#5120=VERTEX_POINT('',#15999);
#5121=VERTEX_POINT('',#16001);
#5122=VERTEX_POINT('',#16003);
#5123=VERTEX_POINT('',#16005);
#5124=VERTEX_POINT('',#16007);
#5125=VERTEX_POINT('',#16011);
#5126=VERTEX_POINT('',#16013);
#5127=VERTEX_POINT('',#16017);
#5128=VERTEX_POINT('',#16018);
#5129=VERTEX_POINT('',#16020);
#5130=VERTEX_POINT('',#16025);
#5131=VERTEX_POINT('',#16030);
#5132=VERTEX_POINT('',#16034);
#5133=VERTEX_POINT('',#16039);
#5134=VERTEX_POINT('',#16043);
#5135=VERTEX_POINT('',#16045);
#5136=VERTEX_POINT('',#16047);
#5137=VERTEX_POINT('',#16094);
#5138=VERTEX_POINT('',#16095);
#5139=VERTEX_POINT('',#16100);
#5140=VERTEX_POINT('',#16102);
#5141=VERTEX_POINT('',#16107);
#5142=VERTEX_POINT('',#16112);
#5143=VERTEX_POINT('',#16120);
#5144=VERTEX_POINT('',#16126);
#5145=VERTEX_POINT('',#16141);
#5146=VERTEX_POINT('',#16142);
#5147=VERTEX_POINT('',#16145);
#5148=VERTEX_POINT('',#16151);
#5149=LINE('',#10939,#5920);
#5150=LINE('',#10942,#5921);
#5151=LINE('',#10944,#5922);
#5152=LINE('',#10946,#5923);
#5153=LINE('',#10948,#5924);
#5154=LINE('',#10950,#5925);
#5155=LINE('',#10952,#5926);
#5156=LINE('',#10954,#5927);
#5157=LINE('',#10956,#5928);
#5158=LINE('',#10958,#5929);
#5159=LINE('',#10960,#5930);
#5160=LINE('',#10961,#5931);
#5161=LINE('',#10964,#5932);
#5162=LINE('',#10969,#5933);
#5163=LINE('',#10973,#5934);
#5164=LINE('',#10977,#5935);
#5165=LINE('',#10981,#5936);
#5166=LINE('',#10985,#5937);
#5167=LINE('',#10987,#5938);
#5168=LINE('',#10989,#5939);
#5169=LINE('',#10994,#5940);
#5170=LINE('',#10996,#5941);
#5171=LINE('',#10997,#5942);
#5172=LINE('',#10999,#5943);
#5173=LINE('',#11006,#5944);
#5174=LINE('',#11008,#5945);
#5175=LINE('',#11015,#5946);
#5176=LINE('',#11017,#5947);
#5177=LINE('',#11019,#5948);
#5178=LINE('',#11023,#5949);
#5179=LINE('',#11076,#5950);
#5180=LINE('',#11118,#5951);
#5181=LINE('',#11119,#5952);
#5182=LINE('',#11127,#5953);
#5183=LINE('',#11287,#5954);
#5184=LINE('',#11290,#5955);
#5185=LINE('',#11292,#5956);
#5186=LINE('',#11294,#5957);
#5187=LINE('',#11296,#5958);
#5188=LINE('',#11298,#5959);
#5189=LINE('',#11300,#5960);
#5190=LINE('',#11302,#5961);
#5191=LINE('',#11304,#5962);
#5192=LINE('',#11305,#5963);
#5193=LINE('',#11308,#5964);
#5194=LINE('',#11310,#5965);
#5195=LINE('',#11312,#5966);
#5196=LINE('',#11314,#5967);
#5197=LINE('',#11317,#5968);
#5198=LINE('',#11319,#5969);
#5199=LINE('',#11321,#5970);
#5200=LINE('',#11322,#5971);
#5201=LINE('',#11325,#5972);
#5202=LINE('',#11327,#5973);
#5203=LINE('',#11329,#5974);
#5204=LINE('',#11330,#5975);
#5205=LINE('',#11333,#5976);
#5206=LINE('',#11335,#5977);
#5207=LINE('',#11337,#5978);
#5208=LINE('',#11339,#5979);
#5209=LINE('',#11341,#5980);
#5210=LINE('',#11343,#5981);
#5211=LINE('',#11345,#5982);
#5212=LINE('',#11347,#5983);
#5213=LINE('',#11349,#5984);
#5214=LINE('',#11351,#5985);
#5215=LINE('',#11355,#5986);
#5216=LINE('',#11359,#5987);
#5217=LINE('',#11363,#5988);
#5218=LINE('',#11367,#5989);
#5219=LINE('',#11371,#5990);
#5220=LINE('',#11375,#5991);
#5221=LINE('',#11379,#5992);
#5222=LINE('',#11383,#5993);
#5223=LINE('',#11387,#5994);
#5224=LINE('',#11391,#5995);
#5225=LINE('',#11407,#5996);
#5226=LINE('',#11411,#5997);
#5227=LINE('',#11415,#5998);
#5228=LINE('',#11419,#5999);
#5229=LINE('',#11423,#6000);
#5230=LINE('',#11427,#6001);
#5231=LINE('',#11431,#6002);
#5232=LINE('',#11435,#6003);
#5233=LINE('',#11439,#6004);
#5234=LINE('',#11443,#6005);
#5235=LINE('',#11447,#6006);
#5236=LINE('',#11449,#6007);
#5237=LINE('',#11450,#6008);
#5238=LINE('',#11453,#6009);
#5239=LINE('',#11455,#6010);
#5240=LINE('',#11457,#6011);
#5241=LINE('',#11459,#6012);
#5242=LINE('',#11461,#6013);
#5243=LINE('',#11483,#6014);
#5244=LINE('',#11510,#6015);
#5245=LINE('',#11556,#6016);
#5246=LINE('',#11603,#6017);
#5247=LINE('',#11610,#6018);
#5248=LINE('',#11611,#6019);
#5249=LINE('',#11613,#6020);
#5250=LINE('',#11614,#6021);
#5251=LINE('',#11616,#6022);
#5252=LINE('',#11619,#6023);
#5253=LINE('',#11620,#6024);
#5254=LINE('',#11622,#6025);
#5255=LINE('',#11624,#6026);
#5256=LINE('',#11626,#6027);
#5257=LINE('',#11628,#6028);
#5258=LINE('',#11631,#6029);
#5259=LINE('',#11632,#6030);
#5260=LINE('',#11634,#6031);
#5261=LINE('',#11637,#6032);
#5262=LINE('',#11638,#6033);
#5263=LINE('',#11640,#6034);
#5264=LINE('',#11645,#6035);
#5265=LINE('',#11649,#6036);
#5266=LINE('',#11654,#6037);
#5267=LINE('',#11658,#6038);
#5268=LINE('',#11662,#6039);
#5269=LINE('',#11666,#6040);
#5270=LINE('',#11670,#6041);
#5271=LINE('',#11675,#6042);
#5272=LINE('',#11679,#6043);
#5273=LINE('',#11683,#6044);
#5274=LINE('',#11688,#6045);
#5275=LINE('',#11693,#6046);
#5276=LINE('',#11697,#6047);
#5277=LINE('',#11701,#6048);
#5278=LINE('',#11705,#6049);
#5279=LINE('',#11709,#6050);
#5280=LINE('',#11714,#6051);
#5281=LINE('',#11715,#6052);
#5282=LINE('',#11718,#6053);
#5283=LINE('',#11719,#6054);
#5284=LINE('',#11721,#6055);
#5285=LINE('',#11725,#6056);
#5286=LINE('',#11727,#6057);
#5287=LINE('',#11729,#6058);
#5288=LINE('',#11734,#6059);
#5289=LINE('',#11736,#6060);
#5290=LINE('',#11738,#6061);
#5291=LINE('',#11743,#6062);
#5292=LINE('',#11745,#6063);
#5293=LINE('',#11747,#6064);
#5294=LINE('',#11750,#6065);
#5295=LINE('',#11753,#6066);
#5296=LINE('',#11754,#6067);
#5297=LINE('',#11756,#6068);
#5298=LINE('',#11758,#6069);
#5299=LINE('',#11760,#6070);
#5300=LINE('',#11761,#6071);
#5301=LINE('',#11763,#6072);
#5302=LINE('',#11764,#6073);
#5303=LINE('',#11766,#6074);
#5304=LINE('',#11767,#6075);
#5305=LINE('',#11773,#6076);
#5306=LINE('',#11774,#6077);
#5307=LINE('',#11776,#6078);
#5308=LINE('',#11777,#6079);
#5309=LINE('',#11779,#6080);
#5310=LINE('',#11780,#6081);
#5311=LINE('',#11786,#6082);
#5312=LINE('',#11787,#6083);
#5313=LINE('',#11789,#6084);
#5314=LINE('',#11790,#6085);
#5315=LINE('',#11792,#6086);
#5316=LINE('',#11793,#6087);
#5317=LINE('',#11799,#6088);
#5318=LINE('',#11800,#6089);
#5319=LINE('',#11802,#6090);
#5320=LINE('',#11803,#6091);
#5321=LINE('',#11805,#6092);
#5322=LINE('',#11806,#6093);
#5323=LINE('',#11812,#6094);
#5324=LINE('',#11815,#6095);
#5325=LINE('',#11817,#6096);
#5326=LINE('',#11819,#6097);
#5327=LINE('',#11821,#6098);
#5328=LINE('',#11823,#6099);
#5329=LINE('',#11824,#6100);
#5330=LINE('',#11826,#6101);
#5331=LINE('',#11828,#6102);
#5332=LINE('',#11830,#6103);
#5333=LINE('',#11832,#6104);
#5334=LINE('',#11834,#6105);
#5335=LINE('',#11837,#6106);
#5336=LINE('',#11839,#6107);
#5337=LINE('',#11841,#6108);
#5338=LINE('',#11843,#6109);
#5339=LINE('',#11845,#6110);
#5340=LINE('',#11846,#6111);
#5341=LINE('',#11848,#6112);
#5342=LINE('',#11850,#6113);
#5343=LINE('',#11852,#6114);
#5344=LINE('',#11854,#6115);
#5345=LINE('',#11858,#6116);
#5346=LINE('',#11860,#6117);
#5347=LINE('',#11862,#6118);
#5348=LINE('',#11865,#6119);
#5349=LINE('',#11867,#6120);
#5350=LINE('',#11869,#6121);
#5351=LINE('',#11871,#6122);
#5352=LINE('',#11873,#6123);
#5353=LINE('',#11875,#6124);
#5354=LINE('',#11877,#6125);
#5355=LINE('',#11879,#6126);
#5356=LINE('',#11881,#6127);
#5357=LINE('',#11883,#6128);
#5358=LINE('',#11885,#6129);
#5359=LINE('',#11887,#6130);
#5360=LINE('',#11889,#6131);
#5361=LINE('',#11891,#6132);
#5362=LINE('',#11893,#6133);
#5363=LINE('',#11895,#6134);
#5364=LINE('',#11896,#6135);
#5365=LINE('',#11898,#6136);
#5366=LINE('',#11900,#6137);
#5367=LINE('',#11902,#6138);
#5368=LINE('',#11904,#6139);
#5369=LINE('',#11908,#6140);
#5370=LINE('',#11910,#6141);
#5371=LINE('',#11912,#6142);
#5372=LINE('',#11915,#6143);
#5373=LINE('',#11917,#6144);
#5374=LINE('',#11919,#6145);
#5375=LINE('',#11921,#6146);
#5376=LINE('',#11923,#6147);
#5377=LINE('',#11925,#6148);
#5378=LINE('',#11927,#6149);
#5379=LINE('',#11929,#6150);
#5380=LINE('',#11931,#6151);
#5381=LINE('',#11933,#6152);
#5382=LINE('',#11935,#6153);
#5383=LINE('',#11937,#6154);
#5384=LINE('',#11939,#6155);
#5385=LINE('',#11941,#6156);
#5386=LINE('',#11943,#6157);
#5387=LINE('',#11945,#6158);
#5388=LINE('',#11946,#6159);
#5389=LINE('',#11948,#6160);
#5390=LINE('',#11950,#6161);
#5391=LINE('',#11952,#6162);
#5392=LINE('',#11954,#6163);
#5393=LINE('',#11958,#6164);
#5394=LINE('',#11960,#6165);
#5395=LINE('',#11995,#6166);
#5396=LINE('',#11997,#6167);
#5397=LINE('',#11999,#6168);
#5398=LINE('',#12001,#6169);
#5399=LINE('',#12003,#6170);
#5400=LINE('',#12005,#6171);
#5401=LINE('',#12007,#6172);
#5402=LINE('',#12009,#6173);
#5403=LINE('',#12012,#6174);
#5404=LINE('',#12014,#6175);
#5405=LINE('',#12016,#6176);
#5406=LINE('',#12018,#6177);
#5407=LINE('',#12020,#6178);
#5408=LINE('',#12022,#6179);
#5409=LINE('',#12024,#6180);
#5410=LINE('',#12026,#6181);
#5411=LINE('',#12029,#6182);
#5412=LINE('',#12031,#6183);
#5413=LINE('',#12033,#6184);
#5414=LINE('',#12035,#6185);
#5415=LINE('',#12037,#6186);
#5416=LINE('',#12039,#6187);
#5417=LINE('',#12041,#6188);
#5418=LINE('',#12043,#6189);
#5419=LINE('',#12045,#6190);
#5420=LINE('',#12047,#6191);
#5421=LINE('',#12049,#6192);
#5422=LINE('',#12051,#6193);
#5423=LINE('',#12054,#6194);
#5424=LINE('',#12056,#6195);
#5425=LINE('',#12058,#6196);
#5426=LINE('',#12060,#6197);
#5427=LINE('',#12062,#6198);
#5428=LINE('',#12064,#6199);
#5429=LINE('',#12066,#6200);
#5430=LINE('',#12067,#6201);
#5431=LINE('',#12071,#6202);
#5432=LINE('',#12074,#6203);
#5433=LINE('',#12075,#6204);
#5434=LINE('',#12077,#6205);
#5435=LINE('',#12079,#6206);
#5436=LINE('',#12094,#6207);
#5437=LINE('',#12115,#6208);
#5438=LINE('',#12136,#6209);
#5439=LINE('',#12164,#6210);
#5440=LINE('',#12171,#6211);
#5441=LINE('',#12186,#6212);
#5442=LINE('',#12193,#6213);
#5443=LINE('',#12196,#6214);
#5444=LINE('',#12197,#6215);
#5445=LINE('',#12199,#6216);
#5446=LINE('',#12201,#6217);
#5447=LINE('',#12203,#6218);
#5448=LINE('',#12206,#6219);
#5449=LINE('',#12208,#6220);
#5450=LINE('',#12210,#6221);
#5451=LINE('',#12212,#6222);
#5452=LINE('',#12214,#6223);
#5453=LINE('',#12216,#6224);
#5454=LINE('',#12218,#6225);
#5455=LINE('',#12220,#6226);
#5456=LINE('',#12222,#6227);
#5457=LINE('',#12224,#6228);
#5458=LINE('',#12226,#6229);
#5459=LINE('',#12228,#6230);
#5460=LINE('',#12230,#6231);
#5461=LINE('',#12232,#6232);
#5462=LINE('',#12234,#6233);
#5463=LINE('',#12236,#6234);
#5464=LINE('',#12238,#6235);
#5465=LINE('',#12240,#6236);
#5466=LINE('',#12242,#6237);
#5467=LINE('',#12244,#6238);
#5468=LINE('',#12267,#6239);
#5469=LINE('',#12271,#6240);
#5470=LINE('',#12275,#6241);
#5471=LINE('',#12279,#6242);
#5472=LINE('',#12283,#6243);
#5473=LINE('',#12304,#6244);
#5474=LINE('',#12306,#6245);
#5475=LINE('',#12327,#6246);
#5476=LINE('',#12331,#6247);
#5477=LINE('',#12335,#6248);
#5478=LINE('',#12339,#6249);
#5479=LINE('',#12343,#6250);
#5480=LINE('',#12365,#6251);
#5481=LINE('',#12369,#6252);
#5482=LINE('',#12373,#6253);
#5483=LINE('',#12377,#6254);
#5484=LINE('',#12381,#6255);
#5485=LINE('',#12385,#6256);
#5486=LINE('',#12389,#6257);
#5487=LINE('',#12393,#6258);
#5488=LINE('',#12397,#6259);
#5489=LINE('',#12401,#6260);
#5490=LINE('',#12405,#6261);
#5491=LINE('',#12410,#6262);
#5492=LINE('',#12414,#6263);
#5493=LINE('',#12418,#6264);
#5494=LINE('',#12423,#6265);
#5495=LINE('',#12427,#6266);
#5496=LINE('',#12431,#6267);
#5497=LINE('',#12436,#6268);
#5498=LINE('',#12438,#6269);
#5499=LINE('',#12440,#6270);
#5500=LINE('',#12441,#6271);
#5501=LINE('',#12443,#6272);
#5502=LINE('',#12445,#6273);
#5503=LINE('',#12446,#6274);
#5504=LINE('',#12448,#6275);
#5505=LINE('',#12450,#6276);
#5506=LINE('',#12452,#6277);
#5507=LINE('',#12455,#6278);
#5508=LINE('',#12456,#6279);
#5509=LINE('',#12458,#6280);
#5510=LINE('',#12460,#6281);
#5511=LINE('',#12461,#6282);
#5512=LINE('',#12463,#6283);
#5513=LINE('',#12466,#6284);
#5514=LINE('',#12470,#6285);
#5515=LINE('',#12474,#6286);
#5516=LINE('',#12475,#6287);
#5517=LINE('',#12479,#6288);
#5518=LINE('',#12483,#6289);
#5519=LINE('',#12485,#6290);
#5520=LINE('',#12487,#6291);
#5521=LINE('',#12491,#6292);
#5522=LINE('',#12495,#6293);
#5523=LINE('',#12497,#6294);
#5524=LINE('',#12499,#6295);
#5525=LINE('',#12503,#6296);
#5526=LINE('',#12507,#6297);
#5527=LINE('',#12509,#6298);
#5528=LINE('',#12512,#6299);
#5529=LINE('',#12514,#6300);
#5530=LINE('',#12516,#6301);
#5531=LINE('',#12518,#6302);
#5532=LINE('',#12521,#6303);
#5533=LINE('',#12523,#6304);
#5534=LINE('',#12525,#6305);
#5535=LINE('',#12527,#6306);
#5536=LINE('',#12530,#6307);
#5537=LINE('',#12532,#6308);
#5538=LINE('',#12534,#6309);
#5539=LINE('',#12536,#6310);
#5540=LINE('',#12539,#6311);
#5541=LINE('',#12541,#6312);
#5542=LINE('',#12543,#6313);
#5543=LINE('',#12545,#6314);
#5544=LINE('',#12548,#6315);
#5545=LINE('',#12550,#6316);
#5546=LINE('',#12552,#6317);
#5547=LINE('',#12554,#6318);
#5548=LINE('',#12556,#6319);
#5549=LINE('',#12558,#6320);
#5550=LINE('',#12560,#6321);
#5551=LINE('',#12562,#6322);
#5552=LINE('',#12565,#6323);
#5553=LINE('',#12567,#6324);
#5554=LINE('',#12569,#6325);
#5555=LINE('',#12571,#6326);
#5556=LINE('',#12574,#6327);
#5557=LINE('',#12578,#6328);
#5558=LINE('',#12583,#6329);
#5559=LINE('',#12587,#6330);
#5560=LINE('',#12591,#6331);
#5561=LINE('',#12594,#6332);
#5562=LINE('',#12599,#6333);
#5563=LINE('',#12603,#6334);
#5564=LINE('',#12606,#6335);
#5565=LINE('',#12610,#6336);
#5566=LINE('',#12612,#6337);
#5567=LINE('',#12614,#6338);
#5568=LINE('',#12621,#6339);
#5569=LINE('',#12625,#6340);
#5570=LINE('',#12629,#6341);
#5571=LINE('',#12631,#6342);
#5572=LINE('',#12633,#6343);
#5573=LINE('',#12634,#6344);
#5574=LINE('',#12636,#6345);
#5575=LINE('',#12638,#6346);
#5576=LINE('',#12662,#6347);
#5577=LINE('',#12690,#6348);
#5578=LINE('',#12715,#6349);
#5579=LINE('',#12734,#6350);
#5580=LINE('',#12920,#6351);
#5581=LINE('',#12944,#6352);
#5582=LINE('',#13129,#6353);
#5583=LINE('',#13142,#6354);
#5584=LINE('',#13190,#6355);
#5585=LINE('',#13228,#6356);
#5586=LINE('',#13268,#6357);
#5587=LINE('',#13306,#6358);
#5588=LINE('',#13308,#6359);
#5589=LINE('',#13310,#6360);
#5590=LINE('',#13312,#6361);
#5591=LINE('',#13317,#6362);
#5592=LINE('',#13319,#6363);
#5593=LINE('',#13321,#6364);
#5594=LINE('',#13325,#6365);
#5595=LINE('',#13329,#6366);
#5596=LINE('',#13331,#6367);
#5597=LINE('',#13333,#6368);
#5598=LINE('',#13337,#6369);
#5599=LINE('',#13341,#6370);
#5600=LINE('',#13343,#6371);
#5601=LINE('',#13345,#6372);
#5602=LINE('',#13347,#6373);
#5603=LINE('',#13349,#6374);
#5604=LINE('',#13350,#6375);
#5605=LINE('',#13352,#6376);
#5606=LINE('',#13356,#6377);
#5607=LINE('',#13358,#6378);
#5608=LINE('',#13360,#6379);
#5609=LINE('',#13362,#6380);
#5610=LINE('',#13364,#6381);
#5611=LINE('',#13366,#6382);
#5612=LINE('',#13368,#6383);
#5613=LINE('',#14001,#6384);
#5614=LINE('',#14023,#6385);
#5615=LINE('',#14030,#6386);
#5616=LINE('',#14037,#6387);
#5617=LINE('',#14177,#6388);
#5618=LINE('',#14181,#6389);
#5619=LINE('',#14185,#6390);
#5620=LINE('',#14189,#6391);
#5621=LINE('',#14190,#6392);
#5622=LINE('',#14192,#6393);
#5623=LINE('',#14193,#6394);
#5624=LINE('',#14195,#6395);
#5625=LINE('',#14196,#6396);
#5626=LINE('',#14198,#6397);
#5627=LINE('',#14199,#6398);
#5628=LINE('',#14205,#6399);
#5629=LINE('',#14227,#6400);
#5630=LINE('',#14252,#6401);
#5631=LINE('',#14259,#6402);
#5632=LINE('',#14354,#6403);
#5633=LINE('',#14358,#6404);
#5634=LINE('',#14362,#6405);
#5635=LINE('',#14393,#6406);
#5636=LINE('',#14394,#6407);
#5637=LINE('',#14396,#6408);
#5638=LINE('',#14397,#6409);
#5639=LINE('',#14399,#6410);
#5640=LINE('',#14400,#6411);
#5641=LINE('',#14402,#6412);
#5642=LINE('',#14403,#6413);
#5643=LINE('',#14953,#6414);
#5644=LINE('',#14957,#6415);
#5645=LINE('',#14959,#6416);
#5646=LINE('',#14960,#6417);
#5647=LINE('',#14962,#6418);
#5648=LINE('',#14963,#6419);
#5649=LINE('',#14965,#6420);
#5650=LINE('',#14966,#6421);
#5651=LINE('',#14968,#6422);
#5652=LINE('',#14970,#6423);
#5653=LINE('',#14972,#6424);
#5654=LINE('',#14974,#6425);
#5655=LINE('',#14975,#6426);
#5656=LINE('',#14977,#6427);
#5657=LINE('',#14992,#6428);
#5658=LINE('',#14996,#6429);
#5659=LINE('',#15007,#6430);
#5660=LINE('',#15008,#6431);
#5661=LINE('',#15012,#6432);
#5662=LINE('',#15014,#6433);
#5663=LINE('',#15016,#6434);
#5664=LINE('',#15017,#6435);
#5665=LINE('',#15019,#6436);
#5666=LINE('',#15021,#6437);
#5667=LINE('',#15024,#6438);
#5668=LINE('',#15026,#6439);
#5669=LINE('',#15028,#6440);
#5670=LINE('',#15029,#6441);
#5671=LINE('',#15031,#6442);
#5672=LINE('',#15033,#6443);
#5673=LINE('',#15036,#6444);
#5674=LINE('',#15037,#6445);
#5675=LINE('',#15038,#6446);
#5676=LINE('',#15040,#6447);
#5677=LINE('',#15043,#6448);
#5678=LINE('',#15044,#6449);
#5679=LINE('',#15046,#6450);
#5680=LINE('',#15047,#6451);
#5681=LINE('',#15049,#6452);
#5682=LINE('',#15052,#6453);
#5683=LINE('',#15054,#6454);
#5684=LINE('',#15056,#6455);
#5685=LINE('',#15057,#6456);
#5686=LINE('',#15059,#6457);
#5687=LINE('',#15061,#6458);
#5688=LINE('',#15063,#6459);
#5689=LINE('',#15065,#6460);
#5690=LINE('',#15066,#6461);
#5691=LINE('',#15068,#6462);
#5692=LINE('',#15070,#6463);
#5693=LINE('',#15072,#6464);
#5694=LINE('',#15073,#6465);
#5695=LINE('',#15075,#6466);
#5696=LINE('',#15077,#6467);
#5697=LINE('',#15080,#6468);
#5698=LINE('',#15082,#6469);
#5699=LINE('',#15084,#6470);
#5700=LINE('',#15085,#6471);
#5701=LINE('',#15087,#6472);
#5702=LINE('',#15089,#6473);
#5703=LINE('',#15092,#6474);
#5704=LINE('',#15093,#6475);
#5705=LINE('',#15094,#6476);
#5706=LINE('',#15099,#6477);
#5707=LINE('',#15102,#6478);
#5708=LINE('',#15103,#6479);
#5709=LINE('',#15107,#6480);
#5710=LINE('',#15109,#6481);
#5711=LINE('',#15112,#6482);
#5712=LINE('',#15113,#6483);
#5713=LINE('',#15115,#6484);
#5714=LINE('',#15118,#6485);
#5715=LINE('',#15119,#6486);
#5716=LINE('',#15123,#6487);
#5717=LINE('',#15125,#6488);
#5718=LINE('',#15128,#6489);
#5719=LINE('',#15129,#6490);
#5720=LINE('',#15133,#6491);
#5721=LINE('',#15135,#6492);
#5722=LINE('',#15138,#6493);
#5723=LINE('',#15139,#6494);
#5724=LINE('',#15141,#6495);
#5725=LINE('',#15143,#6496);
#5726=LINE('',#15145,#6497);
#5727=LINE('',#15149,#6498);
#5728=LINE('',#15200,#6499);
#5729=LINE('',#15245,#6500);
#5730=LINE('',#15269,#6501);
#5731=LINE('',#15279,#6502);
#5732=LINE('',#15280,#6503);
#5733=LINE('',#15282,#6504);
#5734=LINE('',#15283,#6505);
#5735=LINE('',#15285,#6506);
#5736=LINE('',#15286,#6507);
#5737=LINE('',#15288,#6508);
#5738=LINE('',#15290,#6509);
#5739=LINE('',#15292,#6510);
#5740=LINE('',#15298,#6511);
#5741=LINE('',#15300,#6512);
#5742=LINE('',#15304,#6513);
#5743=LINE('',#15308,#6514);
#5744=LINE('',#15310,#6515);
#5745=LINE('',#15311,#6516);
#5746=LINE('',#15313,#6517);
#5747=LINE('',#15314,#6518);
#5748=LINE('',#15319,#6519);
#5749=LINE('',#15325,#6520);
#5750=LINE('',#15327,#6521);
#5751=LINE('',#15331,#6522);
#5752=LINE('',#15335,#6523);
#5753=LINE('',#15337,#6524);
#5754=LINE('',#15338,#6525);
#5755=LINE('',#15340,#6526);
#5756=LINE('',#15341,#6527);
#5757=LINE('',#15349,#6528);
#5758=LINE('',#15350,#6529);
#5759=LINE('',#15355,#6530);
#5760=LINE('',#15356,#6531);
#5761=LINE('',#15358,#6532);
#5762=LINE('',#15360,#6533);
#5763=LINE('',#15362,#6534);
#5764=LINE('',#15364,#6535);
#5765=LINE('',#15366,#6536);
#5766=LINE('',#15375,#6537);
#5767=LINE('',#15377,#6538);
#5768=LINE('',#15381,#6539);
#5769=LINE('',#15385,#6540);
#5770=LINE('',#15389,#6541);
#5771=LINE('',#15391,#6542);
#5772=LINE('',#15393,#6543);
#5773=LINE('',#15394,#6544);
#5774=LINE('',#15396,#6545);
#5775=LINE('',#15400,#6546);
#5776=LINE('',#15402,#6547);
#5777=LINE('',#15404,#6548);
#5778=LINE('',#15406,#6549);
#5779=LINE('',#15408,#6550);
#5780=LINE('',#15410,#6551);
#5781=LINE('',#15412,#6552);
#5782=LINE('',#15414,#6553);
#5783=LINE('',#15444,#6554);
#5784=LINE('',#15446,#6555);
#5785=LINE('',#15448,#6556);
#5786=LINE('',#15450,#6557);
#5787=LINE('',#15452,#6558);
#5788=LINE('',#15454,#6559);
#5789=LINE('',#15456,#6560);
#5790=LINE('',#15464,#6561);
#5791=LINE('',#15466,#6562);
#5792=LINE('',#15468,#6563);
#5793=LINE('',#15470,#6564);
#5794=LINE('',#15472,#6565);
#5795=LINE('',#15474,#6566);
#5796=LINE('',#15476,#6567);
#5797=LINE('',#15478,#6568);
#5798=LINE('',#15484,#6569);
#5799=LINE('',#15486,#6570);
#5800=LINE('',#15488,#6571);
#5801=LINE('',#15490,#6572);
#5802=LINE('',#15492,#6573);
#5803=LINE('',#15494,#6574);
#5804=LINE('',#15496,#6575);
#5805=LINE('',#15498,#6576);
#5806=LINE('',#15501,#6577);
#5807=LINE('',#15503,#6578);
#5808=LINE('',#15505,#6579);
#5809=LINE('',#15507,#6580);
#5810=LINE('',#15509,#6581);
#5811=LINE('',#15511,#6582);
#5812=LINE('',#15513,#6583);
#5813=LINE('',#15521,#6584);
#5814=LINE('',#15523,#6585);
#5815=LINE('',#15525,#6586);
#5816=LINE('',#15527,#6587);
#5817=LINE('',#15529,#6588);
#5818=LINE('',#15531,#6589);
#5819=LINE('',#15533,#6590);
#5820=LINE('',#15535,#6591);
#5821=LINE('',#15541,#6592);
#5822=LINE('',#15543,#6593);
#5823=LINE('',#15545,#6594);
#5824=LINE('',#15547,#6595);
#5825=LINE('',#15549,#6596);
#5826=LINE('',#15551,#6597);
#5827=LINE('',#15553,#6598);
#5828=LINE('',#15555,#6599);
#5829=LINE('',#15558,#6600);
#5830=LINE('',#15560,#6601);
#5831=LINE('',#15562,#6602);
#5832=LINE('',#15564,#6603);
#5833=LINE('',#15568,#6604);
#5834=LINE('',#15570,#6605);
#5835=LINE('',#15572,#6606);
#5836=LINE('',#15578,#6607);
#5837=LINE('',#15580,#6608);
#5838=LINE('',#15582,#6609);
#5839=LINE('',#15584,#6610);
#5840=LINE('',#15586,#6611);
#5841=LINE('',#15588,#6612);
#5842=LINE('',#15590,#6613);
#5843=LINE('',#15592,#6614);
#5844=LINE('',#15598,#6615);
#5845=LINE('',#15600,#6616);
#5846=LINE('',#15602,#6617);
#5847=LINE('',#15604,#6618);
#5848=LINE('',#15606,#6619);
#5849=LINE('',#15608,#6620);
#5850=LINE('',#15610,#6621);
#5851=LINE('',#15612,#6622);
#5852=LINE('',#15616,#6623);
#5853=LINE('',#15619,#6624);
#5854=LINE('',#15621,#6625);
#5855=LINE('',#15623,#6626);
#5856=LINE('',#15625,#6627);
#5857=LINE('',#15627,#6628);
#5858=LINE('',#15629,#6629);
#5859=LINE('',#15631,#6630);
#5860=LINE('',#15633,#6631);
#5861=LINE('',#15635,#6632);
#5862=LINE('',#15637,#6633);
#5863=LINE('',#15638,#6634);
#5864=LINE('',#15641,#6635);
#5865=LINE('',#15646,#6636);
#5866=LINE('',#15650,#6637);
#5867=LINE('',#15654,#6638);
#5868=LINE('',#15658,#6639);
#5869=LINE('',#15662,#6640);
#5870=LINE('',#15664,#6641);
#5871=LINE('',#15666,#6642);
#5872=LINE('',#15671,#6643);
#5873=LINE('',#15673,#6644);
#5874=LINE('',#15674,#6645);
#5875=LINE('',#15676,#6646);
#5876=LINE('',#15683,#6647);
#5877=LINE('',#15685,#6648);
#5878=LINE('',#15692,#6649);
#5879=LINE('',#15694,#6650);
#5880=LINE('',#15696,#6651);
#5881=LINE('',#15700,#6652);
#5882=LINE('',#15753,#6653);
#5883=LINE('',#15795,#6654);
#5884=LINE('',#15796,#6655);
#5885=LINE('',#15804,#6656);
#5886=LINE('',#15964,#6657);
#5887=LINE('',#15967,#6658);
#5888=LINE('',#15969,#6659);
#5889=LINE('',#15971,#6660);
#5890=LINE('',#15973,#6661);
#5891=LINE('',#15975,#6662);
#5892=LINE('',#15977,#6663);
#5893=LINE('',#15979,#6664);
#5894=LINE('',#15981,#6665);
#5895=LINE('',#15983,#6666);
#5896=LINE('',#15985,#6667);
#5897=LINE('',#15986,#6668);
#5898=LINE('',#15989,#6669);
#5899=LINE('',#15994,#6670);
#5900=LINE('',#15998,#6671);
#5901=LINE('',#16002,#6672);
#5902=LINE('',#16006,#6673);
#5903=LINE('',#16010,#6674);
#5904=LINE('',#16012,#6675);
#5905=LINE('',#16014,#6676);
#5906=LINE('',#16019,#6677);
#5907=LINE('',#16021,#6678);
#5908=LINE('',#16022,#6679);
#5909=LINE('',#16024,#6680);
#5910=LINE('',#16031,#6681);
#5911=LINE('',#16033,#6682);
#5912=LINE('',#16040,#6683);
#5913=LINE('',#16042,#6684);
#5914=LINE('',#16044,#6685);
#5915=LINE('',#16048,#6686);
#5916=LINE('',#16101,#6687);
#5917=LINE('',#16143,#6688);
#5918=LINE('',#16144,#6689);
#5919=LINE('',#16152,#6690);
#5920=VECTOR('',#8982,1.);
#5921=VECTOR('',#8983,1.);
#5922=VECTOR('',#8984,1.);
#5923=VECTOR('',#8985,1.);
#5924=VECTOR('',#8988,1.);
#5925=VECTOR('',#8989,1.);
#5926=VECTOR('',#8990,1.);
#5927=VECTOR('',#8993,1.);
#5928=VECTOR('',#8994,1.);
#5929=VECTOR('',#8995,1.);
#5930=VECTOR('',#8998,1.);
#5931=VECTOR('',#8999,1.);
#5932=VECTOR('',#9004,1.);
#5933=VECTOR('',#9007,1.);
#5934=VECTOR('',#9010,1.);
#5935=VECTOR('',#9013,1.);
#5936=VECTOR('',#9016,1.);
#5937=VECTOR('',#9021,1.);
#5938=VECTOR('',#9022,1.);
#5939=VECTOR('',#9023,1.);
#5940=VECTOR('',#9028,1.);
#5941=VECTOR('',#9029,1.);
#5942=VECTOR('',#9030,1.);
#5943=VECTOR('',#9033,1.);
#5944=VECTOR('',#9034,1.);
#5945=VECTOR('',#9037,1.);
#5946=VECTOR('',#9038,1.);
#5947=VECTOR('',#9041,1.);
#5948=VECTOR('',#9042,1.);
#5949=VECTOR('',#9045,1.);
#5950=VECTOR('',#9056,1.);
#5951=VECTOR('',#9059,1.);
#5952=VECTOR('',#9060,1.);
#5953=VECTOR('',#9061,1.);
#5954=VECTOR('',#9076,1.);
#5955=VECTOR('',#9077,1.);
#5956=VECTOR('',#9078,1.);
#5957=VECTOR('',#9079,1.);
#5958=VECTOR('',#9080,1.);
#5959=VECTOR('',#9081,1.);
#5960=VECTOR('',#9082,1.);
#5961=VECTOR('',#9083,1.);
#5962=VECTOR('',#9084,1.);
#5963=VECTOR('',#9085,1.);
#5964=VECTOR('',#9086,1.);
#5965=VECTOR('',#9087,1.);
#5966=VECTOR('',#9088,1.);
#5967=VECTOR('',#9091,1.);
#5968=VECTOR('',#9092,1.);
#5969=VECTOR('',#9093,1.);
#5970=VECTOR('',#9094,1.);
#5971=VECTOR('',#9095,1.);
#5972=VECTOR('',#9096,1.);
#5973=VECTOR('',#9097,1.);
#5974=VECTOR('',#9098,1.);
#5975=VECTOR('',#9099,1.);
#5976=VECTOR('',#9100,1.);
#5977=VECTOR('',#9101,1.);
#5978=VECTOR('',#9102,1.);
#5979=VECTOR('',#9103,1.);
#5980=VECTOR('',#9104,1.);
#5981=VECTOR('',#9105,1.);
#5982=VECTOR('',#9106,1.);
#5983=VECTOR('',#9107,1.);
#5984=VECTOR('',#9108,1.);
#5985=VECTOR('',#9109,1.);
#5986=VECTOR('',#9112,1.);
#5987=VECTOR('',#9115,1.);
#5988=VECTOR('',#9118,1.);
#5989=VECTOR('',#9121,1.);
#5990=VECTOR('',#9124,1.);
#5991=VECTOR('',#9127,1.);
#5992=VECTOR('',#9130,1.);
#5993=VECTOR('',#9133,1.);
#5994=VECTOR('',#9136,1.);
#5995=VECTOR('',#9139,1.);
#5996=VECTOR('',#9144,1.);
#5997=VECTOR('',#9147,1.);
#5998=VECTOR('',#9150,1.);
#5999=VECTOR('',#9153,1.);
#6000=VECTOR('',#9156,1.);
#6001=VECTOR('',#9159,1.);
#6002=VECTOR('',#9162,1.);
#6003=VECTOR('',#9165,1.);
#6004=VECTOR('',#9168,1.);
#6005=VECTOR('',#9171,1.);
#6006=VECTOR('',#9174,1.);
#6007=VECTOR('',#9175,1.);
#6008=VECTOR('',#9176,1.);
#6009=VECTOR('',#9177,1.);
#6010=VECTOR('',#9178,1.);
#6011=VECTOR('',#9179,1.);
#6012=VECTOR('',#9180,1.);
#6013=VECTOR('',#9181,1.);
#6014=VECTOR('',#9182,1.);
#6015=VECTOR('',#9183,1.);
#6016=VECTOR('',#9184,1.);
#6017=VECTOR('',#9185,1.);
#6018=VECTOR('',#9188,1.);
#6019=VECTOR('',#9189,1.);
#6020=VECTOR('',#9192,1.);
#6021=VECTOR('',#9193,1.);
#6022=VECTOR('',#9196,1.);
#6023=VECTOR('',#9197,1.);
#6024=VECTOR('',#9198,1.);
#6025=VECTOR('',#9201,1.);
#6026=VECTOR('',#9202,1.);
#6027=VECTOR('',#9203,1.);
#6028=VECTOR('',#9206,1.);
#6029=VECTOR('',#9207,1.);
#6030=VECTOR('',#9208,1.);
#6031=VECTOR('',#9211,1.);
#6032=VECTOR('',#9212,1.);
#6033=VECTOR('',#9213,1.);
#6034=VECTOR('',#9216,1.);
#6035=VECTOR('',#9219,1.);
#6036=VECTOR('',#9222,1.);
#6037=VECTOR('',#9227,1.);
#6038=VECTOR('',#9230,1.);
#6039=VECTOR('',#9233,1.);
#6040=VECTOR('',#9236,1.);
#6041=VECTOR('',#9239,1.);
#6042=VECTOR('',#9244,1.);
#6043=VECTOR('',#9247,1.);
#6044=VECTOR('',#9250,1.);
#6045=VECTOR('',#9255,1.);
#6046=VECTOR('',#9260,1.);
#6047=VECTOR('',#9263,1.);
#6048=VECTOR('',#9266,1.);
#6049=VECTOR('',#9269,1.);
#6050=VECTOR('',#9272,1.);
#6051=VECTOR('',#9279,1.);
#6052=VECTOR('',#9280,1.);
#6053=VECTOR('',#9285,1.);
#6054=VECTOR('',#9286,1.);
#6055=VECTOR('',#9289,1.);
#6056=VECTOR('',#9294,1.);
#6057=VECTOR('',#9295,1.);
#6058=VECTOR('',#9296,1.);
#6059=VECTOR('',#9301,1.);
#6060=VECTOR('',#9302,1.);
#6061=VECTOR('',#9303,1.);
#6062=VECTOR('',#9308,1.);
#6063=VECTOR('',#9309,1.);
#6064=VECTOR('',#9310,1.);
#6065=VECTOR('',#9313,1.);
#6066=VECTOR('',#9318,1.);
#6067=VECTOR('',#9319,1.);
#6068=VECTOR('',#9322,1.);
#6069=VECTOR('',#9325,1.);
#6070=VECTOR('',#9328,1.);
#6071=VECTOR('',#9329,1.);
#6072=VECTOR('',#9332,1.);
#6073=VECTOR('',#9333,1.);
#6074=VECTOR('',#9336,1.);
#6075=VECTOR('',#9337,1.);
#6076=VECTOR('',#9348,1.);
#6077=VECTOR('',#9349,1.);
#6078=VECTOR('',#9352,1.);
#6079=VECTOR('',#9353,1.);
#6080=VECTOR('',#9356,1.);
#6081=VECTOR('',#9357,1.);
#6082=VECTOR('',#9368,1.);
#6083=VECTOR('',#9369,1.);
#6084=VECTOR('',#9372,1.);
#6085=VECTOR('',#9373,1.);
#6086=VECTOR('',#9376,1.);
#6087=VECTOR('',#9377,1.);
#6088=VECTOR('',#9388,1.);
#6089=VECTOR('',#9389,1.);
#6090=VECTOR('',#9392,1.);
#6091=VECTOR('',#9393,1.);
#6092=VECTOR('',#9396,1.);
#6093=VECTOR('',#9397,1.);
#6094=VECTOR('',#9408,1.);
#6095=VECTOR('',#9409,1.);
#6096=VECTOR('',#9410,1.);
#6097=VECTOR('',#9411,1.);
#6098=VECTOR('',#9414,1.);
#6099=VECTOR('',#9415,1.);
#6100=VECTOR('',#9416,1.);
#6101=VECTOR('',#9417,1.);
#6102=VECTOR('',#9418,1.);
#6103=VECTOR('',#9419,1.);
#6104=VECTOR('',#9420,1.);
#6105=VECTOR('',#9423,1.);
#6106=VECTOR('',#9424,1.);
#6107=VECTOR('',#9425,1.);
#6108=VECTOR('',#9426,1.);
#6109=VECTOR('',#9429,1.);
#6110=VECTOR('',#9430,1.);
#6111=VECTOR('',#9431,1.);
#6112=VECTOR('',#9432,1.);
#6113=VECTOR('',#9433,1.);
#6114=VECTOR('',#9434,1.);
#6115=VECTOR('',#9435,1.);
#6116=VECTOR('',#9442,1.);
#6117=VECTOR('',#9445,1.);
#6118=VECTOR('',#9448,1.);
#6119=VECTOR('',#9449,1.);
#6120=VECTOR('',#9450,1.);
#6121=VECTOR('',#9451,1.);
#6122=VECTOR('',#9454,1.);
#6123=VECTOR('',#9455,1.);
#6124=VECTOR('',#9456,1.);
#6125=VECTOR('',#9457,1.);
#6126=VECTOR('',#9458,1.);
#6127=VECTOR('',#9459,1.);
#6128=VECTOR('',#9460,1.);
#6129=VECTOR('',#9461,1.);
#6130=VECTOR('',#9464,1.);
#6131=VECTOR('',#9465,1.);
#6132=VECTOR('',#9466,1.);
#6133=VECTOR('',#9469,1.);
#6134=VECTOR('',#9470,1.);
#6135=VECTOR('',#9471,1.);
#6136=VECTOR('',#9472,1.);
#6137=VECTOR('',#9473,1.);
#6138=VECTOR('',#9474,1.);
#6139=VECTOR('',#9475,1.);
#6140=VECTOR('',#9482,1.);
#6141=VECTOR('',#9485,1.);
#6142=VECTOR('',#9488,1.);
#6143=VECTOR('',#9489,1.);
#6144=VECTOR('',#9490,1.);
#6145=VECTOR('',#9491,1.);
#6146=VECTOR('',#9494,1.);
#6147=VECTOR('',#9495,1.);
#6148=VECTOR('',#9496,1.);
#6149=VECTOR('',#9497,1.);
#6150=VECTOR('',#9498,1.);
#6151=VECTOR('',#9499,1.);
#6152=VECTOR('',#9500,1.);
#6153=VECTOR('',#9501,1.);
#6154=VECTOR('',#9504,1.);
#6155=VECTOR('',#9505,1.);
#6156=VECTOR('',#9506,1.);
#6157=VECTOR('',#9509,1.);
#6158=VECTOR('',#9510,1.);
#6159=VECTOR('',#9511,1.);
#6160=VECTOR('',#9512,1.);
#6161=VECTOR('',#9513,1.);
#6162=VECTOR('',#9514,1.);
#6163=VECTOR('',#9515,1.);
#6164=VECTOR('',#9522,1.);
#6165=VECTOR('',#9525,1.);
#6166=VECTOR('',#9594,1.);
#6167=VECTOR('',#9595,1.);
#6168=VECTOR('',#9596,1.);
#6169=VECTOR('',#9599,1.);
#6170=VECTOR('',#9600,1.);
#6171=VECTOR('',#9603,1.);
#6172=VECTOR('',#9604,1.);
#6173=VECTOR('',#9607,1.);
#6174=VECTOR('',#9612,1.);
#6175=VECTOR('',#9613,1.);
#6176=VECTOR('',#9614,1.);
#6177=VECTOR('',#9617,1.);
#6178=VECTOR('',#9618,1.);
#6179=VECTOR('',#9621,1.);
#6180=VECTOR('',#9622,1.);
#6181=VECTOR('',#9625,1.);
#6182=VECTOR('',#9630,1.);
#6183=VECTOR('',#9631,1.);
#6184=VECTOR('',#9632,1.);
#6185=VECTOR('',#9635,1.);
#6186=VECTOR('',#9636,1.);
#6187=VECTOR('',#9639,1.);
#6188=VECTOR('',#9640,1.);
#6189=VECTOR('',#9643,1.);
#6190=VECTOR('',#9644,1.);
#6191=VECTOR('',#9647,1.);
#6192=VECTOR('',#9648,1.);
#6193=VECTOR('',#9651,1.);
#6194=VECTOR('',#9656,1.);
#6195=VECTOR('',#9657,1.);
#6196=VECTOR('',#9658,1.);
#6197=VECTOR('',#9661,1.);
#6198=VECTOR('',#9662,1.);
#6199=VECTOR('',#9663,1.);
#6200=VECTOR('',#9666,1.);
#6201=VECTOR('',#9667,1.);
#6202=VECTOR('',#9674,1.);
#6203=VECTOR('',#9675,1.);
#6204=VECTOR('',#9676,1.);
#6205=VECTOR('',#9679,1.);
#6206=VECTOR('',#9682,1.);
#6207=VECTOR('',#9695,1.);
#6208=VECTOR('',#9696,1.);
#6209=VECTOR('',#9697,1.);
#6210=VECTOR('',#9698,1.);
#6211=VECTOR('',#9699,1.);
#6212=VECTOR('',#9700,1.);
#6213=VECTOR('',#9703,1.);
#6214=VECTOR('',#9704,1.);
#6215=VECTOR('',#9705,1.);
#6216=VECTOR('',#9706,1.);
#6217=VECTOR('',#9707,1.);
#6218=VECTOR('',#9710,1.);
#6219=VECTOR('',#9711,1.);
#6220=VECTOR('',#9712,1.);
#6221=VECTOR('',#9713,1.);
#6222=VECTOR('',#9714,1.);
#6223=VECTOR('',#9715,1.);
#6224=VECTOR('',#9716,1.);
#6225=VECTOR('',#9717,1.);
#6226=VECTOR('',#9718,1.);
#6227=VECTOR('',#9719,1.);
#6228=VECTOR('',#9720,1.);
#6229=VECTOR('',#9721,1.);
#6230=VECTOR('',#9722,1.);
#6231=VECTOR('',#9723,1.);
#6232=VECTOR('',#9724,1.);
#6233=VECTOR('',#9725,1.);
#6234=VECTOR('',#9726,1.);
#6235=VECTOR('',#9727,1.);
#6236=VECTOR('',#9728,1.);
#6237=VECTOR('',#9729,1.);
#6238=VECTOR('',#9732,1.);
#6239=VECTOR('',#9735,1.);
#6240=VECTOR('',#9738,1.);
#6241=VECTOR('',#9741,1.);
#6242=VECTOR('',#9744,1.);
#6243=VECTOR('',#9747,1.);
#6244=VECTOR('',#9748,1.);
#6245=VECTOR('',#9749,1.);
#6246=VECTOR('',#9750,1.);
#6247=VECTOR('',#9753,1.);
#6248=VECTOR('',#9756,1.);
#6249=VECTOR('',#9759,1.);
#6250=VECTOR('',#9762,1.);
#6251=VECTOR('',#9765,1.);
#6252=VECTOR('',#9768,1.);
#6253=VECTOR('',#9771,1.);
#6254=VECTOR('',#9774,1.);
#6255=VECTOR('',#9777,1.);
#6256=VECTOR('',#9780,1.);
#6257=VECTOR('',#9783,1.);
#6258=VECTOR('',#9786,1.);
#6259=VECTOR('',#9789,1.);
#6260=VECTOR('',#9792,1.);
#6261=VECTOR('',#9795,1.);
#6262=VECTOR('',#9800,1.);
#6263=VECTOR('',#9803,1.);
#6264=VECTOR('',#9806,1.);
#6265=VECTOR('',#9811,1.);
#6266=VECTOR('',#9814,1.);
#6267=VECTOR('',#9817,1.);
#6268=VECTOR('',#9824,1.);
#6269=VECTOR('',#9825,1.);
#6270=VECTOR('',#9826,1.);
#6271=VECTOR('',#9827,1.);
#6272=VECTOR('',#9828,1.);
#6273=VECTOR('',#9829,1.);
#6274=VECTOR('',#9830,1.);
#6275=VECTOR('',#9831,1.);
#6276=VECTOR('',#9832,1.);
#6277=VECTOR('',#9835,1.);
#6278=VECTOR('',#9836,1.);
#6279=VECTOR('',#9837,1.);
#6280=VECTOR('',#9838,1.);
#6281=VECTOR('',#9839,1.);
#6282=VECTOR('',#9840,1.);
#6283=VECTOR('',#9843,1.);
#6284=VECTOR('',#9844,1.);
#6285=VECTOR('',#9847,1.);
#6286=VECTOR('',#9850,1.);
#6287=VECTOR('',#9851,1.);
#6288=VECTOR('',#9854,1.);
#6289=VECTOR('',#9857,1.);
#6290=VECTOR('',#9858,1.);
#6291=VECTOR('',#9859,1.);
#6292=VECTOR('',#9862,1.);
#6293=VECTOR('',#9865,1.);
#6294=VECTOR('',#9866,1.);
#6295=VECTOR('',#9867,1.);
#6296=VECTOR('',#9870,1.);
#6297=VECTOR('',#9873,1.);
#6298=VECTOR('',#9876,1.);
#6299=VECTOR('',#9877,1.);
#6300=VECTOR('',#9878,1.);
#6301=VECTOR('',#9879,1.);
#6302=VECTOR('',#9882,1.);
#6303=VECTOR('',#9883,1.);
#6304=VECTOR('',#9884,1.);
#6305=VECTOR('',#9885,1.);
#6306=VECTOR('',#9888,1.);
#6307=VECTOR('',#9889,1.);
#6308=VECTOR('',#9890,1.);
#6309=VECTOR('',#9891,1.);
#6310=VECTOR('',#9894,1.);
#6311=VECTOR('',#9895,1.);
#6312=VECTOR('',#9896,1.);
#6313=VECTOR('',#9897,1.);
#6314=VECTOR('',#9900,1.);
#6315=VECTOR('',#9901,1.);
#6316=VECTOR('',#9902,1.);
#6317=VECTOR('',#9903,1.);
#6318=VECTOR('',#9904,1.);
#6319=VECTOR('',#9905,1.);
#6320=VECTOR('',#9906,1.);
#6321=VECTOR('',#9907,1.);
#6322=VECTOR('',#9910,1.);
#6323=VECTOR('',#9911,1.);
#6324=VECTOR('',#9912,1.);
#6325=VECTOR('',#9913,1.);
#6326=VECTOR('',#9916,1.);
#6327=VECTOR('',#9919,1.);
#6328=VECTOR('',#9922,1.);
#6329=VECTOR('',#9927,1.);
#6330=VECTOR('',#9930,1.);
#6331=VECTOR('',#9935,1.);
#6332=VECTOR('',#9936,1.);
#6333=VECTOR('',#9941,1.);
#6334=VECTOR('',#9944,1.);
#6335=VECTOR('',#9947,1.);
#6336=VECTOR('',#9952,1.);
#6337=VECTOR('',#9953,1.);
#6338=VECTOR('',#9954,1.);
#6339=VECTOR('',#9965,1.);
#6340=VECTOR('',#9968,1.);
#6341=VECTOR('',#9973,1.);
#6342=VECTOR('',#9974,1.);
#6343=VECTOR('',#9975,1.);
#6344=VECTOR('',#9976,1.);
#6345=VECTOR('',#9977,1.);
#6346=VECTOR('',#9978,1.);
#6347=VECTOR('',#9979,1.);
#6348=VECTOR('',#9980,1.);
#6349=VECTOR('',#9981,1.);
#6350=VECTOR('',#9982,1.);
#6351=VECTOR('',#9983,1.);
#6352=VECTOR('',#9984,1.);
#6353=VECTOR('',#9985,1.);
#6354=VECTOR('',#9986,1.);
#6355=VECTOR('',#9991,1.);
#6356=VECTOR('',#9992,1.);
#6357=VECTOR('',#9993,1.);
#6358=VECTOR('',#9994,1.);
#6359=VECTOR('',#9997,1.);
#6360=VECTOR('',#9998,1.);
#6361=VECTOR('',#9999,1.);
#6362=VECTOR('',#10004,1.);
#6363=VECTOR('',#10005,1.);
#6364=VECTOR('',#10006,1.);
#6365=VECTOR('',#10009,1.);
#6366=VECTOR('',#10012,1.);
#6367=VECTOR('',#10013,1.);
#6368=VECTOR('',#10014,1.);
#6369=VECTOR('',#10017,1.);
#6370=VECTOR('',#10020,1.);
#6371=VECTOR('',#10021,1.);
#6372=VECTOR('',#10022,1.);
#6373=VECTOR('',#10023,1.);
#6374=VECTOR('',#10024,1.);
#6375=VECTOR('',#10025,1.);
#6376=VECTOR('',#10026,1.);
#6377=VECTOR('',#10029,1.);
#6378=VECTOR('',#10032,1.);
#6379=VECTOR('',#10033,1.);
#6380=VECTOR('',#10034,1.);
#6381=VECTOR('',#10037,1.);
#6382=VECTOR('',#10038,1.);
#6383=VECTOR('',#10039,1.);
#6384=VECTOR('',#10042,1.);
#6385=VECTOR('',#10043,1.);
#6386=VECTOR('',#10044,1.);
#6387=VECTOR('',#10045,1.);
#6388=VECTOR('',#10052,1.);
#6389=VECTOR('',#10055,1.);
#6390=VECTOR('',#10058,1.);
#6391=VECTOR('',#10063,1.);
#6392=VECTOR('',#10064,1.);
#6393=VECTOR('',#10067,1.);
#6394=VECTOR('',#10068,1.);
#6395=VECTOR('',#10071,1.);
#6396=VECTOR('',#10072,1.);
#6397=VECTOR('',#10075,1.);
#6398=VECTOR('',#10076,1.);
#6399=VECTOR('',#10087,1.);
#6400=VECTOR('',#10088,1.);
#6401=VECTOR('',#10089,1.);
#6402=VECTOR('',#10090,1.);
#6403=VECTOR('',#10097,1.);
#6404=VECTOR('',#10100,1.);
#6405=VECTOR('',#10103,1.);
#6406=VECTOR('',#10108,1.);
#6407=VECTOR('',#10109,1.);
#6408=VECTOR('',#10112,1.);
#6409=VECTOR('',#10113,1.);
#6410=VECTOR('',#10116,1.);
#6411=VECTOR('',#10117,1.);
#6412=VECTOR('',#10120,1.);
#6413=VECTOR('',#10121,1.);
#6414=VECTOR('',#10156,1.);
#6415=VECTOR('',#10163,1.);
#6416=VECTOR('',#10166,1.);
#6417=VECTOR('',#10167,1.);
#6418=VECTOR('',#10170,1.);
#6419=VECTOR('',#10171,1.);
#6420=VECTOR('',#10174,1.);
#6421=VECTOR('',#10175,1.);
#6422=VECTOR('',#10178,1.);
#6423=VECTOR('',#10179,1.);
#6424=VECTOR('',#10180,1.);
#6425=VECTOR('',#10183,1.);
#6426=VECTOR('',#10184,1.);
#6427=VECTOR('',#10187,1.);
#6428=VECTOR('',#10212,1.);
#6429=VECTOR('',#10215,1.);
#6430=VECTOR('',#10220,1.);
#6431=VECTOR('',#10221,1.);
#6432=VECTOR('',#10228,1.);
#6433=VECTOR('',#10229,1.);
#6434=VECTOR('',#10230,1.);
#6435=VECTOR('',#10231,1.);
#6436=VECTOR('',#10232,1.);
#6437=VECTOR('',#10235,1.);
#6438=VECTOR('',#10236,1.);
#6439=VECTOR('',#10237,1.);
#6440=VECTOR('',#10238,1.);
#6441=VECTOR('',#10239,1.);
#6442=VECTOR('',#10240,1.);
#6443=VECTOR('',#10243,1.);
#6444=VECTOR('',#10244,1.);
#6445=VECTOR('',#10245,1.);
#6446=VECTOR('',#10246,1.);
#6447=VECTOR('',#10249,1.);
#6448=VECTOR('',#10250,1.);
#6449=VECTOR('',#10251,1.);
#6450=VECTOR('',#10252,1.);
#6451=VECTOR('',#10253,1.);
#6452=VECTOR('',#10256,1.);
#6453=VECTOR('',#10257,1.);
#6454=VECTOR('',#10258,1.);
#6455=VECTOR('',#10259,1.);
#6456=VECTOR('',#10260,1.);
#6457=VECTOR('',#10261,1.);
#6458=VECTOR('',#10264,1.);
#6459=VECTOR('',#10265,1.);
#6460=VECTOR('',#10266,1.);
#6461=VECTOR('',#10267,1.);
#6462=VECTOR('',#10270,1.);
#6463=VECTOR('',#10271,1.);
#6464=VECTOR('',#10272,1.);
#6465=VECTOR('',#10273,1.);
#6466=VECTOR('',#10274,1.);
#6467=VECTOR('',#10277,1.);
#6468=VECTOR('',#10278,1.);
#6469=VECTOR('',#10279,1.);
#6470=VECTOR('',#10280,1.);
#6471=VECTOR('',#10281,1.);
#6472=VECTOR('',#10282,1.);
#6473=VECTOR('',#10285,1.);
#6474=VECTOR('',#10286,1.);
#6475=VECTOR('',#10287,1.);
#6476=VECTOR('',#10288,1.);
#6477=VECTOR('',#10297,1.);
#6478=VECTOR('',#10298,1.);
#6479=VECTOR('',#10299,1.);
#6480=VECTOR('',#10306,1.);
#6481=VECTOR('',#10309,1.);
#6482=VECTOR('',#10310,1.);
#6483=VECTOR('',#10311,1.);
#6484=VECTOR('',#10314,1.);
#6485=VECTOR('',#10315,1.);
#6486=VECTOR('',#10316,1.);
#6487=VECTOR('',#10323,1.);
#6488=VECTOR('',#10326,1.);
#6489=VECTOR('',#10327,1.);
#6490=VECTOR('',#10328,1.);
#6491=VECTOR('',#10335,1.);
#6492=VECTOR('',#10338,1.);
#6493=VECTOR('',#10339,1.);
#6494=VECTOR('',#10340,1.);
#6495=VECTOR('',#10343,1.);
#6496=VECTOR('',#10344,1.);
#6497=VECTOR('',#10345,1.);
#6498=VECTOR('',#10352,1.);
#6499=VECTOR('',#10361,1.);
#6500=VECTOR('',#10362,1.);
#6501=VECTOR('',#10363,1.);
#6502=VECTOR('',#10372,1.);
#6503=VECTOR('',#10373,1.);
#6504=VECTOR('',#10376,1.);
#6505=VECTOR('',#10377,1.);
#6506=VECTOR('',#10380,1.);
#6507=VECTOR('',#10381,1.);
#6508=VECTOR('',#10382,1.);
#6509=VECTOR('',#10383,1.);
#6510=VECTOR('',#10386,1.);
#6511=VECTOR('',#10393,1.);
#6512=VECTOR('',#10396,1.);
#6513=VECTOR('',#10399,1.);
#6514=VECTOR('',#10402,1.);
#6515=VECTOR('',#10405,1.);
#6516=VECTOR('',#10406,1.);
#6517=VECTOR('',#10409,1.);
#6518=VECTOR('',#10410,1.);
#6519=VECTOR('',#10419,1.);
#6520=VECTOR('',#10426,1.);
#6521=VECTOR('',#10429,1.);
#6522=VECTOR('',#10432,1.);
#6523=VECTOR('',#10435,1.);
#6524=VECTOR('',#10438,1.);
#6525=VECTOR('',#10439,1.);
#6526=VECTOR('',#10442,1.);
#6527=VECTOR('',#10443,1.);
#6528=VECTOR('',#10454,1.);
#6529=VECTOR('',#10455,1.);
#6530=VECTOR('',#10460,1.);
#6531=VECTOR('',#10461,1.);
#6532=VECTOR('',#10464,1.);
#6533=VECTOR('',#10467,1.);
#6534=VECTOR('',#10468,1.);
#6535=VECTOR('',#10471,1.);
#6536=VECTOR('',#10472,1.);
#6537=VECTOR('',#10487,1.);
#6538=VECTOR('',#10490,1.);
#6539=VECTOR('',#10495,1.);
#6540=VECTOR('',#10498,1.);
#6541=VECTOR('',#10501,1.);
#6542=VECTOR('',#10504,1.);
#6543=VECTOR('',#10507,1.);
#6544=VECTOR('',#10508,1.);
#6545=VECTOR('',#10511,1.);
#6546=VECTOR('',#10518,1.);
#6547=VECTOR('',#10519,1.);
#6548=VECTOR('',#10520,1.);
#6549=VECTOR('',#10523,1.);
#6550=VECTOR('',#10524,1.);
#6551=VECTOR('',#10527,1.);
#6552=VECTOR('',#10528,1.);
#6553=VECTOR('',#10531,1.);
#6554=VECTOR('',#10562,1.);
#6555=VECTOR('',#10563,1.);
#6556=VECTOR('',#10564,1.);
#6557=VECTOR('',#10567,1.);
#6558=VECTOR('',#10568,1.);
#6559=VECTOR('',#10569,1.);
#6560=VECTOR('',#10572,1.);
#6561=VECTOR('',#10583,1.);
#6562=VECTOR('',#10586,1.);
#6563=VECTOR('',#10587,1.);
#6564=VECTOR('',#10588,1.);
#6565=VECTOR('',#10591,1.);
#6566=VECTOR('',#10592,1.);
#6567=VECTOR('',#10595,1.);
#6568=VECTOR('',#10596,1.);
#6569=VECTOR('',#10607,1.);
#6570=VECTOR('',#10608,1.);
#6571=VECTOR('',#10609,1.);
#6572=VECTOR('',#10612,1.);
#6573=VECTOR('',#10613,1.);
#6574=VECTOR('',#10616,1.);
#6575=VECTOR('',#10617,1.);
#6576=VECTOR('',#10620,1.);
#6577=VECTOR('',#10625,1.);
#6578=VECTOR('',#10626,1.);
#6579=VECTOR('',#10627,1.);
#6580=VECTOR('',#10630,1.);
#6581=VECTOR('',#10631,1.);
#6582=VECTOR('',#10632,1.);
#6583=VECTOR('',#10635,1.);
#6584=VECTOR('',#10646,1.);
#6585=VECTOR('',#10649,1.);
#6586=VECTOR('',#10650,1.);
#6587=VECTOR('',#10651,1.);
#6588=VECTOR('',#10654,1.);
#6589=VECTOR('',#10655,1.);
#6590=VECTOR('',#10658,1.);
#6591=VECTOR('',#10659,1.);
#6592=VECTOR('',#10670,1.);
#6593=VECTOR('',#10671,1.);
#6594=VECTOR('',#10672,1.);
#6595=VECTOR('',#10675,1.);
#6596=VECTOR('',#10676,1.);
#6597=VECTOR('',#10679,1.);
#6598=VECTOR('',#10680,1.);
#6599=VECTOR('',#10683,1.);
#6600=VECTOR('',#10688,1.);
#6601=VECTOR('',#10689,1.);
#6602=VECTOR('',#10690,1.);
#6603=VECTOR('',#10693,1.);
#6604=VECTOR('',#10698,1.);
#6605=VECTOR('',#10699,1.);
#6606=VECTOR('',#10700,1.);
#6607=VECTOR('',#10709,1.);
#6608=VECTOR('',#10712,1.);
#6609=VECTOR('',#10713,1.);
#6610=VECTOR('',#10714,1.);
#6611=VECTOR('',#10717,1.);
#6612=VECTOR('',#10718,1.);
#6613=VECTOR('',#10721,1.);
#6614=VECTOR('',#10722,1.);
#6615=VECTOR('',#10733,1.);
#6616=VECTOR('',#10734,1.);
#6617=VECTOR('',#10735,1.);
#6618=VECTOR('',#10738,1.);
#6619=VECTOR('',#10739,1.);
#6620=VECTOR('',#10742,1.);
#6621=VECTOR('',#10743,1.);
#6622=VECTOR('',#10746,1.);
#6623=VECTOR('',#10753,1.);
#6624=VECTOR('',#10754,1.);
#6625=VECTOR('',#10755,1.);
#6626=VECTOR('',#10756,1.);
#6627=VECTOR('',#10759,1.);
#6628=VECTOR('',#10760,1.);
#6629=VECTOR('',#10761,1.);
#6630=VECTOR('',#10764,1.);
#6631=VECTOR('',#10765,1.);
#6632=VECTOR('',#10766,1.);
#6633=VECTOR('',#10769,1.);
#6634=VECTOR('',#10770,1.);
#6635=VECTOR('',#10775,1.);
#6636=VECTOR('',#10778,1.);
#6637=VECTOR('',#10781,1.);
#6638=VECTOR('',#10784,1.);
#6639=VECTOR('',#10787,1.);
#6640=VECTOR('',#10792,1.);
#6641=VECTOR('',#10793,1.);
#6642=VECTOR('',#10794,1.);
#6643=VECTOR('',#10799,1.);
#6644=VECTOR('',#10800,1.);
#6645=VECTOR('',#10801,1.);
#6646=VECTOR('',#10804,1.);
#6647=VECTOR('',#10805,1.);
#6648=VECTOR('',#10808,1.);
#6649=VECTOR('',#10809,1.);
#6650=VECTOR('',#10812,1.);
#6651=VECTOR('',#10813,1.);
#6652=VECTOR('',#10816,1.);
#6653=VECTOR('',#10827,1.);
#6654=VECTOR('',#10830,1.);
#6655=VECTOR('',#10831,1.);
#6656=VECTOR('',#10832,1.);
#6657=VECTOR('',#10847,1.);
#6658=VECTOR('',#10848,1.);
#6659=VECTOR('',#10849,1.);
#6660=VECTOR('',#10850,1.);
#6661=VECTOR('',#10853,1.);
#6662=VECTOR('',#10854,1.);
#6663=VECTOR('',#10855,1.);
#6664=VECTOR('',#10858,1.);
#6665=VECTOR('',#10859,1.);
#6666=VECTOR('',#10860,1.);
#6667=VECTOR('',#10863,1.);
#6668=VECTOR('',#10864,1.);
#6669=VECTOR('',#10869,1.);
#6670=VECTOR('',#10872,1.);
#6671=VECTOR('',#10875,1.);
#6672=VECTOR('',#10878,1.);
#6673=VECTOR('',#10881,1.);
#6674=VECTOR('',#10886,1.);
#6675=VECTOR('',#10887,1.);
#6676=VECTOR('',#10888,1.);
#6677=VECTOR('',#10893,1.);
#6678=VECTOR('',#10894,1.);
#6679=VECTOR('',#10895,1.);
#6680=VECTOR('',#10898,1.);
#6681=VECTOR('',#10899,1.);
#6682=VECTOR('',#10902,1.);
#6683=VECTOR('',#10903,1.);
#6684=VECTOR('',#10906,1.);
#6685=VECTOR('',#10907,1.);
#6686=VECTOR('',#10910,1.);
#6687=VECTOR('',#10921,1.);
#6688=VECTOR('',#10924,1.);
#6689=VECTOR('',#10925,1.);
#6690=VECTOR('',#10926,1.);
#6691=EDGE_LOOP('',(#669,#670,#671,#672));
#6692=EDGE_LOOP('',(#673,#674,#675,#676));
#6693=EDGE_LOOP('',(#677,#678,#679,#680));
#6694=EDGE_LOOP('',(#681,#682,#683,#684));
#6695=EDGE_LOOP('',(#685,#686,#687,#688));
#6696=EDGE_LOOP('',(#689,#690,#691,#692,#693,#694,#695,#696,#697,#698));
#6697=EDGE_LOOP('',(#699,#700,#701,#702));
#6698=EDGE_LOOP('',(#703,#704,#705,#706));
#6699=EDGE_LOOP('',(#707,#708,#709,#710,#711));
#6700=EDGE_LOOP('',(#712,#713,#714,#715));
#6701=EDGE_LOOP('',(#716,#717,#718,#719));
#6702=EDGE_LOOP('',(#720,#721,#722,#723,#724));
#6703=EDGE_LOOP('',(#725,#726,#727,#728));
#6704=EDGE_LOOP('',(#729,#730,#731,#732));
#6705=EDGE_LOOP('',(#733,#734,#735,#736));
#6706=EDGE_LOOP('',(#737,#738,#739,#740));
#6707=EDGE_LOOP('',(#741,#742,#743,#744));
#6708=EDGE_LOOP('',(#745,#746,#747,#748,#749,#750,#751,#752));
#6709=EDGE_LOOP('',(#753,#754,#755,#756,#757,#758));
#6710=EDGE_LOOP('',(#759,#760,#761,#762));
#6711=EDGE_LOOP('',(#763,#764,#765,#766));
#6712=EDGE_LOOP('',(#767,#768,#769,#770));
#6713=EDGE_LOOP('',(#771,#772,#773,#774));
#6714=EDGE_LOOP('',(#775,#776,#777,#778));
#6715=EDGE_LOOP('',(#779,#780,#781,#782));
#6716=EDGE_LOOP('',(#783,#784,#785,#786));
#6717=EDGE_LOOP('',(#787,#788,#789,#790));
#6718=EDGE_LOOP('',(#791,#792,#793,#794));
#6719=EDGE_LOOP('',(#795,#796,#797,#798));
#6720=EDGE_LOOP('',(#799,#800,#801,#802));
#6721=EDGE_LOOP('',(#803,#804,#805,#806));
#6722=EDGE_LOOP('',(#807,#808,#809,#810,#811,#812,#813,#814,#815));
#6723=EDGE_LOOP('',(#816,#817,#818,#819));
#6724=EDGE_LOOP('',(#820,#821,#822,#823));
#6725=EDGE_LOOP('',(#824,#825,#826,#827));
#6726=EDGE_LOOP('',(#828,#829,#830,#831,#832,#833,#834,#835,#836,#837,#838,#839,#840,#841,#842,#843,#844,#845,#846,#847,#848,#849,#850,#851,#852,#853,#854,#855,#856,#857,#858,#859,#860,#861,#862,#863,#864,#865,#866,#867,#868,#869,#870,#871,#872,#873,#874,#875,#876,#877,#878,#879,#880,#881,#882,#883,#884));
#6727=EDGE_LOOP('',(#885,#886,#887,#888,#889,#890));
#6728=EDGE_LOOP('',(#891,#892,#893,#894,#895));
#6729=EDGE_LOOP('',(#896,#897,#898,#899,#900));
#6730=EDGE_LOOP('',(#901,#902,#903,#904,#905,#906,#907));
#6731=EDGE_LOOP('',(#908,#909,#910,#911,#912,#913,#914));
#6732=EDGE_LOOP('',(#915,#916,#917,#918));
#6733=EDGE_LOOP('',(#919,#920,#921,#922));
#6734=EDGE_LOOP('',(#923,#924,#925,#926));
#6735=EDGE_LOOP('',(#927,#928,#929,#930));
#6736=EDGE_LOOP('',(#931,#932,#933,#934));
#6737=EDGE_LOOP('',(#935,#936,#937,#938));
#6738=EDGE_LOOP('',(#939,#940,#941,#942,#943,#944,#945,#946,#947,#948,#949,#950,#951,#952,#953,#954,#955,#956,#957,#958,#959,#960,#961,#962,#963,#964,#965,#966,#967,#968,#969,#970,#971,#972,#973,#974,#975,#976,#977,#978,#979,#980,#981,#982,#983));
#6739=EDGE_LOOP('',(#984,#985,#986,#987));
#6740=EDGE_LOOP('',(#988,#989,#990,#991));
#6741=EDGE_LOOP('',(#992,#993,#994,#995));
#6742=EDGE_LOOP('',(#996,#997,#998,#999));
#6743=EDGE_LOOP('',(#1000,#1001,#1002,#1003,#1004,#1005,#1006,#1007,#1008,#1009,#1010,#1011,#1012,#1013,#1014,#1015,#1016,#1017,#1018,#1019,#1020,#1021));
#6744=EDGE_LOOP('',(#1022,#1023,#1024,#1025));
#6745=EDGE_LOOP('',(#1026,#1027,#1028,#1029));
#6746=EDGE_LOOP('',(#1030,#1031,#1032,#1033));
#6747=EDGE_LOOP('',(#1034,#1035,#1036,#1037));
#6748=EDGE_LOOP('',(#1038,#1039,#1040,#1041));
#6749=EDGE_LOOP('',(#1042,#1043,#1044,#1045));
#6750=EDGE_LOOP('',(#1046,#1047,#1048,#1049));
#6751=EDGE_LOOP('',(#1050,#1051,#1052,#1053));
#6752=EDGE_LOOP('',(#1054,#1055,#1056,#1057));
#6753=EDGE_LOOP('',(#1058,#1059,#1060,#1061));
#6754=EDGE_LOOP('',(#1062,#1063,#1064,#1065));
#6755=EDGE_LOOP('',(#1066,#1067,#1068,#1069));
#6756=EDGE_LOOP('',(#1070,#1071,#1072,#1073));
#6757=EDGE_LOOP('',(#1074,#1075,#1076,#1077));
#6758=EDGE_LOOP('',(#1078,#1079,#1080,#1081));
#6759=EDGE_LOOP('',(#1082,#1083,#1084,#1085));
#6760=EDGE_LOOP('',(#1086,#1087,#1088,#1089));
#6761=EDGE_LOOP('',(#1090,#1091,#1092,#1093));
#6762=EDGE_LOOP('',(#1094,#1095,#1096,#1097));
#6763=EDGE_LOOP('',(#1098,#1099,#1100,#1101));
#6764=EDGE_LOOP('',(#1102,#1103,#1104,#1105));
#6765=EDGE_LOOP('',(#1106,#1107,#1108,#1109));
#6766=EDGE_LOOP('',(#1110,#1111,#1112,#1113));
#6767=EDGE_LOOP('',(#1114,#1115,#1116,#1117));
#6768=EDGE_LOOP('',(#1118,#1119,#1120,#1121));
#6769=EDGE_LOOP('',(#1122,#1123,#1124,#1125));
#6770=EDGE_LOOP('',(#1126,#1127,#1128,#1129));
#6771=EDGE_LOOP('',(#1130,#1131,#1132,#1133));
#6772=EDGE_LOOP('',(#1134,#1135,#1136,#1137));
#6773=EDGE_LOOP('',(#1138,#1139,#1140,#1141));
#6774=EDGE_LOOP('',(#1142,#1143,#1144,#1145));
#6775=EDGE_LOOP('',(#1146,#1147,#1148,#1149));
#6776=EDGE_LOOP('',(#1150,#1151,#1152,#1153));
#6777=EDGE_LOOP('',(#1154,#1155,#1156,#1157,#1158,#1159,#1160,#1161,#1162));
#6778=EDGE_LOOP('',(#1163,#1164,#1165,#1166));
#6779=EDGE_LOOP('',(#1167,#1168,#1169,#1170,#1171,#1172,#1173,#1174,#1175));
#6780=EDGE_LOOP('',(#1176,#1177,#1178,#1179,#1180,#1181));
#6781=EDGE_LOOP('',(#1182,#1183,#1184,#1185));
#6782=EDGE_LOOP('',(#1186,#1187,#1188,#1189));
#6783=EDGE_LOOP('',(#1190,#1191,#1192,#1193,#1194,#1195,#1196,#1197,#1198));
#6784=EDGE_LOOP('',(#1199,#1200,#1201,#1202));
#6785=EDGE_LOOP('',(#1203,#1204,#1205,#1206,#1207,#1208,#1209,#1210,#1211));
#6786=EDGE_LOOP('',(#1212,#1213,#1214,#1215,#1216,#1217));
#6787=EDGE_LOOP('',(#1218,#1219,#1220,#1221));
#6788=EDGE_LOOP('',(#1222,#1223,#1224,#1225));
#6789=EDGE_LOOP('',(#1226,#1227,#1228,#1229,#1230,#1231,#1232,#1233,#1234));
#6790=EDGE_LOOP('',(#1235,#1236,#1237,#1238));
#6791=EDGE_LOOP('',(#1239,#1240,#1241,#1242,#1243,#1244,#1245,#1246,#1247));
#6792=EDGE_LOOP('',(#1248,#1249,#1250,#1251,#1252,#1253));
#6793=EDGE_LOOP('',(#1254,#1255,#1256,#1257));
#6794=EDGE_LOOP('',(#1258,#1259,#1260,#1261,#1262,#1263));
#6795=EDGE_LOOP('',(#1264,#1265,#1266,#1267,#1268,#1269));
#6796=EDGE_LOOP('',(#1270,#1271,#1272,#1273,#1274,#1275));
#6797=EDGE_LOOP('',(#1276,#1277,#1278,#1279));
#6798=EDGE_LOOP('',(#1280,#1281,#1282,#1283));
#6799=EDGE_LOOP('',(#1284,#1285,#1286,#1287));
#6800=EDGE_LOOP('',(#1288,#1289,#1290,#1291,#1292,#1293));
#6801=EDGE_LOOP('',(#1294,#1295,#1296,#1297,#1298,#1299));
#6802=EDGE_LOOP('',(#1300,#1301,#1302,#1303,#1304,#1305));
#6803=EDGE_LOOP('',(#1306,#1307,#1308,#1309));
#6804=EDGE_LOOP('',(#1310,#1311,#1312,#1313));
#6805=EDGE_LOOP('',(#1314,#1315,#1316,#1317));
#6806=EDGE_LOOP('',(#1318,#1319,#1320,#1321));
#6807=EDGE_LOOP('',(#1322,#1323,#1324,#1325));
#6808=EDGE_LOOP('',(#1326,#1327,#1328,#1329));
#6809=EDGE_LOOP('',(#1330,#1331,#1332,#1333));
#6810=EDGE_LOOP('',(#1334,#1335,#1336,#1337));
#6811=EDGE_LOOP('',(#1338,#1339,#1340,#1341));
#6812=EDGE_LOOP('',(#1342,#1343,#1344,#1345));
#6813=EDGE_LOOP('',(#1346,#1347,#1348,#1349));
#6814=EDGE_LOOP('',(#1350,#1351,#1352,#1353));
#6815=EDGE_LOOP('',(#1354,#1355,#1356,#1357));
#6816=EDGE_LOOP('',(#1358,#1359,#1360,#1361));
#6817=EDGE_LOOP('',(#1362,#1363,#1364,#1365));
#6818=EDGE_LOOP('',(#1366,#1367,#1368,#1369));
#6819=EDGE_LOOP('',(#1370,#1371,#1372,#1373));
#6820=EDGE_LOOP('',(#1374,#1375,#1376,#1377));
#6821=EDGE_LOOP('',(#1378,#1379,#1380,#1381));
#6822=EDGE_LOOP('',(#1382,#1383,#1384,#1385));
#6823=EDGE_LOOP('',(#1386,#1387,#1388,#1389));
#6824=EDGE_LOOP('',(#1390,#1391,#1392,#1393));
#6825=EDGE_LOOP('',(#1394,#1395,#1396,#1397));
#6826=EDGE_LOOP('',(#1398,#1399,#1400,#1401));
#6827=EDGE_LOOP('',(#1402,#1403,#1404,#1405));
#6828=EDGE_LOOP('',(#1406,#1407,#1408,#1409));
#6829=EDGE_LOOP('',(#1410,#1411,#1412,#1413));
#6830=EDGE_LOOP('',(#1414,#1415,#1416,#1417));
#6831=EDGE_LOOP('',(#1418,#1419,#1420,#1421,#1422,#1423));
#6832=EDGE_LOOP('',(#1424,#1425,#1426,#1427,#1428));
#6833=EDGE_LOOP('',(#1429,#1430,#1431,#1432));
#6834=EDGE_LOOP('',(#1433,#1434,#1435,#1436));
#6835=EDGE_LOOP('',(#1437,#1438,#1439,#1440,#1441));
#6836=EDGE_LOOP('',(#1442,#1443,#1444,#1445,#1446));
#6837=EDGE_LOOP('',(#1447,#1448,#1449,#1450));
#6838=EDGE_LOOP('',(#1451,#1452,#1453));
#6839=EDGE_LOOP('',(#1454,#1455,#1456,#1457));
#6840=EDGE_LOOP('',(#1458,#1459,#1460));
#6841=EDGE_LOOP('',(#1461,#1462,#1463,#1464));
#6842=EDGE_LOOP('',(#1465,#1466,#1467,#1468));
#6843=EDGE_LOOP('',(#1469,#1470,#1471,#1472));
#6844=EDGE_LOOP('',(#1473,#1474,#1475,#1476));
#6845=EDGE_LOOP('',(#1477,#1478,#1479,#1480,#1481,#1482,#1483,#1484,#1485));
#6846=EDGE_LOOP('',(#1486,#1487,#1488,#1489,#1490,#1491,#1492,#1493,#1494));
#6847=EDGE_LOOP('',(#1495,#1496,#1497,#1498,#1499,#1500));
#6848=EDGE_LOOP('',(#1501,#1502,#1503,#1504,#1505,#1506,#1507,#1508,#1509,#1510,#1511,#1512,#1513,#1514,#1515,#1516,#1517,#1518,#1519,#1520));
#6849=EDGE_LOOP('',(#1521,#1522,#1523,#1524,#1525,#1526,#1527,#1528,#1529,#1530,#1531,#1532,#1533,#1534,#1535,#1536,#1537,#1538,#1539,#1540,#1541,#1542,#1543,#1544,#1545,#1546,#1547,#1548,#1549,#1550,#1551,#1552,#1553,#1554,#1555,#1556,#1557,#1558,#1559,#1560,#1561,#1562,#1563,#1564,#1565,#1566,#1567,#1568,#1569,#1570,#1571,#1572,#1573,#1574,#1575,#1576,#1577,#1578,#1579,#1580,#1581,#1582,#1583,#1584,#1585,#1586,#1587,#1588,#1589));
#6850=EDGE_LOOP('',(#1590,#1591,#1592,#1593,#1594,#1595,#1596,#1597,#1598,#1599,#1600,#1601));
#6851=EDGE_LOOP('',(#1602,#1603,#1604,#1605,#1606,#1607,#1608,#1609));
#6852=EDGE_LOOP('',(#1610,#1611,#1612,#1613,#1614,#1615,#1616,#1617,#1618,#1619,#1620,#1621,#1622,#1623,#1624,#1625,#1626,#1627,#1628,#1629,#1630,#1631,#1632,#1633));
#6853=EDGE_LOOP('',(#1634,#1635,#1636,#1637));
#6854=EDGE_LOOP('',(#1638,#1639,#1640,#1641));
#6855=EDGE_LOOP('',(#1642,#1643,#1644,#1645));
#6856=EDGE_LOOP('',(#1646,#1647,#1648,#1649));
#6857=EDGE_LOOP('',(#1650,#1651,#1652,#1653,#1654,#1655,#1656,#1657));
#6858=EDGE_LOOP('',(#1658,#1659,#1660,#1661));
#6859=EDGE_LOOP('',(#1662,#1663,#1664,#1665,#1666,#1667,#1668,#1669,#1670,#1671,#1672,#1673,#1674,#1675));
#6860=EDGE_LOOP('',(#1676,#1677,#1678,#1679,#1680,#1681,#1682,#1683,#1684,#1685,#1686,#1687));
#6861=EDGE_LOOP('',(#1688,#1689,#1690,#1691,#1692,#1693,#1694,#1695,#1696,#1697,#1698,#1699,#1700,#1701,#1702,#1703,#1704,#1705,#1706,#1707,#1708,#1709,#1710,#1711,#1712,#1713,#1714,#1715));
#6862=EDGE_LOOP('',(#1716,#1717,#1718,#1719,#1720,#1721));
#6863=EDGE_LOOP('',(#1722,#1723,#1724,#1725,#1726,#1727));
#6864=EDGE_LOOP('',(#1728,#1729,#1730,#1731));
#6865=EDGE_LOOP('',(#1732,#1733,#1734,#1735));
#6866=EDGE_LOOP('',(#1736,#1737,#1738,#1739,#1740,#1741,#1742,#1743));
#6867=EDGE_LOOP('',(#1744,#1745,#1746,#1747));
#6868=EDGE_LOOP('',(#1748,#1749,#1750,#1751,#1752,#1753));
#6869=EDGE_LOOP('',(#1754,#1755,#1756,#1757,#1758,#1759,#1760,#1761));
#6870=EDGE_LOOP('',(#1762,#1763,#1764,#1765));
#6871=EDGE_LOOP('',(#1766,#1767,#1768,#1769,#1770,#1771));
#6872=EDGE_LOOP('',(#1772));
#6873=EDGE_LOOP('',(#1773,#1774,#1775,#1776,#1777,#1778,#1779,#1780));
#6874=EDGE_LOOP('',(#1781,#1782,#1783,#1784,#1785));
#6875=EDGE_LOOP('',(#1786,#1787,#1788,#1789,#1790,#1791,#1792,#1793,#1794,#1795,#1796,#1797,#1798,#1799,#1800,#1801,#1802,#1803,#1804,#1805,#1806,#1807));
#6876=EDGE_LOOP('',(#1808,#1809,#1810,#1811,#1812));
#6877=EDGE_LOOP('',(#1813,#1814,#1815,#1816,#1817));
#6878=EDGE_LOOP('',(#1818,#1819,#1820,#1821));
#6879=EDGE_LOOP('',(#1822,#1823,#1824,#1825));
#6880=EDGE_LOOP('',(#1826,#1827,#1828,#1829));
#6881=EDGE_LOOP('',(#1830,#1831,#1832,#1833));
#6882=EDGE_LOOP('',(#1834,#1835,#1836,#1837,#1838,#1839,#1840,#1841,#1842,#1843,#1844,#1845,#1846,#1847,#1848,#1849));
#6883=EDGE_LOOP('',(#1850,#1851,#1852,#1853,#1854,#1855,#1856,#1857,#1858,#1859,#1860,#1861,#1862,#1863,#1864,#1865));
#6884=EDGE_LOOP('',(#1866,#1867,#1868,#1869,#1870,#1871,#1872,#1873));
#6885=EDGE_LOOP('',(#1874,#1875,#1876,#1877,#1878,#1879,#1880,#1881));
#6886=EDGE_LOOP('',(#1882,#1883,#1884,#1885,#1886,#1887,#1888,#1889));
#6887=EDGE_LOOP('',(#1890,#1891,#1892,#1893,#1894));
#6888=EDGE_LOOP('',(#1895,#1896,#1897,#1898,#1899,#1900,#1901,#1902,#1903,#1904,#1905,#1906,#1907));
#6889=EDGE_LOOP('',(#1908,#1909,#1910,#1911));
#6890=EDGE_LOOP('',(#1912,#1913,#1914,#1915,#1916));
#6891=EDGE_LOOP('',(#1917,#1918,#1919,#1920));
#6892=EDGE_LOOP('',(#1921,#1922,#1923,#1924));
#6893=EDGE_LOOP('',(#1925,#1926,#1927,#1928,#1929));
#6894=EDGE_LOOP('',(#1930,#1931,#1932,#1933,#1934));
#6895=EDGE_LOOP('',(#1935,#1936,#1937,#1938,#1939));
#6896=EDGE_LOOP('',(#1940,#1941,#1942,#1943,#1944));
#6897=EDGE_LOOP('',(#1945,#1946,#1947,#1948,#1949,#1950,#1951,#1952));
#6898=EDGE_LOOP('',(#1953,#1954,#1955,#1956,#1957));
#6899=EDGE_LOOP('',(#1958,#1959,#1960,#1961,#1962,#1963,#1964,#1965,#1966,#1967,#1968,#1969,#1970));
#6900=EDGE_LOOP('',(#1971,#1972,#1973,#1974));
#6901=EDGE_LOOP('',(#1975,#1976,#1977,#1978,#1979));
#6902=EDGE_LOOP('',(#1980,#1981,#1982,#1983));
#6903=EDGE_LOOP('',(#1984,#1985,#1986,#1987));
#6904=EDGE_LOOP('',(#1988,#1989,#1990,#1991,#1992));
#6905=EDGE_LOOP('',(#1993,#1994,#1995,#1996,#1997));
#6906=EDGE_LOOP('',(#1998,#1999,#2000,#2001,#2002));
#6907=EDGE_LOOP('',(#2003,#2004,#2005,#2006,#2007));
#6908=EDGE_LOOP('',(#2008,#2009,#2010,#2011));
#6909=EDGE_LOOP('',(#2012,#2013,#2014,#2015));
#6910=EDGE_LOOP('',(#2016,#2017,#2018,#2019));
#6911=EDGE_LOOP('',(#2020,#2021,#2022,#2023));
#6912=EDGE_LOOP('',(#2024,#2025,#2026,#2027));
#6913=EDGE_LOOP('',(#2028,#2029,#2030,#2031));
#6914=EDGE_LOOP('',(#2032,#2033,#2034,#2035));
#6915=EDGE_LOOP('',(#2036,#2037,#2038,#2039));
#6916=EDGE_LOOP('',(#2040,#2041,#2042,#2043));
#6917=EDGE_LOOP('',(#2044,#2045,#2046,#2047));
#6918=EDGE_LOOP('',(#2048,#2049,#2050,#2051));
#6919=EDGE_LOOP('',(#2052,#2053,#2054,#2055));
#6920=EDGE_LOOP('',(#2056,#2057,#2058,#2059));
#6921=EDGE_LOOP('',(#2060,#2061,#2062,#2063));
#6922=EDGE_LOOP('',(#2064,#2065,#2066,#2067));
#6923=EDGE_LOOP('',(#2068,#2069,#2070,#2071));
#6924=EDGE_LOOP('',(#2072,#2073,#2074,#2075));
#6925=EDGE_LOOP('',(#2076,#2077,#2078,#2079));
#6926=EDGE_LOOP('',(#2080,#2081,#2082,#2083));
#6927=EDGE_LOOP('',(#2084,#2085,#2086,#2087));
#6928=EDGE_LOOP('',(#2088,#2089,#2090,#2091));
#6929=EDGE_LOOP('',(#2092,#2093,#2094,#2095));
#6930=EDGE_LOOP('',(#2096,#2097,#2098,#2099));
#6931=EDGE_LOOP('',(#2100,#2101,#2102,#2103));
#6932=EDGE_LOOP('',(#2104,#2105,#2106,#2107));
#6933=EDGE_LOOP('',(#2108,#2109,#2110,#2111));
#6934=EDGE_LOOP('',(#2112,#2113,#2114,#2115));
#6935=EDGE_LOOP('',(#2116,#2117,#2118,#2119));
#6936=EDGE_LOOP('',(#2120,#2121,#2122,#2123,#2124,#2125));
#6937=EDGE_LOOP('',(#2126,#2127,#2128,#2129));
#6938=EDGE_LOOP('',(#2130,#2131,#2132,#2133));
#6939=EDGE_LOOP('',(#2134,#2135,#2136,#2137,#2138,#2139));
#6940=EDGE_LOOP('',(#2140,#2141,#2142,#2143));
#6941=EDGE_LOOP('',(#2144,#2145,#2146,#2147));
#6942=EDGE_LOOP('',(#2148,#2149,#2150,#2151));
#6943=EDGE_LOOP('',(#2152,#2153,#2154,#2155));
#6944=EDGE_LOOP('',(#2156,#2157,#2158,#2159));
#6945=EDGE_LOOP('',(#2160,#2161,#2162,#2163,#2164,#2165));
#6946=EDGE_LOOP('',(#2166,#2167,#2168,#2169));
#6947=EDGE_LOOP('',(#2170,#2171,#2172,#2173));
#6948=EDGE_LOOP('',(#2174,#2175,#2176,#2177));
#6949=EDGE_LOOP('',(#2178,#2179,#2180,#2181));
#6950=EDGE_LOOP('',(#2182,#2183,#2184,#2185));
#6951=EDGE_LOOP('',(#2186,#2187,#2188,#2189));
#6952=EDGE_LOOP('',(#2190,#2191,#2192,#2193));
#6953=EDGE_LOOP('',(#2194,#2195,#2196,#2197));
#6954=EDGE_LOOP('',(#2198,#2199,#2200,#2201));
#6955=EDGE_LOOP('',(#2202));
#6956=EDGE_LOOP('',(#2203,#2204,#2205,#2206));
#6957=EDGE_LOOP('',(#2207,#2208,#2209,#2210));
#6958=EDGE_LOOP('',(#2211,#2212,#2213,#2214,#2215,#2216,#2217));
#6959=EDGE_LOOP('',(#2218,#2219,#2220,#2221,#2222,#2223,#2224));
#6960=EDGE_LOOP('',(#2225,#2226,#2227,#2228,#2229,#2230,#2231,#2232));
#6961=EDGE_LOOP('',(#2233,#2234,#2235,#2236));
#6962=EDGE_LOOP('',(#2237,#2238,#2239,#2240));
#6963=EDGE_LOOP('',(#2241,#2242,#2243,#2244,#2245,#2246,#2247,#2248));
#6964=EDGE_LOOP('',(#2249,#2250,#2251,#2252,#2253,#2254,#2255,#2256));
#6965=EDGE_LOOP('',(#2257,#2258,#2259,#2260));
#6966=EDGE_LOOP('',(#2261,#2262,#2263,#2264));
#6967=EDGE_LOOP('',(#2265,#2266,#2267,#2268,#2269,#2270,#2271,#2272));
#6968=EDGE_LOOP('',(#2273,#2274,#2275,#2276,#2277,#2278,#2279,#2280));
#6969=EDGE_LOOP('',(#2281,#2282,#2283,#2284));
#6970=EDGE_LOOP('',(#2285,#2286,#2287,#2288));
#6971=EDGE_LOOP('',(#2289,#2290,#2291,#2292,#2293,#2294,#2295,#2296));
#6972=EDGE_LOOP('',(#2297,#2298,#2299,#2300));
#6973=EDGE_LOOP('',(#2301,#2302,#2303,#2304));
#6974=EDGE_LOOP('',(#2305,#2306,#2307,#2308));
#6975=EDGE_LOOP('',(#2309,#2310,#2311,#2312));
#6976=EDGE_LOOP('',(#2313,#2314,#2315,#2316,#2317,#2318));
#6977=EDGE_LOOP('',(#2319,#2320,#2321,#2322));
#6978=EDGE_LOOP('',(#2323,#2324,#2325,#2326));
#6979=EDGE_LOOP('',(#2327,#2328,#2329,#2330,#2331,#2332));
#6980=EDGE_LOOP('',(#2333,#2334,#2335,#2336));
#6981=EDGE_LOOP('',(#2337,#2338,#2339,#2340,#2341,#2342));
#6982=EDGE_LOOP('',(#2343,#2344,#2345,#2346));
#6983=EDGE_LOOP('',(#2347,#2348,#2349,#2350));
#6984=EDGE_LOOP('',(#2351,#2352,#2353,#2354,#2355,#2356));
#6985=EDGE_LOOP('',(#2357,#2358,#2359,#2360));
#6986=EDGE_LOOP('',(#2361,#2362,#2363,#2364));
#6987=EDGE_LOOP('',(#2365,#2366,#2367,#2368));
#6988=EDGE_LOOP('',(#2369,#2370,#2371,#2372));
#6989=EDGE_LOOP('',(#2373,#2374,#2375,#2376,#2377,#2378,#2379,#2380));
#6990=EDGE_LOOP('',(#2381,#2382,#2383,#2384,#2385,#2386,#2387,#2388));
#6991=EDGE_LOOP('',(#2389,#2390,#2391,#2392,#2393));
#6992=EDGE_LOOP('',(#2394,#2395,#2396,#2397));
#6993=EDGE_LOOP('',(#2398,#2399,#2400,#2401));
#6994=EDGE_LOOP('',(#2402,#2403,#2404,#2405,#2406,#2407));
#6995=EDGE_LOOP('',(#2408,#2409,#2410,#2411));
#6996=EDGE_LOOP('',(#2412,#2413,#2414,#2415));
#6997=EDGE_LOOP('',(#2416,#2417,#2418,#2419,#2420,#2421,#2422,#2423));
#6998=EDGE_LOOP('',(#2424,#2425,#2426,#2427));
#6999=EDGE_LOOP('',(#2428,#2429,#2430,#2431));
#7000=EDGE_LOOP('',(#2432,#2433,#2434,#2435));
#7001=EDGE_LOOP('',(#2436,#2437,#2438,#2439));
#7002=EDGE_LOOP('',(#2440,#2441,#2442,#2443));
#7003=EDGE_LOOP('',(#2444,#2445,#2446,#2447));
#7004=EDGE_LOOP('',(#2448,#2449,#2450,#2451));
#7005=EDGE_LOOP('',(#2452,#2453,#2454,#2455,#2456,#2457,#2458,#2459));
#7006=EDGE_LOOP('',(#2460,#2461,#2462,#2463));
#7007=EDGE_LOOP('',(#2464,#2465,#2466,#2467));
#7008=EDGE_LOOP('',(#2468,#2469,#2470,#2471));
#7009=EDGE_LOOP('',(#2472,#2473,#2474,#2475));
#7010=EDGE_LOOP('',(#2476,#2477,#2478,#2479));
#7011=EDGE_LOOP('',(#2480,#2481,#2482,#2483));
#7012=EDGE_LOOP('',(#2484,#2485,#2486,#2487));
#7013=EDGE_LOOP('',(#2488,#2489,#2490,#2491));
#7014=EDGE_LOOP('',(#2492,#2493,#2494,#2495));
#7015=EDGE_LOOP('',(#2496,#2497,#2498,#2499));
#7016=EDGE_LOOP('',(#2500,#2501,#2502,#2503));
#7017=EDGE_LOOP('',(#2504,#2505,#2506,#2507));
#7018=EDGE_LOOP('',(#2508,#2509,#2510,#2511,#2512,#2513,#2514,#2515));
#7019=EDGE_LOOP('',(#2516,#2517,#2518,#2519));
#7020=EDGE_LOOP('',(#2520,#2521,#2522,#2523));
#7021=EDGE_LOOP('',(#2524,#2525,#2526,#2527,#2528,#2529,#2530,#2531));
#7022=EDGE_LOOP('',(#2532,#2533,#2534,#2535));
#7023=EDGE_LOOP('',(#2536,#2537,#2538,#2539));
#7024=EDGE_LOOP('',(#2540,#2541,#2542,#2543));
#7025=EDGE_LOOP('',(#2544,#2545,#2546,#2547));
#7026=EDGE_LOOP('',(#2548,#2549,#2550,#2551));
#7027=EDGE_LOOP('',(#2552,#2553,#2554,#2555,#2556));
#7028=EDGE_LOOP('',(#2557,#2558,#2559,#2560,#2561));
#7029=EDGE_LOOP('',(#2562,#2563,#2564,#2565,#2566));
#7030=EDGE_LOOP('',(#2567,#2568,#2569,#2570));
#7031=EDGE_LOOP('',(#2571,#2572,#2573,#2574,#2575,#2576));
#7032=EDGE_LOOP('',(#2577,#2578,#2579,#2580));
#7033=EDGE_LOOP('',(#2581,#2582,#2583,#2584));
#7034=EDGE_LOOP('',(#2585,#2586,#2587,#2588));
#7035=EDGE_LOOP('',(#2589,#2590,#2591,#2592));
#7036=EDGE_LOOP('',(#2593,#2594,#2595,#2596));
#7037=EDGE_LOOP('',(#2597,#2598,#2599,#2600));
#7038=EDGE_LOOP('',(#2601,#2602,#2603,#2604));
#7039=EDGE_LOOP('',(#2605,#2606,#2607,#2608));
#7040=EDGE_LOOP('',(#2609,#2610,#2611,#2612,#2613));
#7041=EDGE_LOOP('',(#2614,#2615,#2616,#2617));
#7042=EDGE_LOOP('',(#2618,#2619,#2620,#2621,#2622,#2623));
#7043=EDGE_LOOP('',(#2624,#2625,#2626,#2627));
#7044=EDGE_LOOP('',(#2628,#2629,#2630,#2631,#2632,#2633));
#7045=EDGE_LOOP('',(#2634,#2635,#2636,#2637));
#7046=EDGE_LOOP('',(#2638,#2639,#2640,#2641));
#7047=EDGE_LOOP('',(#2642,#2643,#2644,#2645));
#7048=EDGE_LOOP('',(#2646,#2647,#2648,#2649));
#7049=EDGE_LOOP('',(#2650,#2651,#2652,#2653));
#7050=EDGE_LOOP('',(#2654,#2655,#2656,#2657));
#7051=EDGE_LOOP('',(#2658,#2659,#2660,#2661,#2662));
#7052=EDGE_LOOP('',(#2663,#2664,#2665,#2666,#2667));
#7053=EDGE_LOOP('',(#2668,#2669,#2670,#2671));
#7054=EDGE_LOOP('',(#2672,#2673,#2674,#2675));
#7055=EDGE_LOOP('',(#2676,#2677,#2678,#2679));
#7056=EDGE_LOOP('',(#2680,#2681,#2682,#2683));
#7057=EDGE_LOOP('',(#2684,#2685,#2686,#2687));
#7058=EDGE_LOOP('',(#2688,#2689,#2690,#2691));
#7059=EDGE_LOOP('',(#2692,#2693,#2694,#2695,#2696,#2697,#2698,#2699,#2700,#2701));
#7060=EDGE_LOOP('',(#2702,#2703,#2704,#2705));
#7061=EDGE_LOOP('',(#2706,#2707,#2708,#2709));
#7062=EDGE_LOOP('',(#2710,#2711,#2712,#2713));
#7063=EDGE_LOOP('',(#2714,#2715,#2716,#2717));
#7064=EDGE_LOOP('',(#2718,#2719,#2720,#2721));
#7065=EDGE_LOOP('',(#2722,#2723,#2724,#2725));
#7066=EDGE_LOOP('',(#2726,#2727,#2728,#2729));
#7067=EDGE_LOOP('',(#2730,#2731,#2732,#2733,#2734));
#7068=EDGE_LOOP('',(#2735,#2736,#2737,#2738,#2739));
#7069=EDGE_LOOP('',(#2740,#2741,#2742,#2743));
#7070=EDGE_LOOP('',(#2744,#2745,#2746,#2747));
#7071=EDGE_LOOP('',(#2748,#2749,#2750,#2751));
#7072=EDGE_LOOP('',(#2752,#2753,#2754,#2755));
#7073=EDGE_LOOP('',(#2756,#2757,#2758,#2759));
#7074=EDGE_LOOP('',(#2760,#2761,#2762,#2763));
#7075=EDGE_LOOP('',(#2764,#2765,#2766,#2767,#2768,#2769,#2770,#2771,#2772,#2773));
#7076=EDGE_LOOP('',(#2774,#2775,#2776,#2777));
#7077=EDGE_LOOP('',(#2778,#2779,#2780,#2781));
#7078=EDGE_LOOP('',(#2782,#2783,#2784,#2785));
#7079=EDGE_LOOP('',(#2786,#2787,#2788,#2789));
#7080=EDGE_LOOP('',(#2790,#2791,#2792,#2793,#2794));
#7081=EDGE_LOOP('',(#2795,#2796,#2797,#2798));
#7082=EDGE_LOOP('',(#2799,#2800,#2801,#2802));
#7083=EDGE_LOOP('',(#2803,#2804,#2805,#2806,#2807));
#7084=EDGE_LOOP('',(#2808,#2809,#2810,#2811,#2812));
#7085=EDGE_LOOP('',(#2813,#2814,#2815,#2816));
#7086=EDGE_LOOP('',(#2817,#2818,#2819,#2820));
#7087=EDGE_LOOP('',(#2821,#2822,#2823,#2824));
#7088=EDGE_LOOP('',(#2825,#2826,#2827,#2828));
#7089=EDGE_LOOP('',(#2829,#2830,#2831,#2832));
#7090=EDGE_LOOP('',(#2833,#2834,#2835,#2836));
#7091=EDGE_LOOP('',(#2837,#2838,#2839,#2840,#2841,#2842,#2843,#2844,#2845,#2846));
#7092=EDGE_LOOP('',(#2847,#2848,#2849,#2850));
#7093=EDGE_LOOP('',(#2851,#2852,#2853,#2854));
#7094=EDGE_LOOP('',(#2855,#2856,#2857,#2858));
#7095=EDGE_LOOP('',(#2859,#2860,#2861,#2862));
#7096=EDGE_LOOP('',(#2863,#2864,#2865,#2866));
#7097=EDGE_LOOP('',(#2867,#2868,#2869,#2870));
#7098=EDGE_LOOP('',(#2871,#2872,#2873,#2874,#2875,#2876,#2877,#2878,#2879,#2880));
#7099=EDGE_LOOP('',(#2881,#2882,#2883,#2884));
#7100=EDGE_LOOP('',(#2885,#2886,#2887,#2888));
#7101=EDGE_LOOP('',(#2889,#2890,#2891,#2892,#2893));
#7102=EDGE_LOOP('',(#2894,#2895,#2896,#2897));
#7103=EDGE_LOOP('',(#2898,#2899,#2900,#2901));
#7104=EDGE_LOOP('',(#2902,#2903,#2904,#2905,#2906));
#7105=EDGE_LOOP('',(#2907,#2908,#2909,#2910));
#7106=EDGE_LOOP('',(#2911,#2912,#2913,#2914));
#7107=EDGE_LOOP('',(#2915,#2916,#2917,#2918));
#7108=EDGE_LOOP('',(#2919,#2920,#2921,#2922));
#7109=EDGE_LOOP('',(#2923,#2924,#2925,#2926));
#7110=EDGE_LOOP('',(#2927,#2928,#2929,#2930,#2931,#2932,#2933,#2934));
#7111=EDGE_LOOP('',(#2935,#2936,#2937,#2938,#2939,#2940));
#7112=EDGE_LOOP('',(#2941,#2942,#2943,#2944));
#7113=EDGE_LOOP('',(#2945,#2946,#2947,#2948));
#7114=EDGE_LOOP('',(#2949,#2950,#2951,#2952));
#7115=EDGE_LOOP('',(#2953,#2954,#2955,#2956));
#7116=EDGE_LOOP('',(#2957,#2958,#2959,#2960));
#7117=EDGE_LOOP('',(#2961,#2962,#2963,#2964));
#7118=EDGE_LOOP('',(#2965,#2966,#2967,#2968));
#7119=EDGE_LOOP('',(#2969,#2970,#2971,#2972));
#7120=EDGE_LOOP('',(#2973,#2974,#2975,#2976));
#7121=EDGE_LOOP('',(#2977,#2978,#2979,#2980));
#7122=EDGE_LOOP('',(#2981,#2982,#2983,#2984));
#7123=EDGE_LOOP('',(#2985,#2986,#2987,#2988));
#7124=EDGE_LOOP('',(#2989,#2990,#2991,#2992));
#7125=EDGE_LOOP('',(#2993,#2994,#2995,#2996));
#7126=EDGE_LOOP('',(#2997,#2998,#2999,#3000));
#7127=EDGE_LOOP('',(#3001,#3002,#3003,#3004));
#7128=EDGE_LOOP('',(#3005,#3006,#3007,#3008));
#7129=EDGE_LOOP('',(#3009,#3010,#3011,#3012,#3013,#3014,#3015,#3016,#3017,#3018));
#7130=EDGE_LOOP('',(#3019,#3020,#3021,#3022));
#7131=EDGE_LOOP('',(#3023,#3024,#3025,#3026));
#7132=EDGE_LOOP('',(#3027,#3028,#3029,#3030,#3031));
#7133=EDGE_LOOP('',(#3032,#3033,#3034,#3035));
#7134=EDGE_LOOP('',(#3036,#3037,#3038,#3039));
#7135=EDGE_LOOP('',(#3040,#3041,#3042,#3043,#3044));
#7136=EDGE_LOOP('',(#3045,#3046,#3047,#3048));
#7137=EDGE_LOOP('',(#3049,#3050,#3051,#3052));
#7138=EDGE_LOOP('',(#3053,#3054,#3055,#3056));
#7139=EDGE_LOOP('',(#3057,#3058,#3059,#3060));
#7140=EDGE_LOOP('',(#3061,#3062,#3063,#3064));
#7141=EDGE_LOOP('',(#3065,#3066,#3067,#3068,#3069,#3070,#3071,#3072));
#7142=EDGE_LOOP('',(#3073,#3074,#3075,#3076,#3077,#3078));
#7143=EDGE_LOOP('',(#3079,#3080,#3081,#3082));
#7144=EDGE_LOOP('',(#3083,#3084,#3085,#3086));
#7145=EDGE_LOOP('',(#3087,#3088,#3089,#3090));
#7146=EDGE_LOOP('',(#3091,#3092,#3093,#3094));
#7147=EDGE_LOOP('',(#3095,#3096,#3097,#3098));
#7148=EDGE_LOOP('',(#3099,#3100,#3101,#3102));
#7149=EDGE_LOOP('',(#3103,#3104,#3105,#3106));
#7150=EDGE_LOOP('',(#3107,#3108,#3109,#3110));
#7151=EDGE_LOOP('',(#3111,#3112,#3113,#3114));
#7152=EDGE_LOOP('',(#3115,#3116,#3117,#3118));
#7153=EDGE_LOOP('',(#3119,#3120,#3121,#3122));
#7154=EDGE_LOOP('',(#3123,#3124,#3125,#3126));
#7155=FACE_BOUND('',#6691,.T.);
#7156=FACE_BOUND('',#6692,.T.);
#7157=FACE_BOUND('',#6693,.T.);
#7158=FACE_BOUND('',#6694,.T.);
#7159=FACE_BOUND('',#6695,.T.);
#7160=FACE_BOUND('',#6696,.T.);
#7161=FACE_BOUND('',#6697,.T.);
#7162=FACE_BOUND('',#6698,.T.);
#7163=FACE_BOUND('',#6699,.T.);
#7164=FACE_BOUND('',#6700,.T.);
#7165=FACE_BOUND('',#6701,.T.);
#7166=FACE_BOUND('',#6702,.T.);
#7167=FACE_BOUND('',#6703,.T.);
#7168=FACE_BOUND('',#6704,.T.);
#7169=FACE_BOUND('',#6705,.T.);
#7170=FACE_BOUND('',#6706,.T.);
#7171=FACE_BOUND('',#6707,.T.);
#7172=FACE_BOUND('',#6708,.T.);
#7173=FACE_BOUND('',#6709,.T.);
#7174=FACE_BOUND('',#6710,.T.);
#7175=FACE_BOUND('',#6711,.T.);
#7176=FACE_BOUND('',#6712,.T.);
#7177=FACE_BOUND('',#6713,.T.);
#7178=FACE_BOUND('',#6714,.T.);
#7179=FACE_BOUND('',#6715,.T.);
#7180=FACE_BOUND('',#6716,.T.);
#7181=FACE_BOUND('',#6717,.T.);
#7182=FACE_BOUND('',#6718,.T.);
#7183=FACE_BOUND('',#6719,.T.);
#7184=FACE_BOUND('',#6720,.T.);
#7185=FACE_BOUND('',#6721,.T.);
#7186=FACE_BOUND('',#6722,.T.);
#7187=FACE_BOUND('',#6723,.T.);
#7188=FACE_BOUND('',#6724,.T.);
#7189=FACE_BOUND('',#6725,.T.);
#7190=FACE_BOUND('',#6726,.T.);
#7191=FACE_BOUND('',#6727,.T.);
#7192=FACE_BOUND('',#6728,.T.);
#7193=FACE_BOUND('',#6729,.T.);
#7194=FACE_BOUND('',#6730,.T.);
#7195=FACE_BOUND('',#6731,.T.);
#7196=FACE_BOUND('',#6732,.T.);
#7197=FACE_BOUND('',#6733,.T.);
#7198=FACE_BOUND('',#6734,.T.);
#7199=FACE_BOUND('',#6735,.T.);
#7200=FACE_BOUND('',#6736,.T.);
#7201=FACE_BOUND('',#6737,.T.);
#7202=FACE_BOUND('',#6738,.T.);
#7203=FACE_BOUND('',#6739,.T.);
#7204=FACE_BOUND('',#6740,.T.);
#7205=FACE_BOUND('',#6741,.T.);
#7206=FACE_BOUND('',#6742,.T.);
#7207=FACE_BOUND('',#6743,.T.);
#7208=FACE_BOUND('',#6744,.T.);
#7209=FACE_BOUND('',#6745,.T.);
#7210=FACE_BOUND('',#6746,.T.);
#7211=FACE_BOUND('',#6747,.T.);
#7212=FACE_BOUND('',#6748,.T.);
#7213=FACE_BOUND('',#6749,.T.);
#7214=FACE_BOUND('',#6750,.T.);
#7215=FACE_BOUND('',#6751,.T.);
#7216=FACE_BOUND('',#6752,.T.);
#7217=FACE_BOUND('',#6753,.T.);
#7218=FACE_BOUND('',#6754,.T.);
#7219=FACE_BOUND('',#6755,.T.);
#7220=FACE_BOUND('',#6756,.T.);
#7221=FACE_BOUND('',#6757,.T.);
#7222=FACE_BOUND('',#6758,.T.);
#7223=FACE_BOUND('',#6759,.T.);
#7224=FACE_BOUND('',#6760,.T.);
#7225=FACE_BOUND('',#6761,.T.);
#7226=FACE_BOUND('',#6762,.T.);
#7227=FACE_BOUND('',#6763,.T.);
#7228=FACE_BOUND('',#6764,.T.);
#7229=FACE_BOUND('',#6765,.T.);
#7230=FACE_BOUND('',#6766,.T.);
#7231=FACE_BOUND('',#6767,.T.);
#7232=FACE_BOUND('',#6768,.T.);
#7233=FACE_BOUND('',#6769,.T.);
#7234=FACE_BOUND('',#6770,.T.);
#7235=FACE_BOUND('',#6771,.T.);
#7236=FACE_BOUND('',#6772,.T.);
#7237=FACE_BOUND('',#6773,.T.);
#7238=FACE_BOUND('',#6774,.T.);
#7239=FACE_BOUND('',#6775,.T.);
#7240=FACE_BOUND('',#6776,.T.);
#7241=FACE_BOUND('',#6777,.T.);
#7242=FACE_BOUND('',#6778,.T.);
#7243=FACE_BOUND('',#6779,.T.);
#7244=FACE_BOUND('',#6780,.T.);
#7245=FACE_BOUND('',#6781,.T.);
#7246=FACE_BOUND('',#6782,.T.);
#7247=FACE_BOUND('',#6783,.T.);
#7248=FACE_BOUND('',#6784,.T.);
#7249=FACE_BOUND('',#6785,.T.);
#7250=FACE_BOUND('',#6786,.T.);
#7251=FACE_BOUND('',#6787,.T.);
#7252=FACE_BOUND('',#6788,.T.);
#7253=FACE_BOUND('',#6789,.T.);
#7254=FACE_BOUND('',#6790,.T.);
#7255=FACE_BOUND('',#6791,.T.);
#7256=FACE_BOUND('',#6792,.T.);
#7257=FACE_BOUND('',#6793,.T.);
#7258=FACE_BOUND('',#6794,.T.);
#7259=FACE_BOUND('',#6795,.T.);
#7260=FACE_BOUND('',#6796,.T.);
#7261=FACE_BOUND('',#6797,.T.);
#7262=FACE_BOUND('',#6798,.T.);
#7263=FACE_BOUND('',#6799,.T.);
#7264=FACE_BOUND('',#6800,.T.);
#7265=FACE_BOUND('',#6801,.T.);
#7266=FACE_BOUND('',#6802,.T.);
#7267=FACE_BOUND('',#6803,.T.);
#7268=FACE_BOUND('',#6804,.T.);
#7269=FACE_BOUND('',#6805,.T.);
#7270=FACE_BOUND('',#6806,.T.);
#7271=FACE_BOUND('',#6807,.T.);
#7272=FACE_BOUND('',#6808,.T.);
#7273=FACE_BOUND('',#6809,.T.);
#7274=FACE_BOUND('',#6810,.T.);
#7275=FACE_BOUND('',#6811,.T.);
#7276=FACE_BOUND('',#6812,.T.);
#7277=FACE_BOUND('',#6813,.T.);
#7278=FACE_BOUND('',#6814,.T.);
#7279=FACE_BOUND('',#6815,.T.);
#7280=FACE_BOUND('',#6816,.T.);
#7281=FACE_BOUND('',#6817,.T.);
#7282=FACE_BOUND('',#6818,.T.);
#7283=FACE_BOUND('',#6819,.T.);
#7284=FACE_BOUND('',#6820,.T.);
#7285=FACE_BOUND('',#6821,.T.);
#7286=FACE_BOUND('',#6822,.T.);
#7287=FACE_BOUND('',#6823,.T.);
#7288=FACE_BOUND('',#6824,.T.);
#7289=FACE_BOUND('',#6825,.T.);
#7290=FACE_BOUND('',#6826,.T.);
#7291=FACE_BOUND('',#6827,.T.);
#7292=FACE_BOUND('',#6828,.T.);
#7293=FACE_BOUND('',#6829,.T.);
#7294=FACE_BOUND('',#6830,.T.);
#7295=FACE_BOUND('',#6831,.T.);
#7296=FACE_BOUND('',#6832,.T.);
#7297=FACE_BOUND('',#6833,.T.);
#7298=FACE_BOUND('',#6834,.T.);
#7299=FACE_BOUND('',#6835,.T.);
#7300=FACE_BOUND('',#6836,.T.);
#7301=FACE_BOUND('',#6837,.T.);
#7302=FACE_BOUND('',#6838,.T.);
#7303=FACE_BOUND('',#6839,.T.);
#7304=FACE_BOUND('',#6840,.T.);
#7305=FACE_BOUND('',#6841,.T.);
#7306=FACE_BOUND('',#6842,.T.);
#7307=FACE_BOUND('',#6843,.T.);
#7308=FACE_BOUND('',#6844,.T.);
#7309=FACE_BOUND('',#6845,.T.);
#7310=FACE_BOUND('',#6846,.T.);
#7311=FACE_BOUND('',#6847,.T.);
#7312=FACE_BOUND('',#6848,.T.);
#7313=FACE_BOUND('',#6849,.T.);
#7314=FACE_BOUND('',#6850,.T.);
#7315=FACE_BOUND('',#6851,.T.);
#7316=FACE_BOUND('',#6852,.T.);
#7317=FACE_BOUND('',#6853,.T.);
#7318=FACE_BOUND('',#6854,.T.);
#7319=FACE_BOUND('',#6855,.T.);
#7320=FACE_BOUND('',#6856,.T.);
#7321=FACE_BOUND('',#6857,.T.);
#7322=FACE_BOUND('',#6858,.T.);
#7323=FACE_BOUND('',#6859,.T.);
#7324=FACE_BOUND('',#6860,.T.);
#7325=FACE_BOUND('',#6861,.T.);
#7326=FACE_BOUND('',#6862,.T.);
#7327=FACE_BOUND('',#6863,.T.);
#7328=FACE_BOUND('',#6864,.T.);
#7329=FACE_BOUND('',#6865,.T.);
#7330=FACE_BOUND('',#6866,.T.);
#7331=FACE_BOUND('',#6867,.T.);
#7332=FACE_BOUND('',#6868,.T.);
#7333=FACE_BOUND('',#6869,.T.);
#7334=FACE_BOUND('',#6870,.T.);
#7335=FACE_BOUND('',#6871,.T.);
#7336=FACE_BOUND('',#6872,.T.);
#7337=FACE_BOUND('',#6873,.T.);
#7338=FACE_BOUND('',#6874,.T.);
#7339=FACE_BOUND('',#6875,.T.);
#7340=FACE_BOUND('',#6876,.T.);
#7341=FACE_BOUND('',#6877,.T.);
#7342=FACE_BOUND('',#6878,.T.);
#7343=FACE_BOUND('',#6879,.T.);
#7344=FACE_BOUND('',#6880,.T.);
#7345=FACE_BOUND('',#6881,.T.);
#7346=FACE_BOUND('',#6882,.T.);
#7347=FACE_BOUND('',#6883,.T.);
#7348=FACE_BOUND('',#6884,.T.);
#7349=FACE_BOUND('',#6885,.T.);
#7350=FACE_BOUND('',#6886,.T.);
#7351=FACE_BOUND('',#6887,.T.);
#7352=FACE_BOUND('',#6888,.T.);
#7353=FACE_BOUND('',#6889,.T.);
#7354=FACE_BOUND('',#6890,.T.);
#7355=FACE_BOUND('',#6891,.T.);
#7356=FACE_BOUND('',#6892,.T.);
#7357=FACE_BOUND('',#6893,.T.);
#7358=FACE_BOUND('',#6894,.T.);
#7359=FACE_BOUND('',#6895,.T.);
#7360=FACE_BOUND('',#6896,.T.);
#7361=FACE_BOUND('',#6897,.T.);
#7362=FACE_BOUND('',#6898,.T.);
#7363=FACE_BOUND('',#6899,.T.);
#7364=FACE_BOUND('',#6900,.T.);
#7365=FACE_BOUND('',#6901,.T.);
#7366=FACE_BOUND('',#6902,.T.);
#7367=FACE_BOUND('',#6903,.T.);
#7368=FACE_BOUND('',#6904,.T.);
#7369=FACE_BOUND('',#6905,.T.);
#7370=FACE_BOUND('',#6906,.T.);
#7371=FACE_BOUND('',#6907,.T.);
#7372=FACE_BOUND('',#6908,.T.);
#7373=FACE_BOUND('',#6909,.T.);
#7374=FACE_BOUND('',#6910,.T.);
#7375=FACE_BOUND('',#6911,.T.);
#7376=FACE_BOUND('',#6912,.T.);
#7377=FACE_BOUND('',#6913,.T.);
#7378=FACE_BOUND('',#6914,.T.);
#7379=FACE_BOUND('',#6915,.T.);
#7380=FACE_BOUND('',#6916,.T.);
#7381=FACE_BOUND('',#6917,.T.);
#7382=FACE_BOUND('',#6918,.T.);
#7383=FACE_BOUND('',#6919,.T.);
#7384=FACE_BOUND('',#6920,.T.);
#7385=FACE_BOUND('',#6921,.T.);
#7386=FACE_BOUND('',#6922,.T.);
#7387=FACE_BOUND('',#6923,.T.);
#7388=FACE_BOUND('',#6924,.T.);
#7389=FACE_BOUND('',#6925,.T.);
#7390=FACE_BOUND('',#6926,.T.);
#7391=FACE_BOUND('',#6927,.T.);
#7392=FACE_BOUND('',#6928,.T.);
#7393=FACE_BOUND('',#6929,.T.);
#7394=FACE_BOUND('',#6930,.T.);
#7395=FACE_BOUND('',#6931,.T.);
#7396=FACE_BOUND('',#6932,.T.);
#7397=FACE_BOUND('',#6933,.T.);
#7398=FACE_BOUND('',#6934,.T.);
#7399=FACE_BOUND('',#6935,.T.);
#7400=FACE_BOUND('',#6936,.T.);
#7401=FACE_BOUND('',#6937,.T.);
#7402=FACE_BOUND('',#6938,.T.);
#7403=FACE_BOUND('',#6939,.T.);
#7404=FACE_BOUND('',#6940,.T.);
#7405=FACE_BOUND('',#6941,.T.);
#7406=FACE_BOUND('',#6942,.T.);
#7407=FACE_BOUND('',#6943,.T.);
#7408=FACE_BOUND('',#6944,.T.);
#7409=FACE_BOUND('',#6945,.T.);
#7410=FACE_BOUND('',#6946,.T.);
#7411=FACE_BOUND('',#6947,.T.);
#7412=FACE_BOUND('',#6948,.T.);
#7413=FACE_BOUND('',#6949,.T.);
#7414=FACE_BOUND('',#6950,.T.);
#7415=FACE_BOUND('',#6951,.T.);
#7416=FACE_BOUND('',#6952,.T.);
#7417=FACE_BOUND('',#6953,.T.);
#7418=FACE_BOUND('',#6954,.T.);
#7419=FACE_BOUND('',#6955,.T.);
#7420=FACE_BOUND('',#6956,.T.);
#7421=FACE_BOUND('',#6957,.T.);
#7422=FACE_BOUND('',#6958,.T.);
#7423=FACE_BOUND('',#6959,.T.);
#7424=FACE_BOUND('',#6960,.T.);
#7425=FACE_BOUND('',#6961,.T.);
#7426=FACE_BOUND('',#6962,.T.);
#7427=FACE_BOUND('',#6963,.T.);
#7428=FACE_BOUND('',#6964,.T.);
#7429=FACE_BOUND('',#6965,.T.);
#7430=FACE_BOUND('',#6966,.T.);
#7431=FACE_BOUND('',#6967,.T.);
#7432=FACE_BOUND('',#6968,.T.);
#7433=FACE_BOUND('',#6969,.T.);
#7434=FACE_BOUND('',#6970,.T.);
#7435=FACE_BOUND('',#6971,.T.);
#7436=FACE_BOUND('',#6972,.T.);
#7437=FACE_BOUND('',#6973,.T.);
#7438=FACE_BOUND('',#6974,.T.);
#7439=FACE_BOUND('',#6975,.T.);
#7440=FACE_BOUND('',#6976,.T.);
#7441=FACE_BOUND('',#6977,.T.);
#7442=FACE_BOUND('',#6978,.T.);
#7443=FACE_BOUND('',#6979,.T.);
#7444=FACE_BOUND('',#6980,.T.);
#7445=FACE_BOUND('',#6981,.T.);
#7446=FACE_BOUND('',#6982,.T.);
#7447=FACE_BOUND('',#6983,.T.);
#7448=FACE_BOUND('',#6984,.T.);
#7449=FACE_BOUND('',#6985,.T.);
#7450=FACE_BOUND('',#6986,.T.);
#7451=FACE_BOUND('',#6987,.T.);
#7452=FACE_BOUND('',#6988,.T.);
#7453=FACE_BOUND('',#6989,.T.);
#7454=FACE_BOUND('',#6990,.T.);
#7455=FACE_BOUND('',#6991,.T.);
#7456=FACE_BOUND('',#6992,.T.);
#7457=FACE_BOUND('',#6993,.T.);
#7458=FACE_BOUND('',#6994,.T.);
#7459=FACE_BOUND('',#6995,.T.);
#7460=FACE_BOUND('',#6996,.T.);
#7461=FACE_BOUND('',#6997,.T.);
#7462=FACE_BOUND('',#6998,.T.);
#7463=FACE_BOUND('',#6999,.T.);
#7464=FACE_BOUND('',#7000,.T.);
#7465=FACE_BOUND('',#7001,.T.);
#7466=FACE_BOUND('',#7002,.T.);
#7467=FACE_BOUND('',#7003,.T.);
#7468=FACE_BOUND('',#7004,.T.);
#7469=FACE_BOUND('',#7005,.T.);
#7470=FACE_BOUND('',#7006,.T.);
#7471=FACE_BOUND('',#7007,.T.);
#7472=FACE_BOUND('',#7008,.T.);
#7473=FACE_BOUND('',#7009,.T.);
#7474=FACE_BOUND('',#7010,.T.);
#7475=FACE_BOUND('',#7011,.T.);
#7476=FACE_BOUND('',#7012,.T.);
#7477=FACE_BOUND('',#7013,.T.);
#7478=FACE_BOUND('',#7014,.T.);
#7479=FACE_BOUND('',#7015,.T.);
#7480=FACE_BOUND('',#7016,.T.);
#7481=FACE_BOUND('',#7017,.T.);
#7482=FACE_BOUND('',#7018,.T.);
#7483=FACE_BOUND('',#7019,.T.);
#7484=FACE_BOUND('',#7020,.T.);
#7485=FACE_BOUND('',#7021,.T.);
#7486=FACE_BOUND('',#7022,.T.);
#7487=FACE_BOUND('',#7023,.T.);
#7488=FACE_BOUND('',#7024,.T.);
#7489=FACE_BOUND('',#7025,.T.);
#7490=FACE_BOUND('',#7026,.T.);
#7491=FACE_BOUND('',#7027,.T.);
#7492=FACE_BOUND('',#7028,.T.);
#7493=FACE_BOUND('',#7029,.T.);
#7494=FACE_BOUND('',#7030,.T.);
#7495=FACE_BOUND('',#7031,.T.);
#7496=FACE_BOUND('',#7032,.T.);
#7497=FACE_BOUND('',#7033,.T.);
#7498=FACE_BOUND('',#7034,.T.);
#7499=FACE_BOUND('',#7035,.T.);
#7500=FACE_BOUND('',#7036,.T.);
#7501=FACE_BOUND('',#7037,.T.);
#7502=FACE_BOUND('',#7038,.T.);
#7503=FACE_BOUND('',#7039,.T.);
#7504=FACE_BOUND('',#7040,.T.);
#7505=FACE_BOUND('',#7041,.T.);
#7506=FACE_BOUND('',#7042,.T.);
#7507=FACE_BOUND('',#7043,.T.);
#7508=FACE_BOUND('',#7044,.T.);
#7509=FACE_BOUND('',#7045,.T.);
#7510=FACE_BOUND('',#7046,.T.);
#7511=FACE_BOUND('',#7047,.T.);
#7512=FACE_BOUND('',#7048,.T.);
#7513=FACE_BOUND('',#7049,.T.);
#7514=FACE_BOUND('',#7050,.T.);
#7515=FACE_BOUND('',#7051,.T.);
#7516=FACE_BOUND('',#7052,.T.);
#7517=FACE_BOUND('',#7053,.T.);
#7518=FACE_BOUND('',#7054,.T.);
#7519=FACE_BOUND('',#7055,.T.);
#7520=FACE_BOUND('',#7056,.T.);
#7521=FACE_BOUND('',#7057,.T.);
#7522=FACE_BOUND('',#7058,.T.);
#7523=FACE_BOUND('',#7059,.T.);
#7524=FACE_BOUND('',#7060,.T.);
#7525=FACE_BOUND('',#7061,.T.);
#7526=FACE_BOUND('',#7062,.T.);
#7527=FACE_BOUND('',#7063,.T.);
#7528=FACE_BOUND('',#7064,.T.);
#7529=FACE_BOUND('',#7065,.T.);
#7530=FACE_BOUND('',#7066,.T.);
#7531=FACE_BOUND('',#7067,.T.);
#7532=FACE_BOUND('',#7068,.T.);
#7533=FACE_BOUND('',#7069,.T.);
#7534=FACE_BOUND('',#7070,.T.);
#7535=FACE_BOUND('',#7071,.T.);
#7536=FACE_BOUND('',#7072,.T.);
#7537=FACE_BOUND('',#7073,.T.);
#7538=FACE_BOUND('',#7074,.T.);
#7539=FACE_BOUND('',#7075,.T.);
#7540=FACE_BOUND('',#7076,.T.);
#7541=FACE_BOUND('',#7077,.T.);
#7542=FACE_BOUND('',#7078,.T.);
#7543=FACE_BOUND('',#7079,.T.);
#7544=FACE_BOUND('',#7080,.T.);
#7545=FACE_BOUND('',#7081,.T.);
#7546=FACE_BOUND('',#7082,.T.);
#7547=FACE_BOUND('',#7083,.T.);
#7548=FACE_BOUND('',#7084,.T.);
#7549=FACE_BOUND('',#7085,.T.);
#7550=FACE_BOUND('',#7086,.T.);
#7551=FACE_BOUND('',#7087,.T.);
#7552=FACE_BOUND('',#7088,.T.);
#7553=FACE_BOUND('',#7089,.T.);
#7554=FACE_BOUND('',#7090,.T.);
#7555=FACE_BOUND('',#7091,.T.);
#7556=FACE_BOUND('',#7092,.T.);
#7557=FACE_BOUND('',#7093,.T.);
#7558=FACE_BOUND('',#7094,.T.);
#7559=FACE_BOUND('',#7095,.T.);
#7560=FACE_BOUND('',#7096,.T.);
#7561=FACE_BOUND('',#7097,.T.);
#7562=FACE_BOUND('',#7098,.T.);
#7563=FACE_BOUND('',#7099,.T.);
#7564=FACE_BOUND('',#7100,.T.);
#7565=FACE_BOUND('',#7101,.T.);
#7566=FACE_BOUND('',#7102,.T.);
#7567=FACE_BOUND('',#7103,.T.);
#7568=FACE_BOUND('',#7104,.T.);
#7569=FACE_BOUND('',#7105,.T.);
#7570=FACE_BOUND('',#7106,.T.);
#7571=FACE_BOUND('',#7107,.T.);
#7572=FACE_BOUND('',#7108,.T.);
#7573=FACE_BOUND('',#7109,.T.);
#7574=FACE_BOUND('',#7110,.T.);
#7575=FACE_BOUND('',#7111,.T.);
#7576=FACE_BOUND('',#7112,.T.);
#7577=FACE_BOUND('',#7113,.T.);
#7578=FACE_BOUND('',#7114,.T.);
#7579=FACE_BOUND('',#7115,.T.);
#7580=FACE_BOUND('',#7116,.T.);
#7581=FACE_BOUND('',#7117,.T.);
#7582=FACE_BOUND('',#7118,.T.);
#7583=FACE_BOUND('',#7119,.T.);
#7584=FACE_BOUND('',#7120,.T.);
#7585=FACE_BOUND('',#7121,.T.);
#7586=FACE_BOUND('',#7122,.T.);
#7587=FACE_BOUND('',#7123,.T.);
#7588=FACE_BOUND('',#7124,.T.);
#7589=FACE_BOUND('',#7125,.T.);
#7590=FACE_BOUND('',#7126,.T.);
#7591=FACE_BOUND('',#7127,.T.);
#7592=FACE_BOUND('',#7128,.T.);
#7593=FACE_BOUND('',#7129,.T.);
#7594=FACE_BOUND('',#7130,.T.);
#7595=FACE_BOUND('',#7131,.T.);
#7596=FACE_BOUND('',#7132,.T.);
#7597=FACE_BOUND('',#7133,.T.);
#7598=FACE_BOUND('',#7134,.T.);
#7599=FACE_BOUND('',#7135,.T.);
#7600=FACE_BOUND('',#7136,.T.);
#7601=FACE_BOUND('',#7137,.T.);
#7602=FACE_BOUND('',#7138,.T.);
#7603=FACE_BOUND('',#7139,.T.);
#7604=FACE_BOUND('',#7140,.T.);
#7605=FACE_BOUND('',#7141,.T.);
#7606=FACE_BOUND('',#7142,.T.);
#7607=FACE_BOUND('',#7143,.T.);
#7608=FACE_BOUND('',#7144,.T.);
#7609=FACE_BOUND('',#7145,.T.);
#7610=FACE_BOUND('',#7146,.T.);
#7611=FACE_BOUND('',#7147,.T.);
#7612=FACE_BOUND('',#7148,.T.);
#7613=FACE_BOUND('',#7149,.T.);
#7614=FACE_BOUND('',#7150,.T.);
#7615=FACE_BOUND('',#7151,.T.);
#7616=FACE_BOUND('',#7152,.T.);
#7617=FACE_BOUND('',#7153,.T.);
#7618=FACE_BOUND('',#7154,.T.);
#7619=PLANE('',#8385);
#7620=PLANE('',#8386);
#7621=PLANE('',#8387);
#7622=PLANE('',#8388);
#7623=PLANE('',#8389);
#7624=PLANE('',#8390);
#7625=PLANE('',#8396);
#7626=PLANE('',#8397);
#7627=PLANE('',#8399);
#7628=PLANE('',#8400);
#7629=PLANE('',#8401);
#7630=PLANE('',#8408);
#7631=PLANE('',#8410);
#7632=PLANE('',#8411);
#7633=PLANE('',#8413);
#7634=PLANE('',#8415);
#7635=PLANE('',#8416);
#7636=PLANE('',#8439);
#7637=PLANE('',#8440);
#7638=PLANE('',#8441);
#7639=PLANE('',#8442);
#7640=PLANE('',#8443);
#7641=PLANE('',#8444);
#7642=PLANE('',#8445);
#7643=PLANE('',#8468);
#7644=PLANE('',#8470);
#7645=PLANE('',#8472);
#7646=PLANE('',#8480);
#7647=PLANE('',#8482);
#7648=PLANE('',#8483);
#7649=PLANE('',#8484);
#7650=PLANE('',#8485);
#7651=PLANE('',#8490);
#7652=PLANE('',#8491);
#7653=PLANE('',#8492);
#7654=PLANE('',#8497);
#7655=PLANE('',#8498);
#7656=PLANE('',#8499);
#7657=PLANE('',#8504);
#7658=PLANE('',#8505);
#7659=PLANE('',#8506);
#7660=PLANE('',#8511);
#7661=PLANE('',#8512);
#7662=PLANE('',#8513);
#7663=PLANE('',#8514);
#7664=PLANE('',#8515);
#7665=PLANE('',#8518);
#7666=PLANE('',#8519);
#7667=PLANE('',#8520);
#7668=PLANE('',#8521);
#7669=PLANE('',#8522);
#7670=PLANE('',#8523);
#7671=PLANE('',#8526);
#7672=PLANE('',#8527);
#7673=PLANE('',#8528);
#7674=PLANE('',#8529);
#7675=PLANE('',#8530);
#7676=PLANE('',#8531);
#7677=PLANE('',#8534);
#7678=PLANE('',#8535);
#7679=PLANE('',#8538);
#7680=PLANE('',#8541);
#7681=PLANE('',#8544);
#7682=PLANE('',#8545);
#7683=PLANE('',#8546);
#7684=PLANE('',#8547);
#7685=PLANE('',#8550);
#7686=PLANE('',#8553);
#7687=PLANE('',#8568);
#7688=PLANE('',#8569);
#7689=PLANE('',#8570);
#7690=PLANE('',#8571);
#7691=PLANE('',#8572);
#7692=PLANE('',#8573);
#7693=PLANE('',#8574);
#7694=PLANE('',#8575);
#7695=PLANE('',#8576);
#7696=PLANE('',#8577);
#7697=PLANE('',#8578);
#7698=PLANE('',#8579);
#7699=PLANE('',#8580);
#7700=PLANE('',#8581);
#7701=PLANE('',#8582);
#7702=PLANE('',#8583);
#7703=PLANE('',#8584);
#7704=PLANE('',#8585);
#7705=PLANE('',#8586);
#7706=PLANE('',#8587);
#7707=PLANE('',#8588);
#7708=PLANE('',#8589);
#7709=PLANE('',#8590);
#7710=PLANE('',#8591);
#7711=PLANE('',#8592);
#7712=PLANE('',#8593);
#7713=PLANE('',#8599);
#7714=PLANE('',#8600);
#7715=PLANE('',#8601);
#7716=PLANE('',#8632);
#7717=PLANE('',#8633);
#7718=PLANE('',#8634);
#7719=PLANE('',#8643);
#7720=PLANE('',#8644);
#7721=PLANE('',#8645);
#7722=PLANE('',#8646);
#7723=PLANE('',#8647);
#7724=PLANE('',#8648);
#7725=PLANE('',#8649);
#7726=PLANE('',#8656);
#7727=PLANE('',#8662);
#7728=PLANE('',#8671);
#7729=PLANE('',#8673);
#7730=PLANE('',#8674);
#7731=PLANE('',#8681);
#7732=PLANE('',#8682);
#7733=PLANE('',#8684);
#7734=PLANE('',#8685);
#7735=PLANE('',#8690);
#7736=PLANE('',#8691);
#7737=PLANE('',#8692);
#7738=PLANE('',#8693);
#7739=PLANE('',#8699);
#7740=PLANE('',#8700);
#7741=PLANE('',#8705);
#7742=PLANE('',#8706);
#7743=PLANE('',#8707);
#7744=PLANE('',#8708);
#7745=PLANE('',#8713);
#7746=PLANE('',#8714);
#7747=PLANE('',#8715);
#7748=PLANE('',#8716);
#7749=PLANE('',#8717);
#7750=PLANE('',#8718);
#7751=PLANE('',#8719);
#7752=PLANE('',#8720);
#7753=PLANE('',#8721);
#7754=PLANE('',#8722);
#7755=PLANE('',#8723);
#7756=PLANE('',#8724);
#7757=PLANE('',#8729);
#7758=PLANE('',#8730);
#7759=PLANE('',#8731);
#7760=PLANE('',#8732);
#7761=PLANE('',#8733);
#7762=PLANE('',#8734);
#7763=PLANE('',#8749);
#7764=PLANE('',#8750);
#7765=PLANE('',#8751);
#7766=PLANE('',#8752);
#7767=PLANE('',#8753);
#7768=PLANE('',#8754);
#7769=PLANE('',#8755);
#7770=PLANE('',#8756);
#7771=PLANE('',#8757);
#7772=PLANE('',#8758);
#7773=PLANE('',#8759);
#7774=PLANE('',#8760);
#7775=PLANE('',#8761);
#7776=PLANE('',#8762);
#7777=PLANE('',#8763);
#7778=PLANE('',#8764);
#7779=PLANE('',#8765);
#7780=PLANE('',#8768);
#7781=PLANE('',#8769);
#7782=PLANE('',#8770);
#7783=PLANE('',#8773);
#7784=PLANE('',#8774);
#7785=PLANE('',#8777);
#7786=PLANE('',#8778);
#7787=PLANE('',#8779);
#7788=PLANE('',#8782);
#7789=PLANE('',#8783);
#7790=PLANE('',#8784);
#7791=PLANE('',#8785);
#7792=PLANE('',#8786);
#7793=PLANE('',#8789);
#7794=PLANE('',#8790);
#7795=PLANE('',#8791);
#7796=PLANE('',#8796);
#7797=PLANE('',#8801);
#7798=PLANE('',#8802);
#7799=PLANE('',#8803);
#7800=PLANE('',#8808);
#7801=PLANE('',#8813);
#7802=PLANE('',#8814);
#7803=PLANE('',#8815);
#7804=PLANE('',#8820);
#7805=PLANE('',#8821);
#7806=PLANE('',#8822);
#7807=PLANE('',#8827);
#7808=PLANE('',#8832);
#7809=PLANE('',#8835);
#7810=PLANE('',#8836);
#7811=PLANE('',#8837);
#7812=PLANE('',#8840);
#7813=PLANE('',#8841);
#7814=PLANE('',#8842);
#7815=PLANE('',#8843);
#7816=PLANE('',#8844);
#7817=PLANE('',#8858);
#7818=PLANE('',#8859);
#7819=PLANE('',#8866);
#7820=PLANE('',#8867);
#7821=PLANE('',#8868);
#7822=PLANE('',#8873);
#7823=PLANE('',#8874);
#7824=PLANE('',#8875);
#7825=PLANE('',#8876);
#7826=PLANE('',#8877);
#7827=PLANE('',#8878);
#7828=PLANE('',#8879);
#7829=PLANE('',#8886);
#7830=PLANE('',#8887);
#7831=PLANE('',#8888);
#7832=PLANE('',#8893);
#7833=PLANE('',#8894);
#7834=PLANE('',#8895);
#7835=PLANE('',#8896);
#7836=PLANE('',#8897);
#7837=PLANE('',#8898);
#7838=PLANE('',#8901);
#7839=PLANE('',#8906);
#7840=PLANE('',#8907);
#7841=PLANE('',#8908);
#7842=PLANE('',#8913);
#7843=PLANE('',#8914);
#7844=PLANE('',#8915);
#7845=PLANE('',#8916);
#7846=PLANE('',#8917);
#7847=PLANE('',#8919);
#7848=PLANE('',#8920);
#7849=PLANE('',#8921);
#7850=PLANE('',#8922);
#7851=PLANE('',#8923);
#7852=PLANE('',#8924);
#7853=PLANE('',#8930);
#7854=PLANE('',#8931);
#7855=PLANE('',#8933);
#7856=PLANE('',#8934);
#7857=PLANE('',#8935);
#7858=PLANE('',#8942);
#7859=PLANE('',#8944);
#7860=PLANE('',#8945);
#7861=PLANE('',#8947);
#7862=PLANE('',#8949);
#7863=PLANE('',#8950);
#7864=PLANE('',#8951);
#7865=PLANE('',#8952);
#7866=PLANE('',#8953);
#7867=PLANE('',#8954);
#7868=PLANE('',#8960);
#7869=PLANE('',#8961);
#7870=PLANE('',#8963);
#7871=PLANE('',#8964);
#7872=PLANE('',#8965);
#7873=PLANE('',#8972);
#7874=PLANE('',#8974);
#7875=PLANE('',#8975);
#7876=PLANE('',#8977);
#7877=ADVANCED_FACE('',(#7155),#7619,.T.);
#7878=ADVANCED_FACE('',(#7156),#7620,.F.);
#7879=ADVANCED_FACE('',(#7157),#7621,.F.);
#7880=ADVANCED_FACE('',(#7158),#7622,.T.);
#7881=ADVANCED_FACE('',(#7159),#7623,.T.);
#7882=ADVANCED_FACE('',(#7160,#7161),#7624,.F.);
#7883=ADVANCED_FACE('',(#7162),#7625,.T.);
#7884=ADVANCED_FACE('',(#7163),#7626,.T.);
#7885=ADVANCED_FACE('',(#7164),#7627,.T.);
#7886=ADVANCED_FACE('',(#7165),#7628,.T.);
#7887=ADVANCED_FACE('',(#7166),#7629,.T.);
#7888=ADVANCED_FACE('',(#7167),#129,.T.);
#7889=ADVANCED_FACE('',(#7168),#130,.T.);
#7890=ADVANCED_FACE('',(#7169),#131,.T.);
#7891=ADVANCED_FACE('',(#7170),#132,.T.);
#7892=ADVANCED_FACE('',(#7171),#133,.T.);
#7893=ADVANCED_FACE('',(#7172),#62,.F.);
#7894=ADVANCED_FACE('',(#7173),#7630,.F.);
#7895=ADVANCED_FACE('',(#7174),#63,.T.);
#7896=ADVANCED_FACE('',(#7175),#55,.T.);
#7897=ADVANCED_FACE('',(#7176),#64,.T.);
#7898=ADVANCED_FACE('',(#7177),#7631,.T.);
#7899=ADVANCED_FACE('',(#7178),#65,.T.);
#7900=ADVANCED_FACE('',(#7179),#66,.T.);
#7901=ADVANCED_FACE('',(#7180),#67,.T.);
#7902=ADVANCED_FACE('',(#7181),#7632,.T.);
#7903=ADVANCED_FACE('',(#7182),#68,.T.);
#7904=ADVANCED_FACE('',(#7183),#69,.T.);
#7905=ADVANCED_FACE('',(#7184),#56,.T.);
#7906=ADVANCED_FACE('',(#7185),#7633,.T.);
#7907=ADVANCED_FACE('',(#7186,#7187),#7634,.T.);
#7908=ADVANCED_FACE('',(#7188,#7189,#7190,#7191),#7635,.T.);
#7909=ADVANCED_FACE('',(#7192),#70,.F.);
#7910=ADVANCED_FACE('',(#7193),#71,.F.);
#7911=ADVANCED_FACE('',(#7194),#72,.T.);
#7912=ADVANCED_FACE('',(#7195),#73,.T.);
#7913=ADVANCED_FACE('',(#7196),#7636,.F.);
#7914=ADVANCED_FACE('',(#7197),#7637,.F.);
#7915=ADVANCED_FACE('',(#7198),#7638,.F.);
#7916=ADVANCED_FACE('',(#7199),#7639,.F.);
#7917=ADVANCED_FACE('',(#7200),#7640,.F.);
#7918=ADVANCED_FACE('',(#7201),#7641,.F.);
#7919=ADVANCED_FACE('',(#7202),#7642,.F.);
#7920=ADVANCED_FACE('',(#7203),#7643,.F.);
#7921=ADVANCED_FACE('',(#7204),#134,.T.);
#7922=ADVANCED_FACE('',(#7205),#7644,.F.);
#7923=ADVANCED_FACE('',(#7206),#135,.T.);
#7924=ADVANCED_FACE('',(#7207),#7645,.F.);
#7925=ADVANCED_FACE('',(#7208),#136,.T.);
#7926=ADVANCED_FACE('',(#7209),#7646,.F.);
#7927=ADVANCED_FACE('',(#7210),#137,.T.);
#7928=ADVANCED_FACE('',(#7211),#7647,.F.);
#7929=ADVANCED_FACE('',(#7212),#7648,.F.);
#7930=ADVANCED_FACE('',(#7213),#7649,.F.);
#7931=ADVANCED_FACE('',(#7214),#7650,.F.);
#7932=ADVANCED_FACE('',(#7215),#138,.F.);
#7933=ADVANCED_FACE('',(#7216),#139,.T.);
#7934=ADVANCED_FACE('',(#7217),#140,.T.);
#7935=ADVANCED_FACE('',(#7218),#141,.F.);
#7936=ADVANCED_FACE('',(#7219),#7651,.T.);
#7937=ADVANCED_FACE('',(#7220),#7652,.T.);
#7938=ADVANCED_FACE('',(#7221),#7653,.T.);
#7939=ADVANCED_FACE('',(#7222),#142,.F.);
#7940=ADVANCED_FACE('',(#7223),#143,.T.);
#7941=ADVANCED_FACE('',(#7224),#144,.T.);
#7942=ADVANCED_FACE('',(#7225),#145,.F.);
#7943=ADVANCED_FACE('',(#7226),#7654,.T.);
#7944=ADVANCED_FACE('',(#7227),#7655,.T.);
#7945=ADVANCED_FACE('',(#7228),#7656,.T.);
#7946=ADVANCED_FACE('',(#7229),#146,.F.);
#7947=ADVANCED_FACE('',(#7230),#147,.T.);
#7948=ADVANCED_FACE('',(#7231),#148,.T.);
#7949=ADVANCED_FACE('',(#7232),#149,.F.);
#7950=ADVANCED_FACE('',(#7233),#7657,.F.);
#7951=ADVANCED_FACE('',(#7234),#7658,.F.);
#7952=ADVANCED_FACE('',(#7235),#7659,.F.);
#7953=ADVANCED_FACE('',(#7236),#150,.F.);
#7954=ADVANCED_FACE('',(#7237),#151,.T.);
#7955=ADVANCED_FACE('',(#7238),#152,.T.);
#7956=ADVANCED_FACE('',(#7239),#153,.F.);
#7957=ADVANCED_FACE('',(#7240),#7660,.F.);
#7958=ADVANCED_FACE('',(#7241),#7661,.T.);
#7959=ADVANCED_FACE('',(#7242),#7662,.T.);
#7960=ADVANCED_FACE('',(#7243),#7663,.F.);
#7961=ADVANCED_FACE('',(#7244),#7664,.T.);
#7962=ADVANCED_FACE('',(#7245),#7665,.F.);
#7963=ADVANCED_FACE('',(#7246),#7666,.T.);
#7964=ADVANCED_FACE('',(#7247),#7667,.F.);
#7965=ADVANCED_FACE('',(#7248),#7668,.F.);
#7966=ADVANCED_FACE('',(#7249),#7669,.T.);
#7967=ADVANCED_FACE('',(#7250),#7670,.T.);
#7968=ADVANCED_FACE('',(#7251),#7671,.F.);
#7969=ADVANCED_FACE('',(#7252),#7672,.T.);
#7970=ADVANCED_FACE('',(#7253),#7673,.F.);
#7971=ADVANCED_FACE('',(#7254),#7674,.F.);
#7972=ADVANCED_FACE('',(#7255),#7675,.T.);
#7973=ADVANCED_FACE('',(#7256),#7676,.T.);
#7974=ADVANCED_FACE('',(#7257),#7677,.F.);
#7975=ADVANCED_FACE('',(#7258),#7678,.F.);
#7976=ADVANCED_FACE('',(#7259),#7679,.F.);
#7977=ADVANCED_FACE('',(#7260),#7680,.F.);
#7978=ADVANCED_FACE('',(#7261),#7681,.T.);
#7979=ADVANCED_FACE('',(#7262),#7682,.T.);
#7980=ADVANCED_FACE('',(#7263),#7683,.T.);
#7981=ADVANCED_FACE('',(#7264),#7684,.T.);
#7982=ADVANCED_FACE('',(#7265),#7685,.T.);
#7983=ADVANCED_FACE('',(#7266),#7686,.T.);
#7984=ADVANCED_FACE('',(#7267),#154,.F.);
#7985=ADVANCED_FACE('',(#7268),#155,.F.);
#7986=ADVANCED_FACE('',(#7269),#156,.F.);
#7987=ADVANCED_FACE('',(#7270),#157,.F.);
#7988=ADVANCED_FACE('',(#7271),#158,.F.);
#7989=ADVANCED_FACE('',(#7272),#159,.F.);
#7990=ADVANCED_FACE('',(#7273),#160,.T.);
#7991=ADVANCED_FACE('',(#7274),#161,.T.);
#7992=ADVANCED_FACE('',(#7275),#162,.T.);
#7993=ADVANCED_FACE('',(#7276),#163,.T.);
#7994=ADVANCED_FACE('',(#7277),#164,.T.);
#7995=ADVANCED_FACE('',(#7278),#165,.T.);
#7996=ADVANCED_FACE('',(#7279),#7687,.T.);
#7997=ADVANCED_FACE('',(#7280),#7688,.T.);
#7998=ADVANCED_FACE('',(#7281),#7689,.T.);
#7999=ADVANCED_FACE('',(#7282),#7690,.T.);
#8000=ADVANCED_FACE('',(#7283),#7691,.T.);
#8001=ADVANCED_FACE('',(#7284),#7692,.T.);
#8002=ADVANCED_FACE('',(#7285),#7693,.T.);
#8003=ADVANCED_FACE('',(#7286),#7694,.T.);
#8004=ADVANCED_FACE('',(#7287),#7695,.T.);
#8005=ADVANCED_FACE('',(#7288),#7696,.T.);
#8006=ADVANCED_FACE('',(#7289),#7697,.T.);
#8007=ADVANCED_FACE('',(#7290),#7698,.T.);
#8008=ADVANCED_FACE('',(#7291),#7699,.T.);
#8009=ADVANCED_FACE('',(#7292),#7700,.T.);
#8010=ADVANCED_FACE('',(#7293),#7701,.T.);
#8011=ADVANCED_FACE('',(#7294),#7702,.T.);
#8012=ADVANCED_FACE('',(#7295),#7703,.T.);
#8013=ADVANCED_FACE('',(#7296),#7704,.T.);
#8014=ADVANCED_FACE('',(#7297),#7705,.T.);
#8015=ADVANCED_FACE('',(#7298),#7706,.T.);
#8016=ADVANCED_FACE('',(#7299),#7707,.T.);
#8017=ADVANCED_FACE('',(#7300),#7708,.F.);
#8018=ADVANCED_FACE('',(#7301),#7709,.F.);
#8019=ADVANCED_FACE('',(#7302),#7710,.F.);
#8020=ADVANCED_FACE('',(#7303),#7711,.F.);
#8021=ADVANCED_FACE('',(#7304),#7712,.F.);
#8022=ADVANCED_FACE('',(#7305),#166,.T.);
#8023=ADVANCED_FACE('',(#7306),#167,.T.);
#8024=ADVANCED_FACE('',(#7307),#168,.F.);
#8025=ADVANCED_FACE('',(#7308),#169,.F.);
#8026=ADVANCED_FACE('',(#7309),#74,.F.);
#8027=ADVANCED_FACE('',(#7310),#75,.F.);
#8028=ADVANCED_FACE('',(#7311),#7713,.F.);
#8029=ADVANCED_FACE('',(#7312),#7714,.F.);
#8030=ADVANCED_FACE('',(#7313),#7715,.F.);
#8031=ADVANCED_FACE('',(#7314),#7716,.T.);
#8032=ADVANCED_FACE('',(#7315),#7717,.F.);
#8033=ADVANCED_FACE('',(#7316),#7718,.T.);
#8034=ADVANCED_FACE('',(#7317),#7719,.T.);
#8035=ADVANCED_FACE('',(#7318),#7720,.T.);
#8036=ADVANCED_FACE('',(#7319),#7721,.T.);
#8037=ADVANCED_FACE('',(#7320),#7722,.T.);
#8038=ADVANCED_FACE('',(#7321),#7723,.T.);
#8039=ADVANCED_FACE('',(#7322),#7724,.T.);
#8040=ADVANCED_FACE('',(#7323),#7725,.T.);
#8041=ADVANCED_FACE('',(#7324),#7726,.T.);
#8042=ADVANCED_FACE('',(#7325),#7727,.T.);
#8043=ADVANCED_FACE('',(#7326),#76,.F.);
#8044=ADVANCED_FACE('',(#7327),#77,.F.);
#8045=ADVANCED_FACE('',(#7328),#78,.F.);
#8046=ADVANCED_FACE('',(#7329),#79,.F.);
#8047=ADVANCED_FACE('',(#7330),#80,.F.);
#8048=ADVANCED_FACE('',(#7331),#81,.F.);
#8049=ADVANCED_FACE('',(#7332),#82,.F.);
#8050=ADVANCED_FACE('',(#7333),#83,.F.);
#8051=ADVANCED_FACE('',(#7334),#84,.F.);
#8052=ADVANCED_FACE('',(#7335),#85,.F.);
#8053=ADVANCED_FACE('',(#7336,#7337),#7728,.F.);
#8054=ADVANCED_FACE('',(#7338),#7729,.F.);
#8055=ADVANCED_FACE('',(#7339),#7730,.F.);
#8056=ADVANCED_FACE('',(#7340),#7731,.F.);
#8057=ADVANCED_FACE('',(#7341),#7732,.F.);
#8058=ADVANCED_FACE('',(#7342),#86,.F.);
#8059=ADVANCED_FACE('',(#7343),#87,.F.);
#8060=ADVANCED_FACE('',(#7344),#88,.F.);
#8061=ADVANCED_FACE('',(#7345),#89,.F.);
#8062=ADVANCED_FACE('',(#7346),#90,.F.);
#8063=ADVANCED_FACE('',(#7347),#91,.F.);
#8064=ADVANCED_FACE('',(#7348),#92,.F.);
#8065=ADVANCED_FACE('',(#7349),#93,.F.);
#8066=ADVANCED_FACE('',(#7350),#170,.F.);
#8067=ADVANCED_FACE('',(#7351),#7733,.T.);
#8068=ADVANCED_FACE('',(#7352),#7734,.T.);
#8069=ADVANCED_FACE('',(#7353),#7735,.F.);
#8070=ADVANCED_FACE('',(#7354),#7736,.F.);
#8071=ADVANCED_FACE('',(#7355),#7737,.F.);
#8072=ADVANCED_FACE('',(#7356),#7738,.T.);
#8073=ADVANCED_FACE('',(#7357),#171,.F.);
#8074=ADVANCED_FACE('',(#7358),#172,.F.);
#8075=ADVANCED_FACE('',(#7359),#173,.F.);
#8076=ADVANCED_FACE('',(#7360),#174,.F.);
#8077=ADVANCED_FACE('',(#7361),#175,.F.);
#8078=ADVANCED_FACE('',(#7362),#7739,.F.);
#8079=ADVANCED_FACE('',(#7363),#7740,.F.);
#8080=ADVANCED_FACE('',(#7364),#7741,.T.);
#8081=ADVANCED_FACE('',(#7365),#7742,.T.);
#8082=ADVANCED_FACE('',(#7366),#7743,.F.);
#8083=ADVANCED_FACE('',(#7367),#7744,.T.);
#8084=ADVANCED_FACE('',(#7368),#176,.F.);
#8085=ADVANCED_FACE('',(#7369),#177,.F.);
#8086=ADVANCED_FACE('',(#7370),#178,.F.);
#8087=ADVANCED_FACE('',(#7371),#179,.F.);
#8088=ADVANCED_FACE('',(#7372),#7745,.F.);
#8089=ADVANCED_FACE('',(#7373),#94,.T.);
#8090=ADVANCED_FACE('',(#7374),#95,.T.);
#8091=ADVANCED_FACE('',(#7375),#7746,.F.);
#8092=ADVANCED_FACE('',(#7376),#7747,.F.);
#8093=ADVANCED_FACE('',(#7377),#96,.T.);
#8094=ADVANCED_FACE('',(#7378),#97,.T.);
#8095=ADVANCED_FACE('',(#7379),#7748,.F.);
#8096=ADVANCED_FACE('',(#7380),#7749,.T.);
#8097=ADVANCED_FACE('',(#7381),#98,.T.);
#8098=ADVANCED_FACE('',(#7382),#7750,.T.);
#8099=ADVANCED_FACE('',(#7383),#99,.T.);
#8100=ADVANCED_FACE('',(#7384),#100,.T.);
#8101=ADVANCED_FACE('',(#7385),#101,.T.);
#8102=ADVANCED_FACE('',(#7386),#102,.T.);
#8103=ADVANCED_FACE('',(#7387),#7751,.T.);
#8104=ADVANCED_FACE('',(#7388),#103,.T.);
#8105=ADVANCED_FACE('',(#7389),#7752,.T.);
#8106=ADVANCED_FACE('',(#7390),#7753,.T.);
#8107=ADVANCED_FACE('',(#7391),#104,.T.);
#8108=ADVANCED_FACE('',(#7392),#7754,.T.);
#8109=ADVANCED_FACE('',(#7393),#105,.T.);
#8110=ADVANCED_FACE('',(#7394),#106,.T.);
#8111=ADVANCED_FACE('',(#7395),#107,.T.);
#8112=ADVANCED_FACE('',(#7396),#108,.T.);
#8113=ADVANCED_FACE('',(#7397),#7755,.T.);
#8114=ADVANCED_FACE('',(#7398),#109,.T.);
#8115=ADVANCED_FACE('',(#7399),#7756,.T.);
#8116=ADVANCED_FACE('',(#7400),#180,.F.);
#8117=ADVANCED_FACE('',(#7401),#181,.F.);
#8118=ADVANCED_FACE('',(#7402),#182,.F.);
#8119=ADVANCED_FACE('',(#7403),#183,.F.);
#8120=ADVANCED_FACE('',(#7404),#7757,.F.);
#8121=ADVANCED_FACE('',(#7405),#7758,.T.);
#8122=ADVANCED_FACE('',(#7406),#7759,.T.);
#8123=ADVANCED_FACE('',(#7407),#7760,.T.);
#8124=ADVANCED_FACE('',(#7408),#7761,.T.);
#8125=ADVANCED_FACE('',(#7409),#7762,.T.);
#8126=ADVANCED_FACE('',(#7410),#184,.F.);
#8127=ADVANCED_FACE('',(#7411),#185,.F.);
#8128=ADVANCED_FACE('',(#7412),#186,.F.);
#8129=ADVANCED_FACE('',(#7413),#187,.F.);
#8130=ADVANCED_FACE('',(#7414),#188,.T.);
#8131=ADVANCED_FACE('',(#7415),#189,.F.);
#8132=ADVANCED_FACE('',(#7416),#190,.T.);
#8133=ADVANCED_FACE('',(#7417),#191,.F.);
#8134=ADVANCED_FACE('',(#7418,#7419),#192,.F.);
#8135=ADVANCED_FACE('',(#7420),#57,.F.);
#8136=ADVANCED_FACE('',(#7421),#7763,.T.);
#8137=ADVANCED_FACE('',(#7422),#7764,.F.);
#8138=ADVANCED_FACE('',(#7423),#7765,.T.);
#8139=ADVANCED_FACE('',(#7424),#7766,.F.);
#8140=ADVANCED_FACE('',(#7425,#7426),#7767,.T.);
#8141=ADVANCED_FACE('',(#7427),#7768,.T.);
#8142=ADVANCED_FACE('',(#7428),#7769,.T.);
#8143=ADVANCED_FACE('',(#7429,#7430),#7770,.T.);
#8144=ADVANCED_FACE('',(#7431),#7771,.F.);
#8145=ADVANCED_FACE('',(#7432),#7772,.F.);
#8146=ADVANCED_FACE('',(#7433,#7434),#7773,.T.);
#8147=ADVANCED_FACE('',(#7435),#7774,.T.);
#8148=ADVANCED_FACE('',(#7436),#7775,.F.);
#8149=ADVANCED_FACE('',(#7437),#7776,.F.);
#8150=ADVANCED_FACE('',(#7438),#7777,.F.);
#8151=ADVANCED_FACE('',(#7439),#7778,.T.);
#8152=ADVANCED_FACE('',(#7440),#7779,.T.);
#8153=ADVANCED_FACE('',(#7441),#7780,.F.);
#8154=ADVANCED_FACE('',(#7442),#7781,.T.);
#8155=ADVANCED_FACE('',(#7443),#7782,.T.);
#8156=ADVANCED_FACE('',(#7444),#7783,.T.);
#8157=ADVANCED_FACE('',(#7445),#7784,.T.);
#8158=ADVANCED_FACE('',(#7446),#7785,.T.);
#8159=ADVANCED_FACE('',(#7447),#7786,.F.);
#8160=ADVANCED_FACE('',(#7448),#7787,.T.);
#8161=ADVANCED_FACE('',(#7449),#7788,.T.);
#8162=ADVANCED_FACE('',(#7450),#7789,.T.);
#8163=ADVANCED_FACE('',(#7451),#7790,.F.);
#8164=ADVANCED_FACE('',(#7452),#7791,.T.);
#8165=ADVANCED_FACE('',(#7453),#110,.F.);
#8166=ADVANCED_FACE('',(#7454),#111,.F.);
#8167=ADVANCED_FACE('',(#7455),#7792,.F.);
#8168=ADVANCED_FACE('',(#7456),#7793,.T.);
#8169=ADVANCED_FACE('',(#7457),#7794,.T.);
#8170=ADVANCED_FACE('',(#7458),#7795,.F.);
#8171=ADVANCED_FACE('',(#7459),#193,.T.);
#8172=ADVANCED_FACE('',(#7460),#194,.T.);
#8173=ADVANCED_FACE('',(#7461),#7796,.F.);
#8174=ADVANCED_FACE('',(#7462),#195,.F.);
#8175=ADVANCED_FACE('',(#7463),#196,.F.);
#8176=ADVANCED_FACE('',(#7464),#7797,.F.);
#8177=ADVANCED_FACE('',(#7465),#7798,.F.);
#8178=ADVANCED_FACE('',(#7466),#7799,.F.);
#8179=ADVANCED_FACE('',(#7467),#197,.T.);
#8180=ADVANCED_FACE('',(#7468),#198,.T.);
#8181=ADVANCED_FACE('',(#7469),#7800,.F.);
#8182=ADVANCED_FACE('',(#7470),#199,.F.);
#8183=ADVANCED_FACE('',(#7471),#200,.F.);
#8184=ADVANCED_FACE('',(#7472),#7801,.T.);
#8185=ADVANCED_FACE('',(#7473),#7802,.T.);
#8186=ADVANCED_FACE('',(#7474),#7803,.T.);
#8187=ADVANCED_FACE('',(#7475),#201,.F.);
#8188=ADVANCED_FACE('',(#7476),#202,.F.);
#8189=ADVANCED_FACE('',(#7477),#7804,.T.);
#8190=ADVANCED_FACE('',(#7478),#7805,.T.);
#8191=ADVANCED_FACE('',(#7479),#7806,.T.);
#8192=ADVANCED_FACE('',(#7480),#203,.T.);
#8193=ADVANCED_FACE('',(#7481),#204,.T.);
#8194=ADVANCED_FACE('',(#7482),#7807,.F.);
#8195=ADVANCED_FACE('',(#7483),#205,.T.);
#8196=ADVANCED_FACE('',(#7484),#206,.T.);
#8197=ADVANCED_FACE('',(#7485),#7808,.F.);
#8198=ADVANCED_FACE('',(#7486),#7809,.F.);
#8199=ADVANCED_FACE('',(#7487),#7810,.F.);
#8200=ADVANCED_FACE('',(#7488),#7811,.F.);
#8201=ADVANCED_FACE('',(#7489),#207,.F.);
#8202=ADVANCED_FACE('',(#7490),#208,.F.);
#8203=ADVANCED_FACE('',(#7491),#7812,.F.);
#8204=ADVANCED_FACE('',(#7492),#7813,.F.);
#8205=ADVANCED_FACE('',(#7493),#7814,.T.);
#8206=ADVANCED_FACE('',(#7494),#7815,.F.);
#8207=ADVANCED_FACE('',(#7495),#7816,.F.);
#8208=ADVANCED_FACE('',(#7496),#209,.T.);
#8209=ADVANCED_FACE('',(#7497),#210,.T.);
#8210=ADVANCED_FACE('',(#7498),#211,.T.);
#8211=ADVANCED_FACE('',(#7499),#212,.T.);
#8212=ADVANCED_FACE('',(#7500),#213,.T.);
#8213=ADVANCED_FACE('',(#7501),#214,.T.);
#8214=ADVANCED_FACE('',(#7502),#215,.T.);
#8215=ADVANCED_FACE('',(#7503),#216,.T.);
#8216=ADVANCED_FACE('',(#7504),#112,.T.);
#8217=ADVANCED_FACE('',(#7505),#217,.F.);
#8218=ADVANCED_FACE('',(#7506),#218,.T.);
#8219=ADVANCED_FACE('',(#7507),#219,.F.);
#8220=ADVANCED_FACE('',(#7508),#220,.T.);
#8221=ADVANCED_FACE('',(#7509),#7817,.F.);
#8222=ADVANCED_FACE('',(#7510),#7818,.F.);
#8223=ADVANCED_FACE('',(#7511),#221,.F.);
#8224=ADVANCED_FACE('',(#7512),#222,.F.);
#8225=ADVANCED_FACE('',(#7513),#223,.F.);
#8226=ADVANCED_FACE('',(#7514),#7819,.F.);
#8227=ADVANCED_FACE('',(#7515),#7820,.F.);
#8228=ADVANCED_FACE('',(#7516),#7821,.F.);
#8229=ADVANCED_FACE('',(#7517),#224,.F.);
#8230=ADVANCED_FACE('',(#7518),#225,.F.);
#8231=ADVANCED_FACE('',(#7519),#7822,.F.);
#8232=ADVANCED_FACE('',(#7520),#7823,.T.);
#8233=ADVANCED_FACE('',(#7521),#7824,.T.);
#8234=ADVANCED_FACE('',(#7522),#7825,.F.);
#8235=ADVANCED_FACE('',(#7523,#7524),#7826,.T.);
#8236=ADVANCED_FACE('',(#7525),#7827,.F.);
#8237=ADVANCED_FACE('',(#7526),#7828,.F.);
#8238=ADVANCED_FACE('',(#7527),#226,.F.);
#8239=ADVANCED_FACE('',(#7528),#227,.F.);
#8240=ADVANCED_FACE('',(#7529),#228,.F.);
#8241=ADVANCED_FACE('',(#7530),#7829,.F.);
#8242=ADVANCED_FACE('',(#7531),#7830,.F.);
#8243=ADVANCED_FACE('',(#7532),#7831,.F.);
#8244=ADVANCED_FACE('',(#7533),#229,.F.);
#8245=ADVANCED_FACE('',(#7534),#230,.F.);
#8246=ADVANCED_FACE('',(#7535),#7832,.F.);
#8247=ADVANCED_FACE('',(#7536),#7833,.T.);
#8248=ADVANCED_FACE('',(#7537),#7834,.T.);
#8249=ADVANCED_FACE('',(#7538),#7835,.F.);
#8250=ADVANCED_FACE('',(#7539,#7540),#7836,.T.);
#8251=ADVANCED_FACE('',(#7541),#7837,.F.);
#8252=ADVANCED_FACE('',(#7542),#231,.F.);
#8253=ADVANCED_FACE('',(#7543),#7838,.F.);
#8254=ADVANCED_FACE('',(#7544),#232,.F.);
#8255=ADVANCED_FACE('',(#7545),#233,.F.);
#8256=ADVANCED_FACE('',(#7546),#7839,.F.);
#8257=ADVANCED_FACE('',(#7547),#7840,.F.);
#8258=ADVANCED_FACE('',(#7548),#7841,.F.);
#8259=ADVANCED_FACE('',(#7549),#234,.F.);
#8260=ADVANCED_FACE('',(#7550),#235,.F.);
#8261=ADVANCED_FACE('',(#7551),#7842,.F.);
#8262=ADVANCED_FACE('',(#7552),#7843,.T.);
#8263=ADVANCED_FACE('',(#7553),#7844,.T.);
#8264=ADVANCED_FACE('',(#7554),#7845,.F.);
#8265=ADVANCED_FACE('',(#7555,#7556),#7846,.T.);
#8266=ADVANCED_FACE('',(#7557),#7847,.T.);
#8267=ADVANCED_FACE('',(#7558),#7848,.F.);
#8268=ADVANCED_FACE('',(#7559),#7849,.F.);
#8269=ADVANCED_FACE('',(#7560),#7850,.T.);
#8270=ADVANCED_FACE('',(#7561),#7851,.T.);
#8271=ADVANCED_FACE('',(#7562,#7563),#7852,.F.);
#8272=ADVANCED_FACE('',(#7564),#7853,.T.);
#8273=ADVANCED_FACE('',(#7565),#7854,.T.);
#8274=ADVANCED_FACE('',(#7566),#7855,.T.);
#8275=ADVANCED_FACE('',(#7567),#7856,.T.);
#8276=ADVANCED_FACE('',(#7568),#7857,.T.);
#8277=ADVANCED_FACE('',(#7569),#236,.T.);
#8278=ADVANCED_FACE('',(#7570),#237,.T.);
#8279=ADVANCED_FACE('',(#7571),#238,.T.);
#8280=ADVANCED_FACE('',(#7572),#239,.T.);
#8281=ADVANCED_FACE('',(#7573),#240,.T.);
#8282=ADVANCED_FACE('',(#7574),#113,.F.);
#8283=ADVANCED_FACE('',(#7575),#7858,.F.);
#8284=ADVANCED_FACE('',(#7576),#114,.T.);
#8285=ADVANCED_FACE('',(#7577),#58,.T.);
#8286=ADVANCED_FACE('',(#7578),#115,.T.);
#8287=ADVANCED_FACE('',(#7579),#7859,.T.);
#8288=ADVANCED_FACE('',(#7580),#116,.T.);
#8289=ADVANCED_FACE('',(#7581),#117,.T.);
#8290=ADVANCED_FACE('',(#7582),#118,.T.);
#8291=ADVANCED_FACE('',(#7583),#7860,.T.);
#8292=ADVANCED_FACE('',(#7584),#119,.T.);
#8293=ADVANCED_FACE('',(#7585),#120,.T.);
#8294=ADVANCED_FACE('',(#7586),#59,.T.);
#8295=ADVANCED_FACE('',(#7587),#7861,.T.);
#8296=ADVANCED_FACE('',(#7588),#7862,.T.);
#8297=ADVANCED_FACE('',(#7589),#7863,.F.);
#8298=ADVANCED_FACE('',(#7590),#7864,.F.);
#8299=ADVANCED_FACE('',(#7591),#7865,.T.);
#8300=ADVANCED_FACE('',(#7592),#7866,.T.);
#8301=ADVANCED_FACE('',(#7593,#7594),#7867,.F.);
#8302=ADVANCED_FACE('',(#7595),#7868,.T.);
#8303=ADVANCED_FACE('',(#7596),#7869,.T.);
#8304=ADVANCED_FACE('',(#7597),#7870,.T.);
#8305=ADVANCED_FACE('',(#7598),#7871,.T.);
#8306=ADVANCED_FACE('',(#7599),#7872,.T.);
#8307=ADVANCED_FACE('',(#7600),#241,.T.);
#8308=ADVANCED_FACE('',(#7601),#242,.T.);
#8309=ADVANCED_FACE('',(#7602),#243,.T.);
#8310=ADVANCED_FACE('',(#7603),#244,.T.);
#8311=ADVANCED_FACE('',(#7604),#245,.T.);
#8312=ADVANCED_FACE('',(#7605),#121,.F.);
#8313=ADVANCED_FACE('',(#7606),#7873,.F.);
#8314=ADVANCED_FACE('',(#7607),#122,.T.);
#8315=ADVANCED_FACE('',(#7608),#60,.T.);
#8316=ADVANCED_FACE('',(#7609),#123,.T.);
#8317=ADVANCED_FACE('',(#7610),#7874,.T.);
#8318=ADVANCED_FACE('',(#7611),#124,.T.);
#8319=ADVANCED_FACE('',(#7612),#125,.T.);
#8320=ADVANCED_FACE('',(#7613),#126,.T.);
#8321=ADVANCED_FACE('',(#7614),#7875,.T.);
#8322=ADVANCED_FACE('',(#7615),#127,.T.);
#8323=ADVANCED_FACE('',(#7616),#128,.T.);
#8324=ADVANCED_FACE('',(#7617),#61,.T.);
#8325=ADVANCED_FACE('',(#7618),#7876,.T.);
#8326=CLOSED_SHELL('',(#7877,#7878,#7879,#7880,#7881,#7882,#7883,#7884,#7885,#7886,#7887,#7888,#7889,#7890,#7891,#7892,#7893,#7894,#7895,#7896,#7897,#7898,#7899,#7900,#7901,#7902,#7903,#7904,#7905,#7906));
#8327=CLOSED_SHELL('',(#7907,#7908,#7909,#7910,#7911,#7912,#7913,#7914,#7915,#7916,#7917,#7918,#7919,#7920,#7921,#7922,#7923,#7924,#7925,#7926,#7927,#7928,#7929,#7930,#7931,#7932,#7933,#7934,#7935,#7936,#7937,#7938,#7939,#7940,#7941,#7942,#7943,#7944,#7945,#7946,#7947,#7948,#7949,#7950,#7951,#7952,#7953,#7954,#7955,#7956,#7957,#7958,#7959,#7960,#7961,#7962,#7963,#7964,#7965,#7966,#7967,#7968,#7969,#7970,#7971,#7972,#7973,#7974,#7975,#7976,#7977,#7978,#7979,#7980,#7981,#7982,#7983,#7984,#7985,#7986,#7987,#7988,#7989,#7990,#7991,#7992,#7993,#7994,#7995,#7996,#7997,#7998,#7999,#8000,#8001,#8002,#8003,#8004,#8005,#8006,#8007,#8008,#8009,#8010,#8011,#8012,#8013,#8014,#8015,#8016,#8017,#8018,#8019,#8020,#8021,#8022,#8023,#8024,#8025));
#8328=CLOSED_SHELL('',(#8026,#8027,#8028,#8029,#8030,#8031,#8032,#8033,#8034,#8035,#8036,#8037,#8038,#8039,#8040,#8041,#8042,#8043,#8044,#8045,#8046,#8047,#8048,#8049,#8050,#8051,#8052,#8053,#8054,#8055,#8056,#8057,#8058,#8059,#8060,#8061,#8062,#8063,#8064,#8065,#8066,#8067,#8068,#8069,#8070,#8071,#8072,#8073,#8074,#8075,#8076,#8077,#8078,#8079,#8080,#8081,#8082,#8083,#8084,#8085,#8086,#8087,#8088,#8089,#8090,#8091,#8092,#8093,#8094,#8095,#8096,#8097,#8098,#8099,#8100,#8101,#8102,#8103,#8104,#8105,#8106,#8107,#8108,#8109,#8110,#8111,#8112,#8113,#8114,#8115,#8116,#8117,#8118,#8119,#8120,#8121,#8122,#8123,#8124,#8125,#8126,#8127,#8128,#8129,#8130,#8131,#8132,#8133,#8134,#8135,#8136,#8137,#8138,#8139,#8140,#8141,#8142,#8143,#8144,#8145,#8146,#8147,#8148,#8149,#8150,#8151,#8152,#8153,#8154,#8155,#8156,#8157,#8158,#8159,#8160,#8161,#8162,#8163,#8164,#8165,#8166,#8167,#8168,#8169,#8170,#8171,#8172,#8173,#8174,#8175,#8176,#8177,#8178,#8179,#8180,#8181,#8182,#8183,#8184,#8185,#8186,#8187,#8188,#8189,#8190,#8191,#8192,#8193,#8194,#8195,#8196,#8197,#8198,#8199,#8200,#8201,#8202,#8203,#8204,#8205,#8206,#8207,#8208,#8209,#8210,#8211,#8212,#8213,#8214,#8215,#8216,#8217,#8218,#8219,#8220,#8221,#8222,#8223,#8224,#8225,#8226,#8227,#8228,#8229,#8230,#8231,#8232,#8233,#8234,#8235,#8236,#8237,#8238,#8239,#8240,#8241,#8242,#8243,#8244,#8245,#8246,#8247,#8248,#8249,#8250,#8251,#8252,#8253,#8254,#8255,#8256,#8257,#8258,#8259,#8260,#8261,#8262,#8263,#8264,#8265));
#8329=CLOSED_SHELL('',(#8266,#8267,#8268,#8269,#8270,#8271,#8272,#8273,#8274,#8275,#8276,#8277,#8278,#8279,#8280,#8281,#8282,#8283,#8284,#8285,#8286,#8287,#8288,#8289,#8290,#8291,#8292,#8293,#8294,#8295));
#8330=CLOSED_SHELL('',(#8296,#8297,#8298,#8299,#8300,#8301,#8302,#8303,#8304,#8305,#8306,#8307,#8308,#8309,#8310,#8311,#8312,#8313,#8314,#8315,#8316,#8317,#8318,#8319,#8320,#8321,#8322,#8323,#8324,#8325));
#8331=STYLED_ITEM('',(#8336),#8369);
#8332=STYLED_ITEM('',(#8337),#8370);
#8333=STYLED_ITEM('',(#8338),#8371);
#8334=STYLED_ITEM('',(#8339),#8372);
#8335=STYLED_ITEM('',(#8340),#8373);
#8336=PRESENTATION_STYLE_ASSIGNMENT((#8341));
#8337=PRESENTATION_STYLE_ASSIGNMENT((#8342));
#8338=PRESENTATION_STYLE_ASSIGNMENT((#8343));
#8339=PRESENTATION_STYLE_ASSIGNMENT((#8344));
#8340=PRESENTATION_STYLE_ASSIGNMENT((#8345));
#8341=SURFACE_STYLE_USAGE(.BOTH.,#8346);
#8342=SURFACE_STYLE_USAGE(.BOTH.,#8347);
#8343=SURFACE_STYLE_USAGE(.BOTH.,#8348);
#8344=SURFACE_STYLE_USAGE(.BOTH.,#8349);
#8345=SURFACE_STYLE_USAGE(.BOTH.,#8350);
#8346=SURFACE_SIDE_STYLE('',(#8351));
#8347=SURFACE_SIDE_STYLE('',(#8352));
#8348=SURFACE_SIDE_STYLE('',(#8353));
#8349=SURFACE_SIDE_STYLE('',(#8354));
#8350=SURFACE_SIDE_STYLE('',(#8355));
#8351=SURFACE_STYLE_FILL_AREA(#8356);
#8352=SURFACE_STYLE_FILL_AREA(#8357);
#8353=SURFACE_STYLE_FILL_AREA(#8358);
#8354=SURFACE_STYLE_FILL_AREA(#8359);
#8355=SURFACE_STYLE_FILL_AREA(#8360);
#8356=FILL_AREA_STYLE('',(#8361));
#8357=FILL_AREA_STYLE('',(#8362));
#8358=FILL_AREA_STYLE('',(#8363));
#8359=FILL_AREA_STYLE('',(#8364));
#8360=FILL_AREA_STYLE('',(#8365));
#8361=FILL_AREA_STYLE_COLOUR('',#8366);
#8362=FILL_AREA_STYLE_COLOUR('',#8367);
#8363=FILL_AREA_STYLE_COLOUR('',#8368);
#8364=FILL_AREA_STYLE_COLOUR('',#8366);
#8365=FILL_AREA_STYLE_COLOUR('',#8366);
#8366=COLOUR_RGB('',0.917647058823529,0.917647058823529,0.917647058823529);
#8367=COLOUR_RGB('',0.231372549019608,0.380392156862745,0.705882352941177);
#8368=COLOUR_RGB('',0.596078431372549,0.12156862745098,0.674509803921569);
#8369=MANIFOLD_SOLID_BREP('Part 5',#8326);
#8370=MANIFOLD_SOLID_BREP('Cover',#8327);
#8371=MANIFOLD_SOLID_BREP('Case',#8328);
#8372=MANIFOLD_SOLID_BREP('Button',#8329);
#8373=MANIFOLD_SOLID_BREP('Part 4',#8330);
#8374=SHAPE_DEFINITION_REPRESENTATION(#16340,#8379);
#8375=SHAPE_DEFINITION_REPRESENTATION(#16341,#8380);
#8376=SHAPE_DEFINITION_REPRESENTATION(#16342,#8381);
#8377=SHAPE_DEFINITION_REPRESENTATION(#16343,#8382);
#8378=SHAPE_DEFINITION_REPRESENTATION(#16344,#8383);
#8379=SHAPE_REPRESENTATION('Part 5',(#8384),#16315);
#8380=SHAPE_REPRESENTATION('Cover',(#8414),#16316);
#8381=SHAPE_REPRESENTATION('Case',(#8598),#16317);
#8382=SHAPE_REPRESENTATION('Button',(#8918),#16318);
#8383=SHAPE_REPRESENTATION('Part 4',(#8948),#16319);
#8384=AXIS2_PLACEMENT_3D('',#10937,#8978,#8979);
#8385=AXIS2_PLACEMENT_3D('',#10938,#8980,#8981);
#8386=AXIS2_PLACEMENT_3D('',#10947,#8986,#8987);
#8387=AXIS2_PLACEMENT_3D('',#10953,#8991,#8992);
#8388=AXIS2_PLACEMENT_3D('',#10959,#8996,#8997);
#8389=AXIS2_PLACEMENT_3D('',#10962,#9000,#9001);
#8390=AXIS2_PLACEMENT_3D('',#10963,#9002,#9003);
#8391=AXIS2_PLACEMENT_3D('',#10967,#9005,#9006);
#8392=AXIS2_PLACEMENT_3D('',#10971,#9008,#9009);
#8393=AXIS2_PLACEMENT_3D('',#10975,#9011,#9012);
#8394=AXIS2_PLACEMENT_3D('',#10979,#9014,#9015);
#8395=AXIS2_PLACEMENT_3D('',#10983,#9017,#9018);
#8396=AXIS2_PLACEMENT_3D('',#10984,#9019,#9020);
#8397=AXIS2_PLACEMENT_3D('',#10990,#9024,#9025);
#8398=AXIS2_PLACEMENT_3D('',#10991,#9026,#9027);
#8399=AXIS2_PLACEMENT_3D('',#10998,#9031,#9032);
#8400=AXIS2_PLACEMENT_3D('',#11007,#9035,#9036);
#8401=AXIS2_PLACEMENT_3D('',#11016,#9039,#9040);
#8402=AXIS2_PLACEMENT_3D('',#11021,#9043,#9044);
#8403=AXIS2_PLACEMENT_3D('',#11024,#9046,#9047);
#8404=AXIS2_PLACEMENT_3D('',#11029,#9048,#9049);
#8405=AXIS2_PLACEMENT_3D('',#11034,#9050,#9051);
#8406=AXIS2_PLACEMENT_3D('',#11039,#9052,#9053);
#8407=AXIS2_PLACEMENT_3D('',#11044,#9054,#9055);
#8408=AXIS2_PLACEMENT_3D('',#11111,#9057,#9058);
#8409=AXIS2_PLACEMENT_3D('',#11144,#9062,#9063);
#8410=AXIS2_PLACEMENT_3D('',#11177,#9064,#9065);
#8411=AXIS2_PLACEMENT_3D('',#11242,#9066,#9067);
#8412=AXIS2_PLACEMENT_3D('',#11279,#9068,#9069);
#8413=AXIS2_PLACEMENT_3D('',#11284,#9070,#9071);
#8414=AXIS2_PLACEMENT_3D('',#11285,#9072,#9073);
#8415=AXIS2_PLACEMENT_3D('',#11286,#9074,#9075);
#8416=AXIS2_PLACEMENT_3D('',#11313,#9089,#9090);
#8417=AXIS2_PLACEMENT_3D('',#11353,#9110,#9111);
#8418=AXIS2_PLACEMENT_3D('',#11357,#9113,#9114);
#8419=AXIS2_PLACEMENT_3D('',#11361,#9116,#9117);
#8420=AXIS2_PLACEMENT_3D('',#11365,#9119,#9120);
#8421=AXIS2_PLACEMENT_3D('',#11369,#9122,#9123);
#8422=AXIS2_PLACEMENT_3D('',#11373,#9125,#9126);
#8423=AXIS2_PLACEMENT_3D('',#11377,#9128,#9129);
#8424=AXIS2_PLACEMENT_3D('',#11381,#9131,#9132);
#8425=AXIS2_PLACEMENT_3D('',#11385,#9134,#9135);
#8426=AXIS2_PLACEMENT_3D('',#11389,#9137,#9138);
#8427=AXIS2_PLACEMENT_3D('',#11393,#9140,#9141);
#8428=AXIS2_PLACEMENT_3D('',#11405,#9142,#9143);
#8429=AXIS2_PLACEMENT_3D('',#11409,#9145,#9146);
#8430=AXIS2_PLACEMENT_3D('',#11413,#9148,#9149);
#8431=AXIS2_PLACEMENT_3D('',#11417,#9151,#9152);
#8432=AXIS2_PLACEMENT_3D('',#11421,#9154,#9155);
#8433=AXIS2_PLACEMENT_3D('',#11425,#9157,#9158);
#8434=AXIS2_PLACEMENT_3D('',#11429,#9160,#9161);
#8435=AXIS2_PLACEMENT_3D('',#11433,#9163,#9164);
#8436=AXIS2_PLACEMENT_3D('',#11437,#9166,#9167);
#8437=AXIS2_PLACEMENT_3D('',#11441,#9169,#9170);
#8438=AXIS2_PLACEMENT_3D('',#11445,#9172,#9173);
#8439=AXIS2_PLACEMENT_3D('',#11609,#9186,#9187);
#8440=AXIS2_PLACEMENT_3D('',#11612,#9190,#9191);
#8441=AXIS2_PLACEMENT_3D('',#11615,#9194,#9195);
#8442=AXIS2_PLACEMENT_3D('',#11621,#9199,#9200);
#8443=AXIS2_PLACEMENT_3D('',#11627,#9204,#9205);
#8444=AXIS2_PLACEMENT_3D('',#11633,#9209,#9210);
#8445=AXIS2_PLACEMENT_3D('',#11639,#9214,#9215);
#8446=AXIS2_PLACEMENT_3D('',#11643,#9217,#9218);
#8447=AXIS2_PLACEMENT_3D('',#11647,#9220,#9221);
#8448=AXIS2_PLACEMENT_3D('',#11651,#9223,#9224);
#8449=AXIS2_PLACEMENT_3D('',#11652,#9225,#9226);
#8450=AXIS2_PLACEMENT_3D('',#11656,#9228,#9229);
#8451=AXIS2_PLACEMENT_3D('',#11660,#9231,#9232);
#8452=AXIS2_PLACEMENT_3D('',#11664,#9234,#9235);
#8453=AXIS2_PLACEMENT_3D('',#11668,#9237,#9238);
#8454=AXIS2_PLACEMENT_3D('',#11672,#9240,#9241);
#8455=AXIS2_PLACEMENT_3D('',#11673,#9242,#9243);
#8456=AXIS2_PLACEMENT_3D('',#11677,#9245,#9246);
#8457=AXIS2_PLACEMENT_3D('',#11681,#9248,#9249);
#8458=AXIS2_PLACEMENT_3D('',#11685,#9251,#9252);
#8459=AXIS2_PLACEMENT_3D('',#11686,#9253,#9254);
#8460=AXIS2_PLACEMENT_3D('',#11690,#9256,#9257);
#8461=AXIS2_PLACEMENT_3D('',#11691,#9258,#9259);
#8462=AXIS2_PLACEMENT_3D('',#11695,#9261,#9262);
#8463=AXIS2_PLACEMENT_3D('',#11699,#9264,#9265);
#8464=AXIS2_PLACEMENT_3D('',#11703,#9267,#9268);
#8465=AXIS2_PLACEMENT_3D('',#11707,#9270,#9271);
#8466=AXIS2_PLACEMENT_3D('',#11711,#9273,#9274);
#8467=AXIS2_PLACEMENT_3D('',#11712,#9275,#9276);
#8468=AXIS2_PLACEMENT_3D('',#11713,#9277,#9278);
#8469=AXIS2_PLACEMENT_3D('',#11716,#9281,#9282);
#8470=AXIS2_PLACEMENT_3D('',#11717,#9283,#9284);
#8471=AXIS2_PLACEMENT_3D('',#11720,#9287,#9288);
#8472=AXIS2_PLACEMENT_3D('',#11722,#9290,#9291);
#8473=AXIS2_PLACEMENT_3D('',#11723,#9292,#9293);
#8474=AXIS2_PLACEMENT_3D('',#11731,#9297,#9298);
#8475=AXIS2_PLACEMENT_3D('',#11732,#9299,#9300);
#8476=AXIS2_PLACEMENT_3D('',#11740,#9304,#9305);
#8477=AXIS2_PLACEMENT_3D('',#11741,#9306,#9307);
#8478=AXIS2_PLACEMENT_3D('',#11749,#9311,#9312);
#8479=AXIS2_PLACEMENT_3D('',#11751,#9314,#9315);
#8480=AXIS2_PLACEMENT_3D('',#11752,#9316,#9317);
#8481=AXIS2_PLACEMENT_3D('',#11755,#9320,#9321);
#8482=AXIS2_PLACEMENT_3D('',#11757,#9323,#9324);
#8483=AXIS2_PLACEMENT_3D('',#11759,#9326,#9327);
#8484=AXIS2_PLACEMENT_3D('',#11762,#9330,#9331);
#8485=AXIS2_PLACEMENT_3D('',#11765,#9334,#9335);
#8486=AXIS2_PLACEMENT_3D('',#11768,#9338,#9339);
#8487=AXIS2_PLACEMENT_3D('',#11769,#9340,#9341);
#8488=AXIS2_PLACEMENT_3D('',#11770,#9342,#9343);
#8489=AXIS2_PLACEMENT_3D('',#11771,#9344,#9345);
#8490=AXIS2_PLACEMENT_3D('',#11772,#9346,#9347);
#8491=AXIS2_PLACEMENT_3D('',#11775,#9350,#9351);
#8492=AXIS2_PLACEMENT_3D('',#11778,#9354,#9355);
#8493=AXIS2_PLACEMENT_3D('',#11781,#9358,#9359);
#8494=AXIS2_PLACEMENT_3D('',#11782,#9360,#9361);
#8495=AXIS2_PLACEMENT_3D('',#11783,#9362,#9363);
#8496=AXIS2_PLACEMENT_3D('',#11784,#9364,#9365);
#8497=AXIS2_PLACEMENT_3D('',#11785,#9366,#9367);
#8498=AXIS2_PLACEMENT_3D('',#11788,#9370,#9371);
#8499=AXIS2_PLACEMENT_3D('',#11791,#9374,#9375);
#8500=AXIS2_PLACEMENT_3D('',#11794,#9378,#9379);
#8501=AXIS2_PLACEMENT_3D('',#11795,#9380,#9381);
#8502=AXIS2_PLACEMENT_3D('',#11796,#9382,#9383);
#8503=AXIS2_PLACEMENT_3D('',#11797,#9384,#9385);
#8504=AXIS2_PLACEMENT_3D('',#11798,#9386,#9387);
#8505=AXIS2_PLACEMENT_3D('',#11801,#9390,#9391);
#8506=AXIS2_PLACEMENT_3D('',#11804,#9394,#9395);
#8507=AXIS2_PLACEMENT_3D('',#11807,#9398,#9399);
#8508=AXIS2_PLACEMENT_3D('',#11808,#9400,#9401);
#8509=AXIS2_PLACEMENT_3D('',#11809,#9402,#9403);
#8510=AXIS2_PLACEMENT_3D('',#11810,#9404,#9405);
#8511=AXIS2_PLACEMENT_3D('',#11811,#9406,#9407);
#8512=AXIS2_PLACEMENT_3D('',#11820,#9412,#9413);
#8513=AXIS2_PLACEMENT_3D('',#11833,#9421,#9422);
#8514=AXIS2_PLACEMENT_3D('',#11842,#9427,#9428);
#8515=AXIS2_PLACEMENT_3D('',#11855,#9436,#9437);
#8516=AXIS2_PLACEMENT_3D('',#11856,#9438,#9439);
#8517=AXIS2_PLACEMENT_3D('',#11857,#9440,#9441);
#8518=AXIS2_PLACEMENT_3D('',#11859,#9443,#9444);
#8519=AXIS2_PLACEMENT_3D('',#11861,#9446,#9447);
#8520=AXIS2_PLACEMENT_3D('',#11870,#9452,#9453);
#8521=AXIS2_PLACEMENT_3D('',#11886,#9462,#9463);
#8522=AXIS2_PLACEMENT_3D('',#11892,#9467,#9468);
#8523=AXIS2_PLACEMENT_3D('',#11905,#9476,#9477);
#8524=AXIS2_PLACEMENT_3D('',#11906,#9478,#9479);
#8525=AXIS2_PLACEMENT_3D('',#11907,#9480,#9481);
#8526=AXIS2_PLACEMENT_3D('',#11909,#9483,#9484);
#8527=AXIS2_PLACEMENT_3D('',#11911,#9486,#9487);
#8528=AXIS2_PLACEMENT_3D('',#11920,#9492,#9493);
#8529=AXIS2_PLACEMENT_3D('',#11936,#9502,#9503);
#8530=AXIS2_PLACEMENT_3D('',#11942,#9507,#9508);
#8531=AXIS2_PLACEMENT_3D('',#11955,#9516,#9517);
#8532=AXIS2_PLACEMENT_3D('',#11956,#9518,#9519);
#8533=AXIS2_PLACEMENT_3D('',#11957,#9520,#9521);
#8534=AXIS2_PLACEMENT_3D('',#11959,#9523,#9524);
#8535=AXIS2_PLACEMENT_3D('',#11961,#9526,#9527);
#8536=AXIS2_PLACEMENT_3D('',#11962,#9528,#9529);
#8537=AXIS2_PLACEMENT_3D('',#11963,#9530,#9531);
#8538=AXIS2_PLACEMENT_3D('',#11964,#9532,#9533);
#8539=AXIS2_PLACEMENT_3D('',#11965,#9534,#9535);
#8540=AXIS2_PLACEMENT_3D('',#11966,#9536,#9537);
#8541=AXIS2_PLACEMENT_3D('',#11967,#9538,#9539);
#8542=AXIS2_PLACEMENT_3D('',#11968,#9540,#9541);
#8543=AXIS2_PLACEMENT_3D('',#11969,#9542,#9543);
#8544=AXIS2_PLACEMENT_3D('',#11970,#9544,#9545);
#8545=AXIS2_PLACEMENT_3D('',#11971,#9546,#9547);
#8546=AXIS2_PLACEMENT_3D('',#11972,#9548,#9549);
#8547=AXIS2_PLACEMENT_3D('',#11973,#9550,#9551);
#8548=AXIS2_PLACEMENT_3D('',#11974,#9552,#9553);
#8549=AXIS2_PLACEMENT_3D('',#11975,#9554,#9555);
#8550=AXIS2_PLACEMENT_3D('',#11976,#9556,#9557);
#8551=AXIS2_PLACEMENT_3D('',#11977,#9558,#9559);
#8552=AXIS2_PLACEMENT_3D('',#11978,#9560,#9561);
#8553=AXIS2_PLACEMENT_3D('',#11979,#9562,#9563);
#8554=AXIS2_PLACEMENT_3D('',#11980,#9564,#9565);
#8555=AXIS2_PLACEMENT_3D('',#11981,#9566,#9567);
#8556=AXIS2_PLACEMENT_3D('',#11982,#9568,#9569);
#8557=AXIS2_PLACEMENT_3D('',#11983,#9570,#9571);
#8558=AXIS2_PLACEMENT_3D('',#11984,#9572,#9573);
#8559=AXIS2_PLACEMENT_3D('',#11985,#9574,#9575);
#8560=AXIS2_PLACEMENT_3D('',#11986,#9576,#9577);
#8561=AXIS2_PLACEMENT_3D('',#11987,#9578,#9579);
#8562=AXIS2_PLACEMENT_3D('',#11988,#9580,#9581);
#8563=AXIS2_PLACEMENT_3D('',#11989,#9582,#9583);
#8564=AXIS2_PLACEMENT_3D('',#11990,#9584,#9585);
#8565=AXIS2_PLACEMENT_3D('',#11991,#9586,#9587);
#8566=AXIS2_PLACEMENT_3D('',#11992,#9588,#9589);
#8567=AXIS2_PLACEMENT_3D('',#11993,#9590,#9591);
#8568=AXIS2_PLACEMENT_3D('',#11994,#9592,#9593);
#8569=AXIS2_PLACEMENT_3D('',#12000,#9597,#9598);
#8570=AXIS2_PLACEMENT_3D('',#12004,#9601,#9602);
#8571=AXIS2_PLACEMENT_3D('',#12008,#9605,#9606);
#8572=AXIS2_PLACEMENT_3D('',#12010,#9608,#9609);
#8573=AXIS2_PLACEMENT_3D('',#12011,#9610,#9611);
#8574=AXIS2_PLACEMENT_3D('',#12017,#9615,#9616);
#8575=AXIS2_PLACEMENT_3D('',#12021,#9619,#9620);
#8576=AXIS2_PLACEMENT_3D('',#12025,#9623,#9624);
#8577=AXIS2_PLACEMENT_3D('',#12027,#9626,#9627);
#8578=AXIS2_PLACEMENT_3D('',#12028,#9628,#9629);
#8579=AXIS2_PLACEMENT_3D('',#12034,#9633,#9634);
#8580=AXIS2_PLACEMENT_3D('',#12038,#9637,#9638);
#8581=AXIS2_PLACEMENT_3D('',#12042,#9641,#9642);
#8582=AXIS2_PLACEMENT_3D('',#12046,#9645,#9646);
#8583=AXIS2_PLACEMENT_3D('',#12050,#9649,#9650);
#8584=AXIS2_PLACEMENT_3D('',#12052,#9652,#9653);
#8585=AXIS2_PLACEMENT_3D('',#12053,#9654,#9655);
#8586=AXIS2_PLACEMENT_3D('',#12059,#9659,#9660);
#8587=AXIS2_PLACEMENT_3D('',#12065,#9664,#9665);
#8588=AXIS2_PLACEMENT_3D('',#12068,#9668,#9669);
#8589=AXIS2_PLACEMENT_3D('',#12069,#9670,#9671);
#8590=AXIS2_PLACEMENT_3D('',#12070,#9672,#9673);
#8591=AXIS2_PLACEMENT_3D('',#12076,#9677,#9678);
#8592=AXIS2_PLACEMENT_3D('',#12078,#9680,#9681);
#8593=AXIS2_PLACEMENT_3D('',#12080,#9683,#9684);
#8594=AXIS2_PLACEMENT_3D('',#12081,#9685,#9686);
#8595=AXIS2_PLACEMENT_3D('',#12082,#9687,#9688);
#8596=AXIS2_PLACEMENT_3D('',#12083,#9689,#9690);
#8597=AXIS2_PLACEMENT_3D('',#12084,#9691,#9692);
#8598=AXIS2_PLACEMENT_3D('',#12085,#9693,#9694);
#8599=AXIS2_PLACEMENT_3D('',#12192,#9701,#9702);
#8600=AXIS2_PLACEMENT_3D('',#12202,#9708,#9709);
#8601=AXIS2_PLACEMENT_3D('',#12243,#9730,#9731);
#8602=AXIS2_PLACEMENT_3D('',#12247,#9733,#9734);
#8603=AXIS2_PLACEMENT_3D('',#12269,#9736,#9737);
#8604=AXIS2_PLACEMENT_3D('',#12273,#9739,#9740);
#8605=AXIS2_PLACEMENT_3D('',#12277,#9742,#9743);
#8606=AXIS2_PLACEMENT_3D('',#12281,#9745,#9746);
#8607=AXIS2_PLACEMENT_3D('',#12329,#9751,#9752);
#8608=AXIS2_PLACEMENT_3D('',#12333,#9754,#9755);
#8609=AXIS2_PLACEMENT_3D('',#12337,#9757,#9758);
#8610=AXIS2_PLACEMENT_3D('',#12341,#9760,#9761);
#8611=AXIS2_PLACEMENT_3D('',#12363,#9763,#9764);
#8612=AXIS2_PLACEMENT_3D('',#12367,#9766,#9767);
#8613=AXIS2_PLACEMENT_3D('',#12371,#9769,#9770);
#8614=AXIS2_PLACEMENT_3D('',#12375,#9772,#9773);
#8615=AXIS2_PLACEMENT_3D('',#12379,#9775,#9776);
#8616=AXIS2_PLACEMENT_3D('',#12383,#9778,#9779);
#8617=AXIS2_PLACEMENT_3D('',#12387,#9781,#9782);
#8618=AXIS2_PLACEMENT_3D('',#12391,#9784,#9785);
#8619=AXIS2_PLACEMENT_3D('',#12395,#9787,#9788);
#8620=AXIS2_PLACEMENT_3D('',#12399,#9790,#9791);
#8621=AXIS2_PLACEMENT_3D('',#12403,#9793,#9794);
#8622=AXIS2_PLACEMENT_3D('',#12407,#9796,#9797);
#8623=AXIS2_PLACEMENT_3D('',#12408,#9798,#9799);
#8624=AXIS2_PLACEMENT_3D('',#12412,#9801,#9802);
#8625=AXIS2_PLACEMENT_3D('',#12416,#9804,#9805);
#8626=AXIS2_PLACEMENT_3D('',#12420,#9807,#9808);
#8627=AXIS2_PLACEMENT_3D('',#12421,#9809,#9810);
#8628=AXIS2_PLACEMENT_3D('',#12425,#9812,#9813);
#8629=AXIS2_PLACEMENT_3D('',#12429,#9815,#9816);
#8630=AXIS2_PLACEMENT_3D('',#12433,#9818,#9819);
#8631=AXIS2_PLACEMENT_3D('',#12434,#9820,#9821);
#8632=AXIS2_PLACEMENT_3D('',#12435,#9822,#9823);
#8633=AXIS2_PLACEMENT_3D('',#12451,#9833,#9834);
#8634=AXIS2_PLACEMENT_3D('',#12462,#9841,#9842);
#8635=AXIS2_PLACEMENT_3D('',#12468,#9845,#9846);
#8636=AXIS2_PLACEMENT_3D('',#12472,#9848,#9849);
#8637=AXIS2_PLACEMENT_3D('',#12477,#9852,#9853);
#8638=AXIS2_PLACEMENT_3D('',#12481,#9855,#9856);
#8639=AXIS2_PLACEMENT_3D('',#12489,#9860,#9861);
#8640=AXIS2_PLACEMENT_3D('',#12493,#9863,#9864);
#8641=AXIS2_PLACEMENT_3D('',#12501,#9868,#9869);
#8642=AXIS2_PLACEMENT_3D('',#12505,#9871,#9872);
#8643=AXIS2_PLACEMENT_3D('',#12508,#9874,#9875);
#8644=AXIS2_PLACEMENT_3D('',#12517,#9880,#9881);
#8645=AXIS2_PLACEMENT_3D('',#12526,#9886,#9887);
#8646=AXIS2_PLACEMENT_3D('',#12535,#9892,#9893);
#8647=AXIS2_PLACEMENT_3D('',#12544,#9898,#9899);
#8648=AXIS2_PLACEMENT_3D('',#12561,#9908,#9909);
#8649=AXIS2_PLACEMENT_3D('',#12570,#9914,#9915);
#8650=AXIS2_PLACEMENT_3D('',#12572,#9917,#9918);
#8651=AXIS2_PLACEMENT_3D('',#12576,#9920,#9921);
#8652=AXIS2_PLACEMENT_3D('',#12580,#9923,#9924);
#8653=AXIS2_PLACEMENT_3D('',#12581,#9925,#9926);
#8654=AXIS2_PLACEMENT_3D('',#12585,#9928,#9929);
#8655=AXIS2_PLACEMENT_3D('',#12589,#9931,#9932);
#8656=AXIS2_PLACEMENT_3D('',#12590,#9933,#9934);
#8657=AXIS2_PLACEMENT_3D('',#12596,#9937,#9938);
#8658=AXIS2_PLACEMENT_3D('',#12597,#9939,#9940);
#8659=AXIS2_PLACEMENT_3D('',#12601,#9942,#9943);
#8660=AXIS2_PLACEMENT_3D('',#12605,#9945,#9946);
#8661=AXIS2_PLACEMENT_3D('',#12608,#9948,#9949);
#8662=AXIS2_PLACEMENT_3D('',#12609,#9950,#9951);
#8663=AXIS2_PLACEMENT_3D('',#12615,#9955,#9956);
#8664=AXIS2_PLACEMENT_3D('',#12616,#9957,#9958);
#8665=AXIS2_PLACEMENT_3D('',#12617,#9959,#9960);
#8666=AXIS2_PLACEMENT_3D('',#12618,#9961,#9962);
#8667=AXIS2_PLACEMENT_3D('',#12619,#9963,#9964);
#8668=AXIS2_PLACEMENT_3D('',#12623,#9966,#9967);
#8669=AXIS2_PLACEMENT_3D('',#12627,#9969,#9970);
#8670=AXIS2_PLACEMENT_3D('',#12628,#9971,#9972);
#8671=AXIS2_PLACEMENT_3D('',#13148,#9987,#9988);
#8672=AXIS2_PLACEMENT_3D('',#13149,#9989,#9990);
#8673=AXIS2_PLACEMENT_3D('',#13307,#9995,#9996);
#8674=AXIS2_PLACEMENT_3D('',#13313,#10000,#10001);
#8675=AXIS2_PLACEMENT_3D('',#13314,#10002,#10003);
#8676=AXIS2_PLACEMENT_3D('',#13323,#10007,#10008);
#8677=AXIS2_PLACEMENT_3D('',#13327,#10010,#10011);
#8678=AXIS2_PLACEMENT_3D('',#13335,#10015,#10016);
#8679=AXIS2_PLACEMENT_3D('',#13339,#10018,#10019);
#8680=AXIS2_PLACEMENT_3D('',#13354,#10027,#10028);
#8681=AXIS2_PLACEMENT_3D('',#13357,#10030,#10031);
#8682=AXIS2_PLACEMENT_3D('',#13363,#10035,#10036);
#8683=AXIS2_PLACEMENT_3D('',#14000,#10040,#10041);
#8684=AXIS2_PLACEMENT_3D('',#14061,#10046,#10047);
#8685=AXIS2_PLACEMENT_3D('',#14119,#10048,#10049);
#8686=AXIS2_PLACEMENT_3D('',#14175,#10050,#10051);
#8687=AXIS2_PLACEMENT_3D('',#14179,#10053,#10054);
#8688=AXIS2_PLACEMENT_3D('',#14183,#10056,#10057);
#8689=AXIS2_PLACEMENT_3D('',#14187,#10059,#10060);
#8690=AXIS2_PLACEMENT_3D('',#14188,#10061,#10062);
#8691=AXIS2_PLACEMENT_3D('',#14191,#10065,#10066);
#8692=AXIS2_PLACEMENT_3D('',#14194,#10069,#10070);
#8693=AXIS2_PLACEMENT_3D('',#14197,#10073,#10074);
#8694=AXIS2_PLACEMENT_3D('',#14200,#10077,#10078);
#8695=AXIS2_PLACEMENT_3D('',#14201,#10079,#10080);
#8696=AXIS2_PLACEMENT_3D('',#14202,#10081,#10082);
#8697=AXIS2_PLACEMENT_3D('',#14203,#10083,#10084);
#8698=AXIS2_PLACEMENT_3D('',#14204,#10085,#10086);
#8699=AXIS2_PLACEMENT_3D('',#14265,#10091,#10092);
#8700=AXIS2_PLACEMENT_3D('',#14323,#10093,#10094);
#8701=AXIS2_PLACEMENT_3D('',#14352,#10095,#10096);
#8702=AXIS2_PLACEMENT_3D('',#14356,#10098,#10099);
#8703=AXIS2_PLACEMENT_3D('',#14360,#10101,#10102);
#8704=AXIS2_PLACEMENT_3D('',#14364,#10104,#10105);
#8705=AXIS2_PLACEMENT_3D('',#14392,#10106,#10107);
#8706=AXIS2_PLACEMENT_3D('',#14395,#10110,#10111);
#8707=AXIS2_PLACEMENT_3D('',#14398,#10114,#10115);
#8708=AXIS2_PLACEMENT_3D('',#14401,#10118,#10119);
#8709=AXIS2_PLACEMENT_3D('',#14404,#10122,#10123);
#8710=AXIS2_PLACEMENT_3D('',#14405,#10124,#10125);
#8711=AXIS2_PLACEMENT_3D('',#14406,#10126,#10127);
#8712=AXIS2_PLACEMENT_3D('',#14407,#10128,#10129);
#8713=AXIS2_PLACEMENT_3D('',#14408,#10130,#10131);
#8714=AXIS2_PLACEMENT_3D('',#14493,#10132,#10133);
#8715=AXIS2_PLACEMENT_3D('',#14498,#10134,#10135);
#8716=AXIS2_PLACEMENT_3D('',#14575,#10136,#10137);
#8717=AXIS2_PLACEMENT_3D('',#14576,#10138,#10139);
#8718=AXIS2_PLACEMENT_3D('',#14605,#10140,#10141);
#8719=AXIS2_PLACEMENT_3D('',#14730,#10142,#10143);
#8720=AXIS2_PLACEMENT_3D('',#14763,#10144,#10145);
#8721=AXIS2_PLACEMENT_3D('',#14764,#10146,#10147);
#8722=AXIS2_PLACEMENT_3D('',#14793,#10148,#10149);
#8723=AXIS2_PLACEMENT_3D('',#14918,#10150,#10151);
#8724=AXIS2_PLACEMENT_3D('',#14951,#10152,#10153);
#8725=AXIS2_PLACEMENT_3D('',#14952,#10154,#10155);
#8726=AXIS2_PLACEMENT_3D('',#14954,#10157,#10158);
#8727=AXIS2_PLACEMENT_3D('',#14955,#10159,#10160);
#8728=AXIS2_PLACEMENT_3D('',#14956,#10161,#10162);
#8729=AXIS2_PLACEMENT_3D('',#14958,#10164,#10165);
#8730=AXIS2_PLACEMENT_3D('',#14961,#10168,#10169);
#8731=AXIS2_PLACEMENT_3D('',#14964,#10172,#10173);
#8732=AXIS2_PLACEMENT_3D('',#14967,#10176,#10177);
#8733=AXIS2_PLACEMENT_3D('',#14973,#10181,#10182);
#8734=AXIS2_PLACEMENT_3D('',#14976,#10185,#10186);
#8735=AXIS2_PLACEMENT_3D('',#14978,#10188,#10189);
#8736=AXIS2_PLACEMENT_3D('',#14979,#10190,#10191);
#8737=AXIS2_PLACEMENT_3D('',#14980,#10192,#10193);
#8738=AXIS2_PLACEMENT_3D('',#14981,#10194,#10195);
#8739=AXIS2_PLACEMENT_3D('',#14982,#10196,#10197);
#8740=AXIS2_PLACEMENT_3D('',#14983,#10198,#10199);
#8741=AXIS2_PLACEMENT_3D('',#14984,#10200,#10201);
#8742=AXIS2_PLACEMENT_3D('',#14985,#10202,#10203);
#8743=AXIS2_PLACEMENT_3D('',#14986,#10204,#10205);
#8744=AXIS2_PLACEMENT_3D('',#14987,#10206,#10207);
#8745=AXIS2_PLACEMENT_3D('',#14988,#10208,#10209);
#8746=AXIS2_PLACEMENT_3D('',#14989,#10210,#10211);
#8747=AXIS2_PLACEMENT_3D('',#14994,#10213,#10214);
#8748=AXIS2_PLACEMENT_3D('',#14997,#10216,#10217);
#8749=AXIS2_PLACEMENT_3D('',#15006,#10218,#10219);
#8750=AXIS2_PLACEMENT_3D('',#15009,#10222,#10223);
#8751=AXIS2_PLACEMENT_3D('',#15010,#10224,#10225);
#8752=AXIS2_PLACEMENT_3D('',#15011,#10226,#10227);
#8753=AXIS2_PLACEMENT_3D('',#15020,#10233,#10234);
#8754=AXIS2_PLACEMENT_3D('',#15032,#10241,#10242);
#8755=AXIS2_PLACEMENT_3D('',#15039,#10247,#10248);
#8756=AXIS2_PLACEMENT_3D('',#15048,#10254,#10255);
#8757=AXIS2_PLACEMENT_3D('',#15060,#10262,#10263);
#8758=AXIS2_PLACEMENT_3D('',#15067,#10268,#10269);
#8759=AXIS2_PLACEMENT_3D('',#15076,#10275,#10276);
#8760=AXIS2_PLACEMENT_3D('',#15088,#10283,#10284);
#8761=AXIS2_PLACEMENT_3D('',#15095,#10289,#10290);
#8762=AXIS2_PLACEMENT_3D('',#15096,#10291,#10292);
#8763=AXIS2_PLACEMENT_3D('',#15097,#10293,#10294);
#8764=AXIS2_PLACEMENT_3D('',#15098,#10295,#10296);
#8765=AXIS2_PLACEMENT_3D('',#15104,#10300,#10301);
#8766=AXIS2_PLACEMENT_3D('',#15105,#10302,#10303);
#8767=AXIS2_PLACEMENT_3D('',#15106,#10304,#10305);
#8768=AXIS2_PLACEMENT_3D('',#15108,#10307,#10308);
#8769=AXIS2_PLACEMENT_3D('',#15114,#10312,#10313);
#8770=AXIS2_PLACEMENT_3D('',#15120,#10317,#10318);
#8771=AXIS2_PLACEMENT_3D('',#15121,#10319,#10320);
#8772=AXIS2_PLACEMENT_3D('',#15122,#10321,#10322);
#8773=AXIS2_PLACEMENT_3D('',#15124,#10324,#10325);
#8774=AXIS2_PLACEMENT_3D('',#15130,#10329,#10330);
#8775=AXIS2_PLACEMENT_3D('',#15131,#10331,#10332);
#8776=AXIS2_PLACEMENT_3D('',#15132,#10333,#10334);
#8777=AXIS2_PLACEMENT_3D('',#15134,#10336,#10337);
#8778=AXIS2_PLACEMENT_3D('',#15140,#10341,#10342);
#8779=AXIS2_PLACEMENT_3D('',#15146,#10346,#10347);
#8780=AXIS2_PLACEMENT_3D('',#15147,#10348,#10349);
#8781=AXIS2_PLACEMENT_3D('',#15148,#10350,#10351);
#8782=AXIS2_PLACEMENT_3D('',#15150,#10353,#10354);
#8783=AXIS2_PLACEMENT_3D('',#15151,#10355,#10356);
#8784=AXIS2_PLACEMENT_3D('',#15152,#10357,#10358);
#8785=AXIS2_PLACEMENT_3D('',#15153,#10359,#10360);
#8786=AXIS2_PLACEMENT_3D('',#15275,#10364,#10365);
#8787=AXIS2_PLACEMENT_3D('',#15276,#10366,#10367);
#8788=AXIS2_PLACEMENT_3D('',#15277,#10368,#10369);
#8789=AXIS2_PLACEMENT_3D('',#15278,#10370,#10371);
#8790=AXIS2_PLACEMENT_3D('',#15281,#10374,#10375);
#8791=AXIS2_PLACEMENT_3D('',#15284,#10378,#10379);
#8792=AXIS2_PLACEMENT_3D('',#15291,#10384,#10385);
#8793=AXIS2_PLACEMENT_3D('',#15294,#10387,#10388);
#8794=AXIS2_PLACEMENT_3D('',#15295,#10389,#10390);
#8795=AXIS2_PLACEMENT_3D('',#15296,#10391,#10392);
#8796=AXIS2_PLACEMENT_3D('',#15299,#10394,#10395);
#8797=AXIS2_PLACEMENT_3D('',#15302,#10397,#10398);
#8798=AXIS2_PLACEMENT_3D('',#15306,#10400,#10401);
#8799=AXIS2_PLACEMENT_3D('',#15309,#10403,#10404);
#8800=AXIS2_PLACEMENT_3D('',#15312,#10407,#10408);
#8801=AXIS2_PLACEMENT_3D('',#15315,#10411,#10412);
#8802=AXIS2_PLACEMENT_3D('',#15316,#10413,#10414);
#8803=AXIS2_PLACEMENT_3D('',#15317,#10415,#10416);
#8804=AXIS2_PLACEMENT_3D('',#15318,#10417,#10418);
#8805=AXIS2_PLACEMENT_3D('',#15321,#10420,#10421);
#8806=AXIS2_PLACEMENT_3D('',#15322,#10422,#10423);
#8807=AXIS2_PLACEMENT_3D('',#15323,#10424,#10425);
#8808=AXIS2_PLACEMENT_3D('',#15326,#10427,#10428);
#8809=AXIS2_PLACEMENT_3D('',#15329,#10430,#10431);
#8810=AXIS2_PLACEMENT_3D('',#15333,#10433,#10434);
#8811=AXIS2_PLACEMENT_3D('',#15336,#10436,#10437);
#8812=AXIS2_PLACEMENT_3D('',#15339,#10440,#10441);
#8813=AXIS2_PLACEMENT_3D('',#15342,#10444,#10445);
#8814=AXIS2_PLACEMENT_3D('',#15343,#10446,#10447);
#8815=AXIS2_PLACEMENT_3D('',#15344,#10448,#10449);
#8816=AXIS2_PLACEMENT_3D('',#15345,#10450,#10451);
#8817=AXIS2_PLACEMENT_3D('',#15346,#10452,#10453);
#8818=AXIS2_PLACEMENT_3D('',#15351,#10456,#10457);
#8819=AXIS2_PLACEMENT_3D('',#15352,#10458,#10459);
#8820=AXIS2_PLACEMENT_3D('',#15357,#10462,#10463);
#8821=AXIS2_PLACEMENT_3D('',#15359,#10465,#10466);
#8822=AXIS2_PLACEMENT_3D('',#15363,#10469,#10470);
#8823=AXIS2_PLACEMENT_3D('',#15367,#10473,#10474);
#8824=AXIS2_PLACEMENT_3D('',#15368,#10475,#10476);
#8825=AXIS2_PLACEMENT_3D('',#15369,#10477,#10478);
#8826=AXIS2_PLACEMENT_3D('',#15370,#10479,#10480);
#8827=AXIS2_PLACEMENT_3D('',#15371,#10481,#10482);
#8828=AXIS2_PLACEMENT_3D('',#15372,#10483,#10484);
#8829=AXIS2_PLACEMENT_3D('',#15373,#10485,#10486);
#8830=AXIS2_PLACEMENT_3D('',#15376,#10488,#10489);
#8831=AXIS2_PLACEMENT_3D('',#15379,#10491,#10492);
#8832=AXIS2_PLACEMENT_3D('',#15380,#10493,#10494);
#8833=AXIS2_PLACEMENT_3D('',#15383,#10496,#10497);
#8834=AXIS2_PLACEMENT_3D('',#15387,#10499,#10500);
#8835=AXIS2_PLACEMENT_3D('',#15390,#10502,#10503);
#8836=AXIS2_PLACEMENT_3D('',#15392,#10505,#10506);
#8837=AXIS2_PLACEMENT_3D('',#15395,#10509,#10510);
#8838=AXIS2_PLACEMENT_3D('',#15397,#10512,#10513);
#8839=AXIS2_PLACEMENT_3D('',#15398,#10514,#10515);
#8840=AXIS2_PLACEMENT_3D('',#15399,#10516,#10517);
#8841=AXIS2_PLACEMENT_3D('',#15405,#10521,#10522);
#8842=AXIS2_PLACEMENT_3D('',#15409,#10525,#10526);
#8843=AXIS2_PLACEMENT_3D('',#15413,#10529,#10530);
#8844=AXIS2_PLACEMENT_3D('',#15415,#10532,#10533);
#8845=AXIS2_PLACEMENT_3D('',#15416,#10534,#10535);
#8846=AXIS2_PLACEMENT_3D('',#15417,#10536,#10537);
#8847=AXIS2_PLACEMENT_3D('',#15418,#10538,#10539);
#8848=AXIS2_PLACEMENT_3D('',#15419,#10540,#10541);
#8849=AXIS2_PLACEMENT_3D('',#15420,#10542,#10543);
#8850=AXIS2_PLACEMENT_3D('',#15421,#10544,#10545);
#8851=AXIS2_PLACEMENT_3D('',#15422,#10546,#10547);
#8852=AXIS2_PLACEMENT_3D('',#15423,#10548,#10549);
#8853=AXIS2_PLACEMENT_3D('',#15424,#10550,#10551);
#8854=AXIS2_PLACEMENT_3D('',#15439,#10552,#10553);
#8855=AXIS2_PLACEMENT_3D('',#15440,#10554,#10555);
#8856=AXIS2_PLACEMENT_3D('',#15441,#10556,#10557);
#8857=AXIS2_PLACEMENT_3D('',#15442,#10558,#10559);
#8858=AXIS2_PLACEMENT_3D('',#15443,#10560,#10561);
#8859=AXIS2_PLACEMENT_3D('',#15449,#10565,#10566);
#8860=AXIS2_PLACEMENT_3D('',#15455,#10570,#10571);
#8861=AXIS2_PLACEMENT_3D('',#15458,#10573,#10574);
#8862=AXIS2_PLACEMENT_3D('',#15459,#10575,#10576);
#8863=AXIS2_PLACEMENT_3D('',#15460,#10577,#10578);
#8864=AXIS2_PLACEMENT_3D('',#15461,#10579,#10580);
#8865=AXIS2_PLACEMENT_3D('',#15462,#10581,#10582);
#8866=AXIS2_PLACEMENT_3D('',#15465,#10584,#10585);
#8867=AXIS2_PLACEMENT_3D('',#15471,#10589,#10590);
#8868=AXIS2_PLACEMENT_3D('',#15475,#10593,#10594);
#8869=AXIS2_PLACEMENT_3D('',#15479,#10597,#10598);
#8870=AXIS2_PLACEMENT_3D('',#15480,#10599,#10600);
#8871=AXIS2_PLACEMENT_3D('',#15481,#10601,#10602);
#8872=AXIS2_PLACEMENT_3D('',#15482,#10603,#10604);
#8873=AXIS2_PLACEMENT_3D('',#15483,#10605,#10606);
#8874=AXIS2_PLACEMENT_3D('',#15489,#10610,#10611);
#8875=AXIS2_PLACEMENT_3D('',#15493,#10614,#10615);
#8876=AXIS2_PLACEMENT_3D('',#15497,#10618,#10619);
#8877=AXIS2_PLACEMENT_3D('',#15499,#10621,#10622);
#8878=AXIS2_PLACEMENT_3D('',#15500,#10623,#10624);
#8879=AXIS2_PLACEMENT_3D('',#15506,#10628,#10629);
#8880=AXIS2_PLACEMENT_3D('',#15512,#10633,#10634);
#8881=AXIS2_PLACEMENT_3D('',#15515,#10636,#10637);
#8882=AXIS2_PLACEMENT_3D('',#15516,#10638,#10639);
#8883=AXIS2_PLACEMENT_3D('',#15517,#10640,#10641);
#8884=AXIS2_PLACEMENT_3D('',#15518,#10642,#10643);
#8885=AXIS2_PLACEMENT_3D('',#15519,#10644,#10645);
#8886=AXIS2_PLACEMENT_3D('',#15522,#10647,#10648);
#8887=AXIS2_PLACEMENT_3D('',#15528,#10652,#10653);
#8888=AXIS2_PLACEMENT_3D('',#15532,#10656,#10657);
#8889=AXIS2_PLACEMENT_3D('',#15536,#10660,#10661);
#8890=AXIS2_PLACEMENT_3D('',#15537,#10662,#10663);
#8891=AXIS2_PLACEMENT_3D('',#15538,#10664,#10665);
#8892=AXIS2_PLACEMENT_3D('',#15539,#10666,#10667);
#8893=AXIS2_PLACEMENT_3D('',#15540,#10668,#10669);
#8894=AXIS2_PLACEMENT_3D('',#15546,#10673,#10674);
#8895=AXIS2_PLACEMENT_3D('',#15550,#10677,#10678);
#8896=AXIS2_PLACEMENT_3D('',#15554,#10681,#10682);
#8897=AXIS2_PLACEMENT_3D('',#15556,#10684,#10685);
#8898=AXIS2_PLACEMENT_3D('',#15557,#10686,#10687);
#8899=AXIS2_PLACEMENT_3D('',#15563,#10691,#10692);
#8900=AXIS2_PLACEMENT_3D('',#15566,#10694,#10695);
#8901=AXIS2_PLACEMENT_3D('',#15567,#10696,#10697);
#8902=AXIS2_PLACEMENT_3D('',#15573,#10701,#10702);
#8903=AXIS2_PLACEMENT_3D('',#15574,#10703,#10704);
#8904=AXIS2_PLACEMENT_3D('',#15575,#10705,#10706);
#8905=AXIS2_PLACEMENT_3D('',#15576,#10707,#10708);
#8906=AXIS2_PLACEMENT_3D('',#15579,#10710,#10711);
#8907=AXIS2_PLACEMENT_3D('',#15585,#10715,#10716);
#8908=AXIS2_PLACEMENT_3D('',#15589,#10719,#10720);
#8909=AXIS2_PLACEMENT_3D('',#15593,#10723,#10724);
#8910=AXIS2_PLACEMENT_3D('',#15594,#10725,#10726);
#8911=AXIS2_PLACEMENT_3D('',#15595,#10727,#10728);
#8912=AXIS2_PLACEMENT_3D('',#15596,#10729,#10730);
#8913=AXIS2_PLACEMENT_3D('',#15597,#10731,#10732);
#8914=AXIS2_PLACEMENT_3D('',#15603,#10736,#10737);
#8915=AXIS2_PLACEMENT_3D('',#15607,#10740,#10741);
#8916=AXIS2_PLACEMENT_3D('',#15611,#10744,#10745);
#8917=AXIS2_PLACEMENT_3D('',#15613,#10747,#10748);
#8918=AXIS2_PLACEMENT_3D('',#15614,#10749,#10750);
#8919=AXIS2_PLACEMENT_3D('',#15615,#10751,#10752);
#8920=AXIS2_PLACEMENT_3D('',#15624,#10757,#10758);
#8921=AXIS2_PLACEMENT_3D('',#15630,#10762,#10763);
#8922=AXIS2_PLACEMENT_3D('',#15636,#10767,#10768);
#8923=AXIS2_PLACEMENT_3D('',#15639,#10771,#10772);
#8924=AXIS2_PLACEMENT_3D('',#15640,#10773,#10774);
#8925=AXIS2_PLACEMENT_3D('',#15644,#10776,#10777);
#8926=AXIS2_PLACEMENT_3D('',#15648,#10779,#10780);
#8927=AXIS2_PLACEMENT_3D('',#15652,#10782,#10783);
#8928=AXIS2_PLACEMENT_3D('',#15656,#10785,#10786);
#8929=AXIS2_PLACEMENT_3D('',#15660,#10788,#10789);
#8930=AXIS2_PLACEMENT_3D('',#15661,#10790,#10791);
#8931=AXIS2_PLACEMENT_3D('',#15667,#10795,#10796);
#8932=AXIS2_PLACEMENT_3D('',#15668,#10797,#10798);
#8933=AXIS2_PLACEMENT_3D('',#15675,#10802,#10803);
#8934=AXIS2_PLACEMENT_3D('',#15684,#10806,#10807);
#8935=AXIS2_PLACEMENT_3D('',#15693,#10810,#10811);
#8936=AXIS2_PLACEMENT_3D('',#15698,#10814,#10815);
#8937=AXIS2_PLACEMENT_3D('',#15701,#10817,#10818);
#8938=AXIS2_PLACEMENT_3D('',#15706,#10819,#10820);
#8939=AXIS2_PLACEMENT_3D('',#15711,#10821,#10822);
#8940=AXIS2_PLACEMENT_3D('',#15716,#10823,#10824);
#8941=AXIS2_PLACEMENT_3D('',#15721,#10825,#10826);
#8942=AXIS2_PLACEMENT_3D('',#15788,#10828,#10829);
#8943=AXIS2_PLACEMENT_3D('',#15821,#10833,#10834);
#8944=AXIS2_PLACEMENT_3D('',#15854,#10835,#10836);
#8945=AXIS2_PLACEMENT_3D('',#15919,#10837,#10838);
#8946=AXIS2_PLACEMENT_3D('',#15956,#10839,#10840);
#8947=AXIS2_PLACEMENT_3D('',#15961,#10841,#10842);
#8948=AXIS2_PLACEMENT_3D('',#15962,#10843,#10844);
#8949=AXIS2_PLACEMENT_3D('',#15963,#10845,#10846);
#8950=AXIS2_PLACEMENT_3D('',#15972,#10851,#10852);
#8951=AXIS2_PLACEMENT_3D('',#15978,#10856,#10857);
#8952=AXIS2_PLACEMENT_3D('',#15984,#10861,#10862);
#8953=AXIS2_PLACEMENT_3D('',#15987,#10865,#10866);
#8954=AXIS2_PLACEMENT_3D('',#15988,#10867,#10868);
#8955=AXIS2_PLACEMENT_3D('',#15992,#10870,#10871);
#8956=AXIS2_PLACEMENT_3D('',#15996,#10873,#10874);
#8957=AXIS2_PLACEMENT_3D('',#16000,#10876,#10877);
#8958=AXIS2_PLACEMENT_3D('',#16004,#10879,#10880);
#8959=AXIS2_PLACEMENT_3D('',#16008,#10882,#10883);
#8960=AXIS2_PLACEMENT_3D('',#16009,#10884,#10885);
#8961=AXIS2_PLACEMENT_3D('',#16015,#10889,#10890);
#8962=AXIS2_PLACEMENT_3D('',#16016,#10891,#10892);
#8963=AXIS2_PLACEMENT_3D('',#16023,#10896,#10897);
#8964=AXIS2_PLACEMENT_3D('',#16032,#10900,#10901);
#8965=AXIS2_PLACEMENT_3D('',#16041,#10904,#10905);
#8966=AXIS2_PLACEMENT_3D('',#16046,#10908,#10909);
#8967=AXIS2_PLACEMENT_3D('',#16049,#10911,#10912);
#8968=AXIS2_PLACEMENT_3D('',#16054,#10913,#10914);
#8969=AXIS2_PLACEMENT_3D('',#16059,#10915,#10916);
#8970=AXIS2_PLACEMENT_3D('',#16064,#10917,#10918);
#8971=AXIS2_PLACEMENT_3D('',#16069,#10919,#10920);
#8972=AXIS2_PLACEMENT_3D('',#16136,#10922,#10923);
#8973=AXIS2_PLACEMENT_3D('',#16169,#10927,#10928);
#8974=AXIS2_PLACEMENT_3D('',#16202,#10929,#10930);
#8975=AXIS2_PLACEMENT_3D('',#16267,#10931,#10932);
#8976=AXIS2_PLACEMENT_3D('',#16304,#10933,#10934);
#8977=AXIS2_PLACEMENT_3D('',#16309,#10935,#10936);
#8978=DIRECTION('',(0.,0.,1.));
#8979=DIRECTION('',(1.,0.,0.));
#8980=DIRECTION('',(0.,-1.,0.));
#8981=DIRECTION('',(0.,0.,-1.));
#8982=DIRECTION('',(0.,0.,-1.));
#8983=DIRECTION('',(1.,0.,0.));
#8984=DIRECTION('',(0.,0.,-1.));
#8985=DIRECTION('',(1.,0.,0.));
#8986=DIRECTION('',(0.,-5.86055228370543E-17,-1.));
#8987=DIRECTION('',(0.,1.,-5.86055228370543E-17));
#8988=DIRECTION('',(0.,1.,-5.86055228370543E-17));
#8989=DIRECTION('',(1.,0.,0.));
#8990=DIRECTION('',(0.,1.,-5.86055228370543E-17));
#8991=DIRECTION('',(0.,-1.,0.));
#8992=DIRECTION('',(0.,0.,-1.));
#8993=DIRECTION('',(0.,0.,-1.));
#8994=DIRECTION('',(1.,0.,0.));
#8995=DIRECTION('',(0.,0.,-1.));
#8996=DIRECTION('',(0.,0.,-1.));
#8997=DIRECTION('',(-1.,0.,0.));
#8998=DIRECTION('',(0.,1.,0.));
#8999=DIRECTION('',(0.,1.,0.));
#9000=DIRECTION('',(-1.,0.,0.));
#9001=DIRECTION('',(0.,-1.,0.));
#9002=DIRECTION('',(-1.,0.,0.));
#9003=DIRECTION('',(0.,-1.,0.));
#9004=DIRECTION('',(0.,-0.707106781186548,0.707106781186547));
#9005=DIRECTION('',(-1.,0.,0.));
#9006=DIRECTION('',(0.,0.,1.));
#9007=DIRECTION('',(0.,0.,1.));
#9008=DIRECTION('',(-1.,0.,0.));
#9009=DIRECTION('',(0.,0.,1.));
#9010=DIRECTION('',(0.,1.,1.73472347597681E-16));
#9011=DIRECTION('',(-1.,0.,0.));
#9012=DIRECTION('',(0.,0.,1.));
#9013=DIRECTION('',(0.,0.,-1.));
#9014=DIRECTION('',(-1.,0.,0.));
#9015=DIRECTION('',(0.,0.,1.));
#9016=DIRECTION('',(0.,-0.707106781186548,-0.707106781186548));
#9017=DIRECTION('',(-1.,0.,0.));
#9018=DIRECTION('',(0.,0.,1.));
#9019=DIRECTION('',(0.,-1.73472347597681E-16,1.));
#9020=DIRECTION('',(0.,-1.,-1.73472347597681E-16));
#9021=DIRECTION('',(-1.,0.,0.));
#9022=DIRECTION('',(-5.20417042793043E-17,1.,1.73472347597681E-16));
#9023=DIRECTION('',(-1.,0.,0.));
#9024=DIRECTION('',(0.,-1.,0.));
#9025=DIRECTION('',(0.,0.,-1.));
#9026=DIRECTION('',(0.,-1.,0.));
#9027=DIRECTION('',(0.,0.,-1.));
#9028=DIRECTION('',(-0.287347885566346,0.,0.957826285221151));
#9029=DIRECTION('',(-1.,0.,0.));
#9030=DIRECTION('',(-1.,0.,0.));
#9031=DIRECTION('',(0.,-0.707106781186547,-0.707106781186548));
#9032=DIRECTION('',(0.,0.707106781186548,-0.707106781186547));
#9033=DIRECTION('',(-1.,0.,0.));
#9034=DIRECTION('',(-1.,0.,0.));
#9035=DIRECTION('',(0.,0.707106781186548,-0.707106781186548));
#9036=DIRECTION('',(0.,0.707106781186548,0.707106781186548));
#9037=DIRECTION('',(-1.,0.,0.));
#9038=DIRECTION('',(-1.,0.,0.));
#9039=DIRECTION('',(0.,1.,0.));
#9040=DIRECTION('',(0.,0.,1.));
#9041=DIRECTION('',(-1.,0.,0.));
#9042=DIRECTION('',(0.287347885566346,0.,-0.957826285221151));
#9043=DIRECTION('',(0.,1.,0.));
#9044=DIRECTION('',(0.,0.,1.));
#9045=DIRECTION('',(-1.,0.,0.));
#9046=DIRECTION('',(-1.,0.,0.));
#9047=DIRECTION('',(0.,0.,1.));
#9048=DIRECTION('',(-1.,0.,0.));
#9049=DIRECTION('',(0.,0.,1.));
#9050=DIRECTION('',(-1.,0.,0.));
#9051=DIRECTION('',(0.,0.,1.));
#9052=DIRECTION('',(-1.,0.,0.));
#9053=DIRECTION('',(0.,0.,1.));
#9054=DIRECTION('',(-1.,0.,0.));
#9055=DIRECTION('',(0.,0.,1.));
#9056=DIRECTION('',(0.,1.,0.));
#9057=DIRECTION('',(-0.957826285221151,0.,-0.287347885566346));
#9058=DIRECTION('',(-0.287347885566346,0.,0.957826285221151));
#9059=DIRECTION('',(0.287347885566346,0.,-0.957826285221151));
#9060=DIRECTION('',(-0.287347885566346,0.,0.957826285221151));
#9061=DIRECTION('',(5.20417042793043E-17,-1.,-1.73472347597681E-16));
#9062=DIRECTION('',(8.01914778914857E-13,-1.,3.48421801501886E-13));
#9063=DIRECTION('',(0.96975274753876,8.62764849447765E-13,0.244089345611449));
#9064=DIRECTION('',(0.677285461478592,0.707106781186552,0.203185638443578));
#9065=DIRECTION('',(0.287347885566346,0.,-0.957826285221151));
#9066=DIRECTION('',(0.596930529640448,-1.08110355632543E-16,0.802292928289397));
#9067=DIRECTION('',(-5.20417042793043E-17,1.,1.73472347597681E-16));
#9068=DIRECTION('',(-6.40589162605458E-13,1.,-1.3008997934436E-13));
#9069=DIRECTION('',(0.969778271780518,6.5294383861672E-13,0.243987916877846));
#9070=DIRECTION('',(0.677285461478594,-0.70710678118655,0.203185638443579));
#9071=DIRECTION('',(-0.287347885566346,0.,0.957826285221151));
#9072=DIRECTION('',(0.,0.,1.));
#9073=DIRECTION('',(1.,0.,0.));
#9074=DIRECTION('',(-8.67361737988404E-17,0.,1.));
#9075=DIRECTION('',(1.,0.,8.67361737988404E-17));
#9076=DIRECTION('',(0.,-1.,0.));
#9077=DIRECTION('',(1.,0.,8.67361737988404E-17));
#9078=DIRECTION('',(0.,-1.,0.));
#9079=DIRECTION('',(1.,0.,0.));
#9080=DIRECTION('',(0.,1.,0.));
#9081=DIRECTION('',(1.,0.,0.));
#9082=DIRECTION('',(0.,-1.,0.));
#9083=DIRECTION('',(-1.,0.,-8.67361737988404E-17));
#9084=DIRECTION('',(0.,-1.,0.));
#9085=DIRECTION('',(-1.,0.,-8.67361737988404E-17));
#9086=DIRECTION('',(0.,1.,0.));
#9087=DIRECTION('',(1.,0.,8.67361737988404E-17));
#9088=DIRECTION('',(0.,-1.,0.));
#9089=DIRECTION('',(0.,0.,1.));
#9090=DIRECTION('',(1.,0.,0.));
#9091=DIRECTION('',(-1.,-1.16760233959977E-16,0.));
#9092=DIRECTION('',(0.,1.,0.));
#9093=DIRECTION('',(1.,1.33440267382831E-16,0.));
#9094=DIRECTION('',(0.,-1.,0.));
#9095=DIRECTION('',(-1.,1.00080200537123E-16,0.));
#9096=DIRECTION('',(0.,1.,0.));
#9097=DIRECTION('',(1.,-1.33440267382831E-16,0.));
#9098=DIRECTION('',(0.,-1.,0.));
#9099=DIRECTION('',(-4.56506177888634E-16,1.,0.));
#9100=DIRECTION('',(-1.,0.,0.));
#9101=DIRECTION('',(0.,-1.,0.));
#9102=DIRECTION('',(-1.,-1.4954512723938E-16,0.));
#9103=DIRECTION('',(0.,1.,0.));
#9104=DIRECTION('',(-1.,-7.47725636196899E-17,0.));
#9105=DIRECTION('',(0.,-1.,0.));
#9106=DIRECTION('',(-1.,0.,0.));
#9107=DIRECTION('',(0.,1.,0.));
#9108=DIRECTION('',(-1.,0.,0.));
#9109=DIRECTION('',(0.,-1.,0.));
#9110=DIRECTION('',(0.,0.,1.));
#9111=DIRECTION('',(1.,0.,0.));
#9112=DIRECTION('',(1.,-1.33440267382831E-16,0.));
#9113=DIRECTION('',(0.,0.,1.));
#9114=DIRECTION('',(1.,0.,0.));
#9115=DIRECTION('',(-0.5,0.866025403784439,0.));
#9116=DIRECTION('',(0.,0.,1.));
#9117=DIRECTION('',(1.,0.,0.));
#9118=DIRECTION('',(-1.,0.,0.));
#9119=DIRECTION('',(0.,0.,1.));
#9120=DIRECTION('',(1.,0.,0.));
#9121=DIRECTION('',(-0.5,-0.866025403784439,0.));
#9122=DIRECTION('',(0.,0.,1.));
#9123=DIRECTION('',(1.,0.,0.));
#9124=DIRECTION('',(1.,-1.33440267382831E-16,0.));
#9125=DIRECTION('',(0.,0.,1.));
#9126=DIRECTION('',(1.,0.,0.));
#9127=DIRECTION('',(0.5,-0.866025403784439,0.));
#9128=DIRECTION('',(0.,0.,1.));
#9129=DIRECTION('',(1.,0.,0.));
#9130=DIRECTION('',(1.,0.,0.));
#9131=DIRECTION('',(0.,0.,1.));
#9132=DIRECTION('',(1.,0.,0.));
#9133=DIRECTION('',(0.5,0.866025403784439,0.));
#9134=DIRECTION('',(0.,0.,1.));
#9135=DIRECTION('',(1.,0.,0.));
#9136=DIRECTION('',(1.,-1.33440267382831E-16,0.));
#9137=DIRECTION('',(0.,0.,1.));
#9138=DIRECTION('',(1.,0.,0.));
#9139=DIRECTION('',(0.,1.,0.));
#9140=DIRECTION('',(0.,0.,1.));
#9141=DIRECTION('',(1.,0.,0.));
#9142=DIRECTION('',(0.,0.,1.));
#9143=DIRECTION('',(1.,0.,0.));
#9144=DIRECTION('',(0.,1.,0.));
#9145=DIRECTION('',(0.,0.,1.));
#9146=DIRECTION('',(1.,0.,0.));
#9147=DIRECTION('',(-1.,-1.33440267382831E-16,0.));
#9148=DIRECTION('',(0.,0.,1.));
#9149=DIRECTION('',(1.,0.,0.));
#9150=DIRECTION('',(0.5,-0.866025403784439,0.));
#9151=DIRECTION('',(0.,0.,1.));
#9152=DIRECTION('',(1.,0.,0.));
#9153=DIRECTION('',(1.,0.,0.));
#9154=DIRECTION('',(0.,0.,1.));
#9155=DIRECTION('',(1.,0.,0.));
#9156=DIRECTION('',(0.5,0.866025403784439,0.));
#9157=DIRECTION('',(0.,0.,1.));
#9158=DIRECTION('',(1.,0.,0.));
#9159=DIRECTION('',(-1.,-1.33440267382831E-16,0.));
#9160=DIRECTION('',(0.,0.,1.));
#9161=DIRECTION('',(1.,0.,0.));
#9162=DIRECTION('',(-0.5,0.866025403784439,0.));
#9163=DIRECTION('',(0.,0.,1.));
#9164=DIRECTION('',(1.,0.,0.));
#9165=DIRECTION('',(-1.,0.,0.));
#9166=DIRECTION('',(0.,0.,1.));
#9167=DIRECTION('',(1.,0.,0.));
#9168=DIRECTION('',(-0.5,-0.866025403784439,0.));
#9169=DIRECTION('',(0.,0.,1.));
#9170=DIRECTION('',(1.,0.,0.));
#9171=DIRECTION('',(-1.,-1.33440267382831E-16,0.));
#9172=DIRECTION('',(0.,0.,1.));
#9173=DIRECTION('',(1.,0.,0.));
#9174=DIRECTION('',(0.,-1.,0.));
#9175=DIRECTION('',(-1.,0.,0.));
#9176=DIRECTION('',(0.,1.,0.));
#9177=DIRECTION('',(1.,-3.61400724161835E-16,0.));
#9178=DIRECTION('',(0.,-1.,0.));
#9179=DIRECTION('',(1.,0.,0.));
#9180=DIRECTION('',(0.,-1.,0.));
#9181=DIRECTION('',(-1.,1.33440267382831E-16,0.));
#9182=DIRECTION('',(0.,-1.,0.));
#9183=DIRECTION('',(0.,-1.,0.));
#9184=DIRECTION('',(0.,-1.,0.));
#9185=DIRECTION('',(0.,-1.,0.));
#9186=DIRECTION('',(0.,1.,0.));
#9187=DIRECTION('',(0.,0.,1.));
#9188=DIRECTION('',(1.,0.,8.67361737988404E-17));
#9189=DIRECTION('',(0.,0.,-1.));
#9190=DIRECTION('',(0.,-1.,0.));
#9191=DIRECTION('',(0.,0.,-1.));
#9192=DIRECTION('',(-1.,0.,-8.67361737988404E-17));
#9193=DIRECTION('',(0.,0.,-1.));
#9194=DIRECTION('',(-1.33440267382831E-16,-1.,0.));
#9195=DIRECTION('',(1.,-1.33440267382831E-16,0.));
#9196=DIRECTION('',(-1.,1.33440267382831E-16,0.));
#9197=DIRECTION('',(0.,0.,-1.));
#9198=DIRECTION('',(0.,0.,-1.));
#9199=DIRECTION('',(-1.33440267382831E-16,-1.,0.));
#9200=DIRECTION('',(1.,-1.33440267382831E-16,0.));
#9201=DIRECTION('',(0.,0.,-1.));
#9202=DIRECTION('',(-1.,1.33440267382831E-16,0.));
#9203=DIRECTION('',(0.,0.,-1.));
#9204=DIRECTION('',(-1.33440267382831E-16,1.,0.));
#9205=DIRECTION('',(-1.,-1.33440267382831E-16,0.));
#9206=DIRECTION('',(1.,1.33440267382831E-16,0.));
#9207=DIRECTION('',(0.,0.,-1.));
#9208=DIRECTION('',(0.,0.,-1.));
#9209=DIRECTION('',(-1.33440267382831E-16,1.,0.));
#9210=DIRECTION('',(-1.,-1.33440267382831E-16,0.));
#9211=DIRECTION('',(1.,1.33440267382831E-16,0.));
#9212=DIRECTION('',(0.,0.,-1.));
#9213=DIRECTION('',(0.,0.,-1.));
#9214=DIRECTION('',(0.,0.,1.));
#9215=DIRECTION('',(1.,0.,0.));
#9216=DIRECTION('',(-0.5,-0.866025403784439,0.));
#9217=DIRECTION('',(0.,0.,1.));
#9218=DIRECTION('',(1.,0.,0.));
#9219=DIRECTION('',(-1.,0.,0.));
#9220=DIRECTION('',(0.,0.,1.));
#9221=DIRECTION('',(1.,0.,0.));
#9222=DIRECTION('',(-0.5,0.866025403784439,0.));
#9223=DIRECTION('',(0.,0.,1.));
#9224=DIRECTION('',(1.,0.,0.));
#9225=DIRECTION('',(0.,0.,1.));
#9226=DIRECTION('',(-1.,0.,0.));
#9227=DIRECTION('',(0.,1.,0.));
#9228=DIRECTION('',(0.,0.,1.));
#9229=DIRECTION('',(-1.,0.,0.));
#9230=DIRECTION('',(1.,1.33440267382831E-16,0.));
#9231=DIRECTION('',(0.,0.,1.));
#9232=DIRECTION('',(1.,0.,0.));
#9233=DIRECTION('',(-0.5,-0.866025403784439,0.));
#9234=DIRECTION('',(0.,0.,1.));
#9235=DIRECTION('',(1.,0.,0.));
#9236=DIRECTION('',(-1.,0.,0.));
#9237=DIRECTION('',(0.,0.,1.));
#9238=DIRECTION('',(1.,0.,0.));
#9239=DIRECTION('',(-0.5,0.866025403784439,0.));
#9240=DIRECTION('',(0.,0.,1.));
#9241=DIRECTION('',(1.,0.,0.));
#9242=DIRECTION('',(0.,0.,1.));
#9243=DIRECTION('',(1.,0.,0.));
#9244=DIRECTION('',(0.5,0.866025403784439,0.));
#9245=DIRECTION('',(0.,0.,1.));
#9246=DIRECTION('',(1.,0.,0.));
#9247=DIRECTION('',(1.,0.,0.));
#9248=DIRECTION('',(0.,0.,1.));
#9249=DIRECTION('',(1.,0.,0.));
#9250=DIRECTION('',(0.5,-0.866025403784439,0.));
#9251=DIRECTION('',(0.,0.,1.));
#9252=DIRECTION('',(1.,0.,0.));
#9253=DIRECTION('',(0.,0.,1.));
#9254=DIRECTION('',(-1.,0.,0.));
#9255=DIRECTION('',(0.,-1.,0.));
#9256=DIRECTION('',(0.,0.,1.));
#9257=DIRECTION('',(1.,0.,0.));
#9258=DIRECTION('',(0.,0.,1.));
#9259=DIRECTION('',(1.,0.,0.));
#9260=DIRECTION('',(0.,-1.,0.));
#9261=DIRECTION('',(0.,0.,1.));
#9262=DIRECTION('',(-1.,0.,0.));
#9263=DIRECTION('',(-1.,1.33440267382831E-16,0.));
#9264=DIRECTION('',(0.,0.,1.));
#9265=DIRECTION('',(1.,0.,0.));
#9266=DIRECTION('',(0.5,0.866025403784439,0.));
#9267=DIRECTION('',(0.,0.,1.));
#9268=DIRECTION('',(1.,0.,0.));
#9269=DIRECTION('',(1.,0.,0.));
#9270=DIRECTION('',(0.,0.,1.));
#9271=DIRECTION('',(1.,0.,0.));
#9272=DIRECTION('',(0.5,-0.866025403784439,0.));
#9273=DIRECTION('',(0.,0.,1.));
#9274=DIRECTION('',(1.,0.,0.));
#9275=DIRECTION('',(0.,0.,1.));
#9276=DIRECTION('',(1.,0.,0.));
#9277=DIRECTION('',(1.,0.,0.));
#9278=DIRECTION('',(0.,0.,-1.));
#9279=DIRECTION('',(0.,0.,-1.));
#9280=DIRECTION('',(0.,0.,-1.));
#9281=DIRECTION('',(0.,0.,-1.));
#9282=DIRECTION('',(-1.,0.,0.));
#9283=DIRECTION('',(-1.33440267382831E-16,1.,0.));
#9284=DIRECTION('',(-1.,-1.33440267382831E-16,0.));
#9285=DIRECTION('',(0.,0.,-1.));
#9286=DIRECTION('',(0.,0.,-1.));
#9287=DIRECTION('',(0.,0.,-1.));
#9288=DIRECTION('',(-1.,0.,0.));
#9289=DIRECTION('',(0.,0.,-1.));
#9290=DIRECTION('',(-1.,0.,0.));
#9291=DIRECTION('',(0.,0.,1.));
#9292=DIRECTION('',(-1.,0.,0.));
#9293=DIRECTION('',(0.,0.,1.));
#9294=DIRECTION('',(0.,0.,1.));
#9295=DIRECTION('',(0.,-1.,0.));
#9296=DIRECTION('',(0.,0.,-1.));
#9297=DIRECTION('',(-1.,0.,0.));
#9298=DIRECTION('',(0.,0.,1.));
#9299=DIRECTION('',(-1.,0.,0.));
#9300=DIRECTION('',(0.,0.,1.));
#9301=DIRECTION('',(0.,0.,1.));
#9302=DIRECTION('',(0.,-1.,0.));
#9303=DIRECTION('',(0.,0.,-1.));
#9304=DIRECTION('',(-1.,0.,0.));
#9305=DIRECTION('',(0.,0.,1.));
#9306=DIRECTION('',(-1.,0.,0.));
#9307=DIRECTION('',(0.,0.,1.));
#9308=DIRECTION('',(0.,0.,1.));
#9309=DIRECTION('',(0.,-1.,0.));
#9310=DIRECTION('',(0.,0.,-1.));
#9311=DIRECTION('',(-1.,0.,0.));
#9312=DIRECTION('',(0.,0.,1.));
#9313=DIRECTION('',(0.,0.,-1.));
#9314=DIRECTION('',(0.,0.,-1.));
#9315=DIRECTION('',(-1.,0.,0.));
#9316=DIRECTION('',(-1.33440267382831E-16,-1.,0.));
#9317=DIRECTION('',(1.,-1.33440267382831E-16,0.));
#9318=DIRECTION('',(0.,0.,-1.));
#9319=DIRECTION('',(0.,0.,-1.));
#9320=DIRECTION('',(0.,0.,-1.));
#9321=DIRECTION('',(-1.,0.,0.));
#9322=DIRECTION('',(0.,0.,-1.));
#9323=DIRECTION('',(1.,0.,0.));
#9324=DIRECTION('',(0.,0.,-1.));
#9325=DIRECTION('',(0.,0.,-1.));
#9326=DIRECTION('',(0.866025403784439,0.5,0.));
#9327=DIRECTION('',(-0.5,0.866025403784439,0.));
#9328=DIRECTION('',(0.,0.,-1.));
#9329=DIRECTION('',(0.,0.,-1.));
#9330=DIRECTION('',(-0.866025403784439,0.5,0.));
#9331=DIRECTION('',(-0.5,-0.866025403784439,0.));
#9332=DIRECTION('',(0.,0.,-1.));
#9333=DIRECTION('',(0.,0.,-1.));
#9334=DIRECTION('',(0.,1.,0.));
#9335=DIRECTION('',(0.,0.,1.));
#9336=DIRECTION('',(0.,0.,-1.));
#9337=DIRECTION('',(0.,0.,-1.));
#9338=DIRECTION('',(0.,0.,1.));
#9339=DIRECTION('',(1.,0.,0.));
#9340=DIRECTION('',(0.,0.,-1.));
#9341=DIRECTION('',(-1.,0.,0.));
#9342=DIRECTION('',(0.,0.,-1.));
#9343=DIRECTION('',(-1.,0.,0.));
#9344=DIRECTION('',(0.,0.,1.));
#9345=DIRECTION('',(1.,0.,0.));
#9346=DIRECTION('',(0.866025403784439,-0.5,0.));
#9347=DIRECTION('',(0.5,0.866025403784439,0.));
#9348=DIRECTION('',(0.,0.,-1.));
#9349=DIRECTION('',(0.,0.,-1.));
#9350=DIRECTION('',(0.,-1.,0.));
#9351=DIRECTION('',(0.,0.,-1.));
#9352=DIRECTION('',(0.,0.,-1.));
#9353=DIRECTION('',(0.,0.,-1.));
#9354=DIRECTION('',(-0.866025403784439,-0.5,0.));
#9355=DIRECTION('',(0.5,-0.866025403784439,0.));
#9356=DIRECTION('',(0.,0.,-1.));
#9357=DIRECTION('',(0.,0.,-1.));
#9358=DIRECTION('',(0.,0.,-1.));
#9359=DIRECTION('',(-1.,0.,0.));
#9360=DIRECTION('',(0.,0.,-1.));
#9361=DIRECTION('',(-1.,0.,0.));
#9362=DIRECTION('',(0.,0.,-1.));
#9363=DIRECTION('',(-1.,0.,0.));
#9364=DIRECTION('',(0.,0.,-1.));
#9365=DIRECTION('',(-1.,0.,0.));
#9366=DIRECTION('',(-0.866025403784439,0.5,0.));
#9367=DIRECTION('',(-0.5,-0.866025403784439,0.));
#9368=DIRECTION('',(0.,0.,-1.));
#9369=DIRECTION('',(0.,0.,-1.));
#9370=DIRECTION('',(0.,1.,0.));
#9371=DIRECTION('',(0.,0.,1.));
#9372=DIRECTION('',(0.,0.,-1.));
#9373=DIRECTION('',(0.,0.,-1.));
#9374=DIRECTION('',(0.866025403784439,0.5,0.));
#9375=DIRECTION('',(-0.5,0.866025403784439,0.));
#9376=DIRECTION('',(0.,0.,-1.));
#9377=DIRECTION('',(0.,0.,-1.));
#9378=DIRECTION('',(0.,0.,-1.));
#9379=DIRECTION('',(-1.,0.,0.));
#9380=DIRECTION('',(0.,0.,-1.));
#9381=DIRECTION('',(-1.,0.,0.));
#9382=DIRECTION('',(0.,0.,-1.));
#9383=DIRECTION('',(-1.,0.,0.));
#9384=DIRECTION('',(0.,0.,-1.));
#9385=DIRECTION('',(-1.,0.,0.));
#9386=DIRECTION('',(-0.866025403784439,-0.5,0.));
#9387=DIRECTION('',(0.5,-0.866025403784439,0.));
#9388=DIRECTION('',(0.,0.,-1.));
#9389=DIRECTION('',(0.,0.,-1.));
#9390=DIRECTION('',(0.866025403784439,-0.5,0.));
#9391=DIRECTION('',(0.5,0.866025403784439,0.));
#9392=DIRECTION('',(0.,0.,-1.));
#9393=DIRECTION('',(0.,0.,-1.));
#9394=DIRECTION('',(0.,-1.,0.));
#9395=DIRECTION('',(0.,0.,-1.));
#9396=DIRECTION('',(0.,0.,-1.));
#9397=DIRECTION('',(0.,0.,-1.));
#9398=DIRECTION('',(0.,0.,1.));
#9399=DIRECTION('',(1.,0.,0.));
#9400=DIRECTION('',(0.,0.,-1.));
#9401=DIRECTION('',(-1.,0.,0.));
#9402=DIRECTION('',(0.,0.,-1.));
#9403=DIRECTION('',(-1.,0.,0.));
#9404=DIRECTION('',(0.,0.,1.));
#9405=DIRECTION('',(1.,0.,0.));
#9406=DIRECTION('',(1.,0.,0.));
#9407=DIRECTION('',(0.,0.,-1.));
#9408=DIRECTION('',(0.,0.,-1.));
#9409=DIRECTION('',(0.,-1.,0.));
#9410=DIRECTION('',(0.,0.,-1.));
#9411=DIRECTION('',(0.,1.,0.));
#9412=DIRECTION('',(1.4954512723938E-16,-1.,0.));
#9413=DIRECTION('',(1.,1.4954512723938E-16,0.));
#9414=DIRECTION('',(-0.707106781186548,-1.05744373564371E-16,-0.707106781186547));
#9415=DIRECTION('',(-1.,-1.4954512723938E-16,0.));
#9416=DIRECTION('',(-1.,-1.4954512723938E-16,0.));
#9417=DIRECTION('',(0.707106781186548,1.05744373564371E-16,0.707106781186548));
#9418=DIRECTION('',(0.,0.,-1.));
#9419=DIRECTION('',(-1.,-1.4954512723938E-16,0.));
#9420=DIRECTION('',(-0.707106781186548,-1.05744373564371E-16,-0.707106781186547));
#9421=DIRECTION('',(1.,0.,0.));
#9422=DIRECTION('',(0.,0.,-1.));
#9423=DIRECTION('',(0.,-1.,0.));
#9424=DIRECTION('',(0.,0.,-1.));
#9425=DIRECTION('',(0.,1.,0.));
#9426=DIRECTION('',(0.,0.,-1.));
#9427=DIRECTION('',(7.47725636196899E-17,-1.,0.));
#9428=DIRECTION('',(1.,7.47725636196899E-17,0.));
#9429=DIRECTION('',(-1.,-7.47725636196899E-17,0.));
#9430=DIRECTION('',(0.707106781186548,5.28721867821853E-17,0.707106781186547));
#9431=DIRECTION('',(0.707106781186548,5.28721867821853E-17,0.707106781186547));
#9432=DIRECTION('',(-1.,-7.47725636196899E-17,0.));
#9433=DIRECTION('',(0.,0.,-1.));
#9434=DIRECTION('',(-0.707106781186548,-5.28721867821853E-17,-0.707106781186548));
#9435=DIRECTION('',(-1.,-7.47725636196899E-17,0.));
#9436=DIRECTION('',(0.,0.,1.));
#9437=DIRECTION('',(1.,0.,0.));
#9438=DIRECTION('',(0.,0.,1.));
#9439=DIRECTION('',(1.,0.,0.));
#9440=DIRECTION('',(0.,0.,1.));
#9441=DIRECTION('',(1.,0.,0.));
#9442=DIRECTION('',(0.,-1.,0.));
#9443=DIRECTION('',(0.,0.,1.));
#9444=DIRECTION('',(1.,0.,0.));
#9445=DIRECTION('',(0.,-1.,0.));
#9446=DIRECTION('',(1.,0.,0.));
#9447=DIRECTION('',(0.,0.,-1.));
#9448=DIRECTION('',(0.,-1.,0.));
#9449=DIRECTION('',(0.,0.,-1.));
#9450=DIRECTION('',(0.,1.,0.));
#9451=DIRECTION('',(0.,0.,-1.));
#9452=DIRECTION('',(0.,-1.,0.));
#9453=DIRECTION('',(0.,0.,-1.));
#9454=DIRECTION('',(-1.,0.,0.));
#9455=DIRECTION('',(0.707106781186548,0.,0.707106781186547));
#9456=DIRECTION('',(0.,0.,-1.));
#9457=DIRECTION('',(0.707106781186548,0.,0.707106781186547));
#9458=DIRECTION('',(-1.,0.,0.));
#9459=DIRECTION('',(0.,0.,-1.));
#9460=DIRECTION('',(-0.707106781186548,0.,-0.707106781186548));
#9461=DIRECTION('',(-1.,0.,0.));
#9462=DIRECTION('',(1.,0.,0.));
#9463=DIRECTION('',(0.,0.,-1.));
#9464=DIRECTION('',(0.,-1.,0.));
#9465=DIRECTION('',(0.,0.,-1.));
#9466=DIRECTION('',(0.,1.,0.));
#9467=DIRECTION('',(0.,-1.,0.));
#9468=DIRECTION('',(0.,0.,-1.));
#9469=DIRECTION('',(-0.707106781186548,0.,-0.707106781186547));
#9470=DIRECTION('',(-1.,0.,0.));
#9471=DIRECTION('',(-1.,0.,0.));
#9472=DIRECTION('',(0.707106781186548,0.,0.707106781186548));
#9473=DIRECTION('',(0.,0.,-1.));
#9474=DIRECTION('',(-1.,0.,0.));
#9475=DIRECTION('',(-0.707106781186548,0.,-0.707106781186547));
#9476=DIRECTION('',(0.,0.,1.));
#9477=DIRECTION('',(1.,0.,0.));
#9478=DIRECTION('',(0.,0.,1.));
#9479=DIRECTION('',(1.,0.,0.));
#9480=DIRECTION('',(0.,0.,1.));
#9481=DIRECTION('',(1.,0.,0.));
#9482=DIRECTION('',(0.,-1.,0.));
#9483=DIRECTION('',(0.,0.,1.));
#9484=DIRECTION('',(1.,0.,0.));
#9485=DIRECTION('',(0.,-1.,0.));
#9486=DIRECTION('',(1.,4.56506177888634E-16,0.));
#9487=DIRECTION('',(-4.56506177888634E-16,1.,0.));
#9488=DIRECTION('',(4.56506177888634E-16,-1.,0.));
#9489=DIRECTION('',(0.,0.,-1.));
#9490=DIRECTION('',(-4.56506177888634E-16,1.,0.));
#9491=DIRECTION('',(0.,0.,-1.));
#9492=DIRECTION('',(0.,-1.,0.));
#9493=DIRECTION('',(0.,0.,-1.));
#9494=DIRECTION('',(-1.,0.,0.));
#9495=DIRECTION('',(0.707106781186548,0.,0.707106781186547));
#9496=DIRECTION('',(0.,0.,-1.));
#9497=DIRECTION('',(0.707106781186548,0.,0.707106781186547));
#9498=DIRECTION('',(-1.,0.,0.));
#9499=DIRECTION('',(0.,0.,-1.));
#9500=DIRECTION('',(-0.707106781186548,0.,-0.707106781186548));
#9501=DIRECTION('',(-1.,0.,0.));
#9502=DIRECTION('',(1.,4.56506177888634E-16,0.));
#9503=DIRECTION('',(-4.56506177888634E-16,1.,0.));
#9504=DIRECTION('',(4.56506177888634E-16,-1.,0.));
#9505=DIRECTION('',(0.,0.,-1.));
#9506=DIRECTION('',(-4.56506177888634E-16,1.,0.));
#9507=DIRECTION('',(0.,-1.,0.));
#9508=DIRECTION('',(0.,0.,-1.));
#9509=DIRECTION('',(-0.707106781186548,0.,-0.707106781186547));
#9510=DIRECTION('',(-1.,0.,0.));
#9511=DIRECTION('',(-1.,0.,0.));
#9512=DIRECTION('',(0.707106781186548,0.,0.707106781186548));
#9513=DIRECTION('',(0.,0.,-1.));
#9514=DIRECTION('',(-1.,0.,0.));
#9515=DIRECTION('',(-0.707106781186548,0.,-0.707106781186547));
#9516=DIRECTION('',(0.,0.,1.));
#9517=DIRECTION('',(1.,0.,0.));
#9518=DIRECTION('',(0.,0.,1.));
#9519=DIRECTION('',(1.,0.,0.));
#9520=DIRECTION('',(0.,0.,1.));
#9521=DIRECTION('',(1.,0.,0.));
#9522=DIRECTION('',(4.56506177888634E-16,-1.,0.));
#9523=DIRECTION('',(0.,0.,1.));
#9524=DIRECTION('',(1.,0.,0.));
#9525=DIRECTION('',(4.56506177888634E-16,-1.,0.));
#9526=DIRECTION('',(0.707106781186547,3.22798614038605E-16,-0.707106781186548));
#9527=DIRECTION('',(4.56506177888634E-16,-1.,0.));
#9528=DIRECTION('',(0.707106781186547,3.22798614038605E-16,-0.707106781186548));
#9529=DIRECTION('',(-0.707106781186548,3.22798614038605E-16,-0.707106781186547));
#9530=DIRECTION('',(0.707106781186547,3.22798614038605E-16,-0.707106781186548));
#9531=DIRECTION('',(0.707106781186548,-3.22798614038605E-16,0.707106781186547));
#9532=DIRECTION('',(0.707106781186547,0.,-0.707106781186548));
#9533=DIRECTION('',(0.,-1.,0.));
#9534=DIRECTION('',(0.707106781186547,0.,-0.707106781186548));
#9535=DIRECTION('',(-0.707106781186548,0.,-0.707106781186547));
#9536=DIRECTION('',(0.707106781186547,0.,-0.707106781186548));
#9537=DIRECTION('',(0.707106781186548,0.,0.707106781186547));
#9538=DIRECTION('',(0.707106781186547,0.,-0.707106781186548));
#9539=DIRECTION('',(0.,-1.,0.));
#9540=DIRECTION('',(0.707106781186547,0.,-0.707106781186548));
#9541=DIRECTION('',(-0.707106781186548,-1.0574437356437E-16,-0.707106781186547));
#9542=DIRECTION('',(0.707106781186547,0.,-0.707106781186548));
#9543=DIRECTION('',(0.707106781186548,2.11488747128741E-16,0.707106781186547));
#9544=DIRECTION('',(-0.707106781186547,-3.22798614038605E-16,0.707106781186548));
#9545=DIRECTION('',(-4.56506177888634E-16,1.,0.));
#9546=DIRECTION('',(-0.707106781186547,0.,0.707106781186548));
#9547=DIRECTION('',(0.,1.,0.));
#9548=DIRECTION('',(-0.707106781186547,0.,0.707106781186548));
#9549=DIRECTION('',(0.,1.,0.));
#9550=DIRECTION('',(0.707106781186548,3.22798614038605E-16,-0.707106781186548));
#9551=DIRECTION('',(-4.56506177888634E-16,1.,0.));
#9552=DIRECTION('',(0.707106781186548,3.22798614038605E-16,-0.707106781186548));
#9553=DIRECTION('',(-0.707106781186548,-3.22798614038605E-16,-0.707106781186548));
#9554=DIRECTION('',(0.707106781186548,3.22798614038605E-16,-0.707106781186548));
#9555=DIRECTION('',(0.707106781186548,3.22798614038605E-16,0.707106781186548));
#9556=DIRECTION('',(0.707106781186548,0.,-0.707106781186548));
#9557=DIRECTION('',(0.,1.,0.));
#9558=DIRECTION('',(0.707106781186548,0.,-0.707106781186548));
#9559=DIRECTION('',(-0.707106781186548,0.,-0.707106781186548));
#9560=DIRECTION('',(0.707106781186548,0.,-0.707106781186548));
#9561=DIRECTION('',(0.707106781186548,0.,0.707106781186548));
#9562=DIRECTION('',(0.707106781186548,0.,-0.707106781186548));
#9563=DIRECTION('',(0.,1.,0.));
#9564=DIRECTION('',(0.707106781186548,0.,-0.707106781186548));
#9565=DIRECTION('',(-0.707106781186548,0.,-0.707106781186548));
#9566=DIRECTION('',(0.707106781186548,0.,-0.707106781186548));
#9567=DIRECTION('',(0.707106781186548,0.,0.707106781186548));
#9568=DIRECTION('',(-1.,0.,0.));
#9569=DIRECTION('',(0.,0.,1.));
#9570=DIRECTION('',(1.,0.,0.));
#9571=DIRECTION('',(0.,0.,-1.));
#9572=DIRECTION('',(1.,0.,0.));
#9573=DIRECTION('',(0.,0.,-1.));
#9574=DIRECTION('',(-1.,0.,0.));
#9575=DIRECTION('',(0.,0.,1.));
#9576=DIRECTION('',(-1.,-7.47725636196899E-17,0.));
#9577=DIRECTION('',(7.47725636196899E-17,-1.,0.));
#9578=DIRECTION('',(1.,1.4954512723938E-16,0.));
#9579=DIRECTION('',(-1.4954512723938E-16,1.,0.));
#9580=DIRECTION('',(0.,0.,-1.));
#9581=DIRECTION('',(-1.,0.,0.));
#9582=DIRECTION('',(0.,0.,1.));
#9583=DIRECTION('',(1.,0.,0.));
#9584=DIRECTION('',(0.,0.,-1.));
#9585=DIRECTION('',(-1.,0.,0.));
#9586=DIRECTION('',(0.,0.,1.));
#9587=DIRECTION('',(1.,0.,0.));
#9588=DIRECTION('',(0.,0.,-1.));
#9589=DIRECTION('',(-1.,0.,0.));
#9590=DIRECTION('',(0.,0.,1.));
#9591=DIRECTION('',(1.,0.,0.));
#9592=DIRECTION('',(-8.66719960809899E-17,-0.866025403784439,0.5));
#9593=DIRECTION('',(5.00401002685617E-17,0.5,0.866025403784439));
#9594=DIRECTION('',(-0.447213595499958,0.447213595499958,0.774596669241483));
#9595=DIRECTION('',(-1.,1.00080200537123E-16,0.));
#9596=DIRECTION('',(-0.447213595499958,-0.447213595499958,-0.774596669241483));
#9597=DIRECTION('',(0.866025403784439,0.,0.5));
#9598=DIRECTION('',(-0.5,0.,0.866025403784439));
#9599=DIRECTION('',(0.447213595499958,0.447213595499958,-0.774596669241483));
#9600=DIRECTION('',(0.,-1.,0.));
#9601=DIRECTION('',(1.1556266144132E-16,0.866025403784439,0.5));
#9602=DIRECTION('',(-6.67201336914157E-17,-0.5,0.866025403784439));
#9603=DIRECTION('',(0.447213595499958,-0.447213595499958,0.774596669241483));
#9604=DIRECTION('',(1.,-1.33440267382831E-16,0.));
#9605=DIRECTION('',(-0.866025403784439,0.,0.5));
#9606=DIRECTION('',(0.5,0.,0.866025403784439));
#9607=DIRECTION('',(0.,1.,0.));
#9608=DIRECTION('',(0.,0.,1.));
#9609=DIRECTION('',(1.,0.,0.));
#9610=DIRECTION('',(1.01117328761155E-16,-0.866025403784439,0.5));
#9611=DIRECTION('',(-5.83801169799887E-17,0.5,0.866025403784439));
#9612=DIRECTION('',(-0.447213595499958,0.447213595499958,0.774596669241483));
#9613=DIRECTION('',(-1.,-1.16760233959977E-16,0.));
#9614=DIRECTION('',(-0.447213595499958,-0.447213595499958,-0.774596669241483));
#9615=DIRECTION('',(0.866025403784439,0.,0.5));
#9616=DIRECTION('',(-0.5,0.,0.866025403784439));
#9617=DIRECTION('',(0.447213595499958,0.447213595499958,-0.774596669241483));
#9618=DIRECTION('',(0.,-1.,0.));
#9619=DIRECTION('',(-1.1556266144132E-16,0.866025403784439,0.5));
#9620=DIRECTION('',(6.67201336914157E-17,-0.5,0.866025403784439));
#9621=DIRECTION('',(0.447213595499958,-0.447213595499958,0.774596669241483));
#9622=DIRECTION('',(1.,1.33440267382831E-16,0.));
#9623=DIRECTION('',(-0.866025403784439,0.,0.5));
#9624=DIRECTION('',(0.5,0.,0.866025403784439));
#9625=DIRECTION('',(0.,1.,0.));
#9626=DIRECTION('',(0.,0.,1.));
#9627=DIRECTION('',(1.,0.,0.));
#9628=DIRECTION('',(3.12982208070242E-16,0.866025403784439,0.5));
#9629=DIRECTION('',(-1.80700362080917E-16,-0.5,0.866025403784439));
#9630=DIRECTION('',(-0.447213595499958,0.447213595499958,-0.774596669241483));
#9631=DIRECTION('',(1.,-3.61400724161835E-16,0.));
#9632=DIRECTION('',(-0.447213595499958,-0.447213595499958,0.774596669241483));
#9633=DIRECTION('',(-0.866025403784439,0.,0.5));
#9634=DIRECTION('',(0.5,0.,0.866025403784439));
#9635=DIRECTION('',(0.447213595499958,0.447213595499958,0.774596669241483));
#9636=DIRECTION('',(0.,1.,0.));
#9637=DIRECTION('',(-1.1556266144132E-16,-0.866025403784439,0.5));
#9638=DIRECTION('',(6.67201336914157E-17,0.5,0.866025403784439));
#9639=DIRECTION('',(0.447213595499958,-0.447213595499958,-0.774596669241483));
#9640=DIRECTION('',(-1.,1.33440267382831E-16,0.));
#9641=DIRECTION('',(0.866025403784439,0.,0.5));
#9642=DIRECTION('',(-0.5,0.,0.866025403784439));
#9643=DIRECTION('',(0.447213595499958,0.447213595499958,-0.774596669241483));
#9644=DIRECTION('',(0.,-1.,0.));
#9645=DIRECTION('',(0.,0.866025403784439,0.5));
#9646=DIRECTION('',(0.,-0.5,0.866025403784439));
#9647=DIRECTION('',(0.447213595499958,0.447213595499958,-0.774596669241483));
#9648=DIRECTION('',(1.,0.,0.));
#9649=DIRECTION('',(0.866025403784439,0.,0.5));
#9650=DIRECTION('',(-0.5,0.,0.866025403784439));
#9651=DIRECTION('',(0.,-1.,0.));
#9652=DIRECTION('',(0.,0.,1.));
#9653=DIRECTION('',(1.,0.,0.));
#9654=DIRECTION('',(0.,0.,-1.));
#9655=DIRECTION('',(-1.,0.,0.));
#9656=DIRECTION('',(-1.,0.,0.));
#9657=DIRECTION('',(0.,1.,0.));
#9658=DIRECTION('',(-1.,0.,0.));
#9659=DIRECTION('',(0.5,0.,-0.866025403784439));
#9660=DIRECTION('',(-0.866025403784439,0.,-0.5));
#9661=DIRECTION('',(-0.866025403784439,0.,-0.5));
#9662=DIRECTION('',(0.,1.,0.));
#9663=DIRECTION('',(-0.866025403784439,0.,-0.5));
#9664=DIRECTION('',(1.,0.,0.));
#9665=DIRECTION('',(0.,0.,-1.));
#9666=DIRECTION('',(0.,0.,-1.));
#9667=DIRECTION('',(0.,0.,-1.));
#9668=DIRECTION('',(0.,-1.,0.));
#9669=DIRECTION('',(1.,0.,0.));
#9670=DIRECTION('',(0.,-1.,0.));
#9671=DIRECTION('',(1.,0.,0.));
#9672=DIRECTION('',(0.866025403784439,0.,-0.5));
#9673=DIRECTION('',(-0.5,0.,-0.866025403784439));
#9674=DIRECTION('',(0.,1.,0.));
#9675=DIRECTION('',(0.447213595499958,-0.447213595499958,0.774596669241483));
#9676=DIRECTION('',(-0.447213595499958,-0.447213595499958,-0.774596669241483));
#9677=DIRECTION('',(4.33680868994202E-17,0.866025403784439,-0.5));
#9678=DIRECTION('',(7.5115729936858E-17,-0.5,-0.866025403784439));
#9679=DIRECTION('',(-0.447213595499958,0.447213595499958,0.774596669241483));
#9680=DIRECTION('',(-0.866025403784439,0.,-0.5));
#9681=DIRECTION('',(0.5,0.,-0.866025403784439));
#9682=DIRECTION('',(0.447213595499958,0.447213595499958,-0.774596669241483));
#9683=DIRECTION('',(4.33680868994202E-17,-0.866025403784439,-0.5));
#9684=DIRECTION('',(7.5115729936858E-17,0.5,-0.866025403784439));
#9685=DIRECTION('',(-1.,0.,-8.67361737988404E-17));
#9686=DIRECTION('',(-8.67361737988404E-17,0.,1.));
#9687=DIRECTION('',(1.,0.,8.67361737988404E-17));
#9688=DIRECTION('',(8.67361737988404E-17,0.,-1.));
#9689=DIRECTION('',(0.,0.,1.));
#9690=DIRECTION('',(1.,0.,0.));
#9691=DIRECTION('',(0.,0.,1.));
#9692=DIRECTION('',(1.,0.,0.));
#9693=DIRECTION('',(0.,0.,1.));
#9694=DIRECTION('',(1.,0.,0.));
#9695=DIRECTION('',(0.,-1.,0.));
#9696=DIRECTION('',(0.,-1.,0.));
#9697=DIRECTION('',(0.,-1.,0.));
#9698=DIRECTION('',(0.,-1.,0.));
#9699=DIRECTION('',(0.,-1.,0.));
#9700=DIRECTION('',(0.,-1.,0.));
#9701=DIRECTION('',(-8.67361737988404E-17,0.,1.));
#9702=DIRECTION('',(1.,0.,8.67361737988404E-17));
#9703=DIRECTION('',(0.,-1.,0.));
#9704=DIRECTION('',(1.,0.,8.67361737988404E-17));
#9705=DIRECTION('',(-1.,0.,0.));
#9706=DIRECTION('',(0.,1.,0.));
#9707=DIRECTION('',(1.,0.,8.67361737988404E-17));
#9708=DIRECTION('',(0.,1.,0.));
#9709=DIRECTION('',(0.,0.,1.));
#9710=DIRECTION('',(0.,0.,-1.));
#9711=DIRECTION('',(1.,0.,0.));
#9712=DIRECTION('',(0.,0.,1.));
#9713=DIRECTION('',(1.,0.,0.));
#9714=DIRECTION('',(0.,0.,1.));
#9715=DIRECTION('',(1.,0.,0.));
#9716=DIRECTION('',(0.,0.,-1.));
#9717=DIRECTION('',(-1.,0.,0.));
#9718=DIRECTION('',(0.,0.,1.));
#9719=DIRECTION('',(-1.,0.,0.));
#9720=DIRECTION('',(0.,0.,1.));
#9721=DIRECTION('',(-1.,0.,0.));
#9722=DIRECTION('',(0.,0.,1.));
#9723=DIRECTION('',(-1.,0.,0.));
#9724=DIRECTION('',(0.,0.,1.));
#9725=DIRECTION('',(-1.,0.,0.));
#9726=DIRECTION('',(0.,0.,-1.));
#9727=DIRECTION('',(1.,0.,0.));
#9728=DIRECTION('',(0.,0.,-1.));
#9729=DIRECTION('',(1.,0.,0.));
#9730=DIRECTION('',(0.,0.,1.));
#9731=DIRECTION('',(1.,0.,0.));
#9732=DIRECTION('',(-1.84218422227625E-16,1.,0.));
#9733=DIRECTION('',(0.,0.,1.));
#9734=DIRECTION('',(1.,0.,0.));
#9735=DIRECTION('',(-1.,0.,0.));
#9736=DIRECTION('',(0.,0.,1.));
#9737=DIRECTION('',(0.,-1.,0.));
#9738=DIRECTION('',(0.,1.,0.));
#9739=DIRECTION('',(0.,0.,1.));
#9740=DIRECTION('',(0.,1.,0.));
#9741=DIRECTION('',(-1.,0.,0.));
#9742=DIRECTION('',(0.,0.,1.));
#9743=DIRECTION('',(0.,-1.,0.));
#9744=DIRECTION('',(0.,1.,0.));
#9745=DIRECTION('',(0.,0.,1.));
#9746=DIRECTION('',(0.,1.,0.));
#9747=DIRECTION('',(-1.,0.,0.));
#9748=DIRECTION('',(0.,1.,0.));
#9749=DIRECTION('',(0.,1.,0.));
#9750=DIRECTION('',(1.,0.,0.));
#9751=DIRECTION('',(0.,0.,1.));
#9752=DIRECTION('',(0.,1.,0.));
#9753=DIRECTION('',(0.,1.,0.));
#9754=DIRECTION('',(0.,0.,1.));
#9755=DIRECTION('',(0.,-1.,0.));
#9756=DIRECTION('',(-1.,0.,0.));
#9757=DIRECTION('',(0.,0.,1.));
#9758=DIRECTION('',(0.,1.,0.));
#9759=DIRECTION('',(0.,1.,0.));
#9760=DIRECTION('',(0.,0.,1.));
#9761=DIRECTION('',(0.,-1.,0.));
#9762=DIRECTION('',(1.,0.,0.));
#9763=DIRECTION('',(0.,0.,1.));
#9764=DIRECTION('',(1.,0.,0.));
#9765=DIRECTION('',(-1.84218422227625E-16,1.,0.));
#9766=DIRECTION('',(0.,0.,-1.));
#9767=DIRECTION('',(-1.,0.,0.));
#9768=DIRECTION('',(1.,0.,0.));
#9769=DIRECTION('',(0.,0.,1.));
#9770=DIRECTION('',(1.,0.,0.));
#9771=DIRECTION('',(0.5,-0.866025403784439,0.));
#9772=DIRECTION('',(0.,0.,1.));
#9773=DIRECTION('',(1.,0.,0.));
#9774=DIRECTION('',(1.,0.,0.));
#9775=DIRECTION('',(0.,0.,1.));
#9776=DIRECTION('',(1.,0.,0.));
#9777=DIRECTION('',(0.5,0.866025403784439,0.));
#9778=DIRECTION('',(0.,0.,1.));
#9779=DIRECTION('',(1.,0.,0.));
#9780=DIRECTION('',(1.,0.,0.));
#9781=DIRECTION('',(0.,0.,1.));
#9782=DIRECTION('',(1.,0.,0.));
#9783=DIRECTION('',(-0.5,0.866025403784439,0.));
#9784=DIRECTION('',(0.,0.,1.));
#9785=DIRECTION('',(1.,0.,0.));
#9786=DIRECTION('',(-1.,0.,0.));
#9787=DIRECTION('',(0.,0.,1.));
#9788=DIRECTION('',(1.,0.,0.));
#9789=DIRECTION('',(-0.5,-0.866025403784439,0.));
#9790=DIRECTION('',(0.,0.,1.));
#9791=DIRECTION('',(1.,0.,0.));
#9792=DIRECTION('',(1.,0.,0.));
#9793=DIRECTION('',(0.,0.,-1.));
#9794=DIRECTION('',(-1.,0.,0.));
#9795=DIRECTION('',(-1.84218422227625E-16,1.,0.));
#9796=DIRECTION('',(0.,0.,-1.));
#9797=DIRECTION('',(-1.,0.,0.));
#9798=DIRECTION('',(0.,0.,1.));
#9799=DIRECTION('',(1.,0.,0.));
#9800=DIRECTION('',(-0.5,0.866025403784439,0.));
#9801=DIRECTION('',(0.,0.,1.));
#9802=DIRECTION('',(1.,0.,0.));
#9803=DIRECTION('',(-1.,0.,0.));
#9804=DIRECTION('',(0.,0.,1.));
#9805=DIRECTION('',(1.,0.,0.));
#9806=DIRECTION('',(-0.5,-0.866025403784439,0.));
#9807=DIRECTION('',(0.,0.,1.));
#9808=DIRECTION('',(1.,0.,0.));
#9809=DIRECTION('',(0.,0.,1.));
#9810=DIRECTION('',(1.,0.,0.));
#9811=DIRECTION('',(0.5,-0.866025403784439,0.));
#9812=DIRECTION('',(0.,0.,1.));
#9813=DIRECTION('',(1.,0.,0.));
#9814=DIRECTION('',(1.,0.,0.));
#9815=DIRECTION('',(0.,0.,1.));
#9816=DIRECTION('',(1.,0.,0.));
#9817=DIRECTION('',(0.5,0.866025403784439,0.));
#9818=DIRECTION('',(0.,0.,1.));
#9819=DIRECTION('',(1.,0.,0.));
#9820=DIRECTION('',(0.,0.,-1.));
#9821=DIRECTION('',(-1.,0.,0.));
#9822=DIRECTION('',(0.,1.,0.));
#9823=DIRECTION('',(0.,0.,1.));
#9824=DIRECTION('',(0.,0.,1.));
#9825=DIRECTION('',(1.,0.,0.));
#9826=DIRECTION('',(0.,0.,1.));
#9827=DIRECTION('',(0.,0.,-1.));
#9828=DIRECTION('',(-1.,0.,0.));
#9829=DIRECTION('',(0.,0.,-1.));
#9830=DIRECTION('',(0.,0.,-1.));
#9831=DIRECTION('',(1.,0.,0.));
#9832=DIRECTION('',(0.,0.,-1.));
#9833=DIRECTION('',(-1.,-1.84218422227625E-16,0.));
#9834=DIRECTION('',(1.84218422227625E-16,-1.,0.));
#9835=DIRECTION('',(-1.84218422227625E-16,1.,0.));
#9836=DIRECTION('',(0.,0.,1.));
#9837=DIRECTION('',(0.,0.,-1.));
#9838=DIRECTION('',(1.84218422227625E-16,-1.,0.));
#9839=DIRECTION('',(0.,0.,-1.));
#9840=DIRECTION('',(0.,0.,-1.));
#9841=DIRECTION('',(-1.,-1.84218422227625E-16,0.));
#9842=DIRECTION('',(1.84218422227625E-16,-1.,0.));
#9843=DIRECTION('',(1.84218422227625E-16,-1.,0.));
#9844=DIRECTION('',(0.,0.,-1.));
#9845=DIRECTION('',(-1.,-1.84218422227625E-16,0.));
#9846=DIRECTION('',(1.84218422227625E-16,-1.,0.));
#9847=DIRECTION('',(-1.84218422227625E-16,1.,0.));
#9848=DIRECTION('',(-1.,-1.84218422227625E-16,0.));
#9849=DIRECTION('',(1.84218422227625E-16,-1.,0.));
#9850=DIRECTION('',(0.,0.,-1.));
#9851=DIRECTION('',(0.,0.,-1.));
#9852=DIRECTION('',(-1.,-1.84218422227625E-16,0.));
#9853=DIRECTION('',(1.84218422227625E-16,-1.,0.));
#9854=DIRECTION('',(1.84218422227625E-16,-1.,0.));
#9855=DIRECTION('',(-1.,-1.84218422227625E-16,0.));
#9856=DIRECTION('',(1.84218422227625E-16,-1.,0.));
#9857=DIRECTION('',(0.,0.,-1.));
#9858=DIRECTION('',(1.84218422227625E-16,-1.,0.));
#9859=DIRECTION('',(0.,0.,-1.));
#9860=DIRECTION('',(-1.,-1.84218422227625E-16,0.));
#9861=DIRECTION('',(1.84218422227625E-16,-1.,0.));
#9862=DIRECTION('',(-1.84218422227625E-16,1.,0.));
#9863=DIRECTION('',(-1.,-1.84218422227625E-16,0.));
#9864=DIRECTION('',(1.84218422227625E-16,-1.,0.));
#9865=DIRECTION('',(0.,0.,-1.));
#9866=DIRECTION('',(1.84218422227625E-16,-1.,0.));
#9867=DIRECTION('',(0.,0.,-1.));
#9868=DIRECTION('',(-1.,-1.84218422227625E-16,0.));
#9869=DIRECTION('',(1.84218422227625E-16,-1.,0.));
#9870=DIRECTION('',(-1.84218422227625E-16,1.,0.));
#9871=DIRECTION('',(-1.,-1.84218422227625E-16,0.));
#9872=DIRECTION('',(1.84218422227625E-16,-1.,0.));
#9873=DIRECTION('',(0.,0.,-1.));
#9874=DIRECTION('',(-1.,-1.84218422227625E-16,0.));
#9875=DIRECTION('',(1.84218422227625E-16,-1.,0.));
#9876=DIRECTION('',(-1.84218422227625E-16,1.,0.));
#9877=DIRECTION('',(0.,0.,1.));
#9878=DIRECTION('',(1.84218422227625E-16,-1.,0.));
#9879=DIRECTION('',(0.,0.,-1.));
#9880=DIRECTION('',(-1.,-1.84218422227625E-16,0.));
#9881=DIRECTION('',(1.84218422227625E-16,-1.,0.));
#9882=DIRECTION('',(0.,0.,1.));
#9883=DIRECTION('',(1.84218422227625E-16,-1.,0.));
#9884=DIRECTION('',(0.,0.,-1.));
#9885=DIRECTION('',(1.84218422227625E-16,-1.,0.));
#9886=DIRECTION('',(-1.,-1.84218422227625E-16,0.));
#9887=DIRECTION('',(1.84218422227625E-16,-1.,0.));
#9888=DIRECTION('',(-1.84218422227625E-16,1.,0.));
#9889=DIRECTION('',(0.,0.,1.));
#9890=DIRECTION('',(1.84218422227625E-16,-1.,0.));
#9891=DIRECTION('',(0.,0.,1.));
#9892=DIRECTION('',(-1.,-1.84218422227625E-16,0.));
#9893=DIRECTION('',(1.84218422227625E-16,-1.,0.));
#9894=DIRECTION('',(-1.84218422227625E-16,1.,0.));
#9895=DIRECTION('',(0.,0.,1.));
#9896=DIRECTION('',(1.84218422227625E-16,-1.,0.));
#9897=DIRECTION('',(0.,0.,1.));
#9898=DIRECTION('',(-1.,-8.34001671142696E-17,0.));
#9899=DIRECTION('',(8.34001671142696E-17,-1.,0.));
#9900=DIRECTION('',(8.34001671142696E-17,-1.,0.));
#9901=DIRECTION('',(0.,0.,1.));
#9902=DIRECTION('',(0.,1.,0.));
#9903=DIRECTION('',(0.,0.,1.));
#9904=DIRECTION('',(8.34001671142696E-17,-1.,0.));
#9905=DIRECTION('',(0.,0.,1.));
#9906=DIRECTION('',(8.34001671142696E-17,-1.,0.));
#9907=DIRECTION('',(0.,0.,1.));
#9908=DIRECTION('',(1.,-3.41817433690012E-16,0.));
#9909=DIRECTION('',(3.41817433690012E-16,1.,0.));
#9910=DIRECTION('',(3.41817433690012E-16,1.,0.));
#9911=DIRECTION('',(0.,0.,1.));
#9912=DIRECTION('',(3.41817433690012E-16,1.,0.));
#9913=DIRECTION('',(0.,0.,1.));
#9914=DIRECTION('',(0.,0.,-1.));
#9915=DIRECTION('',(1.,0.,0.));
#9916=DIRECTION('',(1.,0.,0.));
#9917=DIRECTION('',(0.,0.,-1.));
#9918=DIRECTION('',(-1.,0.,0.));
#9919=DIRECTION('',(-1.,1.70908716845005E-16,0.));
#9920=DIRECTION('',(0.,0.,-1.));
#9921=DIRECTION('',(-1.,0.,0.));
#9922=DIRECTION('',(-1.70908716845005E-16,-1.,0.));
#9923=DIRECTION('',(0.,0.,-1.));
#9924=DIRECTION('',(-1.,0.,0.));
#9925=DIRECTION('',(0.,0.,-1.));
#9926=DIRECTION('',(-1.,0.,0.));
#9927=DIRECTION('',(8.34001671142696E-17,-1.,0.));
#9928=DIRECTION('',(0.,0.,-1.));
#9929=DIRECTION('',(-1.,0.,0.));
#9930=DIRECTION('',(1.,0.,0.));
#9931=DIRECTION('',(0.,0.,-1.));
#9932=DIRECTION('',(-1.,0.,0.));
#9933=DIRECTION('',(0.,0.,-1.));
#9934=DIRECTION('',(1.,0.,0.));
#9935=DIRECTION('',(1.,0.,0.));
#9936=DIRECTION('',(3.41817433690012E-16,1.,0.));
#9937=DIRECTION('',(0.,0.,-1.));
#9938=DIRECTION('',(-1.,0.,0.));
#9939=DIRECTION('',(0.,0.,-1.));
#9940=DIRECTION('',(-1.,0.,0.));
#9941=DIRECTION('',(-1.70908716845005E-16,-1.,0.));
#9942=DIRECTION('',(0.,0.,-1.));
#9943=DIRECTION('',(-1.,0.,0.));
#9944=DIRECTION('',(-1.,1.70908716845005E-16,0.));
#9945=DIRECTION('',(0.,0.,-1.));
#9946=DIRECTION('',(-1.,0.,0.));
#9947=DIRECTION('',(1.,0.,0.));
#9948=DIRECTION('',(0.,0.,-1.));
#9949=DIRECTION('',(-1.,0.,0.));
#9950=DIRECTION('',(0.,0.,-1.));
#9951=DIRECTION('',(-1.,0.,0.));
#9952=DIRECTION('',(1.,0.,0.));
#9953=DIRECTION('',(0.,-1.,0.));
#9954=DIRECTION('',(1.,0.,0.));
#9955=DIRECTION('',(0.,0.,-1.));
#9956=DIRECTION('',(-1.,0.,0.));
#9957=DIRECTION('',(0.,0.,-1.));
#9958=DIRECTION('',(-1.,0.,0.));
#9959=DIRECTION('',(0.,0.,-1.));
#9960=DIRECTION('',(-1.,0.,0.));
#9961=DIRECTION('',(0.,0.,-1.));
#9962=DIRECTION('',(-1.,0.,0.));
#9963=DIRECTION('',(0.,0.,-1.));
#9964=DIRECTION('',(-1.,0.,0.));
#9965=DIRECTION('',(1.,0.,0.));
#9966=DIRECTION('',(0.,0.,-1.));
#9967=DIRECTION('',(-1.,0.,0.));
#9968=DIRECTION('',(8.34001671142696E-17,-1.,0.));
#9969=DIRECTION('',(0.,0.,-1.));
#9970=DIRECTION('',(-1.,0.,0.));
#9971=DIRECTION('',(0.,0.,-1.));
#9972=DIRECTION('',(-1.,0.,0.));
#9973=DIRECTION('',(1.,0.,0.));
#9974=DIRECTION('',(0.,-1.,0.));
#9975=DIRECTION('',(1.,0.,0.));
#9976=DIRECTION('',(1.,2.89120579329468E-16,0.));
#9977=DIRECTION('',(0.,-1.,0.));
#9978=DIRECTION('',(1.,2.89120579329468E-16,0.));
#9979=DIRECTION('',(-1.,0.,0.));
#9980=DIRECTION('',(-1.,0.,0.));
#9981=DIRECTION('',(-1.,0.,0.));
#9982=DIRECTION('',(-1.,0.,0.));
#9983=DIRECTION('',(1.,0.,0.));
#9984=DIRECTION('',(1.,0.,0.));
#9985=DIRECTION('',(1.,0.,0.));
#9986=DIRECTION('',(1.,0.,0.));
#9987=DIRECTION('',(0.,0.,-1.));
#9988=DIRECTION('',(-1.,0.,0.));
#9989=DIRECTION('',(0.,0.,-1.));
#9990=DIRECTION('',(-1.,0.,0.));
#9991=DIRECTION('',(1.,0.,0.));
#9992=DIRECTION('',(0.,1.,0.));
#9993=DIRECTION('',(-1.,0.,0.));
#9994=DIRECTION('',(0.,-1.,0.));
#9995=DIRECTION('',(0.,0.957826285221151,-0.287347885566346));
#9996=DIRECTION('',(0.,0.287347885566346,0.957826285221151));
#9997=DIRECTION('',(0.,0.287347885566346,0.957826285221151));
#9998=DIRECTION('',(-1.,0.,0.));
#9999=DIRECTION('',(0.,0.287347885566346,0.957826285221151));
#10000=DIRECTION('',(-0.957826285221151,0.,-0.287347885566346));
#10001=DIRECTION('',(-0.287347885566346,0.,0.957826285221151));
#10002=DIRECTION('',(-0.957826285221151,0.,-0.287347885566346));
#10003=DIRECTION('',(-0.287347885566346,0.,0.957826285221151));
#10004=DIRECTION('',(0.287347885566346,0.,-0.957826285221151));
#10005=DIRECTION('',(0.,1.,0.));
#10006=DIRECTION('',(-0.287347885566346,0.,0.957826285221151));
#10007=DIRECTION('',(-0.957826285221151,0.,-0.287347885566346));
#10008=DIRECTION('',(-0.287347885566346,0.,0.957826285221151));
#10009=DIRECTION('',(-5.20417042793043E-17,1.,1.73472347597681E-16));
#10010=DIRECTION('',(-0.957826285221151,0.,-0.287347885566346));
#10011=DIRECTION('',(-0.287347885566346,0.,0.957826285221151));
#10012=DIRECTION('',(0.287347885566346,0.,-0.957826285221151));
#10013=DIRECTION('',(0.,1.,0.));
#10014=DIRECTION('',(-0.287347885566346,0.,0.957826285221151));
#10015=DIRECTION('',(-0.957826285221151,0.,-0.287347885566346));
#10016=DIRECTION('',(-0.287347885566346,0.,0.957826285221151));
#10017=DIRECTION('',(-5.20417042793043E-17,1.,1.73472347597681E-16));
#10018=DIRECTION('',(-0.957826285221151,0.,-0.287347885566346));
#10019=DIRECTION('',(-0.287347885566346,0.,0.957826285221151));
#10020=DIRECTION('',(0.287347885566346,0.,-0.957826285221151));
#10021=DIRECTION('',(0.,1.,0.));
#10022=DIRECTION('',(-0.287347885566346,0.,0.957826285221151));
#10023=DIRECTION('',(0.,-1.,0.));
#10024=DIRECTION('',(-0.287347885566346,-4.98570856231192E-16,0.957826285221151));
#10025=DIRECTION('',(0.,1.,0.));
#10026=DIRECTION('',(-0.287347885566346,0.,0.957826285221151));
#10027=DIRECTION('',(-0.957826285221151,0.,-0.287347885566346));
#10028=DIRECTION('',(-0.287347885566346,0.,0.957826285221151));
#10029=DIRECTION('',(-5.20417042793043E-17,1.,1.73472347597681E-16));
#10030=DIRECTION('',(0.957826285221151,0.,-0.287347885566346));
#10031=DIRECTION('',(-0.287347885566346,0.,-0.957826285221151));
#10032=DIRECTION('',(0.287347885566346,0.,0.957826285221151));
#10033=DIRECTION('',(0.,1.,0.));
#10034=DIRECTION('',(0.287347885566346,0.,0.957826285221151));
#10035=DIRECTION('',(0.,-0.957826285221151,-0.287347885566346));
#10036=DIRECTION('',(0.,0.287347885566346,-0.957826285221151));
#10037=DIRECTION('',(0.,-0.287347885566346,0.957826285221151));
#10038=DIRECTION('',(1.,0.,0.));
#10039=DIRECTION('',(0.,-0.287347885566346,0.957826285221151));
#10040=DIRECTION('',(1.,0.,0.));
#10041=DIRECTION('',(0.,0.,-1.));
#10042=DIRECTION('',(1.,0.,0.));
#10043=DIRECTION('',(1.,0.,0.));
#10044=DIRECTION('',(1.,0.,0.));
#10045=DIRECTION('',(1.,0.,0.));
#10046=DIRECTION('',(0.,0.601815023152048,-0.798635510047293));
#10047=DIRECTION('',(0.,0.798635510047293,0.601815023152048));
#10048=DIRECTION('',(0.,-0.4226182617407,0.90630778703665));
#10049=DIRECTION('',(0.,-0.90630778703665,-0.4226182617407));
#10050=DIRECTION('',(0.,-0.4226182617407,0.90630778703665));
#10051=DIRECTION('',(0.,0.90630778703665,0.4226182617407));
#10052=DIRECTION('',(0.,0.90630778703665,0.4226182617407));
#10053=DIRECTION('',(0.,-0.4226182617407,0.90630778703665));
#10054=DIRECTION('',(0.,-0.90630778703665,-0.4226182617407));
#10055=DIRECTION('',(1.,0.,0.));
#10056=DIRECTION('',(0.,-0.4226182617407,0.90630778703665));
#10057=DIRECTION('',(0.,0.90630778703665,0.4226182617407));
#10058=DIRECTION('',(0.,0.90630778703665,0.4226182617407));
#10059=DIRECTION('',(0.,-0.4226182617407,0.90630778703665));
#10060=DIRECTION('',(0.,-0.90630778703665,-0.4226182617407));
#10061=DIRECTION('',(0.,0.933580426497202,0.358367949545301));
#10062=DIRECTION('',(0.,-0.358367949545301,0.933580426497202));
#10063=DIRECTION('',(0.,0.358367949545301,-0.933580426497202));
#10064=DIRECTION('',(0.,0.358367949545301,-0.933580426497202));
#10065=DIRECTION('',(0.,-0.933580426497202,-0.358367949545301));
#10066=DIRECTION('',(0.,0.358367949545301,-0.933580426497202));
#10067=DIRECTION('',(0.,-0.358367949545301,0.933580426497202));
#10068=DIRECTION('',(0.,-0.358367949545301,0.933580426497202));
#10069=DIRECTION('',(1.,0.,0.));
#10070=DIRECTION('',(0.,1.,0.));
#10071=DIRECTION('',(0.,-0.358367949545301,0.933580426497202));
#10072=DIRECTION('',(0.,0.358367949545301,-0.933580426497202));
#10073=DIRECTION('',(1.,0.,0.));
#10074=DIRECTION('',(0.,1.,0.));
#10075=DIRECTION('',(0.,-0.358367949545301,0.933580426497202));
#10076=DIRECTION('',(0.,0.358367949545301,-0.933580426497202));
#10077=DIRECTION('',(0.,0.358367949545301,-0.933580426497202));
#10078=DIRECTION('',(0.,0.933580426497202,0.358367949545301));
#10079=DIRECTION('',(0.,-0.358367949545301,0.933580426497202));
#10080=DIRECTION('',(0.,-0.933580426497202,-0.358367949545301));
#10081=DIRECTION('',(0.,-0.358367949545301,0.933580426497202));
#10082=DIRECTION('',(0.,-0.933580426497202,-0.358367949545301));
#10083=DIRECTION('',(0.,0.358367949545301,-0.933580426497202));
#10084=DIRECTION('',(0.,0.933580426497202,0.358367949545301));
#10085=DIRECTION('',(1.,0.,0.));
#10086=DIRECTION('',(0.,0.,-1.));
#10087=DIRECTION('',(1.,0.,0.));
#10088=DIRECTION('',(1.,0.,0.));
#10089=DIRECTION('',(1.,0.,0.));
#10090=DIRECTION('',(1.,0.,0.));
#10091=DIRECTION('',(0.,0.601815023152048,0.798635510047293));
#10092=DIRECTION('',(0.,-0.798635510047293,0.601815023152048));
#10093=DIRECTION('',(0.,-0.4226182617407,-0.90630778703665));
#10094=DIRECTION('',(0.,0.90630778703665,-0.4226182617407));
#10095=DIRECTION('',(0.,-0.4226182617407,-0.90630778703665));
#10096=DIRECTION('',(0.,-0.90630778703665,0.4226182617407));
#10097=DIRECTION('',(0.,-0.90630778703665,0.4226182617407));
#10098=DIRECTION('',(0.,-0.4226182617407,-0.90630778703665));
#10099=DIRECTION('',(0.,0.90630778703665,-0.4226182617407));
#10100=DIRECTION('',(-1.,0.,0.));
#10101=DIRECTION('',(0.,-0.4226182617407,-0.90630778703665));
#10102=DIRECTION('',(0.,-0.90630778703665,0.4226182617407));
#10103=DIRECTION('',(0.,-0.90630778703665,0.4226182617407));
#10104=DIRECTION('',(0.,-0.4226182617407,-0.90630778703665));
#10105=DIRECTION('',(0.,0.90630778703665,-0.4226182617407));
#10106=DIRECTION('',(0.,0.933580426497202,-0.358367949545301));
#10107=DIRECTION('',(0.,0.358367949545301,0.933580426497202));
#10108=DIRECTION('',(0.,-0.358367949545301,-0.933580426497202));
#10109=DIRECTION('',(0.,-0.358367949545301,-0.933580426497202));
#10110=DIRECTION('',(0.,-0.933580426497202,0.358367949545301));
#10111=DIRECTION('',(0.,-0.358367949545301,-0.933580426497202));
#10112=DIRECTION('',(0.,0.358367949545301,0.933580426497202));
#10113=DIRECTION('',(0.,0.358367949545301,0.933580426497202));
#10114=DIRECTION('',(1.,0.,0.));
#10115=DIRECTION('',(0.,-1.,0.));
#10116=DIRECTION('',(0.,0.358367949545301,0.933580426497202));
#10117=DIRECTION('',(0.,-0.358367949545301,-0.933580426497202));
#10118=DIRECTION('',(1.,0.,0.));
#10119=DIRECTION('',(0.,-1.,0.));
#10120=DIRECTION('',(0.,0.358367949545301,0.933580426497202));
#10121=DIRECTION('',(0.,-0.358367949545301,-0.933580426497202));
#10122=DIRECTION('',(0.,0.358367949545301,0.933580426497202));
#10123=DIRECTION('',(0.,-0.933580426497202,0.358367949545301));
#10124=DIRECTION('',(0.,-0.358367949545301,-0.933580426497202));
#10125=DIRECTION('',(0.,0.933580426497202,-0.358367949545301));
#10126=DIRECTION('',(0.,-0.358367949545301,-0.933580426497202));
#10127=DIRECTION('',(0.,0.933580426497202,-0.358367949545301));
#10128=DIRECTION('',(0.,0.358367949545301,0.933580426497202));
#10129=DIRECTION('',(0.,-0.933580426497202,0.358367949545301));
#10130=DIRECTION('',(0.,-0.596930529640446,-0.802292928289398));
#10131=DIRECTION('',(-1.,0.,0.));
#10132=DIRECTION('',(0.596930529640444,0.,-0.8022929282894));
#10133=DIRECTION('',(0.,-1.,0.));
#10134=DIRECTION('',(-0.596930529640449,0.,-0.802292928289396));
#10135=DIRECTION('',(0.,1.,0.));
#10136=DIRECTION('',(0.,0.596930529640448,-0.802292928289396));
#10137=DIRECTION('',(1.,0.,0.));
#10138=DIRECTION('',(-9.13760249293332E-16,0.478822866513767,-0.87791153455433));
#10139=DIRECTION('',(0.,-0.87791153455433,-0.478822866513767));
#10140=DIRECTION('',(0.,0.47882286651378,-0.877911534554324));
#10141=DIRECTION('',(0.,-0.877911534554324,-0.47882286651378));
#10142=DIRECTION('',(2.40165741029719E-16,0.993322382076861,0.115371769792915));
#10143=DIRECTION('',(-2.15038038660226E-13,-0.115371769792915,0.993322382076861));
#10144=DIRECTION('',(0.,0.993322382076861,0.115371769792915));
#10145=DIRECTION('',(0.,-0.115371769792915,0.993322382076861));
#10146=DIRECTION('',(0.,-0.478822866513767,-0.87791153455433));
#10147=DIRECTION('',(0.,-0.87791153455433,0.478822866513767));
#10148=DIRECTION('',(0.,-0.47882286651378,-0.877911534554324));
#10149=DIRECTION('',(0.,-0.877911534554324,0.47882286651378));
#10150=DIRECTION('',(0.,-0.993322382076861,0.115371769792915));
#10151=DIRECTION('',(2.15038038660226E-13,-0.115371769792915,-0.993322382076861));
#10152=DIRECTION('',(0.,-0.993322382076861,0.115371769792915));
#10153=DIRECTION('',(0.,-0.115371769792915,-0.993322382076861));
#10154=DIRECTION('',(0.,0.,-1.));
#10155=DIRECTION('',(-1.,0.,0.));
#10156=DIRECTION('',(0.,0.,-1.));
#10157=DIRECTION('',(0.,0.,-1.));
#10158=DIRECTION('',(-1.,0.,0.));
#10159=DIRECTION('',(0.,0.,-1.));
#10160=DIRECTION('',(-1.,0.,0.));
#10161=DIRECTION('',(0.,0.,-1.));
#10162=DIRECTION('',(-1.,0.,0.));
#10163=DIRECTION('',(0.,0.,-1.));
#10164=DIRECTION('',(-1.,-8.34001671142696E-17,0.));
#10165=DIRECTION('',(8.34001671142696E-17,-1.,0.));
#10166=DIRECTION('',(0.,0.,1.));
#10167=DIRECTION('',(0.,0.,1.));
#10168=DIRECTION('',(0.,-1.,0.));
#10169=DIRECTION('',(0.,0.,-1.));
#10170=DIRECTION('',(0.,0.,1.));
#10171=DIRECTION('',(0.,0.,1.));
#10172=DIRECTION('',(-1.,1.70908716845005E-16,0.));
#10173=DIRECTION('',(-1.70908716845005E-16,-1.,0.));
#10174=DIRECTION('',(0.,0.,1.));
#10175=DIRECTION('',(0.,0.,1.));
#10176=DIRECTION('',(1.,-3.41817433690012E-16,0.));
#10177=DIRECTION('',(3.41817433690012E-16,1.,0.));
#10178=DIRECTION('',(0.,0.,1.));
#10179=DIRECTION('',(3.41817433690012E-16,1.,0.));
#10180=DIRECTION('',(0.,0.,1.));
#10181=DIRECTION('',(1.70908716845005E-16,1.,0.));
#10182=DIRECTION('',(-1.,1.70908716845005E-16,0.));
#10183=DIRECTION('',(0.,0.,1.));
#10184=DIRECTION('',(0.,0.,1.));
#10185=DIRECTION('',(0.,0.,-1.));
#10186=DIRECTION('',(1.,0.,0.));
#10187=DIRECTION('',(1.,0.,0.));
#10188=DIRECTION('',(0.,0.,-1.));
#10189=DIRECTION('',(-1.,0.,0.));
#10190=DIRECTION('',(0.,0.,-1.));
#10191=DIRECTION('',(-1.,0.,0.));
#10192=DIRECTION('',(0.,0.,1.));
#10193=DIRECTION('',(1.,0.,0.));
#10194=DIRECTION('',(0.,0.,1.));
#10195=DIRECTION('',(1.,0.,0.));
#10196=DIRECTION('',(0.,0.,-1.));
#10197=DIRECTION('',(-1.,0.,0.));
#10198=DIRECTION('',(0.,0.,1.));
#10199=DIRECTION('',(1.,0.,0.));
#10200=DIRECTION('',(0.,0.,-1.));
#10201=DIRECTION('',(-1.,0.,0.));
#10202=DIRECTION('',(0.,0.,-1.));
#10203=DIRECTION('',(-1.,0.,0.));
#10204=DIRECTION('',(0.,0.,1.));
#10205=DIRECTION('',(1.,0.,0.));
#10206=DIRECTION('',(0.,0.,-1.));
#10207=DIRECTION('',(-1.,0.,0.));
#10208=DIRECTION('',(0.,0.,-1.));
#10209=DIRECTION('',(-1.,0.,0.));
#10210=DIRECTION('',(0.,0.,-1.));
#10211=DIRECTION('',(-1.,0.,0.));
#10212=DIRECTION('',(0.,0.,-1.));
#10213=DIRECTION('',(0.,0.,-1.));
#10214=DIRECTION('',(-1.,0.,0.));
#10215=DIRECTION('',(0.,0.,-1.));
#10216=DIRECTION('',(0.,0.,-1.));
#10217=DIRECTION('',(-1.,0.,0.));
#10218=DIRECTION('',(0.,0.,-1.));
#10219=DIRECTION('',(1.,0.,0.));
#10220=DIRECTION('',(-1.,0.,0.));
#10221=DIRECTION('',(-1.,0.,0.));
#10222=DIRECTION('',(0.,1.,0.));
#10223=DIRECTION('',(0.,0.,1.));
#10224=DIRECTION('',(0.,1.,0.));
#10225=DIRECTION('',(0.,0.,1.));
#10226=DIRECTION('',(2.89120579329468E-16,-1.,0.));
#10227=DIRECTION('',(1.,2.89120579329468E-16,0.));
#10228=DIRECTION('',(1.,2.89120579329468E-16,0.));
#10229=DIRECTION('',(0.,0.,1.));
#10230=DIRECTION('',(0.707106781186548,2.0443912222445E-16,0.707106781186548));
#10231=DIRECTION('',(0.,0.,-1.));
#10232=DIRECTION('',(-0.707106781186548,-2.0443912222445E-16,-0.707106781186548));
#10233=DIRECTION('',(-1.,0.,0.));
#10234=DIRECTION('',(0.,0.,1.));
#10235=DIRECTION('',(0.,0.,1.));
#10236=DIRECTION('',(0.,-1.,0.));
#10237=DIRECTION('',(0.,0.,1.));
#10238=DIRECTION('',(0.,-1.,5.86055228370543E-17));
#10239=DIRECTION('',(0.,0.,-1.));
#10240=DIRECTION('',(0.,-1.,0.));
#10241=DIRECTION('',(2.89120579329468E-16,-1.,0.));
#10242=DIRECTION('',(1.,2.89120579329468E-16,0.));
#10243=DIRECTION('',(0.,0.,1.));
#10244=DIRECTION('',(1.,2.89120579329468E-16,0.));
#10245=DIRECTION('',(0.707106781186548,2.0443912222445E-16,0.707106781186548));
#10246=DIRECTION('',(-0.707106781186548,-2.0443912222445E-16,-0.707106781186547));
#10247=DIRECTION('',(0.,-1.,0.));
#10248=DIRECTION('',(0.,0.,-1.));
#10249=DIRECTION('',(0.,0.,1.));
#10250=DIRECTION('',(1.,0.,0.));
#10251=DIRECTION('',(0.707106781186548,0.,0.707106781186548));
#10252=DIRECTION('',(0.,0.,-1.));
#10253=DIRECTION('',(-0.707106781186548,0.,-0.707106781186547));
#10254=DIRECTION('',(-1.,0.,0.));
#10255=DIRECTION('',(0.,0.,1.));
#10256=DIRECTION('',(0.,0.,1.));
#10257=DIRECTION('',(0.,-1.,0.));
#10258=DIRECTION('',(0.,0.,1.));
#10259=DIRECTION('',(0.,-1.,5.86055228370543E-17));
#10260=DIRECTION('',(0.,-1.,0.));
#10261=DIRECTION('',(0.,0.,-1.));
#10262=DIRECTION('',(0.,-1.,0.));
#10263=DIRECTION('',(0.,0.,-1.));
#10264=DIRECTION('',(1.,0.,0.));
#10265=DIRECTION('',(0.,0.,1.));
#10266=DIRECTION('',(0.707106781186548,0.,0.707106781186547));
#10267=DIRECTION('',(-0.707106781186548,0.,-0.707106781186548));
#10268=DIRECTION('',(0.,-1.,0.));
#10269=DIRECTION('',(0.,0.,-1.));
#10270=DIRECTION('',(1.,0.,0.));
#10271=DIRECTION('',(0.,0.,1.));
#10272=DIRECTION('',(-0.707106781186548,0.,-0.707106781186547));
#10273=DIRECTION('',(0.,0.,-1.));
#10274=DIRECTION('',(-0.707106781186548,0.,-0.707106781186548));
#10275=DIRECTION('',(-1.,0.,0.));
#10276=DIRECTION('',(0.,0.,1.));
#10277=DIRECTION('',(0.,0.,1.));
#10278=DIRECTION('',(0.,-1.,0.));
#10279=DIRECTION('',(0.,0.,1.));
#10280=DIRECTION('',(0.,-1.,5.86055228370543E-17));
#10281=DIRECTION('',(0.,0.,-1.));
#10282=DIRECTION('',(0.,-1.,0.));
#10283=DIRECTION('',(0.,-1.,0.));
#10284=DIRECTION('',(0.,0.,-1.));
#10285=DIRECTION('',(0.,0.,1.));
#10286=DIRECTION('',(1.,0.,0.));
#10287=DIRECTION('',(0.707106781186548,0.,0.707106781186548));
#10288=DIRECTION('',(-0.707106781186548,0.,-0.707106781186548));
#10289=DIRECTION('',(0.707106781186548,0.,-0.707106781186548));
#10290=DIRECTION('',(0.,1.,0.));
#10291=DIRECTION('',(0.707106781186548,0.,-0.707106781186548));
#10292=DIRECTION('',(0.,1.,0.));
#10293=DIRECTION('',(0.707106781186548,0.,-0.707106781186548));
#10294=DIRECTION('',(0.,1.,0.));
#10295=DIRECTION('',(0.,0.,-1.));
#10296=DIRECTION('',(-1.,0.,0.));
#10297=DIRECTION('',(-1.84218422227625E-16,1.,0.));
#10298=DIRECTION('',(1.,2.89120579329468E-16,0.));
#10299=DIRECTION('',(1.,0.,0.));
#10300=DIRECTION('',(-1.,-1.84218422227625E-16,0.));
#10301=DIRECTION('',(1.84218422227625E-16,-1.,0.));
#10302=DIRECTION('',(-1.,-1.84218422227625E-16,0.));
#10303=DIRECTION('',(1.84218422227625E-16,-1.,0.));
#10304=DIRECTION('',(-1.,-1.84218422227625E-16,0.));
#10305=DIRECTION('',(1.84218422227625E-16,-1.,0.));
#10306=DIRECTION('',(-1.84218422227625E-16,1.,0.));
#10307=DIRECTION('',(0.,0.,1.));
#10308=DIRECTION('',(1.,0.,0.));
#10309=DIRECTION('',(1.84218422227625E-16,-1.,0.));
#10310=DIRECTION('',(1.,0.,0.));
#10311=DIRECTION('',(1.,1.84218422227625E-16,0.));
#10312=DIRECTION('',(1.84218422227625E-16,-1.,0.));
#10313=DIRECTION('',(1.,1.84218422227625E-16,0.));
#10314=DIRECTION('',(0.,0.,-1.));
#10315=DIRECTION('',(1.,1.84218422227625E-16,0.));
#10316=DIRECTION('',(0.707106781186548,1.30262095576641E-16,0.707106781186547));
#10317=DIRECTION('',(-1.,-1.84218422227625E-16,0.));
#10318=DIRECTION('',(1.84218422227625E-16,-1.,0.));
#10319=DIRECTION('',(-1.,-1.84218422227625E-16,0.));
#10320=DIRECTION('',(1.84218422227625E-16,-1.,0.));
#10321=DIRECTION('',(-1.,-1.84218422227625E-16,0.));
#10322=DIRECTION('',(1.84218422227625E-16,-1.,0.));
#10323=DIRECTION('',(-1.84218422227625E-16,1.,0.));
#10324=DIRECTION('',(0.,0.,-1.));
#10325=DIRECTION('',(-1.,0.,0.));
#10326=DIRECTION('',(-1.84218422227625E-16,1.,0.));
#10327=DIRECTION('',(1.,0.,0.));
#10328=DIRECTION('',(1.,2.89120579329468E-16,0.));
#10329=DIRECTION('',(-1.,-1.84218422227625E-16,0.));
#10330=DIRECTION('',(1.84218422227625E-16,-1.,0.));
#10331=DIRECTION('',(-1.,-1.84218422227625E-16,0.));
#10332=DIRECTION('',(1.84218422227625E-16,-1.,0.));
#10333=DIRECTION('',(-1.,-1.84218422227625E-16,0.));
#10334=DIRECTION('',(1.84218422227625E-16,-1.,0.));
#10335=DIRECTION('',(-1.84218422227625E-16,1.,0.));
#10336=DIRECTION('',(0.,0.,-1.));
#10337=DIRECTION('',(-1.,0.,0.));
#10338=DIRECTION('',(-1.84218422227625E-16,1.,0.));
#10339=DIRECTION('',(1.,1.84218422227625E-16,0.));
#10340=DIRECTION('',(1.,0.,0.));
#10341=DIRECTION('',(1.84218422227625E-16,-1.,0.));
#10342=DIRECTION('',(1.,1.84218422227625E-16,0.));
#10343=DIRECTION('',(1.,1.84218422227625E-16,0.));
#10344=DIRECTION('',(0.,0.,-1.));
#10345=DIRECTION('',(0.707106781186548,1.30262095576641E-16,0.707106781186547));
#10346=DIRECTION('',(-1.,-1.84218422227625E-16,0.));
#10347=DIRECTION('',(1.84218422227625E-16,-1.,0.));
#10348=DIRECTION('',(-1.,-1.84218422227625E-16,0.));
#10349=DIRECTION('',(1.84218422227625E-16,-1.,0.));
#10350=DIRECTION('',(-1.,-1.84218422227625E-16,0.));
#10351=DIRECTION('',(1.84218422227625E-16,-1.,0.));
#10352=DIRECTION('',(-1.84218422227625E-16,1.,0.));
#10353=DIRECTION('',(-0.707106781186547,-1.30262095576641E-16,0.707106781186548));
#10354=DIRECTION('',(1.84218422227625E-16,-1.,0.));
#10355=DIRECTION('',(-0.707106781186547,-1.30262095576641E-16,0.707106781186548));
#10356=DIRECTION('',(1.84218422227625E-16,-1.,0.));
#10357=DIRECTION('',(0.707106781186547,1.30262095576641E-16,-0.707106781186548));
#10358=DIRECTION('',(1.84218422227625E-16,-1.,0.));
#10359=DIRECTION('',(-0.707106781186548,-1.30262095576641E-16,0.707106781186548));
#10360=DIRECTION('',(1.84218422227625E-16,-1.,0.));
#10361=DIRECTION('',(0.,-1.,0.));
#10362=DIRECTION('',(0.,-1.,0.));
#10363=DIRECTION('',(0.,-1.,0.));
#10364=DIRECTION('',(0.,0.,1.));
#10365=DIRECTION('',(1.,0.,0.));
#10366=DIRECTION('',(0.,0.,1.));
#10367=DIRECTION('',(1.,0.,0.));
#10368=DIRECTION('',(0.,0.,1.));
#10369=DIRECTION('',(1.,0.,0.));
#10370=DIRECTION('',(0.,-1.,0.));
#10371=DIRECTION('',(0.,0.,-1.));
#10372=DIRECTION('',(-1.,0.,-8.67361737988404E-17));
#10373=DIRECTION('',(0.,0.,1.));
#10374=DIRECTION('',(0.,1.,0.));
#10375=DIRECTION('',(0.,0.,1.));
#10376=DIRECTION('',(1.,0.,8.67361737988404E-17));
#10377=DIRECTION('',(0.,0.,-1.));
#10378=DIRECTION('',(-8.67361737988404E-17,0.,1.));
#10379=DIRECTION('',(1.,0.,8.67361737988404E-17));
#10380=DIRECTION('',(-1.,0.,-8.67361737988404E-17));
#10381=DIRECTION('',(1.,0.,8.67361737988404E-17));
#10382=DIRECTION('',(0.,1.,0.));
#10383=DIRECTION('',(-1.,0.,0.));
#10384=DIRECTION('',(0.,0.,-1.));
#10385=DIRECTION('',(-1.,0.,0.));
#10386=DIRECTION('',(0.,0.,-1.));
#10387=DIRECTION('',(0.,0.,1.));
#10388=DIRECTION('',(1.,0.,0.));
#10389=DIRECTION('',(0.,0.,-1.));
#10390=DIRECTION('',(-1.,0.,0.));
#10391=DIRECTION('',(0.,0.,1.));
#10392=DIRECTION('',(1.,0.,0.));
#10393=DIRECTION('',(0.,0.,-1.));
#10394=DIRECTION('',(0.,0.,1.));
#10395=DIRECTION('',(1.,0.,0.));
#10396=DIRECTION('',(-0.5,-0.866025403784439,0.));
#10397=DIRECTION('',(0.,0.,1.));
#10398=DIRECTION('',(1.,0.,0.));
#10399=DIRECTION('',(-1.,0.,0.));
#10400=DIRECTION('',(0.,0.,1.));
#10401=DIRECTION('',(1.,0.,0.));
#10402=DIRECTION('',(-0.5,0.866025403784439,0.));
#10403=DIRECTION('',(0.,0.,-1.));
#10404=DIRECTION('',(-1.,0.,0.));
#10405=DIRECTION('',(0.,0.,-1.));
#10406=DIRECTION('',(0.,0.,-1.));
#10407=DIRECTION('',(0.,0.,-1.));
#10408=DIRECTION('',(-1.,0.,0.));
#10409=DIRECTION('',(0.,0.,-1.));
#10410=DIRECTION('',(0.,0.,-1.));
#10411=DIRECTION('',(-0.866025403784439,-0.5,0.));
#10412=DIRECTION('',(0.5,-0.866025403784439,0.));
#10413=DIRECTION('',(0.,-1.,0.));
#10414=DIRECTION('',(0.,0.,-1.));
#10415=DIRECTION('',(0.866025403784439,-0.5,0.));
#10416=DIRECTION('',(0.5,0.866025403784439,0.));
#10417=DIRECTION('',(0.,0.,1.));
#10418=DIRECTION('',(1.,0.,0.));
#10419=DIRECTION('',(0.,0.,1.));
#10420=DIRECTION('',(0.,0.,1.));
#10421=DIRECTION('',(1.,0.,0.));
#10422=DIRECTION('',(0.,0.,1.));
#10423=DIRECTION('',(1.,0.,0.));
#10424=DIRECTION('',(0.,0.,1.));
#10425=DIRECTION('',(1.,0.,0.));
#10426=DIRECTION('',(0.,0.,1.));
#10427=DIRECTION('',(0.,0.,1.));
#10428=DIRECTION('',(1.,0.,0.));
#10429=DIRECTION('',(0.5,0.866025403784439,0.));
#10430=DIRECTION('',(0.,0.,1.));
#10431=DIRECTION('',(1.,0.,0.));
#10432=DIRECTION('',(1.,0.,0.));
#10433=DIRECTION('',(0.,0.,1.));
#10434=DIRECTION('',(1.,0.,0.));
#10435=DIRECTION('',(0.5,-0.866025403784439,0.));
#10436=DIRECTION('',(0.,0.,-1.));
#10437=DIRECTION('',(-1.,0.,0.));
#10438=DIRECTION('',(0.,0.,-1.));
#10439=DIRECTION('',(0.,0.,-1.));
#10440=DIRECTION('',(0.,0.,-1.));
#10441=DIRECTION('',(-1.,0.,0.));
#10442=DIRECTION('',(0.,0.,-1.));
#10443=DIRECTION('',(0.,0.,-1.));
#10444=DIRECTION('',(0.,1.,0.));
#10445=DIRECTION('',(0.,0.,1.));
#10446=DIRECTION('',(-0.866025403784439,0.5,0.));
#10447=DIRECTION('',(-0.5,-0.866025403784439,0.));
#10448=DIRECTION('',(0.866025403784439,0.5,0.));
#10449=DIRECTION('',(-0.5,0.866025403784439,0.));
#10450=DIRECTION('',(0.,0.,-1.));
#10451=DIRECTION('',(-1.,0.,0.));
#10452=DIRECTION('',(0.,0.,1.));
#10453=DIRECTION('',(1.,0.,0.));
#10454=DIRECTION('',(0.,0.,-1.));
#10455=DIRECTION('',(0.,0.,-1.));
#10456=DIRECTION('',(0.,0.,-1.));
#10457=DIRECTION('',(-1.,0.,0.));
#10458=DIRECTION('',(0.,0.,1.));
#10459=DIRECTION('',(1.,0.,0.));
#10460=DIRECTION('',(0.,0.,-1.));
#10461=DIRECTION('',(0.,0.,-1.));
#10462=DIRECTION('',(0.,-1.,0.));
#10463=DIRECTION('',(0.,0.,-1.));
#10464=DIRECTION('',(-1.,0.,0.));
#10465=DIRECTION('',(0.866025403784439,-0.5,0.));
#10466=DIRECTION('',(0.5,0.866025403784439,0.));
#10467=DIRECTION('',(-0.5,-0.866025403784439,0.));
#10468=DIRECTION('',(0.,0.,1.));
#10469=DIRECTION('',(-0.866025403784439,-0.5,0.));
#10470=DIRECTION('',(0.5,-0.866025403784439,0.));
#10471=DIRECTION('',(0.,0.,1.));
#10472=DIRECTION('',(-0.5,0.866025403784439,0.));
#10473=DIRECTION('',(0.,0.,1.));
#10474=DIRECTION('',(1.,0.,0.));
#10475=DIRECTION('',(0.,0.,1.));
#10476=DIRECTION('',(1.,0.,0.));
#10477=DIRECTION('',(0.,0.,1.));
#10478=DIRECTION('',(1.,0.,0.));
#10479=DIRECTION('',(0.,0.,1.));
#10480=DIRECTION('',(1.,0.,0.));
#10481=DIRECTION('',(0.,0.,1.));
#10482=DIRECTION('',(1.,0.,0.));
#10483=DIRECTION('',(0.,0.,-1.));
#10484=DIRECTION('',(-1.,0.,0.));
#10485=DIRECTION('',(0.,0.,1.));
#10486=DIRECTION('',(1.,0.,0.));
#10487=DIRECTION('',(0.,0.,-1.));
#10488=DIRECTION('',(0.,0.,-1.));
#10489=DIRECTION('',(-1.,0.,0.));
#10490=DIRECTION('',(0.,0.,-1.));
#10491=DIRECTION('',(0.,0.,1.));
#10492=DIRECTION('',(1.,0.,0.));
#10493=DIRECTION('',(0.,0.,1.));
#10494=DIRECTION('',(1.,0.,0.));
#10495=DIRECTION('',(0.5,0.866025403784439,0.));
#10496=DIRECTION('',(0.,0.,1.));
#10497=DIRECTION('',(1.,0.,0.));
#10498=DIRECTION('',(1.,0.,0.));
#10499=DIRECTION('',(0.,0.,1.));
#10500=DIRECTION('',(1.,0.,0.));
#10501=DIRECTION('',(0.5,-0.866025403784439,0.));
#10502=DIRECTION('',(-0.866025403784439,0.5,0.));
#10503=DIRECTION('',(-0.5,-0.866025403784439,0.));
#10504=DIRECTION('',(0.,0.,-1.));
#10505=DIRECTION('',(0.,1.,0.));
#10506=DIRECTION('',(0.,0.,1.));
#10507=DIRECTION('',(0.,0.,-1.));
#10508=DIRECTION('',(0.,0.,-1.));
#10509=DIRECTION('',(0.866025403784439,0.5,0.));
#10510=DIRECTION('',(-0.5,0.866025403784439,0.));
#10511=DIRECTION('',(0.,0.,-1.));
#10512=DIRECTION('',(0.,0.,-1.));
#10513=DIRECTION('',(-1.,0.,0.));
#10514=DIRECTION('',(0.,0.,-1.));
#10515=DIRECTION('',(-1.,0.,0.));
#10516=DIRECTION('',(0.,-1.,0.));
#10517=DIRECTION('',(1.,0.,0.));
#10518=DIRECTION('',(0.,0.,-1.));
#10519=DIRECTION('',(-0.866025403784439,0.,-0.5));
#10520=DIRECTION('',(-1.,0.,0.));
#10521=DIRECTION('',(0.,0.,-1.));
#10522=DIRECTION('',(-1.,0.,0.));
#10523=DIRECTION('',(0.,1.,0.));
#10524=DIRECTION('',(-1.,0.,0.));
#10525=DIRECTION('',(0.,-1.,0.));
#10526=DIRECTION('',(1.,0.,0.));
#10527=DIRECTION('',(-0.866025403784439,0.,-0.5));
#10528=DIRECTION('',(0.,0.,-1.));
#10529=DIRECTION('',(0.5,0.,-0.866025403784439));
#10530=DIRECTION('',(-0.866025403784439,0.,-0.5));
#10531=DIRECTION('',(0.,1.,0.));
#10532=DIRECTION('',(1.,0.,0.));
#10533=DIRECTION('',(0.,0.,-1.));
#10534=DIRECTION('',(1.,0.,0.));
#10535=DIRECTION('',(0.,-1.,0.));
#10536=DIRECTION('',(-1.,0.,0.));
#10537=DIRECTION('',(0.,0.,1.));
#10538=DIRECTION('',(-1.,-2.89120579329468E-16,0.));
#10539=DIRECTION('',(2.89120579329468E-16,-1.,0.));
#10540=DIRECTION('',(1.,0.,0.));
#10541=DIRECTION('',(0.,0.,-1.));
#10542=DIRECTION('',(-1.,-1.84218422227625E-16,0.));
#10543=DIRECTION('',(1.84218422227625E-16,-1.,0.));
#10544=DIRECTION('',(1.,0.,0.));
#10545=DIRECTION('',(0.,0.,-1.));
#10546=DIRECTION('',(1.,2.89120579329468E-16,0.));
#10547=DIRECTION('',(-2.89120579329468E-16,1.,0.));
#10548=DIRECTION('',(-1.,-1.84218422227625E-16,0.));
#10549=DIRECTION('',(1.84218422227625E-16,-1.,0.));
#10550=DIRECTION('',(1.,0.,0.));
#10551=DIRECTION('',(0.,0.,-1.));
#10552=DIRECTION('',(-1.,0.,-8.67361737988404E-17));
#10553=DIRECTION('',(-8.67361737988404E-17,0.,1.));
#10554=DIRECTION('',(0.,0.,-1.));
#10555=DIRECTION('',(-1.,0.,0.));
#10556=DIRECTION('',(1.,0.,8.67361737988404E-17));
#10557=DIRECTION('',(8.67361737988404E-17,0.,-1.));
#10558=DIRECTION('',(0.,0.,1.));
#10559=DIRECTION('',(1.,0.,0.));
#10560=DIRECTION('',(0.,-0.707106781186547,-0.707106781186548));
#10561=DIRECTION('',(0.,0.707106781186548,-0.707106781186547));
#10562=DIRECTION('',(1.,0.,0.));
#10563=DIRECTION('',(0.,-0.707106781186548,0.707106781186547));
#10564=DIRECTION('',(1.,0.,0.));
#10565=DIRECTION('',(0.,0.707106781186548,-0.707106781186548));
#10566=DIRECTION('',(0.,0.707106781186548,0.707106781186548));
#10567=DIRECTION('',(1.,0.,0.));
#10568=DIRECTION('',(0.,-0.707106781186548,-0.707106781186548));
#10569=DIRECTION('',(1.,0.,0.));
#10570=DIRECTION('',(-1.,0.,0.));
#10571=DIRECTION('',(0.,0.,1.));
#10572=DIRECTION('',(1.,0.,0.));
#10573=DIRECTION('',(-1.,0.,0.));
#10574=DIRECTION('',(0.,0.,1.));
#10575=DIRECTION('',(-1.,0.,0.));
#10576=DIRECTION('',(0.,0.,1.));
#10577=DIRECTION('',(-1.,0.,0.));
#10578=DIRECTION('',(0.,0.,1.));
#10579=DIRECTION('',(-1.,0.,0.));
#10580=DIRECTION('',(0.,0.,1.));
#10581=DIRECTION('',(-1.,0.,0.));
#10582=DIRECTION('',(0.,0.,1.));
#10583=DIRECTION('',(1.,0.,0.));
#10584=DIRECTION('',(0.,-1.73472347597681E-16,1.));
#10585=DIRECTION('',(0.,-1.,-1.73472347597681E-16));
#10586=DIRECTION('',(1.,0.,0.));
#10587=DIRECTION('',(0.,1.,1.73472347597681E-16));
#10588=DIRECTION('',(1.,0.,0.));
#10589=DIRECTION('',(0.,-1.,0.));
#10590=DIRECTION('',(0.,0.,-1.));
#10591=DIRECTION('',(0.,0.,1.));
#10592=DIRECTION('',(1.,0.,0.));
#10593=DIRECTION('',(0.,1.,0.));
#10594=DIRECTION('',(0.,0.,1.));
#10595=DIRECTION('',(1.,0.,0.));
#10596=DIRECTION('',(0.,0.,-1.));
#10597=DIRECTION('',(-1.,0.,0.));
#10598=DIRECTION('',(0.,0.,1.));
#10599=DIRECTION('',(-1.,0.,0.));
#10600=DIRECTION('',(0.,0.,1.));
#10601=DIRECTION('',(-1.,0.,0.));
#10602=DIRECTION('',(0.,0.,1.));
#10603=DIRECTION('',(-1.,0.,0.));
#10604=DIRECTION('',(0.,0.,1.));
#10605=DIRECTION('',(0.,-1.,0.));
#10606=DIRECTION('',(0.,0.,-1.));
#10607=DIRECTION('',(1.,0.,0.));
#10608=DIRECTION('',(0.,0.,-1.));
#10609=DIRECTION('',(1.,0.,0.));
#10610=DIRECTION('',(0.,-5.86055228370543E-17,-1.));
#10611=DIRECTION('',(0.,1.,-5.86055228370543E-17));
#10612=DIRECTION('',(1.,0.,0.));
#10613=DIRECTION('',(0.,1.,-5.86055228370543E-17));
#10614=DIRECTION('',(0.,-1.,0.));
#10615=DIRECTION('',(0.,0.,-1.));
#10616=DIRECTION('',(1.,0.,0.));
#10617=DIRECTION('',(0.,0.,-1.));
#10618=DIRECTION('',(0.,0.,-1.));
#10619=DIRECTION('',(-1.,0.,0.));
#10620=DIRECTION('',(0.,1.,0.));
#10621=DIRECTION('',(-1.,0.,0.));
#10622=DIRECTION('',(0.,-1.,0.));
#10623=DIRECTION('',(0.,-0.707106781186547,-0.707106781186548));
#10624=DIRECTION('',(0.,0.707106781186548,-0.707106781186547));
#10625=DIRECTION('',(1.,0.,0.));
#10626=DIRECTION('',(0.,-0.707106781186548,0.707106781186547));
#10627=DIRECTION('',(1.,0.,0.));
#10628=DIRECTION('',(0.,0.707106781186548,-0.707106781186548));
#10629=DIRECTION('',(0.,0.707106781186548,0.707106781186548));
#10630=DIRECTION('',(1.,0.,0.));
#10631=DIRECTION('',(0.,-0.707106781186548,-0.707106781186548));
#10632=DIRECTION('',(1.,0.,0.));
#10633=DIRECTION('',(-1.,0.,0.));
#10634=DIRECTION('',(0.,0.,1.));
#10635=DIRECTION('',(1.,0.,0.));
#10636=DIRECTION('',(-1.,0.,0.));
#10637=DIRECTION('',(0.,0.,1.));
#10638=DIRECTION('',(-1.,0.,0.));
#10639=DIRECTION('',(0.,0.,1.));
#10640=DIRECTION('',(-1.,0.,0.));
#10641=DIRECTION('',(0.,0.,1.));
#10642=DIRECTION('',(-1.,0.,0.));
#10643=DIRECTION('',(0.,0.,1.));
#10644=DIRECTION('',(-1.,0.,0.));
#10645=DIRECTION('',(0.,0.,1.));
#10646=DIRECTION('',(1.,0.,0.));
#10647=DIRECTION('',(0.,-1.73472347597681E-16,1.));
#10648=DIRECTION('',(0.,-1.,-1.73472347597681E-16));
#10649=DIRECTION('',(1.,0.,0.));
#10650=DIRECTION('',(0.,1.,1.73472347597681E-16));
#10651=DIRECTION('',(1.,0.,0.));
#10652=DIRECTION('',(0.,-1.,0.));
#10653=DIRECTION('',(0.,0.,-1.));
#10654=DIRECTION('',(0.,0.,1.));
#10655=DIRECTION('',(1.,0.,0.));
#10656=DIRECTION('',(0.,1.,0.));
#10657=DIRECTION('',(0.,0.,1.));
#10658=DIRECTION('',(1.,0.,0.));
#10659=DIRECTION('',(0.,0.,-1.));
#10660=DIRECTION('',(-1.,0.,0.));
#10661=DIRECTION('',(0.,0.,1.));
#10662=DIRECTION('',(-1.,0.,0.));
#10663=DIRECTION('',(0.,0.,1.));
#10664=DIRECTION('',(-1.,0.,0.));
#10665=DIRECTION('',(0.,0.,1.));
#10666=DIRECTION('',(-1.,0.,0.));
#10667=DIRECTION('',(0.,0.,1.));
#10668=DIRECTION('',(0.,-1.,0.));
#10669=DIRECTION('',(0.,0.,-1.));
#10670=DIRECTION('',(1.,0.,0.));
#10671=DIRECTION('',(0.,0.,-1.));
#10672=DIRECTION('',(1.,0.,0.));
#10673=DIRECTION('',(0.,-5.86055228370543E-17,-1.));
#10674=DIRECTION('',(0.,1.,-5.86055228370543E-17));
#10675=DIRECTION('',(1.,0.,0.));
#10676=DIRECTION('',(0.,1.,-5.86055228370543E-17));
#10677=DIRECTION('',(0.,-1.,0.));
#10678=DIRECTION('',(0.,0.,-1.));
#10679=DIRECTION('',(1.,0.,0.));
#10680=DIRECTION('',(0.,0.,-1.));
#10681=DIRECTION('',(0.,0.,-1.));
#10682=DIRECTION('',(-1.,0.,0.));
#10683=DIRECTION('',(0.,1.,0.));
#10684=DIRECTION('',(-1.,0.,0.));
#10685=DIRECTION('',(0.,-1.,0.));
#10686=DIRECTION('',(0.,0.707106781186548,-0.707106781186548));
#10687=DIRECTION('',(0.,0.707106781186548,0.707106781186548));
#10688=DIRECTION('',(1.,0.,0.));
#10689=DIRECTION('',(0.,-0.707106781186548,-0.707106781186548));
#10690=DIRECTION('',(1.,0.,0.));
#10691=DIRECTION('',(-1.,0.,0.));
#10692=DIRECTION('',(0.,0.,1.));
#10693=DIRECTION('',(1.,0.,0.));
#10694=DIRECTION('',(-1.,0.,0.));
#10695=DIRECTION('',(0.,0.,1.));
#10696=DIRECTION('',(0.,-0.707106781186547,-0.707106781186548));
#10697=DIRECTION('',(0.,0.707106781186548,-0.707106781186547));
#10698=DIRECTION('',(1.,0.,0.));
#10699=DIRECTION('',(0.,-0.707106781186548,0.707106781186547));
#10700=DIRECTION('',(1.,0.,0.));
#10701=DIRECTION('',(-1.,0.,0.));
#10702=DIRECTION('',(0.,0.,1.));
#10703=DIRECTION('',(-1.,0.,0.));
#10704=DIRECTION('',(0.,0.,1.));
#10705=DIRECTION('',(-1.,0.,0.));
#10706=DIRECTION('',(0.,0.,1.));
#10707=DIRECTION('',(-1.,0.,0.));
#10708=DIRECTION('',(0.,0.,1.));
#10709=DIRECTION('',(1.,0.,0.));
#10710=DIRECTION('',(0.,-1.73472347597681E-16,1.));
#10711=DIRECTION('',(0.,-1.,-1.73472347597681E-16));
#10712=DIRECTION('',(1.,0.,0.));
#10713=DIRECTION('',(0.,1.,1.73472347597681E-16));
#10714=DIRECTION('',(1.,0.,0.));
#10715=DIRECTION('',(0.,-1.,0.));
#10716=DIRECTION('',(0.,0.,-1.));
#10717=DIRECTION('',(0.,0.,1.));
#10718=DIRECTION('',(1.,0.,0.));
#10719=DIRECTION('',(0.,1.,0.));
#10720=DIRECTION('',(0.,0.,1.));
#10721=DIRECTION('',(1.,0.,0.));
#10722=DIRECTION('',(0.,0.,-1.));
#10723=DIRECTION('',(-1.,0.,0.));
#10724=DIRECTION('',(0.,0.,1.));
#10725=DIRECTION('',(-1.,0.,0.));
#10726=DIRECTION('',(0.,0.,1.));
#10727=DIRECTION('',(-1.,0.,0.));
#10728=DIRECTION('',(0.,0.,1.));
#10729=DIRECTION('',(-1.,0.,0.));
#10730=DIRECTION('',(0.,0.,1.));
#10731=DIRECTION('',(0.,-1.,0.));
#10732=DIRECTION('',(0.,0.,-1.));
#10733=DIRECTION('',(1.,0.,0.));
#10734=DIRECTION('',(0.,0.,-1.));
#10735=DIRECTION('',(1.,0.,0.));
#10736=DIRECTION('',(0.,-5.86055228370543E-17,-1.));
#10737=DIRECTION('',(0.,1.,-5.86055228370543E-17));
#10738=DIRECTION('',(1.,0.,0.));
#10739=DIRECTION('',(0.,1.,-5.86055228370543E-17));
#10740=DIRECTION('',(0.,-1.,0.));
#10741=DIRECTION('',(0.,0.,-1.));
#10742=DIRECTION('',(1.,0.,0.));
#10743=DIRECTION('',(0.,0.,-1.));
#10744=DIRECTION('',(0.,0.,-1.));
#10745=DIRECTION('',(-1.,0.,0.));
#10746=DIRECTION('',(0.,1.,0.));
#10747=DIRECTION('',(-1.,0.,0.));
#10748=DIRECTION('',(0.,-1.,0.));
#10749=DIRECTION('',(0.,0.,1.));
#10750=DIRECTION('',(1.,0.,0.));
#10751=DIRECTION('',(0.,-1.,0.));
#10752=DIRECTION('',(0.,0.,-1.));
#10753=DIRECTION('',(0.,0.,-1.));
#10754=DIRECTION('',(1.,0.,0.));
#10755=DIRECTION('',(0.,0.,-1.));
#10756=DIRECTION('',(1.,0.,0.));
#10757=DIRECTION('',(0.,-5.86055228370543E-17,-1.));
#10758=DIRECTION('',(0.,1.,-5.86055228370543E-17));
#10759=DIRECTION('',(0.,1.,-5.86055228370543E-17));
#10760=DIRECTION('',(1.,0.,0.));
#10761=DIRECTION('',(0.,1.,-5.86055228370543E-17));
#10762=DIRECTION('',(0.,-1.,0.));
#10763=DIRECTION('',(0.,0.,-1.));
#10764=DIRECTION('',(0.,0.,-1.));
#10765=DIRECTION('',(1.,0.,0.));
#10766=DIRECTION('',(0.,0.,-1.));
#10767=DIRECTION('',(0.,0.,-1.));
#10768=DIRECTION('',(-1.,0.,0.));
#10769=DIRECTION('',(0.,1.,0.));
#10770=DIRECTION('',(0.,1.,0.));
#10771=DIRECTION('',(-1.,0.,0.));
#10772=DIRECTION('',(0.,-1.,0.));
#10773=DIRECTION('',(-1.,0.,0.));
#10774=DIRECTION('',(0.,-1.,0.));
#10775=DIRECTION('',(0.,-0.707106781186548,0.707106781186547));
#10776=DIRECTION('',(-1.,0.,0.));
#10777=DIRECTION('',(0.,0.,1.));
#10778=DIRECTION('',(0.,0.,1.));
#10779=DIRECTION('',(-1.,0.,0.));
#10780=DIRECTION('',(0.,0.,1.));
#10781=DIRECTION('',(0.,1.,1.73472347597681E-16));
#10782=DIRECTION('',(-1.,0.,0.));
#10783=DIRECTION('',(0.,0.,1.));
#10784=DIRECTION('',(0.,0.,-1.));
#10785=DIRECTION('',(-1.,0.,0.));
#10786=DIRECTION('',(0.,0.,1.));
#10787=DIRECTION('',(0.,-0.707106781186548,-0.707106781186548));
#10788=DIRECTION('',(-1.,0.,0.));
#10789=DIRECTION('',(0.,0.,1.));
#10790=DIRECTION('',(0.,-1.73472347597681E-16,1.));
#10791=DIRECTION('',(0.,-1.,-1.73472347597681E-16));
#10792=DIRECTION('',(-1.,0.,0.));
#10793=DIRECTION('',(-5.20417042793043E-17,1.,1.73472347597681E-16));
#10794=DIRECTION('',(-1.,0.,0.));
#10795=DIRECTION('',(0.,-1.,0.));
#10796=DIRECTION('',(0.,0.,-1.));
#10797=DIRECTION('',(0.,-1.,0.));
#10798=DIRECTION('',(0.,0.,-1.));
#10799=DIRECTION('',(-0.287347885566346,0.,0.957826285221151));
#10800=DIRECTION('',(-1.,0.,0.));
#10801=DIRECTION('',(-1.,0.,0.));
#10802=DIRECTION('',(0.,-0.707106781186547,-0.707106781186548));
#10803=DIRECTION('',(0.,0.707106781186548,-0.707106781186547));
#10804=DIRECTION('',(-1.,0.,0.));
#10805=DIRECTION('',(-1.,0.,0.));
#10806=DIRECTION('',(0.,0.707106781186548,-0.707106781186548));
#10807=DIRECTION('',(0.,0.707106781186548,0.707106781186548));
#10808=DIRECTION('',(-1.,0.,0.));
#10809=DIRECTION('',(-1.,0.,0.));
#10810=DIRECTION('',(0.,1.,0.));
#10811=DIRECTION('',(0.,0.,1.));
#10812=DIRECTION('',(-1.,0.,0.));
#10813=DIRECTION('',(0.287347885566346,0.,-0.957826285221151));
#10814=DIRECTION('',(0.,1.,0.));
#10815=DIRECTION('',(0.,0.,1.));
#10816=DIRECTION('',(-1.,0.,0.));
#10817=DIRECTION('',(-1.,0.,0.));
#10818=DIRECTION('',(0.,0.,1.));
#10819=DIRECTION('',(-1.,0.,0.));
#10820=DIRECTION('',(0.,0.,1.));
#10821=DIRECTION('',(-1.,0.,0.));
#10822=DIRECTION('',(0.,0.,1.));
#10823=DIRECTION('',(-1.,0.,0.));
#10824=DIRECTION('',(0.,0.,1.));
#10825=DIRECTION('',(-1.,0.,0.));
#10826=DIRECTION('',(0.,0.,1.));
#10827=DIRECTION('',(0.,1.,0.));
#10828=DIRECTION('',(-0.957826285221151,0.,-0.287347885566346));
#10829=DIRECTION('',(-0.287347885566346,0.,0.957826285221151));
#10830=DIRECTION('',(0.287347885566346,0.,-0.957826285221151));
#10831=DIRECTION('',(-0.287347885566346,0.,0.957826285221151));
#10832=DIRECTION('',(5.20417042793043E-17,-1.,-1.73472347597681E-16));
#10833=DIRECTION('',(3.27626126081881E-13,-1.,1.1572959246348E-13));
#10834=DIRECTION('',(0.969752747538969,3.45994472208789E-13,0.244089345610619));
#10835=DIRECTION('',(0.677285461478592,0.707106781186552,0.203185638443578));
#10836=DIRECTION('',(0.287347885566346,0.,-0.957826285221151));
#10837=DIRECTION('',(0.596930529640448,-1.08110355632543E-16,0.802292928289397));
#10838=DIRECTION('',(-5.20417042793043E-17,1.,1.73472347597681E-16));
#10839=DIRECTION('',(-2.56987797287402E-13,1.,-2.02688629437111E-13));
#10840=DIRECTION('',(0.969778271780327,2.98625654194286E-13,0.243987916878607));
#10841=DIRECTION('',(0.677285461478595,-0.707106781186549,0.203185638443579));
#10842=DIRECTION('',(-0.287347885566346,0.,0.957826285221151));
#10843=DIRECTION('',(0.,0.,1.));
#10844=DIRECTION('',(1.,0.,0.));
#10845=DIRECTION('',(0.,-1.,0.));
#10846=DIRECTION('',(0.,0.,-1.));
#10847=DIRECTION('',(0.,0.,-1.));
#10848=DIRECTION('',(1.,0.,0.));
#10849=DIRECTION('',(0.,0.,-1.));
#10850=DIRECTION('',(1.,0.,0.));
#10851=DIRECTION('',(0.,-5.86055228370543E-17,-1.));
#10852=DIRECTION('',(0.,1.,-5.86055228370543E-17));
#10853=DIRECTION('',(0.,1.,-5.86055228370543E-17));
#10854=DIRECTION('',(1.,0.,0.));
#10855=DIRECTION('',(0.,1.,-5.86055228370543E-17));
#10856=DIRECTION('',(0.,-1.,0.));
#10857=DIRECTION('',(0.,0.,-1.));
#10858=DIRECTION('',(0.,0.,-1.));
#10859=DIRECTION('',(1.,0.,0.));
#10860=DIRECTION('',(0.,0.,-1.));
#10861=DIRECTION('',(0.,0.,-1.));
#10862=DIRECTION('',(-1.,0.,0.));
#10863=DIRECTION('',(0.,1.,0.));
#10864=DIRECTION('',(0.,1.,0.));
#10865=DIRECTION('',(-1.,0.,0.));
#10866=DIRECTION('',(0.,-1.,0.));
#10867=DIRECTION('',(-1.,0.,0.));
#10868=DIRECTION('',(0.,-1.,0.));
#10869=DIRECTION('',(0.,-0.707106781186548,0.707106781186547));
#10870=DIRECTION('',(-1.,0.,0.));
#10871=DIRECTION('',(0.,0.,1.));
#10872=DIRECTION('',(0.,0.,1.));
#10873=DIRECTION('',(-1.,0.,0.));
#10874=DIRECTION('',(0.,0.,1.));
#10875=DIRECTION('',(0.,1.,1.73472347597681E-16));
#10876=DIRECTION('',(-1.,0.,0.));
#10877=DIRECTION('',(0.,0.,1.));
#10878=DIRECTION('',(0.,0.,-1.));
#10879=DIRECTION('',(-1.,0.,0.));
#10880=DIRECTION('',(0.,0.,1.));
#10881=DIRECTION('',(0.,-0.707106781186548,-0.707106781186548));
#10882=DIRECTION('',(-1.,0.,0.));
#10883=DIRECTION('',(0.,0.,1.));
#10884=DIRECTION('',(0.,-1.73472347597681E-16,1.));
#10885=DIRECTION('',(0.,-1.,-1.73472347597681E-16));
#10886=DIRECTION('',(-1.,0.,0.));
#10887=DIRECTION('',(-5.20417042793043E-17,1.,1.73472347597681E-16));
#10888=DIRECTION('',(-1.,0.,0.));
#10889=DIRECTION('',(0.,-1.,0.));
#10890=DIRECTION('',(0.,0.,-1.));
#10891=DIRECTION('',(0.,-1.,0.));
#10892=DIRECTION('',(0.,0.,-1.));
#10893=DIRECTION('',(-0.287347885566346,0.,0.957826285221151));
#10894=DIRECTION('',(-1.,0.,0.));
#10895=DIRECTION('',(-1.,0.,0.));
#10896=DIRECTION('',(0.,-0.707106781186547,-0.707106781186548));
#10897=DIRECTION('',(0.,0.707106781186548,-0.707106781186547));
#10898=DIRECTION('',(-1.,0.,0.));
#10899=DIRECTION('',(-1.,0.,0.));
#10900=DIRECTION('',(0.,0.707106781186548,-0.707106781186548));
#10901=DIRECTION('',(0.,0.707106781186548,0.707106781186548));
#10902=DIRECTION('',(-1.,0.,0.));
#10903=DIRECTION('',(-1.,0.,0.));
#10904=DIRECTION('',(0.,1.,0.));
#10905=DIRECTION('',(0.,0.,1.));
#10906=DIRECTION('',(-1.,0.,0.));
#10907=DIRECTION('',(0.287347885566346,0.,-0.957826285221151));
#10908=DIRECTION('',(0.,1.,0.));
#10909=DIRECTION('',(0.,0.,1.));
#10910=DIRECTION('',(-1.,0.,0.));
#10911=DIRECTION('',(-1.,0.,0.));
#10912=DIRECTION('',(0.,0.,1.));
#10913=DIRECTION('',(-1.,0.,0.));
#10914=DIRECTION('',(0.,0.,1.));
#10915=DIRECTION('',(-1.,0.,0.));
#10916=DIRECTION('',(0.,0.,1.));
#10917=DIRECTION('',(-1.,0.,0.));
#10918=DIRECTION('',(0.,0.,1.));
#10919=DIRECTION('',(-1.,0.,0.));
#10920=DIRECTION('',(0.,0.,1.));
#10921=DIRECTION('',(0.,1.,0.));
#10922=DIRECTION('',(-0.957826285221151,0.,-0.287347885566346));
#10923=DIRECTION('',(-0.287347885566346,0.,0.957826285221151));
#10924=DIRECTION('',(0.287347885566346,0.,-0.957826285221151));
#10925=DIRECTION('',(-0.287347885566346,0.,0.957826285221151));
#10926=DIRECTION('',(5.20417042793043E-17,-1.,-1.73472347597681E-16));
#10927=DIRECTION('',(-3.14281833495751E-18,-1.,1.24600622004446E-17));
#10928=DIRECTION('',(0.969752747538885,0.,0.244089345610953));
#10929=DIRECTION('',(0.677285461478594,0.707106781186551,0.203185638443578));
#10930=DIRECTION('',(0.287347885566346,0.,-0.957826285221151));
#10931=DIRECTION('',(0.596930529640448,-1.08110355632543E-16,0.802292928289397));
#10932=DIRECTION('',(-5.20417042793043E-17,1.,1.73472347597681E-16));
#10933=DIRECTION('',(0.,1.,0.));
#10934=DIRECTION('',(0.969778271779675,0.,0.2439879168812));
#10935=DIRECTION('',(0.677285461478595,-0.707106781186549,0.203185638443579));
#10936=DIRECTION('',(-0.287347885566346,0.,0.957826285221151));
#10937=CARTESIAN_POINT('',(0.,0.,0.));
#10938=CARTESIAN_POINT('',(0.014375,0.0061,-0.00325));
#10939=CARTESIAN_POINT('',(0.015625,0.0061,-0.00325));
#10940=CARTESIAN_POINT('',(0.015625,0.0061,-0.0012));
#10941=CARTESIAN_POINT('',(0.015625,0.0061,-0.0053));
#10942=CARTESIAN_POINT('',(0.014375,0.0061,-0.0012));
#10943=CARTESIAN_POINT('',(0.014375,0.0061,-0.0012));
#10944=CARTESIAN_POINT('',(0.014375,0.0061,-0.00325));
#10945=CARTESIAN_POINT('',(0.014375,0.0061,-0.0053));
#10946=CARTESIAN_POINT('',(0.014375,0.0061,-0.0053));
#10947=CARTESIAN_POINT('',(0.014375,0.00795,-0.0012));
#10948=CARTESIAN_POINT('',(0.015625,0.00795,-0.0012));
#10949=CARTESIAN_POINT('',(0.015625,0.0098,-0.0012));
#10950=CARTESIAN_POINT('',(0.014375,0.0098,-0.0012));
#10951=CARTESIAN_POINT('',(0.014375,0.0098,-0.0012));
#10952=CARTESIAN_POINT('',(0.014375,0.00795,-0.0012));
#10953=CARTESIAN_POINT('',(0.014375,0.0098,-0.00325));
#10954=CARTESIAN_POINT('',(0.015625,0.0098,-0.00325));
#10955=CARTESIAN_POINT('',(0.015625,0.0098,-0.0053));
#10956=CARTESIAN_POINT('',(0.014375,0.0098,-0.0053));
#10957=CARTESIAN_POINT('',(0.014375,0.0098,-0.0053));
#10958=CARTESIAN_POINT('',(0.014375,0.0098,-0.00325));
#10959=CARTESIAN_POINT('',(0.014375,0.00795,-0.0053));
#10960=CARTESIAN_POINT('',(0.015625,0.00795,-0.0053));
#10961=CARTESIAN_POINT('',(0.014375,0.00795,-0.0053));
#10962=CARTESIAN_POINT('',(0.014375,0.008,-0.00325));
#10963=CARTESIAN_POINT('',(0.015625,0.008,-0.00325));
#10964=CARTESIAN_POINT('',(0.015625,0.007325,-0.003925));
#10965=CARTESIAN_POINT('',(0.015625,0.00773786796564404,-0.00433786796564403));
#10966=CARTESIAN_POINT('',(0.015625,0.00678786796564404,-0.00338786796564404));
#10967=CARTESIAN_POINT('',(0.015625,0.007,-0.00317573593128807));
#10968=CARTESIAN_POINT('',(0.015625,0.0067,-0.00317573593128807));
#10969=CARTESIAN_POINT('',(0.015625,0.0067,-0.0023));
#10970=CARTESIAN_POINT('',(0.015625,0.0067,-0.0016));
#10971=CARTESIAN_POINT('',(0.015625,0.007,-0.0016));
#10972=CARTESIAN_POINT('',(0.015625,0.007,-0.0013));
#10973=CARTESIAN_POINT('',(0.015625,0.00795,-0.0013));
#10974=CARTESIAN_POINT('',(0.015625,0.0089,-0.0013));
#10975=CARTESIAN_POINT('',(0.015625,0.0089,-0.0016));
#10976=CARTESIAN_POINT('',(0.015625,0.0092,-0.0016));
#10977=CARTESIAN_POINT('',(0.015625,0.0092,-0.0023));
#10978=CARTESIAN_POINT('',(0.015625,0.0092,-0.00317573593128807));
#10979=CARTESIAN_POINT('',(0.015625,0.0089,-0.00317573593128807));
#10980=CARTESIAN_POINT('',(0.015625,0.00911213203435596,-0.00338786796564404));
#10981=CARTESIAN_POINT('',(0.015625,0.008575,-0.003925));
#10982=CARTESIAN_POINT('',(0.015625,0.00816213203435597,-0.00433786796564403));
#10983=CARTESIAN_POINT('',(0.015625,0.00795,-0.00412573593128807));
#10984=CARTESIAN_POINT('',(0.019125,0.00795,-0.0013));
#10985=CARTESIAN_POINT('',(0.019125,0.007,-0.0013));
#10986=CARTESIAN_POINT('',(0.017227583205044,0.00700000000009168,-0.0013));
#10987=CARTESIAN_POINT('',(0.0172230229881683,0.0089,-0.0013));
#10988=CARTESIAN_POINT('',(0.0172230229881683,0.0089,-0.0013));
#10989=CARTESIAN_POINT('',(0.019125,0.0089,-0.0013));
#10990=CARTESIAN_POINT('',(0.019125,0.0067,-0.0023));
#10991=CARTESIAN_POINT('',(0.00827081566121705,0.0067,-0.00512355118086851));
#10992=CARTESIAN_POINT('',(0.0177373353352027,0.0067,-0.00317573593128807));
#10993=CARTESIAN_POINT('',(0.017526803460191,0.00670000124101263,-0.0023419589635181));
#10994=CARTESIAN_POINT('',(0.017321457731124,0.0067,-0.00165746957711327));
#10995=CARTESIAN_POINT('',(0.0173042168579901,0.0067,-0.0016));
#10996=CARTESIAN_POINT('',(0.019125,0.0067,-0.0016));
#10997=CARTESIAN_POINT('',(0.019125,0.0067,-0.00317573593128807));
#10998=CARTESIAN_POINT('',(0.019125,0.007325,-0.003925));
#10999=CARTESIAN_POINT('',(0.019125,0.00773786796564404,-0.00433786796564403));
#11000=CARTESIAN_POINT('',(0.017895613178545,0.00773786796564404,-0.00433786796564403));
#11001=CARTESIAN_POINT('',(0.0178945756234857,0.00773786796564402,-0.00433786796564402));
#11002=CARTESIAN_POINT('',(0.0178765288826989,0.00742892094125216,-0.00402892094125216));
#11003=CARTESIAN_POINT('',(0.0178386491357936,0.00711225427458591,-0.00371225427458591));
#11004=CARTESIAN_POINT('',(0.0177809363827698,0.00678786796564527,-0.00338786796564527));
#11005=CARTESIAN_POINT('',(0.0177809363827696,0.00678786796564404,-0.00338786796564404));
#11006=CARTESIAN_POINT('',(0.019125,0.00678786796564404,-0.00338786796564404));
#11007=CARTESIAN_POINT('',(0.019125,0.008575,-0.003925));
#11008=CARTESIAN_POINT('',(0.019125,0.00911213203435596,-0.00338786796564404));
#11009=CARTESIAN_POINT('',(0.0177809363827693,0.00911213203435596,-0.00338786796564404));
#11010=CARTESIAN_POINT('',(0.0177809363827692,0.00911213203435819,-0.00338786796564181));
#11011=CARTESIAN_POINT('',(0.0178386491204233,0.00878774561713624,-0.00371225438286376));
#11012=CARTESIAN_POINT('',(0.0178765288673288,0.00847107895046883,-0.00402892104953117));
#11013=CARTESIAN_POINT('',(0.0178945756234857,0.00816213203435595,-0.00433786796564404));
#11014=CARTESIAN_POINT('',(0.0178945756234856,0.00816213203435597,-0.00433786796564403));
#11015=CARTESIAN_POINT('',(0.019125,0.00816213203435597,-0.00433786796564403));
#11016=CARTESIAN_POINT('',(0.019125,0.0092,-0.0023));
#11017=CARTESIAN_POINT('',(0.019125,0.0092,-0.0016));
#11018=CARTESIAN_POINT('',(0.0173042168579901,0.0092,-0.0016));
#11019=CARTESIAN_POINT('',(0.0175268044568716,0.0092,-0.00234195866293851));
#11020=CARTESIAN_POINT('',(0.0175268032232741,0.00919999957063349,-0.00234195903367561));
#11021=CARTESIAN_POINT('',(0.00827394734969391,0.0092,-0.00512274999451036));
#11022=CARTESIAN_POINT('',(0.0177374502388108,0.0092,-0.00317573593128807));
#11023=CARTESIAN_POINT('',(0.019125,0.0092,-0.00317573593128807));
#11024=CARTESIAN_POINT('',(0.019125,0.0089,-0.0016));
#11025=CARTESIAN_POINT('',(0.0172230229881683,0.0089,-0.0013));
#11026=CARTESIAN_POINT('',(0.0172230342206198,0.00903376607124143,-0.0013));
#11027=CARTESIAN_POINT('',(0.0172500988438937,0.00920000000000003,-0.00141960680588246));
#11028=CARTESIAN_POINT('',(0.0173042168579901,0.0092,-0.00160000000000005));
#11029=CARTESIAN_POINT('',(0.019125,0.0089,-0.00317573593128807));
#11030=CARTESIAN_POINT('',(0.0177374502388099,0.0092,-0.00317573593128357));
#11031=CARTESIAN_POINT('',(0.0177519456201295,0.00920000000000118,-0.00325427574762243));
#11032=CARTESIAN_POINT('',(0.017766441001449,0.00916766807108605,-0.0033323319289113));
#11033=CARTESIAN_POINT('',(0.0177809363827686,0.00911213203436102,-0.00338786796563898));
#11034=CARTESIAN_POINT('',(0.019125,0.00795,-0.00412573593128807));
#11035=CARTESIAN_POINT('',(0.0178945756234857,0.00816213203435598,-0.00433786796564402));
#11036=CARTESIAN_POINT('',(0.0179026024170676,0.00805106024880945,-0.00444893975119056));
#11037=CARTESIAN_POINT('',(0.0179026024170676,0.0078489403270054,-0.00444894032700543));
#11038=CARTESIAN_POINT('',(0.0178945756234857,0.00773786796564401,-0.00433786796564401));
#11039=CARTESIAN_POINT('',(0.019125,0.007,-0.00317573593128807));
#11040=CARTESIAN_POINT('',(0.0177809363827702,0.00678786796564671,-0.00338786796564671));
#11041=CARTESIAN_POINT('',(0.017766441001429,0.00673233192884446,-0.00333233192884586));
#11042=CARTESIAN_POINT('',(0.0177519456200879,0.00669999999991816,-0.00325427574742068));
#11043=CARTESIAN_POINT('',(0.0177374502387468,0.0067,-0.00317573593097547));
#11044=CARTESIAN_POINT('',(0.019125,0.007,-0.0016));
#11045=CARTESIAN_POINT('',(0.0173042168579901,0.0067,-0.00160000000000005));
#11046=CARTESIAN_POINT('',(0.0172501010810111,0.00669999999999997,-0.00141961381276249));
#11047=CARTESIAN_POINT('',(0.0172230364577372,0.00686622692187855,-0.0013));
#11048=CARTESIAN_POINT('',(0.0172230229881683,0.007,-0.0013));
#11049=CARTESIAN_POINT('',(0.0180870203864631,0.0068781499608716,-0.00423798554398901));
#11050=CARTESIAN_POINT('',(0.0180870203864631,0.00759271680957182,-0.00423798554398901));
#11051=CARTESIAN_POINT('',(0.0180870203864631,0.00830728365827203,-0.00423798554398901));
#11052=CARTESIAN_POINT('',(0.0180870203864631,0.00902185050697225,-0.00423798554398901));
#11053=CARTESIAN_POINT('',(0.0180389531863418,0.0068781499608716,-0.0035910269325313));
#11054=CARTESIAN_POINT('',(0.0180389531863418,0.00759271680957182,-0.0035910269325313));
#11055=CARTESIAN_POINT('',(0.0180389531863418,0.00830728365827203,-0.0035910269325313));
#11056=CARTESIAN_POINT('',(0.0180389531863418,0.00902185050697225,-0.0035910269325313));
#11057=CARTESIAN_POINT('',(0.0179160696288261,0.0068781499608716,-0.00293986144647671));
#11058=CARTESIAN_POINT('',(0.0179160696288261,0.00759271680957182,-0.00293986144647671));
#11059=CARTESIAN_POINT('',(0.0179160696288261,0.00830728365827203,-0.00293986144647671));
#11060=CARTESIAN_POINT('',(0.0179160696288261,0.00902185050697225,-0.00293986144647671));
#11061=CARTESIAN_POINT('',(0.0177183697139159,0.0068781499608716,-0.00228448908582524));
#11062=CARTESIAN_POINT('',(0.0177183697139159,0.00759271680957182,-0.00228448908582524));
#11063=CARTESIAN_POINT('',(0.0177183697139159,0.00830728365827203,-0.00228448908582524));
#11064=CARTESIAN_POINT('',(0.0177183697139159,0.00902185050697225,-0.00228448908582524));
#11065=CARTESIAN_POINT('',(0.0179333837336648,0.0089999999999994,-0.00313561030862247));
#11066=CARTESIAN_POINT('',(0.0179423852036958,0.00901597106795005,-0.00317956450459274));
#11067=CARTESIAN_POINT('',(0.0179492537986253,0.00899933912631409,-0.00321477968442977));
#11068=CARTESIAN_POINT('',(0.0179524197904487,0.00898861774047585,-0.00323111209422674));
#11069=CARTESIAN_POINT('',(0.0179524197904487,0.00898861774047636,-0.00323111209422715));
#11070=CARTESIAN_POINT('',(0.0179333837336648,0.0089999999999994,-0.00313561030862247));
#11071=CARTESIAN_POINT('',(0.0177183676714315,0.00899999786728591,-0.00228448969963765));
#11072=CARTESIAN_POINT('',(0.017802618242518,0.00899999282583277,-0.00256481919940956));
#11073=CARTESIAN_POINT('',(0.0178743793648342,0.00899998778437962,-0.00284890220808193));
#11074=CARTESIAN_POINT('',(0.0179333668304886,0.00899998274292646,-0.00313561378594398));
#11075=CARTESIAN_POINT('',(0.0177183689535058,0.00899999937242885,-0.00228448931516214));
#11076=CARTESIAN_POINT('',(0.0177183697139159,0.006,-0.00228448908582524));
#11077=CARTESIAN_POINT('',(0.0177183685779459,0.00690000101971733,-0.00228448942801093));
#11078=CARTESIAN_POINT('',(0.0179333661075079,0.00690001799521859,-0.00313561393484778));
#11079=CARTESIAN_POINT('',(0.0178743743372023,0.00690001309986305,-0.00284890334298216));
#11080=CARTESIAN_POINT('',(0.0178026131425797,0.0069000082045075,-0.00256482064317022));
#11081=CARTESIAN_POINT('',(0.0177183665447515,0.00690000330915194,-0.00228449003818334));
#11082=CARTESIAN_POINT('',(0.0179333837336422,0.0069,-0.00313561030851235));
#11083=CARTESIAN_POINT('',(0.0179524197904494,0.00691138225952679,-0.0032311120942308));
#11084=CARTESIAN_POINT('',(0.0179475811854838,0.00689499718404701,-0.00320615117090804));
#11085=CARTESIAN_POINT('',(0.01794159451224,0.00688543260574507,-0.00317570355664722));
#11086=CARTESIAN_POINT('',(0.0179333837336416,0.00690000000004181,-0.00313561030850907));
#11087=CARTESIAN_POINT('',(0.0179524197904494,0.00691138225952679,-0.0032311120942308));
#11088=CARTESIAN_POINT('',(0.0180834300670094,0.00787180411163104,-0.00418937910289917));
#11089=CARTESIAN_POINT('',(0.0180790234312968,0.00781453725670021,-0.00413219302904242));
#11090=CARTESIAN_POINT('',(0.0180639076966549,0.00765167915275236,-0.00396960525031696));
#11091=CARTESIAN_POINT('',(0.0180325702461352,0.00738239127825281,-0.00370085663511056));
#11092=CARTESIAN_POINT('',(0.0179889415436606,0.00711011982675758,-0.00342928460459315));
#11093=CARTESIAN_POINT('',(0.0179612290336055,0.00695696089296862,-0.00327655635854053));
#11094=CARTESIAN_POINT('',(0.0179524197904494,0.00691138225952713,-0.00323111209423063));
#11095=CARTESIAN_POINT('',(0.0180834300670094,0.00787180411163104,-0.00418937910289917));
#11096=CARTESIAN_POINT('',(0.0180834300670094,0.00802819588836896,-0.00418937910289919));
#11097=CARTESIAN_POINT('',(0.0180862650621982,0.00799784177148832,-0.00422616958316872));
#11098=CARTESIAN_POINT('',(0.01808618569777,0.00795284645046892,-0.00422745571571133));
#11099=CARTESIAN_POINT('',(0.0180860918830668,0.00790030434579254,-0.00422392219190778));
#11100=CARTESIAN_POINT('',(0.0180834300670094,0.00787180411163103,-0.00418937910289919));
#11101=CARTESIAN_POINT('',(0.0180834300670094,0.00802819588836896,-0.00418937910289919));
#11102=CARTESIAN_POINT('',(0.0179524197904487,0.00898861774047636,-0.00323111209422715));
#11103=CARTESIAN_POINT('',(0.0179541822104198,0.00897949905753296,-0.00324020389446143));
#11104=CARTESIAN_POINT('',(0.0179624018892166,0.00893898210897841,-0.00328059694962855));
#11105=CARTESIAN_POINT('',(0.017998971910906,0.00873094947458434,-0.00348805738500303));
#11106=CARTESIAN_POINT('',(0.0180128562032672,0.0086398899535478,-0.00357889168299695));
#11107=CARTESIAN_POINT('',(0.0180354233802384,0.00848897929473761,-0.00372943461112639));
#11108=CARTESIAN_POINT('',(0.0180650696859421,0.0082411044262933,-0.00397680308237715));
#11109=CARTESIAN_POINT('',(0.0180789509021634,0.00808640530233413,-0.00413125179934996));
#11110=CARTESIAN_POINT('',(0.0180834300670094,0.00802819588836894,-0.00418937910289919));
#11111=CARTESIAN_POINT('',(0.0176023661831359,0.006,-0.00189781064989211));
#11112=CARTESIAN_POINT('',(0.0174804925652816,0.00700000000001907,-0.00149156525704423));
#11113=CARTESIAN_POINT('',(0.0174803179087847,0.00694649241234155,-0.00149098306872126));
#11114=CARTESIAN_POINT('',(0.0174828350354428,0.00692128752636709,-0.00149937349091492));
#11115=CARTESIAN_POINT('',(0.0174957821150343,0.0069,-0.00154253042288675));
#11116=CARTESIAN_POINT('',(0.0174804925652816,0.00700000000001907,-0.00149156525704423));
#11117=CARTESIAN_POINT('',(0.0174957821150343,0.0069,-0.00154253042288675));
#11118=CARTESIAN_POINT('',(0.0177183697139159,0.0069,-0.00228448908582524));
#11119=CARTESIAN_POINT('',(0.0175130229881683,0.009,-0.0016));
#11120=CARTESIAN_POINT('',(0.0174957821150343,0.009,-0.00154253042288675));
#11121=CARTESIAN_POINT('',(0.0174957821150343,0.009,-0.00154253042288675));
#11122=CARTESIAN_POINT('',(0.017489145089502,0.00898908786795633,-0.00152040700444565));
#11123=CARTESIAN_POINT('',(0.0174785295657429,0.00894543977160847,-0.00148502192524868));
#11124=CARTESIAN_POINT('',(0.0174804894015732,0.00892881428827142,-0.00149155471134973));
#11125=CARTESIAN_POINT('',(0.0174804925652816,0.0089,-0.00149156525704423));
#11126=CARTESIAN_POINT('',(0.0174804925652816,0.0089,-0.00149156525704423));
#11127=CARTESIAN_POINT('',(0.0174804925652816,0.007,-0.00149156525704423));
#11128=CARTESIAN_POINT('',(0.0179524197904487,0.00898861774047585,-0.00323111209422674));
#11129=CARTESIAN_POINT('',(0.0179492537986253,0.00899933912631409,-0.00321477968442978));
#11130=CARTESIAN_POINT('',(0.0179423852036958,0.00901597106795005,-0.00317956450459274));
#11131=CARTESIAN_POINT('',(0.0179333837336648,0.0089999999999994,-0.00313561030862247));
#11132=CARTESIAN_POINT('',(0.0177809363827686,0.00911213203436102,-0.00338786796563898));
#11133=CARTESIAN_POINT('',(0.0177746073843156,0.00914329005533484,-0.00335670994466367));
#11134=CARTESIAN_POINT('',(0.0177611554574888,0.00920000000000174,-0.00329148825495064));
#11135=CARTESIAN_POINT('',(0.0177374502388099,0.0092,-0.00317573593128356));
#11136=CARTESIAN_POINT('',(0.0179524197904487,0.00898861774047585,-0.00323111209422674));
#11137=CARTESIAN_POINT('',(0.0178952586545553,0.00902978917177091,-0.00328336405136415));
#11138=CARTESIAN_POINT('',(0.017838097518662,0.00907096060306596,-0.00333561600850157));
#11139=CARTESIAN_POINT('',(0.0177809363827686,0.00911213203436102,-0.00338786796563898));
#11140=CARTESIAN_POINT('',(0.017933366830489,0.00899998274292617,-0.00313561378594455));
#11141=CARTESIAN_POINT('',(0.0178680555446682,0.00906664953842667,-0.00314898776386633));
#11142=CARTESIAN_POINT('',(0.0178027445059179,0.00913331633392716,-0.0031623629455637));
#11143=CARTESIAN_POINT('',(0.0177374337142716,0.00919998312942766,-0.00317573933102983));
#11144=CARTESIAN_POINT('',(0.00827394734969391,0.00919999999999173,-0.00512274999451881));
#11145=CARTESIAN_POINT('',(0.0177183696340959,0.00900000008333455,-0.00228448910977125));
#11146=CARTESIAN_POINT('',(0.0176545145750211,0.00906666672222303,-0.00230364562749367));
#11147=CARTESIAN_POINT('',(0.0175906595159464,0.00913333336111152,-0.00232280214521609));
#11148=CARTESIAN_POINT('',(0.0175268044568717,0.0092,-0.00234195866293851));
#11149=CARTESIAN_POINT('',(0.0180834300670094,0.00802819588836894,-0.00418937910289919));
#11150=CARTESIAN_POINT('',(0.0180744717373174,0.00814461471629933,-0.00407312449580072));
#11151=CARTESIAN_POINT('',(0.0180547210478656,0.00834374635274244,-0.00387434502738675));
#11152=CARTESIAN_POINT('',(0.0180236664984022,0.00856751073237029,-0.00365109482627826));
#11153=CARTESIAN_POINT('',(0.0180180622200305,0.00860535357370618,-0.00361334346399871));
#11154=CARTESIAN_POINT('',(0.018008663883293,0.00866705184236572,-0.00355179753469625));
#11155=CARTESIAN_POINT('',(0.0180035906116302,0.00869977586640551,-0.00351915544526055));
#11156=CARTESIAN_POINT('',(0.0179867913004057,0.00880111412054901,-0.00341808394561865));
#11157=CARTESIAN_POINT('',(0.017974617009099,0.00887019735744246,-0.00334919108940956));
#11158=CARTESIAN_POINT('',(0.0179582669371656,0.00895868112332695,-0.00326095976072214));
#11159=CARTESIAN_POINT('',(0.0179541822104198,0.00897949905753296,-0.00324020389446143));
#11160=CARTESIAN_POINT('',(0.0179524197904487,0.00898861774047636,-0.00323111209422715));
#11161=CARTESIAN_POINT('',(0.0178945756234856,0.00816213203435596,-0.00433786796564405));
#11162=CARTESIAN_POINT('',(0.0178878600373841,0.0082770978264317,-0.00422290217356829));
#11163=CARTESIAN_POINT('',(0.0178718476438249,0.00847392396567824,-0.00402607603432175));
#11164=CARTESIAN_POINT('',(0.0178448240013825,0.00869528369576021,-0.00380471630423979));
#11165=CARTESIAN_POINT('',(0.0178398948436836,0.00873272772267974,-0.00376727227732026));
#11166=CARTESIAN_POINT('',(0.0178315925754751,0.00879378122364354,-0.00370621877635646));
#11167=CARTESIAN_POINT('',(0.0178270989844383,0.00882616525104744,-0.00367383474895255));
#11168=CARTESIAN_POINT('',(0.0178120759230632,0.00892647261139108,-0.00357352738860891));
#11169=CARTESIAN_POINT('',(0.0178011002200024,0.00899486737670243,-0.00350513262329757));
#11170=CARTESIAN_POINT('',(0.0177862732156533,0.0090824833102512,-0.0034175166897488));
#11171=CARTESIAN_POINT('',(0.0177825429570758,0.00910310195010866,-0.00339689804989134));
#11172=CARTESIAN_POINT('',(0.0177809363827693,0.00911213203435819,-0.00338786796564181));
#11173=CARTESIAN_POINT('',(0.0180834300670094,0.00802819588836894,-0.00418937910289919));
#11174=CARTESIAN_POINT('',(0.0180204785858348,0.00807284127036461,-0.00423887539048081));
#11175=CARTESIAN_POINT('',(0.0179575271046603,0.00811748665236029,-0.00428837167806243));
#11176=CARTESIAN_POINT('',(0.0178945756234856,0.00816213203435596,-0.00433786796564405));
#11177=CARTESIAN_POINT('',(0.0176023661831359,0.009,-0.00189781064989211));
#11178=CARTESIAN_POINT('',(0.0173042168579901,0.0092,-0.00160000000000002));
#11179=CARTESIAN_POINT('',(0.0173680719436715,0.00913333333333333,-0.0015808434742956));
#11180=CARTESIAN_POINT('',(0.0174319270293529,0.00906666666666667,-0.00156168694859117));
#11181=CARTESIAN_POINT('',(0.0174957821150343,0.009,-0.00154253042288675));
#11182=CARTESIAN_POINT('',(0.0180834300670094,0.00787180411163103,-0.00418937910289919));
#11183=CARTESIAN_POINT('',(0.0180860918830668,0.00790030434579254,-0.00422392219190778));
#11184=CARTESIAN_POINT('',(0.0180861967430068,0.00792953935315594,-0.00422645378477142));
#11185=CARTESIAN_POINT('',(0.0180861747562985,0.00796166995525404,-0.00422614931005147));
#11186=CARTESIAN_POINT('',(0.0180860767260338,0.00797153444669486,-0.00422477695578673));
#11187=CARTESIAN_POINT('',(0.0180854504423203,0.00799586544824755,-0.00421619441610851));
#11188=CARTESIAN_POINT('',(0.0180848475646038,0.00801301882992864,-0.00420777434303395));
#11189=CARTESIAN_POINT('',(0.0180834300670094,0.00802819588836896,-0.00418937910289919));
#11190=CARTESIAN_POINT('',(0.0178945756234856,0.00773786796564401,-0.00433786796564401));
#11191=CARTESIAN_POINT('',(0.0179006146477363,0.00782143417137604,-0.00442143417137606));
#11192=CARTESIAN_POINT('',(0.0179006171204978,0.00789611853134489,-0.00442620053109787));
#11193=CARTESIAN_POINT('',(0.0179005711693012,0.00798073186199875,-0.00442548766148977));
#11194=CARTESIAN_POINT('',(0.0179003692370413,0.00800666352045386,-0.00442229001562948));
#11195=CARTESIAN_POINT('',(0.017899042620083,0.00807156821339033,-0.00440209846308803));
#11196=CARTESIAN_POINT('',(0.0178977980604916,0.00811754114903986,-0.00438245885096014));
#11197=CARTESIAN_POINT('',(0.0178945756234856,0.00816213203435598,-0.00433786796564402));
#11198=CARTESIAN_POINT('',(0.0180834300670094,0.00787180411163103,-0.00418937910289919));
#11199=CARTESIAN_POINT('',(0.0180204785858348,0.00782715872963536,-0.00423887539048079));
#11200=CARTESIAN_POINT('',(0.0179575271046603,0.00778251334763968,-0.0042883716780624));
#11201=CARTESIAN_POINT('',(0.0178945756234856,0.00773786796564401,-0.00433786796564401));
#11202=CARTESIAN_POINT('',(0.0174957821150343,0.009,-0.00154253042288675));
#11203=CARTESIAN_POINT('',(0.0174896173776144,0.0089898643709577,-0.0015219812981539));
#11204=CARTESIAN_POINT('',(0.0174842545795432,0.00897223354523611,-0.00150410530458292));
#11205=CARTESIAN_POINT('',(0.0174803828186888,0.0089421763646737,-0.00149119943506831));
#11206=CARTESIAN_POINT('',(0.017479941587206,0.00893231037780567,-0.00148972866345882));
#11207=CARTESIAN_POINT('',(0.0174798210802305,0.00892362911450754,-0.0014893269735406));
#11208=CARTESIAN_POINT('',(0.017479811752179,0.00892280440751847,-0.00148929588003571));
#11209=CARTESIAN_POINT('',(0.0174799404627298,0.00891546109968191,-0.00148972491520505));
#11210=CARTESIAN_POINT('',(0.0174804915735427,0.0089090325165037,-0.0014915619512482));
#11211=CARTESIAN_POINT('',(0.0174804925652816,0.0089,-0.00149156525704423));
#11212=CARTESIAN_POINT('',(0.0173042168579901,0.0092,-0.00160000000000005));
#11213=CARTESIAN_POINT('',(0.017288405334363,0.0092,-0.00154729497564552));
#11214=CARTESIAN_POINT('',(0.0172711250516876,0.00918699929521268,-0.00148673516232729));
#11215=CARTESIAN_POINT('',(0.0172475285201961,0.00912489590072132,-0.00139820502096151));
#11216=CARTESIAN_POINT('',(0.0172405278492204,0.00909551498425706,-0.00137081207743013));
#11217=CARTESIAN_POINT('',(0.0172345486341755,0.00906189197211876,-0.0013470587171027));
#11218=CARTESIAN_POINT('',(0.0172339672593518,0.00905896266196774,-0.0013447465208587));
#11219=CARTESIAN_POINT('',(0.017229187156284,0.00902261987657223,-0.00132543155246274));
#11220=CARTESIAN_POINT('',(0.017223030544699,0.00898998992089287,-0.00129999999999993));
#11221=CARTESIAN_POINT('',(0.0172230229881683,0.00889999999999979,-0.0013));
#11222=CARTESIAN_POINT('',(0.0174804925652816,0.0089,-0.00149156525704423));
#11223=CARTESIAN_POINT('',(0.0173946693729105,0.0089,-0.00142771017136282));
#11224=CARTESIAN_POINT('',(0.0173088461805394,0.0089,-0.00136385508568141));
#11225=CARTESIAN_POINT('',(0.0172230229881683,0.0089,-0.0013));
#11226=CARTESIAN_POINT('',(0.0179524197904494,0.00691138225952713,-0.00323111209423063));
#11227=CARTESIAN_POINT('',(0.0179700382767615,0.00700253952641011,-0.00332200062285043));
#11228=CARTESIAN_POINT('',(0.0180070742025324,0.00721225816476623,-0.00353113878555195));
#11229=CARTESIAN_POINT('',(0.018053969205753,0.00755152986607416,-0.00386963334623217));
#11230=CARTESIAN_POINT('',(0.0180746167955841,0.00775727040176938,-0.00407500695518567));
#11231=CARTESIAN_POINT('',(0.0180834300670094,0.00787180411163104,-0.00418937910289917));
#11232=CARTESIAN_POINT('',(0.0177809363827699,0.00678786796564527,-0.00338786796564527));
#11233=CARTESIAN_POINT('',(0.0177970007731142,0.00687816115070644,-0.00347816115070643));
#11234=CARTESIAN_POINT('',(0.0178303993043199,0.00708577935313886,-0.00368577935313886));
#11235=CARTESIAN_POINT('',(0.0178711791006677,0.00742140085131491,-0.0040214008513149));
#11236=CARTESIAN_POINT('',(0.0178879690240287,0.00762476780713369,-0.00422476780713369));
#11237=CARTESIAN_POINT('',(0.0178945756234856,0.00773786796564402,-0.00433786796564401));
#11238=CARTESIAN_POINT('',(0.0179524197904494,0.00691138225952713,-0.00323111209423063));
#11239=CARTESIAN_POINT('',(0.0178952586545563,0.00687021082823318,-0.00328336405136885));
#11240=CARTESIAN_POINT('',(0.0178380975186631,0.00682903939693922,-0.00333561600850706));
#11241=CARTESIAN_POINT('',(0.0177809363827699,0.00678786796564527,-0.00338786796564527));
#11242=CARTESIAN_POINT('',(0.0174804925652816,0.006,-0.00149156525704423));
#11243=CARTESIAN_POINT('',(0.0172230229881683,0.00700000000018335,-0.0013));
#11244=CARTESIAN_POINT('',(0.0173088461805394,0.00700000000012859,-0.00136385508568141));
#11245=CARTESIAN_POINT('',(0.0173946693729105,0.00700000000007383,-0.00142771017136282));
#11246=CARTESIAN_POINT('',(0.0174804925652816,0.00700000000001907,-0.00149156525704423));
#11247=CARTESIAN_POINT('',(0.0179333837336416,0.00690000000004181,-0.00313561030850907));
#11248=CARTESIAN_POINT('',(0.01794159451224,0.00688543260574507,-0.00317570355664722));
#11249=CARTESIAN_POINT('',(0.0179475811854838,0.00689499718404701,-0.00320615117090804));
#11250=CARTESIAN_POINT('',(0.0179524197904494,0.00691138225952679,-0.0032311120942308));
#11251=CARTESIAN_POINT('',(0.0177374502387468,0.0067,-0.00317573593097547));
#11252=CARTESIAN_POINT('',(0.0177594024286853,0.00669999999988831,-0.00328292815897317));
#11253=CARTESIAN_POINT('',(0.017771150182633,0.00673969045314146,-0.00333969045314267));
#11254=CARTESIAN_POINT('',(0.0177809363827702,0.00678786796564672,-0.00338786796564671));
#11255=CARTESIAN_POINT('',(0.017737377890578,0.00669996128564543,-0.00317575076389105));
#11256=CARTESIAN_POINT('',(0.0178027070447424,0.00676664685551012,-0.00316237059575252));
#11257=CARTESIAN_POINT('',(0.0178680364504038,0.00683333242537482,-0.00314899165273324));
#11258=CARTESIAN_POINT('',(0.0179333661075277,0.00690001799523951,-0.00313561393484028));
#11259=CARTESIAN_POINT('',(0.0174804925652816,0.00700000000001907,-0.00149156525704423));
#11260=CARTESIAN_POINT('',(0.0174804914195158,0.00699049153799567,-0.00149156143782497));
#11261=CARTESIAN_POINT('',(0.0174797796218957,0.00698380356634101,-0.00148918877909134));
#11262=CARTESIAN_POINT('',(0.0174799113500658,0.00696610948153239,-0.00148962787299188));
#11263=CARTESIAN_POINT('',(0.0174805554944135,0.00695598046951829,-0.00149177502081733));
#11264=CARTESIAN_POINT('',(0.0174845086232538,0.00692692659258738,-0.00150495211695189));
#11265=CARTESIAN_POINT('',(0.0174896877281075,0.00691002036184909,-0.0015222157997973));
#11266=CARTESIAN_POINT('',(0.0174957821150343,0.0069,-0.00154253042288675));
#11267=CARTESIAN_POINT('',(0.0172230229881683,0.00700000000018336,-0.0013));
#11268=CARTESIAN_POINT('',(0.0172230324890892,0.00690564156587205,-0.00129999999994233));
#11269=CARTESIAN_POINT('',(0.0172294866454947,0.00686862062758147,-0.00132686065923881));
#11270=CARTESIAN_POINT('',(0.0172415676347954,0.00679690264135773,-0.00137501755205999));
#11271=CARTESIAN_POINT('',(0.0172489090953833,0.0067707055280477,-0.00140347295103425));
#11272=CARTESIAN_POINT('',(0.0172719338902221,0.0067125965083745,-0.00148957094415983));
#11273=CARTESIAN_POINT('',(0.0172885570413407,0.0067,-0.00154780053478085));
#11274=CARTESIAN_POINT('',(0.0173042168579901,0.0067,-0.00160000000000005));
#11275=CARTESIAN_POINT('',(0.0174957821150343,0.0069,-0.00154253042288673));
#11276=CARTESIAN_POINT('',(0.0174319270293529,0.00683333333333333,-0.00156168694859115));
#11277=CARTESIAN_POINT('',(0.0173680719436715,0.00676666666666667,-0.00158084347429558));
#11278=CARTESIAN_POINT('',(0.0173042168579901,0.0067,-0.0016));
#11279=CARTESIAN_POINT('',(0.00827081566121705,0.00669999999999368,-0.00512355118086219));
#11280=CARTESIAN_POINT('',(0.0175268045526518,0.00670000009999741,-0.00234195863420447));
#11281=CARTESIAN_POINT('',(0.0175906595797995,0.00676666670555312,-0.00232280212606015));
#11282=CARTESIAN_POINT('',(0.0176545146069473,0.00683333331110882,-0.00230364561791583));
#11283=CARTESIAN_POINT('',(0.017718369634095,0.00689999991666453,-0.00228448910977151));
#11284=CARTESIAN_POINT('',(0.0176023661831359,0.0069,-0.00189781064989211));
#11285=CARTESIAN_POINT('',(0.,0.,0.));
#11286=CARTESIAN_POINT('',(-0.01,0.0575998087670709,-0.005));
#11287=CARTESIAN_POINT('',(-0.0173496818330762,-0.004,-0.005));
#11288=CARTESIAN_POINT('',(-0.0173496818330763,0.,-0.005));
#11289=CARTESIAN_POINT('',(-0.0173496818330762,-0.0075,-0.005));
#11290=CARTESIAN_POINT('',(-0.0163484840111874,-0.0075,-0.005));
#11291=CARTESIAN_POINT('',(-0.0163484840111874,-0.0075,-0.005));
#11292=CARTESIAN_POINT('',(-0.0163484840111874,-0.004,-0.005));
#11293=CARTESIAN_POINT('',(-0.0163484840111874,-0.004,-0.005));
#11294=CARTESIAN_POINT('',(-0.0160234840111874,-0.004,-0.005));
#11295=CARTESIAN_POINT('',(-0.0156984840111874,-0.004,-0.005));
#11296=CARTESIAN_POINT('',(-0.0156984840111874,-0.004,-0.005));
#11297=CARTESIAN_POINT('',(-0.0156984840111874,0.004,-0.005));
#11298=CARTESIAN_POINT('',(-0.0160234840111874,0.004,-0.005));
#11299=CARTESIAN_POINT('',(-0.0163484840111874,0.004,-0.005));
#11300=CARTESIAN_POINT('',(-0.0163484840111874,0.004,-0.005));
#11301=CARTESIAN_POINT('',(-0.0163484840111874,0.0075,-0.005));
#11302=CARTESIAN_POINT('',(-0.0173496818330762,0.0075,-0.005));
#11303=CARTESIAN_POINT('',(-0.0173496818330763,0.0075,-0.005));
#11304=CARTESIAN_POINT('',(-0.0173496818330763,0.004,-0.005));
#11305=CARTESIAN_POINT('',(-0.0165240829221318,0.003,-0.005));
#11306=CARTESIAN_POINT('',(-0.0163496818330763,0.003,-0.005));
#11307=CARTESIAN_POINT('',(-0.0169496818330763,0.003,-0.005));
#11308=CARTESIAN_POINT('',(-0.0163496818330763,-3.46944695195361E-18,-0.005));
#11309=CARTESIAN_POINT('',(-0.0163496818330763,-0.003,-0.005));
#11310=CARTESIAN_POINT('',(-0.0165240829221318,-0.003,-0.005));
#11311=CARTESIAN_POINT('',(-0.0169496818330763,-0.003,-0.005));
#11312=CARTESIAN_POINT('',(-0.0169496818330763,-3.46944695195361E-18,-0.005));
#11313=CARTESIAN_POINT('',(0.0085,0.0065,-0.007));
#11314=CARTESIAN_POINT('',(0.,0.003,-0.007));
#11315=CARTESIAN_POINT('',(0.013,0.003,-0.007));
#11316=CARTESIAN_POINT('',(-0.013,0.003,-0.007));
#11317=CARTESIAN_POINT('',(-0.013,0.003,-0.007));
#11318=CARTESIAN_POINT('',(-0.013,0.005,-0.007));
#11319=CARTESIAN_POINT('',(-2.66880534765663E-19,0.005,-0.007));
#11320=CARTESIAN_POINT('',(0.013,0.005,-0.007));
#11321=CARTESIAN_POINT('',(0.013,0.003,-0.007));
#11322=CARTESIAN_POINT('',(0.,-0.005,-0.007));
#11323=CARTESIAN_POINT('',(0.013,-0.005,-0.007));
#11324=CARTESIAN_POINT('',(-0.013,-0.005,-0.007));
#11325=CARTESIAN_POINT('',(-0.013,-0.005,-0.007));
#11326=CARTESIAN_POINT('',(-0.013,-0.003,-0.007));
#11327=CARTESIAN_POINT('',(2.66880534765663E-19,-0.003,-0.007));
#11328=CARTESIAN_POINT('',(0.013,-0.003,-0.007));
#11329=CARTESIAN_POINT('',(0.013,-0.005,-0.007));
#11330=CARTESIAN_POINT('',(0.0118,0.0065,-0.007));
#11331=CARTESIAN_POINT('',(0.0118,-0.0104,-0.007));
#11332=CARTESIAN_POINT('',(0.0118,-0.0056,-0.007));
#11333=CARTESIAN_POINT('',(0.0085,-0.0056,-0.007));
#11334=CARTESIAN_POINT('',(0.014,-0.0056,-0.007));
#11335=CARTESIAN_POINT('',(0.014,0.0065,-0.007));
#11336=CARTESIAN_POINT('',(0.014,-0.0024,-0.007));
#11337=CARTESIAN_POINT('',(0.0118,-0.0024,-0.007));
#11338=CARTESIAN_POINT('',(0.0118,-0.0024,-0.007));
#11339=CARTESIAN_POINT('',(0.0118,0.0065,-0.007));
#11340=CARTESIAN_POINT('',(0.0118,0.0024,-0.007));
#11341=CARTESIAN_POINT('',(0.0085,0.0024,-0.007));
#11342=CARTESIAN_POINT('',(0.014,0.0024,-0.007));
#11343=CARTESIAN_POINT('',(0.014,0.0065,-0.007));
#11344=CARTESIAN_POINT('',(0.014,0.0056,-0.007));
#11345=CARTESIAN_POINT('',(0.0118,0.0056,-0.007));
#11346=CARTESIAN_POINT('',(0.0118,0.0056,-0.007));
#11347=CARTESIAN_POINT('',(0.0118,0.0065,-0.007));
#11348=CARTESIAN_POINT('',(0.0118,0.0104,-0.007));
#11349=CARTESIAN_POINT('',(0.0085,0.0104,-0.007));
#11350=CARTESIAN_POINT('',(0.014,0.0104,-0.007));
#11351=CARTESIAN_POINT('',(0.014,0.0065,-0.007));
#11352=CARTESIAN_POINT('',(0.014,0.014,-0.007));
#11353=CARTESIAN_POINT('',(0.013,0.014,-0.007));
#11354=CARTESIAN_POINT('',(0.013,0.015,-0.007));
#11355=CARTESIAN_POINT('',(0.0085,0.015,-0.007));
#11356=CARTESIAN_POINT('',(0.0127320508075689,0.015,-0.007));
#11357=CARTESIAN_POINT('',(0.0127320508075689,0.016,-0.007));
#11358=CARTESIAN_POINT('',(0.0118660254037844,0.0155,-0.007));
#11359=CARTESIAN_POINT('',(0.0115773502691896,0.016,-0.007));
#11360=CARTESIAN_POINT('',(0.0112886751345948,0.0165,-0.007));
#11361=CARTESIAN_POINT('',(0.0104226497308104,0.016,-0.007));
#11362=CARTESIAN_POINT('',(0.0104226497308104,0.017,-0.007));
#11363=CARTESIAN_POINT('',(0.0075,0.017,-0.007));
#11364=CARTESIAN_POINT('',(0.00457735026918963,0.017,-0.007));
#11365=CARTESIAN_POINT('',(0.00457735026918963,0.016,-0.007));
#11366=CARTESIAN_POINT('',(0.00371132486540518,0.0165,-0.007));
#11367=CARTESIAN_POINT('',(0.00342264973081038,0.016,-0.007));
#11368=CARTESIAN_POINT('',(0.00313397459621556,0.0155,-0.007));
#11369=CARTESIAN_POINT('',(0.00226794919243112,0.016,-0.007));
#11370=CARTESIAN_POINT('',(0.00226794919243112,0.015,-0.007));
#11371=CARTESIAN_POINT('',(0.0085,0.015,-0.007));
#11372=CARTESIAN_POINT('',(-0.00226794919243112,0.015,-0.007));
#11373=CARTESIAN_POINT('',(-0.00226794919243112,0.016,-0.007));
#11374=CARTESIAN_POINT('',(-0.00313397459621556,0.0155,-0.007));
#11375=CARTESIAN_POINT('',(-0.00342264973081038,0.016,-0.007));
#11376=CARTESIAN_POINT('',(-0.00371132486540518,0.0165,-0.007));
#11377=CARTESIAN_POINT('',(-0.00457735026918963,0.016,-0.007));
#11378=CARTESIAN_POINT('',(-0.00457735026918963,0.017,-0.007));
#11379=CARTESIAN_POINT('',(-0.0075,0.017,-0.007));
#11380=CARTESIAN_POINT('',(-0.0104226497308104,0.017,-0.007));
#11381=CARTESIAN_POINT('',(-0.0104226497308104,0.016,-0.007));
#11382=CARTESIAN_POINT('',(-0.0112886751345948,0.0165,-0.007));
#11383=CARTESIAN_POINT('',(-0.0115773502691896,0.016,-0.007));
#11384=CARTESIAN_POINT('',(-0.0118660254037844,0.0155,-0.007));
#11385=CARTESIAN_POINT('',(-0.0127320508075689,0.016,-0.007));
#11386=CARTESIAN_POINT('',(-0.0127320508075689,0.015,-0.007));
#11387=CARTESIAN_POINT('',(0.0085,0.015,-0.007));
#11388=CARTESIAN_POINT('',(-0.013,0.015,-0.007));
#11389=CARTESIAN_POINT('',(-0.013,0.014,-0.007));
#11390=CARTESIAN_POINT('',(-0.014,0.014,-0.007));
#11391=CARTESIAN_POINT('',(-0.014,0.0065,-0.007));
#11392=CARTESIAN_POINT('',(-0.014,0.0085,-0.007));
#11393=CARTESIAN_POINT('',(-0.0145,0.0085,-0.007));
#11394=CARTESIAN_POINT('',(-0.0145,0.008,-0.007));
#11395=CARTESIAN_POINT('',(-0.0145,0.008,-0.007));
#11396=CARTESIAN_POINT('',(-0.0145,0.00533333333333333,-0.007));
#11397=CARTESIAN_POINT('',(-0.0145,0.00266666666666667,-0.007));
#11398=CARTESIAN_POINT('',(-0.0145,0.,-0.007));
#11399=CARTESIAN_POINT('',(-0.0145,0.,-0.007));
#11400=CARTESIAN_POINT('',(-0.0145,0.,-0.007));
#11401=CARTESIAN_POINT('',(-0.0145,-0.00266666666666667,-0.007));
#11402=CARTESIAN_POINT('',(-0.0145,-0.00533333333333333,-0.007));
#11403=CARTESIAN_POINT('',(-0.0145,-0.008,-0.007));
#11404=CARTESIAN_POINT('',(-0.0145,-0.008,-0.007));
#11405=CARTESIAN_POINT('',(-0.0145,-0.0085,-0.007));
#11406=CARTESIAN_POINT('',(-0.014,-0.0085,-0.007));
#11407=CARTESIAN_POINT('',(-0.014,0.0065,-0.007));
#11408=CARTESIAN_POINT('',(-0.014,-0.014,-0.007));
#11409=CARTESIAN_POINT('',(-0.013,-0.014,-0.007));
#11410=CARTESIAN_POINT('',(-0.013,-0.015,-0.007));
#11411=CARTESIAN_POINT('',(0.0085,-0.015,-0.007));
#11412=CARTESIAN_POINT('',(-0.0127320508075689,-0.015,-0.007));
#11413=CARTESIAN_POINT('',(-0.0127320508075689,-0.016,-0.007));
#11414=CARTESIAN_POINT('',(-0.0118660254037844,-0.0155,-0.007));
#11415=CARTESIAN_POINT('',(-0.0115773502691896,-0.016,-0.007));
#11416=CARTESIAN_POINT('',(-0.0112886751345948,-0.0165,-0.007));
#11417=CARTESIAN_POINT('',(-0.0104226497308104,-0.016,-0.007));
#11418=CARTESIAN_POINT('',(-0.0104226497308104,-0.017,-0.007));
#11419=CARTESIAN_POINT('',(-0.0075,-0.017,-0.007));
#11420=CARTESIAN_POINT('',(-0.00457735026918963,-0.017,-0.007));
#11421=CARTESIAN_POINT('',(-0.00457735026918963,-0.016,-0.007));
#11422=CARTESIAN_POINT('',(-0.00371132486540518,-0.0165,-0.007));
#11423=CARTESIAN_POINT('',(-0.00342264973081038,-0.016,-0.007));
#11424=CARTESIAN_POINT('',(-0.00313397459621556,-0.0155,-0.007));
#11425=CARTESIAN_POINT('',(-0.00226794919243112,-0.016,-0.007));
#11426=CARTESIAN_POINT('',(-0.00226794919243112,-0.015,-0.007));
#11427=CARTESIAN_POINT('',(0.0085,-0.015,-0.007));
#11428=CARTESIAN_POINT('',(0.00226794919243112,-0.015,-0.007));
#11429=CARTESIAN_POINT('',(0.00226794919243112,-0.016,-0.007));
#11430=CARTESIAN_POINT('',(0.00313397459621556,-0.0155,-0.007));
#11431=CARTESIAN_POINT('',(0.00342264973081038,-0.016,-0.007));
#11432=CARTESIAN_POINT('',(0.00371132486540518,-0.0165,-0.007));
#11433=CARTESIAN_POINT('',(0.00457735026918963,-0.016,-0.007));
#11434=CARTESIAN_POINT('',(0.00457735026918963,-0.017,-0.007));
#11435=CARTESIAN_POINT('',(0.0075,-0.017,-0.007));
#11436=CARTESIAN_POINT('',(0.0104226497308104,-0.017,-0.007));
#11437=CARTESIAN_POINT('',(0.0104226497308104,-0.016,-0.007));
#11438=CARTESIAN_POINT('',(0.0112886751345948,-0.0165,-0.007));
#11439=CARTESIAN_POINT('',(0.0115773502691896,-0.016,-0.007));
#11440=CARTESIAN_POINT('',(0.0118660254037844,-0.0155,-0.007));
#11441=CARTESIAN_POINT('',(0.0127320508075689,-0.016,-0.007));
#11442=CARTESIAN_POINT('',(0.0127320508075689,-0.015,-0.007));
#11443=CARTESIAN_POINT('',(0.0085,-0.015,-0.007));
#11444=CARTESIAN_POINT('',(0.013,-0.015,-0.007));
#11445=CARTESIAN_POINT('',(0.013,-0.014,-0.007));
#11446=CARTESIAN_POINT('',(0.014,-0.014,-0.007));
#11447=CARTESIAN_POINT('',(0.014,0.0065,-0.007));
#11448=CARTESIAN_POINT('',(0.014,-0.0104,-0.007));
#11449=CARTESIAN_POINT('',(0.0118,-0.0104,-0.007));
#11450=CARTESIAN_POINT('',(-0.013,-0.008,-0.007));
#11451=CARTESIAN_POINT('',(-0.013,-0.008,-0.007));
#11452=CARTESIAN_POINT('',(-0.013,-0.014,-0.007));
#11453=CARTESIAN_POINT('',(-0.001,-0.008,-0.007));
#11454=CARTESIAN_POINT('',(0.011,-0.008,-0.007));
#11455=CARTESIAN_POINT('',(0.011,-0.008,-0.007));
#11456=CARTESIAN_POINT('',(0.011,-0.011,-0.007));
#11457=CARTESIAN_POINT('',(-0.001,-0.011,-0.007));
#11458=CARTESIAN_POINT('',(0.013,-0.011,-0.007));
#11459=CARTESIAN_POINT('',(0.013,-0.008,-0.007));
#11460=CARTESIAN_POINT('',(0.013,-0.014,-0.007));
#11461=CARTESIAN_POINT('',(-0.001,-0.014,-0.007));
#11462=CARTESIAN_POINT('',(-0.017349681833076,-6.52286644132467E-19,-0.00500000000000586));
#11463=CARTESIAN_POINT('',(-0.017349681833076,0.00800000000000039,-0.00500000000000586));
#11464=CARTESIAN_POINT('',(-0.0172746930625612,-5.53638624920119E-20,-0.00669365955153913));
#11465=CARTESIAN_POINT('',(-0.0172746930625612,0.00800000000000039,-0.00669365955153913));
#11466=CARTESIAN_POINT('',(-0.0164371429063028,8.80685091696088E-19,-0.00799999999999673));
#11467=CARTESIAN_POINT('',(-0.0164371429063028,0.00800000000000039,-0.00799999999999673));
#11468=CARTESIAN_POINT('',(-0.0145000000000073,-6.09088064525889E-19,-0.008));
#11469=CARTESIAN_POINT('',(-0.0145000000000073,0.00800000000000039,-0.008));
#11470=CARTESIAN_POINT('',(-0.0173496818330761,0.0075,-0.00500000000000293));
#11471=CARTESIAN_POINT('',(-0.0173496818330761,0.00776481740292951,-0.00500000000000293));
#11472=CARTESIAN_POINT('',(-0.0173412407702662,0.00800000000000273,-0.00523793689425234));
#11473=CARTESIAN_POINT('',(-0.0173033311455149,0.008,-0.0055000000000052));
#11474=CARTESIAN_POINT('',(-0.0173033311455158,0.008,-0.00549999999999952));
#11475=CARTESIAN_POINT('',(-0.0173033311455149,0.008,-0.0055000000000052));
#11476=CARTESIAN_POINT('',(-0.017253448578092,0.008,-0.00584483012236651));
#11477=CARTESIAN_POINT('',(-0.017080099127219,0.008,-0.00651798261800874));
#11478=CARTESIAN_POINT('',(-0.0164798202299009,0.008,-0.00740166431741472));
#11479=CARTESIAN_POINT('',(-0.0155492658886104,0.008,-0.00791684599424775));
#11480=CARTESIAN_POINT('',(-0.0148492464800533,0.008,-0.00799999999999941));
#11481=CARTESIAN_POINT('',(-0.0145000000000073,0.008,-0.008));
#11482=CARTESIAN_POINT('',(-0.0145,0.008,-0.008));
#11483=CARTESIAN_POINT('',(-0.0145,0.01,-0.008));
#11484=CARTESIAN_POINT('',(-0.0145,0.,-0.008));
#11485=CARTESIAN_POINT('',(-0.0145,0.,-0.008));
#11486=CARTESIAN_POINT('',(-0.0173304327219254,0.,-0.008));
#11487=CARTESIAN_POINT('',(-0.017813318857883,0.,-0.00521106285961018));
#11488=CARTESIAN_POINT('',(-0.017,0.,-0.0025));
#11489=CARTESIAN_POINT('',(-0.0173496818330762,-0.00800000000000063,-0.005));
#11490=CARTESIAN_POINT('',(-0.0173496818330762,-1.73472347597681E-18,-0.005));
#11491=CARTESIAN_POINT('',(-0.0172746930625632,-0.00800000000000064,-0.00669365955153399));
#11492=CARTESIAN_POINT('',(-0.0172746930625632,-3.46944695195361E-18,-0.00669365955153399));
#11493=CARTESIAN_POINT('',(-0.0164371429063072,-0.00800000000000064,-0.00799999999999345));
#11494=CARTESIAN_POINT('',(-0.0164371429063072,-5.20417042793042E-18,-0.00799999999999345));
#11495=CARTESIAN_POINT('',(-0.0145000000000146,-0.00800000000000063,-0.008));
#11496=CARTESIAN_POINT('',(-0.0145000000000146,-1.73472347597681E-18,-0.008));
#11497=CARTESIAN_POINT('',(-0.0145000000000073,-0.008,-0.008));
#11498=CARTESIAN_POINT('',(-0.0148488168536407,-0.008,-0.00799999999999883));
#11499=CARTESIAN_POINT('',(-0.0155441858933606,-0.00799999999999999,-0.00791858987446717));
#11500=CARTESIAN_POINT('',(-0.0164801866560097,-0.00800000000000001,-0.00740132739227516));
#11501=CARTESIAN_POINT('',(-0.017077661167489,-0.008,-0.00652311792572883));
#11502=CARTESIAN_POINT('',(-0.0172533842756589,-0.008,-0.00584527463469113));
#11503=CARTESIAN_POINT('',(-0.0173033311455148,-0.008,-0.00550000000000568));
#11504=CARTESIAN_POINT('',(-0.0145,-0.008,-0.008));
#11505=CARTESIAN_POINT('',(-0.0173033311455156,-0.008,-0.0055));
#11506=CARTESIAN_POINT('',(-0.0173033311455148,-0.008,-0.00550000000000568));
#11507=CARTESIAN_POINT('',(-0.0173412404249578,-0.00800000000000298,-0.00523793928131575));
#11508=CARTESIAN_POINT('',(-0.0173496818330762,-0.00776482811861039,-0.00500000000000035));
#11509=CARTESIAN_POINT('',(-0.0173496818330762,-0.00750000000000066,-0.005));
#11510=CARTESIAN_POINT('',(-0.0145,0.,-0.008));
#11511=CARTESIAN_POINT('',(-0.0145,0.008,-0.007));
#11512=CARTESIAN_POINT('',(-0.0145,0.00533333333333333,-0.00699999999999999));
#11513=CARTESIAN_POINT('',(-0.0145,0.00266666666666667,-0.007));
#11514=CARTESIAN_POINT('',(-0.0145,0.,-0.007));
#11515=CARTESIAN_POINT('',(-0.014932292433267,0.008,-0.00699855353712351));
#11516=CARTESIAN_POINT('',(-0.014932292433267,0.00533333333333333,-0.00699855353712351));
#11517=CARTESIAN_POINT('',(-0.014932292433267,0.00266666666666667,-0.00699855353712351));
#11518=CARTESIAN_POINT('',(-0.014932292433267,0.,-0.00699855353712351));
#11519=CARTESIAN_POINT('',(-0.0154439812502851,0.00800000000000001,-0.00686214336040444));
#11520=CARTESIAN_POINT('',(-0.0154439812502851,0.00533333333333334,-0.00686214336040443));
#11521=CARTESIAN_POINT('',(-0.0154439812502851,0.00266666666666667,-0.00686214336040445));
#11522=CARTESIAN_POINT('',(-0.0154439812502851,0.,-0.00686214336040444));
#11523=CARTESIAN_POINT('',(-0.0158687074728496,0.008,-0.0065235269333325));
#11524=CARTESIAN_POINT('',(-0.0158687074728496,0.00533333333333333,-0.0065235269333325));
#11525=CARTESIAN_POINT('',(-0.0158687074728496,0.00266666666666667,-0.0065235269333325));
#11526=CARTESIAN_POINT('',(-0.0158687074728496,0.,-0.0065235269333325));
#11527=CARTESIAN_POINT('',(-0.0161996887002444,0.008,-0.00598896532810411));
#11528=CARTESIAN_POINT('',(-0.0161996887002444,0.00533333333333334,-0.0059889653281041));
#11529=CARTESIAN_POINT('',(-0.0161996887002445,0.00266666666666667,-0.00598896532810412));
#11530=CARTESIAN_POINT('',(-0.0161996887002444,0.,-0.00598896532810411));
#11531=CARTESIAN_POINT('',(-0.0163277024550659,0.00799999999999999,-0.00539744718514633));
#11532=CARTESIAN_POINT('',(-0.0163277024550659,0.00533333333333332,-0.00539744718514633));
#11533=CARTESIAN_POINT('',(-0.0163277024550659,0.00266666666666667,-0.00539744718514633));
#11534=CARTESIAN_POINT('',(-0.0163277024550659,0.,-0.00539744718514633));
#11535=CARTESIAN_POINT('',(-0.0163484840111878,0.008,-0.00499999999999157));
#11536=CARTESIAN_POINT('',(-0.0163484840111878,0.00533333333333333,-0.00499999999999157));
#11537=CARTESIAN_POINT('',(-0.0163484840111878,0.00266666666666667,-0.00499999999999157));
#11538=CARTESIAN_POINT('',(-0.0163484840111878,0.,-0.00499999999999157));
#11539=CARTESIAN_POINT('',(-0.0162898804455406,0.008,-0.0055));
#11540=CARTESIAN_POINT('',(-0.0162501849971178,0.008,-0.00571115915029538));
#11541=CARTESIAN_POINT('',(-0.0161308545195359,0.00799999999999999,-0.00613031203046327));
#11542=CARTESIAN_POINT('',(-0.0157524020682385,0.00800000000000001,-0.00667713513209905));
#11543=CARTESIAN_POINT('',(-0.0151468417423992,0.00800000000000001,-0.00696204437728444));
#11544=CARTESIAN_POINT('',(-0.0147167810794266,0.008,-0.007));
#11545=CARTESIAN_POINT('',(-0.0145,0.008,-0.007));
#11546=CARTESIAN_POINT('',(-0.0162898804455406,0.008,-0.0055));
#11547=CARTESIAN_POINT('',(-0.0162898804455406,0.008,-0.0055));
#11548=CARTESIAN_POINT('',(-0.0163388785771073,0.008,-0.00523935541129252));
#11549=CARTESIAN_POINT('',(-0.0163484840111874,0.00776527080098235,-0.005));
#11550=CARTESIAN_POINT('',(-0.0163484840111874,0.0075,-0.005));
#11551=CARTESIAN_POINT('',(-0.0163484840111878,0.004,-0.00499999999999156));
#11552=CARTESIAN_POINT('',(-0.0163337849711094,0.004,-0.00527130939654224));
#11553=CARTESIAN_POINT('',(-0.0162958061573445,0.004,-0.00553881087264981));
#11554=CARTESIAN_POINT('',(-0.016217668329553,0.004,-0.00579974345624646));
#11555=CARTESIAN_POINT('',(-0.016217668329553,0.004,-0.00579974345624648));
#11556=CARTESIAN_POINT('',(-0.016217668329553,0.004,-0.00579974345624648));
#11557=CARTESIAN_POINT('',(-0.016217668329553,0.,-0.00579974345624649));
#11558=CARTESIAN_POINT('',(-0.0145,0.,-0.007));
#11559=CARTESIAN_POINT('',(-0.0150742942005743,0.,-0.007));
#11560=CARTESIAN_POINT('',(-0.0157421569129992,0.,-0.00674449043011548));
#11561=CARTESIAN_POINT('',(-0.0160947349613019,0.,-0.00621026576400252));
#11562=CARTESIAN_POINT('',(-0.016217668329553,0.,-0.00579974345624649));
#11563=CARTESIAN_POINT('',(-0.0145,0.,-0.007));
#11564=CARTESIAN_POINT('',(-0.0145,-0.00266666666666666,-0.007));
#11565=CARTESIAN_POINT('',(-0.0145,-0.00533333333333334,-0.007));
#11566=CARTESIAN_POINT('',(-0.0145,-0.008,-0.007));
#11567=CARTESIAN_POINT('',(-0.0149322924332662,0.,-0.00699855353712353));
#11568=CARTESIAN_POINT('',(-0.0149322924332662,-0.00266666666666667,-0.00699855353712352));
#11569=CARTESIAN_POINT('',(-0.0149322924332662,-0.00533333333333333,-0.00699855353712354));
#11570=CARTESIAN_POINT('',(-0.0149322924332662,-0.008,-0.00699855353712353));
#11571=CARTESIAN_POINT('',(-0.0154439812502838,0.,-0.0068621433604049));
#11572=CARTESIAN_POINT('',(-0.0154439812502837,-0.00266666666666667,-0.0068621433604049));
#11573=CARTESIAN_POINT('',(-0.0154439812502838,-0.00533333333333334,-0.0068621433604049));
#11574=CARTESIAN_POINT('',(-0.0154439812502838,-0.00799999999999999,-0.0068621433604049));
#11575=CARTESIAN_POINT('',(-0.0158687074728481,0.,-0.00652352693333405));
#11576=CARTESIAN_POINT('',(-0.0158687074728481,-0.00266666666666667,-0.00652352693333404));
#11577=CARTESIAN_POINT('',(-0.0158687074728481,-0.00533333333333333,-0.00652352693333405));
#11578=CARTESIAN_POINT('',(-0.0158687074728481,-0.008,-0.00652352693333405));
#11579=CARTESIAN_POINT('',(-0.0161996887002428,0.,-0.00598896532810798));
#11580=CARTESIAN_POINT('',(-0.0161996887002427,-0.00266666666666667,-0.00598896532810798));
#11581=CARTESIAN_POINT('',(-0.0161996887002428,-0.00533333333333333,-0.00598896532810798));
#11582=CARTESIAN_POINT('',(-0.0161996887002428,-0.00799999999999999,-0.00598896532810798));
#11583=CARTESIAN_POINT('',(-0.0163277024550649,0.,-0.00539744718515263));
#11584=CARTESIAN_POINT('',(-0.0163277024550649,-0.00266666666666667,-0.00539744718515262));
#11585=CARTESIAN_POINT('',(-0.0163277024550649,-0.00533333333333334,-0.00539744718515263));
#11586=CARTESIAN_POINT('',(-0.0163277024550649,-0.008,-0.00539744718515262));
#11587=CARTESIAN_POINT('',(-0.0163484840111874,0.,-0.00499999999999924));
#11588=CARTESIAN_POINT('',(-0.0163484840111874,-0.00266666666666666,-0.00499999999999924));
#11589=CARTESIAN_POINT('',(-0.0163484840111874,-0.00533333333333334,-0.00499999999999925));
#11590=CARTESIAN_POINT('',(-0.0163484840111874,-0.008,-0.00499999999999924));
#11591=CARTESIAN_POINT('',(-0.0163484840111874,-0.0075,-0.005));
#11592=CARTESIAN_POINT('',(-0.0163484840111874,-0.0077652560199774,-0.005));
#11593=CARTESIAN_POINT('',(-0.0163388797787538,-0.008,-0.00523934901915794));
#11594=CARTESIAN_POINT('',(-0.0162898804455406,-0.008,-0.0055));
#11595=CARTESIAN_POINT('',(-0.0162898804455406,-0.008,-0.0055));
#11596=CARTESIAN_POINT('',(-0.0145,-0.008,-0.007));
#11597=CARTESIAN_POINT('',(-0.0147165978344179,-0.008,-0.007));
#11598=CARTESIAN_POINT('',(-0.0151426656775617,-0.00800000000000001,-0.00696265089542757));
#11599=CARTESIAN_POINT('',(-0.0157506654675356,-0.00799999999999999,-0.00667943819785613));
#11600=CARTESIAN_POINT('',(-0.0161312376133604,-0.008,-0.00612960399901182));
#11601=CARTESIAN_POINT('',(-0.0162499734297398,-0.008,-0.00571228457876498));
#11602=CARTESIAN_POINT('',(-0.0162898804455406,-0.008,-0.0055));
#11603=CARTESIAN_POINT('',(-0.016217668329553,-0.004,-0.00579974345624648));
#11604=CARTESIAN_POINT('',(-0.016217668329553,-0.004,-0.00579974345624648));
#11605=CARTESIAN_POINT('',(-0.0163484840111874,-0.004,-0.005));
#11606=CARTESIAN_POINT('',(-0.0163337849711085,-0.004,-0.00527130939655063));
#11607=CARTESIAN_POINT('',(-0.0162958061573444,-0.004,-0.00553881087264986));
#11608=CARTESIAN_POINT('',(-0.016217668329553,-0.004,-0.00579974345624647));
#11609=CARTESIAN_POINT('',(-0.017,-0.008,0.0631859483603837));
#11610=CARTESIAN_POINT('',(-0.0173496818330762,-0.008,-0.0055));
#11611=CARTESIAN_POINT('',(-0.0145,-0.008,-0.007));
#11612=CARTESIAN_POINT('',(-0.017,0.008,0.0631859483603837));
#11613=CARTESIAN_POINT('',(-0.0163484840111883,0.008,-0.0055));
#11614=CARTESIAN_POINT('',(-0.0145,0.008,-0.008));
#11615=CARTESIAN_POINT('',(0.,0.015,0.0631859483603837));
#11616=CARTESIAN_POINT('',(0.,0.015,-0.008));
#11617=CARTESIAN_POINT('',(0.013,0.015,-0.008));
#11618=CARTESIAN_POINT('',(0.0127320508075689,0.015,-0.008));
#11619=CARTESIAN_POINT('',(0.0127320508075689,0.015,-0.007));
#11620=CARTESIAN_POINT('',(0.013,0.015,0.0631859483603837));
#11621=CARTESIAN_POINT('',(0.,0.015,0.0631859483603837));
#11622=CARTESIAN_POINT('',(0.00226794919243112,0.015,-0.008));
#11623=CARTESIAN_POINT('',(0.00226794919243112,0.015,-0.008));
#11624=CARTESIAN_POINT('',(0.,0.015,-0.008));
#11625=CARTESIAN_POINT('',(-0.00226794919243112,0.015,-0.008));
#11626=CARTESIAN_POINT('',(-0.00226794919243112,0.015,0.0631859483603837));
#11627=CARTESIAN_POINT('',(0.,-0.015,0.0631859483603837));
#11628=CARTESIAN_POINT('',(0.,-0.015,-0.008));
#11629=CARTESIAN_POINT('',(-0.00226794919243112,-0.015,-0.008));
#11630=CARTESIAN_POINT('',(0.00226794919243112,-0.015,-0.008));
#11631=CARTESIAN_POINT('',(0.00226794919243112,-0.015,0.0631859483603837));
#11632=CARTESIAN_POINT('',(-0.00226794919243112,-0.015,-0.008));
#11633=CARTESIAN_POINT('',(0.,-0.015,0.0631859483603837));
#11634=CARTESIAN_POINT('',(0.,-0.015,-0.008));
#11635=CARTESIAN_POINT('',(-0.013,-0.015,-0.008));
#11636=CARTESIAN_POINT('',(-0.0127320508075689,-0.015,-0.008));
#11637=CARTESIAN_POINT('',(-0.0127320508075689,-0.015,-0.007));
#11638=CARTESIAN_POINT('',(-0.013,-0.015,0.0631859483603837));
#11639=CARTESIAN_POINT('',(0.0085,0.0065,-0.008));
#11640=CARTESIAN_POINT('',(0.00342264973081038,0.016,-0.008));
#11641=CARTESIAN_POINT('',(0.00371132486540518,0.0165,-0.008));
#11642=CARTESIAN_POINT('',(0.00313397459621556,0.0155,-0.008));
#11643=CARTESIAN_POINT('',(0.00457735026918963,0.016,-0.008));
#11644=CARTESIAN_POINT('',(0.00457735026918963,0.017,-0.008));
#11645=CARTESIAN_POINT('',(0.0075,0.017,-0.008));
#11646=CARTESIAN_POINT('',(0.0104226497308104,0.017,-0.008));
#11647=CARTESIAN_POINT('',(0.0104226497308104,0.016,-0.008));
#11648=CARTESIAN_POINT('',(0.0112886751345948,0.0165,-0.008));
#11649=CARTESIAN_POINT('',(0.0115773502691896,0.016,-0.008));
#11650=CARTESIAN_POINT('',(0.0118660254037844,0.0155,-0.008));
#11651=CARTESIAN_POINT('',(0.0127320508075689,0.016,-0.008));
#11652=CARTESIAN_POINT('',(0.013,0.014,-0.008));
#11653=CARTESIAN_POINT('',(0.014,0.014,-0.008));
#11654=CARTESIAN_POINT('',(0.014,-8.67361737988404E-19,-0.008));
#11655=CARTESIAN_POINT('',(0.014,-0.014,-0.008));
#11656=CARTESIAN_POINT('',(0.013,-0.014,-0.008));
#11657=CARTESIAN_POINT('',(0.013,-0.015,-0.008));
#11658=CARTESIAN_POINT('',(0.,-0.015,-0.008));
#11659=CARTESIAN_POINT('',(0.0127320508075689,-0.015,-0.008));
#11660=CARTESIAN_POINT('',(0.0127320508075689,-0.016,-0.008));
#11661=CARTESIAN_POINT('',(0.0118660254037844,-0.0155,-0.008));
#11662=CARTESIAN_POINT('',(0.0115773502691896,-0.016,-0.008));
#11663=CARTESIAN_POINT('',(0.0112886751345948,-0.0165,-0.008));
#11664=CARTESIAN_POINT('',(0.0104226497308104,-0.016,-0.008));
#11665=CARTESIAN_POINT('',(0.0104226497308104,-0.017,-0.008));
#11666=CARTESIAN_POINT('',(0.0075,-0.017,-0.008));
#11667=CARTESIAN_POINT('',(0.00457735026918963,-0.017,-0.008));
#11668=CARTESIAN_POINT('',(0.00457735026918963,-0.016,-0.008));
#11669=CARTESIAN_POINT('',(0.00371132486540518,-0.0165,-0.008));
#11670=CARTESIAN_POINT('',(0.00342264973081038,-0.016,-0.008));
#11671=CARTESIAN_POINT('',(0.00313397459621556,-0.0155,-0.008));
#11672=CARTESIAN_POINT('',(0.00226794919243112,-0.016,-0.008));
#11673=CARTESIAN_POINT('',(-0.00226794919243112,-0.016,-0.008));
#11674=CARTESIAN_POINT('',(-0.00313397459621556,-0.0155,-0.008));
#11675=CARTESIAN_POINT('',(-0.00342264973081038,-0.016,-0.008));
#11676=CARTESIAN_POINT('',(-0.00371132486540518,-0.0165,-0.008));
#11677=CARTESIAN_POINT('',(-0.00457735026918963,-0.016,-0.008));
#11678=CARTESIAN_POINT('',(-0.00457735026918963,-0.017,-0.008));
#11679=CARTESIAN_POINT('',(-0.0075,-0.017,-0.008));
#11680=CARTESIAN_POINT('',(-0.0104226497308104,-0.017,-0.008));
#11681=CARTESIAN_POINT('',(-0.0104226497308104,-0.016,-0.008));
#11682=CARTESIAN_POINT('',(-0.0112886751345948,-0.0165,-0.008));
#11683=CARTESIAN_POINT('',(-0.0115773502691896,-0.016,-0.008));
#11684=CARTESIAN_POINT('',(-0.0118660254037844,-0.0155,-0.008));
#11685=CARTESIAN_POINT('',(-0.0127320508075689,-0.016,-0.008));
#11686=CARTESIAN_POINT('',(-0.013,-0.014,-0.008));
#11687=CARTESIAN_POINT('',(-0.014,-0.014,-0.008));
#11688=CARTESIAN_POINT('',(-0.014,-0.011,-0.008));
#11689=CARTESIAN_POINT('',(-0.014,-0.0085,-0.008));
#11690=CARTESIAN_POINT('',(-0.0145,-0.0085,-0.008));
#11691=CARTESIAN_POINT('',(-0.0145,0.0085,-0.008));
#11692=CARTESIAN_POINT('',(-0.014,0.0085,-0.008));
#11693=CARTESIAN_POINT('',(-0.014,0.011,-0.008));
#11694=CARTESIAN_POINT('',(-0.014,0.014,-0.008));
#11695=CARTESIAN_POINT('',(-0.013,0.014,-0.008));
#11696=CARTESIAN_POINT('',(-0.013,0.015,-0.008));
#11697=CARTESIAN_POINT('',(0.,0.015,-0.008));
#11698=CARTESIAN_POINT('',(-0.0127320508075689,0.015,-0.008));
#11699=CARTESIAN_POINT('',(-0.0127320508075689,0.016,-0.008));
#11700=CARTESIAN_POINT('',(-0.0118660254037844,0.0155,-0.008));
#11701=CARTESIAN_POINT('',(-0.0115773502691896,0.016,-0.008));
#11702=CARTESIAN_POINT('',(-0.0112886751345948,0.0165,-0.008));
#11703=CARTESIAN_POINT('',(-0.0104226497308104,0.016,-0.008));
#11704=CARTESIAN_POINT('',(-0.0104226497308104,0.017,-0.008));
#11705=CARTESIAN_POINT('',(-0.0075,0.017,-0.008));
#11706=CARTESIAN_POINT('',(-0.00457735026918963,0.017,-0.008));
#11707=CARTESIAN_POINT('',(-0.00457735026918963,0.016,-0.008));
#11708=CARTESIAN_POINT('',(-0.00371132486540518,0.0165,-0.008));
#11709=CARTESIAN_POINT('',(-0.00342264973081038,0.016,-0.008));
#11710=CARTESIAN_POINT('',(-0.00313397459621556,0.0155,-0.008));
#11711=CARTESIAN_POINT('',(-0.00226794919243112,0.016,-0.008));
#11712=CARTESIAN_POINT('',(0.00226794919243112,0.016,-0.008));
#11713=CARTESIAN_POINT('',(-0.014,-0.011,0.0631859483603837));
#11714=CARTESIAN_POINT('',(-0.014,-0.0085,-0.008));
#11715=CARTESIAN_POINT('',(-0.014,-0.014,0.0631859483603837));
#11716=CARTESIAN_POINT('',(-0.013,-0.014,0.0631859483603837));
#11717=CARTESIAN_POINT('',(0.,-0.015,0.0631859483603837));
#11718=CARTESIAN_POINT('',(0.0127320508075689,-0.015,0.0631859483603837));
#11719=CARTESIAN_POINT('',(0.013,-0.015,0.0631859483603837));
#11720=CARTESIAN_POINT('',(0.013,-0.014,0.0631859483603837));
#11721=CARTESIAN_POINT('',(0.014,-0.014,0.0631859483603837));
#11722=CARTESIAN_POINT('',(0.014,-8.67361737988404E-19,0.0631859483603837));
#11723=CARTESIAN_POINT('',(0.014,0.0104,-0.0065));
#11724=CARTESIAN_POINT('',(0.014,0.0099,-0.0065));
#11725=CARTESIAN_POINT('',(0.014,0.0099,0.0631859483603837));
#11726=CARTESIAN_POINT('',(0.014,0.0099,-0.007));
#11727=CARTESIAN_POINT('',(0.014,0.0065,-0.007));
#11728=CARTESIAN_POINT('',(0.014,0.0061,-0.007));
#11729=CARTESIAN_POINT('',(0.014,0.0061,-0.0054));
#11730=CARTESIAN_POINT('',(0.014,0.0061,-0.0065));
#11731=CARTESIAN_POINT('',(0.014,0.0056,-0.0065));
#11732=CARTESIAN_POINT('',(0.014,0.0024,-0.0065));
#11733=CARTESIAN_POINT('',(0.014,0.0019,-0.0065));
#11734=CARTESIAN_POINT('',(0.014,0.0019,0.0631859483603837));
#11735=CARTESIAN_POINT('',(0.014,0.0019,-0.007));
#11736=CARTESIAN_POINT('',(0.014,0.0065,-0.007));
#11737=CARTESIAN_POINT('',(0.014,-0.0019,-0.007));
#11738=CARTESIAN_POINT('',(0.014,-0.0019,-0.0054));
#11739=CARTESIAN_POINT('',(0.014,-0.0019,-0.0065));
#11740=CARTESIAN_POINT('',(0.014,-0.0024,-0.0065));
#11741=CARTESIAN_POINT('',(0.014,-0.0056,-0.0065));
#11742=CARTESIAN_POINT('',(0.014,-0.0061,-0.0065));
#11743=CARTESIAN_POINT('',(0.014,-0.0061,0.0631859483603837));
#11744=CARTESIAN_POINT('',(0.014,-0.0061,-0.007));
#11745=CARTESIAN_POINT('',(0.014,0.0065,-0.007));
#11746=CARTESIAN_POINT('',(0.014,-0.0099,-0.007));
#11747=CARTESIAN_POINT('',(0.014,-0.0099,-0.0054));
#11748=CARTESIAN_POINT('',(0.014,-0.0099,-0.0065));
#11749=CARTESIAN_POINT('',(0.014,-0.0104,-0.0065));
#11750=CARTESIAN_POINT('',(0.014,0.014,0.0631859483603837));
#11751=CARTESIAN_POINT('',(0.013,0.014,0.0631859483603837));
#11752=CARTESIAN_POINT('',(0.,0.015,0.0631859483603837));
#11753=CARTESIAN_POINT('',(-0.0127320508075689,0.015,0.0631859483603837));
#11754=CARTESIAN_POINT('',(-0.013,0.015,0.0631859483603837));
#11755=CARTESIAN_POINT('',(-0.013,0.014,0.0631859483603837));
#11756=CARTESIAN_POINT('',(-0.014,0.014,0.0631859483603837));
#11757=CARTESIAN_POINT('',(-0.014,0.011,0.0631859483603837));
#11758=CARTESIAN_POINT('',(-0.014,0.0085,-0.007));
#11759=CARTESIAN_POINT('',(-0.0115773502691896,-0.016,-0.006998));
#11760=CARTESIAN_POINT('',(-0.0112886751345948,-0.0165,-0.006998));
#11761=CARTESIAN_POINT('',(-0.0118660254037844,-0.0155,-0.008));
#11762=CARTESIAN_POINT('',(-0.00342264973081038,-0.016,-0.006998));
#11763=CARTESIAN_POINT('',(-0.00313397459621556,-0.0155,-0.007));
#11764=CARTESIAN_POINT('',(-0.00371132486540518,-0.0165,-0.006998));
#11765=CARTESIAN_POINT('',(-0.0075,-0.017,-0.006998));
#11766=CARTESIAN_POINT('',(-0.00457735026918963,-0.017,-0.006998));
#11767=CARTESIAN_POINT('',(-0.0104226497308104,-0.017,-0.006998));
#11768=CARTESIAN_POINT('',(-0.00226794919243112,-0.016,0.0631859483603837));
#11769=CARTESIAN_POINT('',(-0.00457735026918963,-0.016,-0.006998));
#11770=CARTESIAN_POINT('',(-0.0104226497308104,-0.016,-0.006998));
#11771=CARTESIAN_POINT('',(-0.0127320508075689,-0.016,-0.006998));
#11772=CARTESIAN_POINT('',(0.0115773502691896,-0.016,-0.006998));
#11773=CARTESIAN_POINT('',(0.0112886751345948,-0.0165,-0.006998));
#11774=CARTESIAN_POINT('',(0.0118660254037844,-0.0155,-0.006998));
#11775=CARTESIAN_POINT('',(0.0075,-0.017,-0.006998));
#11776=CARTESIAN_POINT('',(0.00457735026918963,-0.017,-0.006998));
#11777=CARTESIAN_POINT('',(0.0104226497308104,-0.017,-0.006998));
#11778=CARTESIAN_POINT('',(0.00342264973081038,-0.016,-0.006998));
#11779=CARTESIAN_POINT('',(0.00313397459621556,-0.0155,-0.006998));
#11780=CARTESIAN_POINT('',(0.00371132486540518,-0.0165,-0.006998));
#11781=CARTESIAN_POINT('',(0.00226794919243112,-0.016,-0.006998));
#11782=CARTESIAN_POINT('',(0.00457735026918963,-0.016,-0.006998));
#11783=CARTESIAN_POINT('',(0.0104226497308104,-0.016,-0.006998));
#11784=CARTESIAN_POINT('',(0.0127320508075689,-0.016,0.0631859483603837));
#11785=CARTESIAN_POINT('',(-0.0115773502691896,0.016,-0.006998));
#11786=CARTESIAN_POINT('',(-0.0112886751345948,0.0165,-0.006998));
#11787=CARTESIAN_POINT('',(-0.0118660254037844,0.0155,-0.006998));
#11788=CARTESIAN_POINT('',(-0.0075,0.017,-0.006998));
#11789=CARTESIAN_POINT('',(-0.00457735026918963,0.017,-0.006998));
#11790=CARTESIAN_POINT('',(-0.0104226497308104,0.017,-0.006998));
#11791=CARTESIAN_POINT('',(-0.00342264973081038,0.016,-0.006998));
#11792=CARTESIAN_POINT('',(-0.00313397459621556,0.0155,-0.006998));
#11793=CARTESIAN_POINT('',(-0.00371132486540518,0.0165,-0.006998));
#11794=CARTESIAN_POINT('',(-0.00226794919243112,0.016,-0.006998));
#11795=CARTESIAN_POINT('',(-0.00457735026918963,0.016,-0.006998));
#11796=CARTESIAN_POINT('',(-0.0104226497308104,0.016,-0.006998));
#11797=CARTESIAN_POINT('',(-0.0127320508075689,0.016,0.0631859483603837));
#11798=CARTESIAN_POINT('',(0.0115773502691896,0.016,-0.006998));
#11799=CARTESIAN_POINT('',(0.0112886751345948,0.0165,-0.006998));
#11800=CARTESIAN_POINT('',(0.0118660254037844,0.0155,-0.008));
#11801=CARTESIAN_POINT('',(0.00342264973081038,0.016,-0.006998));
#11802=CARTESIAN_POINT('',(0.00313397459621556,0.0155,-0.007));
#11803=CARTESIAN_POINT('',(0.00371132486540518,0.0165,-0.006998));
#11804=CARTESIAN_POINT('',(0.0075,0.017,-0.006998));
#11805=CARTESIAN_POINT('',(0.00457735026918963,0.017,-0.006998));
#11806=CARTESIAN_POINT('',(0.0104226497308104,0.017,-0.006998));
#11807=CARTESIAN_POINT('',(0.00226794919243112,0.016,0.0631859483603837));
#11808=CARTESIAN_POINT('',(0.00457735026918963,0.016,-0.006998));
#11809=CARTESIAN_POINT('',(0.0104226497308104,0.016,-0.006998));
#11810=CARTESIAN_POINT('',(0.0127320508075689,0.016,-0.006998));
#11811=CARTESIAN_POINT('',(0.01255,-1.40946282423116E-18,-0.0054));
#11812=CARTESIAN_POINT('',(0.01255,0.0019,-0.0054));
#11813=CARTESIAN_POINT('',(0.01255,0.0019,-0.00615));
#11814=CARTESIAN_POINT('',(0.01255,0.0019,-0.00625));
#11815=CARTESIAN_POINT('',(0.01255,-1.40946282423116E-18,-0.00625));
#11816=CARTESIAN_POINT('',(0.01255,-0.0019,-0.00625));
#11817=CARTESIAN_POINT('',(0.01255,-0.0019,-0.0054));
#11818=CARTESIAN_POINT('',(0.01255,-0.0019,-0.00615));
#11819=CARTESIAN_POINT('',(0.01255,0.0019,-0.00615));
#11820=CARTESIAN_POINT('',(0.014,-0.0019,-0.0054));
#11821=CARTESIAN_POINT('',(0.01255,-0.0019,-0.00625));
#11822=CARTESIAN_POINT('',(0.0123,-0.0019,-0.0065));
#11823=CARTESIAN_POINT('',(0.014,-0.0019,-0.0065));
#11824=CARTESIAN_POINT('',(0.014,-0.0019,-0.007));
#11825=CARTESIAN_POINT('',(0.0141,-0.0019,-0.007));
#11826=CARTESIAN_POINT('',(0.01485,-0.0019,-0.00625));
#11827=CARTESIAN_POINT('',(0.01495,-0.0019,-0.00615));
#11828=CARTESIAN_POINT('',(0.01495,-0.0019,-0.0054));
#11829=CARTESIAN_POINT('',(0.01495,-0.0019,-0.0054));
#11830=CARTESIAN_POINT('',(0.014,-0.0019,-0.0054));
#11831=CARTESIAN_POINT('',(0.0133,-0.0019,-0.0054));
#11832=CARTESIAN_POINT('',(0.01365,-0.0019,-0.00505));
#11833=CARTESIAN_POINT('',(0.01545,-1.19262238973405E-18,-0.0054));
#11834=CARTESIAN_POINT('',(0.01545,-1.19262238973405E-18,-0.0054));
#11835=CARTESIAN_POINT('',(0.01545,0.0014,-0.0054));
#11836=CARTESIAN_POINT('',(0.01545,-0.0014,-0.0054));
#11837=CARTESIAN_POINT('',(0.01545,-0.0014,-0.0054));
#11838=CARTESIAN_POINT('',(0.01545,-0.0014,-0.00565));
#11839=CARTESIAN_POINT('',(0.01545,0.0019,-0.00565));
#11840=CARTESIAN_POINT('',(0.01545,0.0014,-0.00565));
#11841=CARTESIAN_POINT('',(0.01545,0.0014,-0.0054));
#11842=CARTESIAN_POINT('',(0.014,0.0019,-0.0054));
#11843=CARTESIAN_POINT('',(0.014,0.0019,-0.0065));
#11844=CARTESIAN_POINT('',(0.0123,0.0019,-0.0065));
#11845=CARTESIAN_POINT('',(0.0137,0.0019,-0.0051));
#11846=CARTESIAN_POINT('',(0.0133,0.0019,-0.0054));
#11847=CARTESIAN_POINT('',(0.0133,0.0019,-0.0054));
#11848=CARTESIAN_POINT('',(0.014,0.0019,-0.0054));
#11849=CARTESIAN_POINT('',(0.01495,0.0019,-0.0054));
#11850=CARTESIAN_POINT('',(0.01495,0.0019,-0.00565));
#11851=CARTESIAN_POINT('',(0.01495,0.0019,-0.00615));
#11852=CARTESIAN_POINT('',(0.0141,0.0019,-0.007));
#11853=CARTESIAN_POINT('',(0.0141,0.0019,-0.007));
#11854=CARTESIAN_POINT('',(0.014,0.0019,-0.007));
#11855=CARTESIAN_POINT('',(0.000474995,0.,-0.0054));
#11856=CARTESIAN_POINT('',(0.01495,-0.0014,-0.0054));
#11857=CARTESIAN_POINT('',(0.01495,0.0014,-0.0054));
#11858=CARTESIAN_POINT('',(0.0133,-0.0019,-0.0054));
#11859=CARTESIAN_POINT('',(0.000474995,0.,-0.007));
#11860=CARTESIAN_POINT('',(0.0141,-0.0019,-0.007));
#11861=CARTESIAN_POINT('',(0.01545,0.008,-0.0054));
#11862=CARTESIAN_POINT('',(0.01545,0.008,-0.0054));
#11863=CARTESIAN_POINT('',(0.01545,0.0094,-0.0054));
#11864=CARTESIAN_POINT('',(0.01545,0.0066,-0.0054));
#11865=CARTESIAN_POINT('',(0.01545,0.0066,-0.0054));
#11866=CARTESIAN_POINT('',(0.01545,0.0066,-0.00565));
#11867=CARTESIAN_POINT('',(0.01545,0.0099,-0.00565));
#11868=CARTESIAN_POINT('',(0.01545,0.0094,-0.00565));
#11869=CARTESIAN_POINT('',(0.01545,0.0094,-0.0054));
#11870=CARTESIAN_POINT('',(0.014,0.0099,-0.0054));
#11871=CARTESIAN_POINT('',(0.014,0.0099,-0.0065));
#11872=CARTESIAN_POINT('',(0.0123,0.0099,-0.0065));
#11873=CARTESIAN_POINT('',(0.0137,0.0099,-0.0051));
#11874=CARTESIAN_POINT('',(0.01255,0.0099,-0.00625));
#11875=CARTESIAN_POINT('',(0.01255,0.0099,-0.0054));
#11876=CARTESIAN_POINT('',(0.01255,0.0099,-0.00615));
#11877=CARTESIAN_POINT('',(0.0133,0.0099,-0.0054));
#11878=CARTESIAN_POINT('',(0.0133,0.0099,-0.0054));
#11879=CARTESIAN_POINT('',(0.014,0.0099,-0.0054));
#11880=CARTESIAN_POINT('',(0.01495,0.0099,-0.0054));
#11881=CARTESIAN_POINT('',(0.01495,0.0099,-0.00565));
#11882=CARTESIAN_POINT('',(0.01495,0.0099,-0.00615));
#11883=CARTESIAN_POINT('',(0.0141,0.0099,-0.007));
#11884=CARTESIAN_POINT('',(0.0141,0.0099,-0.007));
#11885=CARTESIAN_POINT('',(0.014,0.0099,-0.007));
#11886=CARTESIAN_POINT('',(0.01255,0.008,-0.0054));
#11887=CARTESIAN_POINT('',(0.01255,0.008,-0.00625));
#11888=CARTESIAN_POINT('',(0.01255,0.0061,-0.00625));
#11889=CARTESIAN_POINT('',(0.01255,0.0061,-0.0054));
#11890=CARTESIAN_POINT('',(0.01255,0.0061,-0.00615));
#11891=CARTESIAN_POINT('',(0.01255,0.0099,-0.00615));
#11892=CARTESIAN_POINT('',(0.014,0.0061,-0.0054));
#11893=CARTESIAN_POINT('',(0.01255,0.0061,-0.00625));
#11894=CARTESIAN_POINT('',(0.0123,0.0061,-0.0065));
#11895=CARTESIAN_POINT('',(0.014,0.0061,-0.0065));
#11896=CARTESIAN_POINT('',(0.014,0.0061,-0.007));
#11897=CARTESIAN_POINT('',(0.0141,0.0061,-0.007));
#11898=CARTESIAN_POINT('',(0.01485,0.0061,-0.00625));
#11899=CARTESIAN_POINT('',(0.01495,0.0061,-0.00615));
#11900=CARTESIAN_POINT('',(0.01495,0.0061,-0.0054));
#11901=CARTESIAN_POINT('',(0.01495,0.0061,-0.0054));
#11902=CARTESIAN_POINT('',(0.014,0.0061,-0.0054));
#11903=CARTESIAN_POINT('',(0.0133,0.0061,-0.0054));
#11904=CARTESIAN_POINT('',(0.01365,0.0061,-0.00505));
#11905=CARTESIAN_POINT('',(0.000474995,0.,-0.0054));
#11906=CARTESIAN_POINT('',(0.01495,0.0066,-0.0054));
#11907=CARTESIAN_POINT('',(0.01495,0.0094,-0.0054));
#11908=CARTESIAN_POINT('',(0.0133,0.0061,-0.0054));
#11909=CARTESIAN_POINT('',(0.000474995,0.,-0.007));
#11910=CARTESIAN_POINT('',(0.0141,0.0061,-0.007));
#11911=CARTESIAN_POINT('',(0.01545,-0.008,-0.0054));
#11912=CARTESIAN_POINT('',(0.01545,-0.008,-0.0054));
#11913=CARTESIAN_POINT('',(0.01545,-0.0066,-0.0054));
#11914=CARTESIAN_POINT('',(0.01545,-0.0094,-0.0054));
#11915=CARTESIAN_POINT('',(0.01545,-0.0094,-0.0054));
#11916=CARTESIAN_POINT('',(0.01545,-0.0094,-0.00565));
#11917=CARTESIAN_POINT('',(0.01545,-0.0061,-0.00565));
#11918=CARTESIAN_POINT('',(0.01545,-0.0066,-0.00565));
#11919=CARTESIAN_POINT('',(0.01545,-0.0066,-0.0054));
#11920=CARTESIAN_POINT('',(0.014,-0.0061,-0.0054));
#11921=CARTESIAN_POINT('',(0.014,-0.0061,-0.0065));
#11922=CARTESIAN_POINT('',(0.0123,-0.0061,-0.0065));
#11923=CARTESIAN_POINT('',(0.0137,-0.0061,-0.0051));
#11924=CARTESIAN_POINT('',(0.01255,-0.0061,-0.00625));
#11925=CARTESIAN_POINT('',(0.01255,-0.0061,-0.0054));
#11926=CARTESIAN_POINT('',(0.01255,-0.0061,-0.00615));
#11927=CARTESIAN_POINT('',(0.0133,-0.0061,-0.0054));
#11928=CARTESIAN_POINT('',(0.0133,-0.0061,-0.0054));
#11929=CARTESIAN_POINT('',(0.014,-0.0061,-0.0054));
#11930=CARTESIAN_POINT('',(0.01495,-0.0061,-0.0054));
#11931=CARTESIAN_POINT('',(0.01495,-0.0061,-0.00565));
#11932=CARTESIAN_POINT('',(0.01495,-0.0061,-0.00615));
#11933=CARTESIAN_POINT('',(0.0141,-0.0061,-0.007));
#11934=CARTESIAN_POINT('',(0.0141,-0.0061,-0.007));
#11935=CARTESIAN_POINT('',(0.014,-0.0061,-0.007));
#11936=CARTESIAN_POINT('',(0.01255,-0.008,-0.0054));
#11937=CARTESIAN_POINT('',(0.01255,-0.008,-0.00625));
#11938=CARTESIAN_POINT('',(0.01255,-0.0099,-0.00625));
#11939=CARTESIAN_POINT('',(0.01255,-0.0099,-0.0054));
#11940=CARTESIAN_POINT('',(0.01255,-0.0099,-0.00615));
#11941=CARTESIAN_POINT('',(0.01255,-0.0061,-0.00615));
#11942=CARTESIAN_POINT('',(0.014,-0.0099,-0.0054));
#11943=CARTESIAN_POINT('',(0.01255,-0.0099,-0.00625));
#11944=CARTESIAN_POINT('',(0.0123,-0.0099,-0.0065));
#11945=CARTESIAN_POINT('',(0.014,-0.0099,-0.0065));
#11946=CARTESIAN_POINT('',(0.014,-0.0099,-0.007));
#11947=CARTESIAN_POINT('',(0.0141,-0.0099,-0.007));
#11948=CARTESIAN_POINT('',(0.01485,-0.0099,-0.00625));
#11949=CARTESIAN_POINT('',(0.01495,-0.0099,-0.00615));
#11950=CARTESIAN_POINT('',(0.01495,-0.0099,-0.0054));
#11951=CARTESIAN_POINT('',(0.01495,-0.0099,-0.0054));
#11952=CARTESIAN_POINT('',(0.014,-0.0099,-0.0054));
#11953=CARTESIAN_POINT('',(0.0133,-0.0099,-0.0054));
#11954=CARTESIAN_POINT('',(0.01365,-0.0099,-0.00505));
#11955=CARTESIAN_POINT('',(0.000474995,0.,-0.0054));
#11956=CARTESIAN_POINT('',(0.01495,-0.0094,-0.0054));
#11957=CARTESIAN_POINT('',(0.01495,-0.0066,-0.0054));
#11958=CARTESIAN_POINT('',(0.0133,-0.0099,-0.0054));
#11959=CARTESIAN_POINT('',(0.000474995,0.,-0.007));
#11960=CARTESIAN_POINT('',(0.0141,-0.0099,-0.007));
#11961=CARTESIAN_POINT('',(0.01255,-0.008,-0.00625));
#11962=CARTESIAN_POINT('',(0.0123,-0.0056,-0.0065));
#11963=CARTESIAN_POINT('',(0.0123,-0.0104,-0.0065));
#11964=CARTESIAN_POINT('',(0.01255,0.008,-0.00625));
#11965=CARTESIAN_POINT('',(0.0123,0.0104,-0.0065));
#11966=CARTESIAN_POINT('',(0.0123,0.0056,-0.0065));
#11967=CARTESIAN_POINT('',(0.01255,-1.40946282423116E-18,-0.00625));
#11968=CARTESIAN_POINT('',(0.0123,0.0024,-0.0065));
#11969=CARTESIAN_POINT('',(0.0123,-0.0024,-0.0065));
#11970=CARTESIAN_POINT('',(0.0133,5.85469401395261E-18,-0.0054));
#11971=CARTESIAN_POINT('',(0.0133,0.,-0.0054));
#11972=CARTESIAN_POINT('',(0.0133,0.,-0.0054));
#11973=CARTESIAN_POINT('',(0.0141,6.21989895626352E-18,-0.007));
#11974=CARTESIAN_POINT('',(0.01495,-0.0094,-0.00615));
#11975=CARTESIAN_POINT('',(0.01495,-0.0066,-0.00615));
#11976=CARTESIAN_POINT('',(0.0141,0.,-0.007));
#11977=CARTESIAN_POINT('',(0.01495,0.0066,-0.00615));
#11978=CARTESIAN_POINT('',(0.01495,0.0094,-0.00615));
#11979=CARTESIAN_POINT('',(0.0141,0.,-0.007));
#11980=CARTESIAN_POINT('',(0.01495,-0.0014,-0.00615));
#11981=CARTESIAN_POINT('',(0.01495,0.0014,-0.00615));
#11982=CARTESIAN_POINT('',(0.014,-0.0056,-0.0065));
#11983=CARTESIAN_POINT('',(0.0085,-0.0104,-0.0065));
#11984=CARTESIAN_POINT('',(0.0085,0.0056,-0.0065));
#11985=CARTESIAN_POINT('',(0.014,0.0104,-0.0065));
#11986=CARTESIAN_POINT('',(0.014,0.0024,-0.0065));
#11987=CARTESIAN_POINT('',(0.0085,-0.0024,-0.0065));
#11988=CARTESIAN_POINT('',(0.01495,-0.0094,-0.0054));
#11989=CARTESIAN_POINT('',(0.01495,-0.0066,-0.0054));
#11990=CARTESIAN_POINT('',(0.01495,-0.0014,-0.0054));
#11991=CARTESIAN_POINT('',(0.01495,0.0014,-0.0054));
#11992=CARTESIAN_POINT('',(0.01495,0.0066,-0.0054));
#11993=CARTESIAN_POINT('',(0.01495,0.0094,-0.0054));
#11994=CARTESIAN_POINT('',(0.,-0.005,-0.007));
#11995=CARTESIAN_POINT('',(0.0104,-0.0024,-0.00249666790032092));
#11996=CARTESIAN_POINT('',(0.0127113248654052,-0.00471132486540519,-0.0065));
#11997=CARTESIAN_POINT('',(2.88906653603299E-20,-0.00471132486540519,-0.0065));
#11998=CARTESIAN_POINT('',(-0.0127113248654052,-0.00471132486540519,-0.0065));
#11999=CARTESIAN_POINT('',(-0.0104,-0.0024,-0.00249666790032092));
#12000=CARTESIAN_POINT('',(0.013,-0.005,-0.007));
#12001=CARTESIAN_POINT('',(0.0104,-0.0056,-0.00249666790032092));
#12002=CARTESIAN_POINT('',(0.0127113248654052,-0.00328867513459481,-0.0065));
#12003=CARTESIAN_POINT('',(0.0127113248654052,-0.005,-0.0065));
#12004=CARTESIAN_POINT('',(2.66880534765663E-19,-0.003,-0.007));
#12005=CARTESIAN_POINT('',(-0.0104,-0.0056,-0.00249666790032092));
#12006=CARTESIAN_POINT('',(-0.0127113248654052,-0.00328867513459481,-0.0065));
#12007=CARTESIAN_POINT('',(2.28359647618556E-19,-0.00328867513459481,-0.0065));
#12008=CARTESIAN_POINT('',(-0.013,-0.005,-0.007));
#12009=CARTESIAN_POINT('',(-0.0127113248654052,-0.005,-0.0065));
#12010=CARTESIAN_POINT('',(-0.000250005,0.,-0.0065));
#12011=CARTESIAN_POINT('',(0.,0.003,-0.007));
#12012=CARTESIAN_POINT('',(0.0104,0.0056,-0.00249666790032092));
#12013=CARTESIAN_POINT('',(0.0127113248654052,0.00328867513459481,-0.0065));
#12014=CARTESIAN_POINT('',(-3.37057762537183E-20,0.00328867513459481,-0.0065));
#12015=CARTESIAN_POINT('',(-0.0127113248654052,0.00328867513459481,-0.0065));
#12016=CARTESIAN_POINT('',(-0.0104,0.0056,-0.00249666790032092));
#12017=CARTESIAN_POINT('',(0.013,0.003,-0.007));
#12018=CARTESIAN_POINT('',(0.0104,0.0024,-0.00249666790032092));
#12019=CARTESIAN_POINT('',(0.0127113248654052,0.00471132486540519,-0.0065));
#12020=CARTESIAN_POINT('',(0.0127113248654052,0.003,-0.0065));
#12021=CARTESIAN_POINT('',(-2.66880534765663E-19,0.005,-0.007));
#12022=CARTESIAN_POINT('',(-0.0104,0.0024,-0.00249666790032092));
#12023=CARTESIAN_POINT('',(-0.0127113248654052,0.00471132486540519,-0.0065));
#12024=CARTESIAN_POINT('',(-2.28359647618556E-19,0.00471132486540519,-0.0065));
#12025=CARTESIAN_POINT('',(-0.013,0.003,-0.007));
#12026=CARTESIAN_POINT('',(-0.0127113248654052,0.003,-0.0065));
#12027=CARTESIAN_POINT('',(-0.000250005,0.,-0.0065));
#12028=CARTESIAN_POINT('',(-0.001,-0.008,-0.007));
#12029=CARTESIAN_POINT('',(-0.013,-0.008,-0.007));
#12030=CARTESIAN_POINT('',(-0.0127113248654052,-0.00828867513459481,-0.0065));
#12031=CARTESIAN_POINT('',(-0.001,-0.00828867513459481,-0.0065));
#12032=CARTESIAN_POINT('',(0.0107113248654052,-0.00828867513459481,-0.0065));
#12033=CARTESIAN_POINT('',(0.011,-0.008,-0.007));
#12034=CARTESIAN_POINT('',(-0.013,-0.008,-0.007));
#12035=CARTESIAN_POINT('',(-0.0118,-0.0128,-0.00492153903091735));
#12036=CARTESIAN_POINT('',(-0.0127113248654052,-0.0137113248654052,-0.0065));
#12037=CARTESIAN_POINT('',(-0.0127113248654052,-0.008,-0.0065));
#12038=CARTESIAN_POINT('',(-0.001,-0.014,-0.007));
#12039=CARTESIAN_POINT('',(0.0118,-0.0128,-0.00492153903091735));
#12040=CARTESIAN_POINT('',(0.0127113248654052,-0.0137113248654052,-0.0065));
#12041=CARTESIAN_POINT('',(-0.001,-0.0137113248654052,-0.0065));
#12042=CARTESIAN_POINT('',(0.013,-0.008,-0.007));
#12043=CARTESIAN_POINT('',(0.0102,-0.0138,-0.00215025773880715));
#12044=CARTESIAN_POINT('',(0.0127113248654052,-0.0112886751345948,-0.0065));
#12045=CARTESIAN_POINT('',(0.0127113248654052,-0.008,-0.0065));
#12046=CARTESIAN_POINT('',(-0.001,-0.011,-0.007));
#12047=CARTESIAN_POINT('',(0.0086,-0.0134,-0.0028430780618347));
#12048=CARTESIAN_POINT('',(0.0107113248654052,-0.0112886751345948,-0.0065));
#12049=CARTESIAN_POINT('',(-0.001,-0.0112886751345948,-0.0065));
#12050=CARTESIAN_POINT('',(0.011,-0.008,-0.007));
#12051=CARTESIAN_POINT('',(0.0107113248654052,-0.008,-0.0065));
#12052=CARTESIAN_POINT('',(-0.000250005,0.,-0.0065));
#12053=CARTESIAN_POINT('',(-0.016283069458915,-0.004,-0.00579974345624648));
#12054=CARTESIAN_POINT('',(-0.016283069458915,0.004,-0.00579974345624648));
#12055=CARTESIAN_POINT('',(-0.0162176549066426,0.004,-0.00579974345624648));
#12056=CARTESIAN_POINT('',(-0.0162176549066426,-0.004,-0.00579974345624648));
#12057=CARTESIAN_POINT('',(-0.0162176549066426,-0.004,-0.00579974345624648));
#12058=CARTESIAN_POINT('',(-0.016283069458915,-0.004,-0.00579974345624648));
#12059=CARTESIAN_POINT('',(-0.015958069458915,-0.004,-0.00564987172812324));
#12060=CARTESIAN_POINT('',(-0.015958069458915,0.004,-0.00564987172812324));
#12061=CARTESIAN_POINT('',(-0.0156984840111874,0.004,-0.0055));
#12062=CARTESIAN_POINT('',(-0.0156984840111874,-0.004,-0.0055));
#12063=CARTESIAN_POINT('',(-0.0156984840111874,-0.004,-0.0055));
#12064=CARTESIAN_POINT('',(-0.015958069458915,-0.004,-0.00564987172812324));
#12065=CARTESIAN_POINT('',(-0.0156984840111874,-0.004,-0.00525));
#12066=CARTESIAN_POINT('',(-0.0156984840111874,0.004,-0.00525));
#12067=CARTESIAN_POINT('',(-0.0156984840111874,-0.004,-0.00525));
#12068=CARTESIAN_POINT('',(-0.0160234840111874,-0.004,-0.00539987172812324));
#12069=CARTESIAN_POINT('',(-0.0160234840111874,0.004,-0.00539987172812324));
#12070=CARTESIAN_POINT('',(-0.0163496818330763,0.003,-0.005));
#12071=CARTESIAN_POINT('',(-0.0166496818330762,0.003,-0.00551961524227066));
#12072=CARTESIAN_POINT('',(-0.0166496818330762,0.0027,-0.00551961524227066));
#12073=CARTESIAN_POINT('',(-0.0166496818330762,-0.0027,-0.00551961524227066));
#12074=CARTESIAN_POINT('',(-0.0164096818330763,-0.00294,-0.00510392304845413));
#12075=CARTESIAN_POINT('',(-0.0164096818330763,0.00294,-0.00510392304845413));
#12076=CARTESIAN_POINT('',(-0.0166496818330762,0.003,-0.005));
#12077=CARTESIAN_POINT('',(-0.0168896818330762,0.00294,-0.00510392304845413));
#12078=CARTESIAN_POINT('',(-0.0169496818330763,0.003,-0.005));
#12079=CARTESIAN_POINT('',(-0.0168896818330762,-0.00294,-0.00510392304845413));
#12080=CARTESIAN_POINT('',(-0.0166496818330762,-0.003,-0.005));
#12081=CARTESIAN_POINT('',(-0.01,-0.0075,-0.0055));
#12082=CARTESIAN_POINT('',(-0.01,0.0075,-0.0055));
#12083=CARTESIAN_POINT('',(-0.0145,-0.0085,0.0631859483603837));
#12084=CARTESIAN_POINT('',(-0.0145,0.0085,0.0631859483603837));
#12085=CARTESIAN_POINT('',(0.,0.,0.));
#12086=CARTESIAN_POINT('',(-0.0170000000111387,-9.90603043375411E-19,-0.00250000003712901));
#12087=CARTESIAN_POINT('',(-0.0170000000111387,0.01,-0.00250000003712901));
#12088=CARTESIAN_POINT('',(-0.0178133188534728,-1.43450533206205E-18,-0.00521106288506921));
#12089=CARTESIAN_POINT('',(-0.0178133188534728,0.01,-0.00521106288506921));
#12090=CARTESIAN_POINT('',(-0.0173304327090058,1.5676757956124E-18,-0.00799999999999043));
#12091=CARTESIAN_POINT('',(-0.0173304327090058,0.01,-0.00799999999999043));
#12092=CARTESIAN_POINT('',(-0.0145000000000146,-6.09088064520277E-19,-0.008));
#12093=CARTESIAN_POINT('',(-0.0145000000000146,0.01,-0.008));
#12094=CARTESIAN_POINT('',(-0.0145,0.01,-0.008));
#12095=CARTESIAN_POINT('',(-0.0145,0.01,-0.008));
#12096=CARTESIAN_POINT('',(-0.0145,0.00806587708172407,-0.008));
#12097=CARTESIAN_POINT('',(-0.0145000000000073,0.00806587708172407,-0.008));
#12098=CARTESIAN_POINT('',(-0.0145410032781371,0.00805529008083558,-0.00799999999999986));
#12099=CARTESIAN_POINT('',(-0.0145826707097966,0.00805000000002053,-0.00799941574680439));
#12100=CARTESIAN_POINT('',(-0.0146249999997575,0.00805,-0.00799815078079331));
#12101=CARTESIAN_POINT('',(-0.0146250000000015,0.00805,-0.00799815078078602));
#12102=CARTESIAN_POINT('',(-0.0173102865327874,0.00805,-0.00545000000000532));
#12103=CARTESIAN_POINT('',(-0.0172649752686971,0.00805,-0.00578915324334284));
#12104=CARTESIAN_POINT('',(-0.0171046418646239,0.00805,-0.00645155534940624));
#12105=CARTESIAN_POINT('',(-0.0165433724774792,0.00805,-0.00733628682607209));
#12106=CARTESIAN_POINT('',(-0.0156525955069937,0.00805,-0.00788178779980801));
#12107=CARTESIAN_POINT('',(-0.0149679843880461,0.00805,-0.0079879010555105));
#12108=CARTESIAN_POINT('',(-0.0146249999997575,0.00805,-0.00799815078079331));
#12109=CARTESIAN_POINT('',(-0.0173102865327881,0.00805,-0.00545));
#12110=CARTESIAN_POINT('',(-0.0173102865327874,0.00805,-0.00545000000000532));
#12111=CARTESIAN_POINT('',(-0.0173453346160994,0.00805000000000279,-0.00518766630954969));
#12112=CARTESIAN_POINT('',(-0.0173516704889794,0.00781469625671072,-0.00495000000000033));
#12113=CARTESIAN_POINT('',(-0.0173516704889794,0.00755000000000063,-0.00495));
#12114=CARTESIAN_POINT('',(-0.0173516704889793,0.00755,-0.00495));
#12115=CARTESIAN_POINT('',(-0.0173516704889793,0.00805,-0.00495));
#12116=CARTESIAN_POINT('',(-0.0173516704889793,0.004,-0.00495));
#12117=CARTESIAN_POINT('',(-0.0173482508125615,3.67394039744206E-19,-0.00444999997062728));
#12118=CARTESIAN_POINT('',(-0.0173482508125615,0.000341111574669299,-0.00444999997062728));
#12119=CARTESIAN_POINT('',(-0.0173486392881435,0.000852519980168126,-0.0044580143940857));
#12120=CARTESIAN_POINT('',(-0.0173498769727766,0.00153376039319874,-0.00448650613250798));
#12121=CARTESIAN_POINT('',(-0.0173511236223808,0.0020444470132524,-0.00451812825055875));
#12122=CARTESIAN_POINT('',(-0.0173526108809523,0.00255431350551156,-0.00456237710491818));
#12123=CARTESIAN_POINT('',(-0.0173539288670998,0.00297766476779764,-0.00461331418475092));
#12124=CARTESIAN_POINT('',(-0.0173548298482545,0.00331470889868056,-0.00466831125311354));
#12125=CARTESIAN_POINT('',(-0.0173552939140589,0.00356452581371333,-0.00471996242520843));
#12126=CARTESIAN_POINT('',(-0.0173552853970596,0.00377255839802302,-0.00477879349440451));
#12127=CARTESIAN_POINT('',(-0.0173544891126598,0.00392408959513316,-0.00484643405314647));
#12128=CARTESIAN_POINT('',(-0.0173531945845175,0.00400000000000192,-0.00490682083738284));
#12129=CARTESIAN_POINT('',(-0.0173516704889793,0.004,-0.00495000000000277));
#12130=CARTESIAN_POINT('',(-0.0173482508139381,3.67394039744206E-19,-0.00445));
#12131=CARTESIAN_POINT('',(-0.0145,0.,-0.008));
#12132=CARTESIAN_POINT('',(-0.0173304327219254,0.,-0.008));
#12133=CARTESIAN_POINT('',(-0.017813318857883,0.,-0.00521106285961018));
#12134=CARTESIAN_POINT('',(-0.017,0.,-0.0025));
#12135=CARTESIAN_POINT('',(-0.017,0.,-0.0025));
#12136=CARTESIAN_POINT('',(-0.017,0.01,-0.0025));
#12137=CARTESIAN_POINT('',(-0.017,0.01,-0.0025));
#12138=CARTESIAN_POINT('',(-0.0145,0.01,-0.008));
#12139=CARTESIAN_POINT('',(-0.0173304327219254,0.01,-0.008));
#12140=CARTESIAN_POINT('',(-0.017813318857883,0.01,-0.00521106285961018));
#12141=CARTESIAN_POINT('',(-0.017,0.01,-0.0025));
#12142=CARTESIAN_POINT('',(-0.0170000000111387,-0.01,-0.00250000003712901));
#12143=CARTESIAN_POINT('',(-0.0170000000111387,1.73472347597681E-18,-0.00250000003712901));
#12144=CARTESIAN_POINT('',(-0.0178133188534735,-0.01,-0.00521106288507154));
#12145=CARTESIAN_POINT('',(-0.0178133188534735,0.,-0.00521106288507154));
#12146=CARTESIAN_POINT('',(-0.017330432709005,-0.01,-0.00799999999999522));
#12147=CARTESIAN_POINT('',(-0.017330432709005,-3.46944695195361E-18,-0.00799999999999522));
#12148=CARTESIAN_POINT('',(-0.0145000000000073,-0.01,-0.008));
#12149=CARTESIAN_POINT('',(-0.0145000000000073,1.73472347597681E-18,-0.008));
#12150=CARTESIAN_POINT('',(-0.014624999999756,-0.00805,-0.00799815078079336));
#12151=CARTESIAN_POINT('',(-0.0149675411155978,-0.00805,-0.00798791430225898));
#12152=CARTESIAN_POINT('',(-0.0156483517880577,-0.00805,-0.00788346704173167));
#12153=CARTESIAN_POINT('',(-0.0165436395093093,-0.00805,-0.00733593588710298));
#12154=CARTESIAN_POINT('',(-0.0171024215039249,-0.00805,-0.00645660170495973));
#12155=CARTESIAN_POINT('',(-0.0172649275614382,-0.00805,-0.00578951033052771));
#12156=CARTESIAN_POINT('',(-0.0173102865327875,-0.00805,-0.00545000000000505));
#12157=CARTESIAN_POINT('',(-0.014625,-0.00805,-0.00799815078078606));
#12158=CARTESIAN_POINT('',(-0.0173102865327881,-0.00805,-0.0054500000000002));
#12159=CARTESIAN_POINT('',(-0.014624999999756,-0.00805,-0.00799815078079336));
#12160=CARTESIAN_POINT('',(-0.0145826707099535,-0.00805000000002066,-0.00799941574679714));
#12161=CARTESIAN_POINT('',(-0.0145410032779838,-0.00805529008087333,-0.00799999999999993));
#12162=CARTESIAN_POINT('',(-0.0145000000000073,-0.0080658770817222,-0.008));
#12163=CARTESIAN_POINT('',(-0.0145,-0.00806587708172407,-0.008));
#12164=CARTESIAN_POINT('',(-0.0145,0.,-0.008));
#12165=CARTESIAN_POINT('',(-0.0145,-0.01,-0.008));
#12166=CARTESIAN_POINT('',(-0.0145,-0.01,-0.008));
#12167=CARTESIAN_POINT('',(-0.0173304327219254,-0.01,-0.008));
#12168=CARTESIAN_POINT('',(-0.017813318857883,-0.01,-0.00521106285961018));
#12169=CARTESIAN_POINT('',(-0.017,-0.01,-0.0025));
#12170=CARTESIAN_POINT('',(-0.017,-0.01,-0.0025));
#12171=CARTESIAN_POINT('',(-0.017,0.,-0.0025));
#12172=CARTESIAN_POINT('',(-0.0173516704889793,-0.004,-0.00495000000000277));
#12173=CARTESIAN_POINT('',(-0.0173532214707916,-0.004,-0.00490605912214205));
#12174=CARTESIAN_POINT('',(-0.0173545047273832,-0.00392215444429925,-0.00484539683785332));
#12175=CARTESIAN_POINT('',(-0.0173552893955518,-0.00377041199690931,-0.00477806140612313));
#12176=CARTESIAN_POINT('',(-0.0173552901768747,-0.00356118148135521,-0.00471916119852432));
#12177=CARTESIAN_POINT('',(-0.0173548234016142,-0.00331213807845867,-0.00466786018013421));
#12178=CARTESIAN_POINT('',(-0.0173539217956078,-0.00297529451199263,-0.00461298568198837));
#12179=CARTESIAN_POINT('',(-0.0173526022222519,-0.00255150832760849,-0.00456209411006659));
#12180=CARTESIAN_POINT('',(-0.0173511182657513,-0.00204241355797482,-0.00451798791885305));
#12181=CARTESIAN_POINT('',(-0.0173498745515473,-0.00153256303527774,-0.00448644902623989));
#12182=CARTESIAN_POINT('',(-0.017348639003869,-0.000852075485132999,-0.00445800947165942));
#12183=CARTESIAN_POINT('',(-0.0173482508139362,-0.000340998586180404,-0.00444999999995975));
#12184=CARTESIAN_POINT('',(-0.0173482508139381,3.7768399518967E-12,-0.00445));
#12185=CARTESIAN_POINT('',(-0.0173516704889793,-0.004,-0.00495));
#12186=CARTESIAN_POINT('',(-0.0173516704889793,-0.004,-0.00495));
#12187=CARTESIAN_POINT('',(-0.0173516704889793,-0.00755,-0.00495));
#12188=CARTESIAN_POINT('',(-0.0173516704889793,-0.00755,-0.00495000000000277));
#12189=CARTESIAN_POINT('',(-0.0173516704889793,-0.00781468909080465,-0.00495000000000277));
#12190=CARTESIAN_POINT('',(-0.0173453352007265,-0.0080500000000029,-0.00518766193363326));
#12191=CARTESIAN_POINT('',(-0.0173102865327874,-0.00805,-0.00545000000000552));
#12192=CARTESIAN_POINT('',(-0.01,0.0575998087670709,-0.00495));
#12193=CARTESIAN_POINT('',(-0.0163008655337335,-0.00405,-0.00495));
#12194=CARTESIAN_POINT('',(-0.0163008655337335,-0.00405,-0.00495));
#12195=CARTESIAN_POINT('',(-0.0163008655337335,-0.00755,-0.00495));
#12196=CARTESIAN_POINT('',(-0.01,-0.00755,-0.00495));
#12197=CARTESIAN_POINT('',(-0.0166000772500022,-0.004,-0.00495));
#12198=CARTESIAN_POINT('',(-0.0156484840111874,-0.004,-0.00495));
#12199=CARTESIAN_POINT('',(-0.0156484840111874,0.0575998087670709,-0.00495));
#12200=CARTESIAN_POINT('',(-0.0156484840111874,-0.00405,-0.00495));
#12201=CARTESIAN_POINT('',(-0.01,-0.00405,-0.00495));
#12202=CARTESIAN_POINT('',(-3.46944695195361E-18,0.015125,0.250817621135332));
#12203=CARTESIAN_POINT('',(-0.00226794919243112,0.015125,-0.006998));
#12204=CARTESIAN_POINT('',(-0.00226794919243112,0.015125,-0.008));
#12205=CARTESIAN_POINT('',(-0.00226794919243112,0.015125,-0.0069));
#12206=CARTESIAN_POINT('',(-3.46944695195361E-18,0.015125,-0.008));
#12207=CARTESIAN_POINT('',(0.00226794919243112,0.015125,-0.008));
#12208=CARTESIAN_POINT('',(0.00226794919243112,0.015125,0.0631859483603837));
#12209=CARTESIAN_POINT('',(0.00226794919243112,0.015125,-0.0069));
#12210=CARTESIAN_POINT('',(-3.46944695195361E-18,0.015125,-0.0069));
#12211=CARTESIAN_POINT('',(0.0127320508075689,0.015125,-0.0069));
#12212=CARTESIAN_POINT('',(0.0127320508075689,0.015125,-0.006998));
#12213=CARTESIAN_POINT('',(0.0127320508075689,0.015125,-0.008));
#12214=CARTESIAN_POINT('',(-3.46944695195361E-18,0.015125,-0.008));
#12215=CARTESIAN_POINT('',(0.013125,0.015125,-0.008));
#12216=CARTESIAN_POINT('',(0.013125,0.015125,0.250817621135332));
#12217=CARTESIAN_POINT('',(0.013125,0.015125,-0.001));
#12218=CARTESIAN_POINT('',(-3.46944695195361E-18,0.015125,-0.001));
#12219=CARTESIAN_POINT('',(0.0057,0.015125,-0.001));
#12220=CARTESIAN_POINT('',(0.0057,0.015125,-0.0056));
#12221=CARTESIAN_POINT('',(0.0057,0.015125,-0.0056));
#12222=CARTESIAN_POINT('',(-3.46944695195361E-18,0.015125,-0.0056));
#12223=CARTESIAN_POINT('',(0.004825,0.015125,-0.0056));
#12224=CARTESIAN_POINT('',(0.004825,0.015125,0.250817621135332));
#12225=CARTESIAN_POINT('',(0.004825,0.015125,-0.0026));
#12226=CARTESIAN_POINT('',(-3.46944695195361E-18,0.015125,-0.0026));
#12227=CARTESIAN_POINT('',(-0.004825,0.015125,-0.0026));
#12228=CARTESIAN_POINT('',(-0.004825,0.015125,0.250817621135332));
#12229=CARTESIAN_POINT('',(-0.004825,0.015125,-0.0056));
#12230=CARTESIAN_POINT('',(-3.46944695195361E-18,0.015125,-0.0056));
#12231=CARTESIAN_POINT('',(-0.0057,0.015125,-0.0056));
#12232=CARTESIAN_POINT('',(-0.0057,0.015125,0.250817621135332));
#12233=CARTESIAN_POINT('',(-0.0057,0.015125,-0.001));
#12234=CARTESIAN_POINT('',(-3.46944695195361E-18,0.015125,-0.001));
#12235=CARTESIAN_POINT('',(-0.013125,0.015125,-0.001));
#12236=CARTESIAN_POINT('',(-0.013125,0.015125,0.250817621135332));
#12237=CARTESIAN_POINT('',(-0.013125,0.015125,-0.008));
#12238=CARTESIAN_POINT('',(-3.46944695195361E-18,0.015125,-0.008));
#12239=CARTESIAN_POINT('',(-0.0127320508075689,0.015125,-0.008));
#12240=CARTESIAN_POINT('',(-0.0127320508075689,0.015125,0.0631859483603837));
#12241=CARTESIAN_POINT('',(-0.0127320508075689,0.015125,-0.0069));
#12242=CARTESIAN_POINT('',(-3.46944695195361E-18,0.015125,-0.0069));
#12243=CARTESIAN_POINT('',(0.0085,0.0065,-0.008));
#12244=CARTESIAN_POINT('',(-0.014125,0.,-0.008));
#12245=CARTESIAN_POINT('',(-0.014125,0.00855,-0.008));
#12246=CARTESIAN_POINT('',(-0.014125,0.014125,-0.008));
#12247=CARTESIAN_POINT('',(-0.014625,0.00855,-0.008));
#12248=CARTESIAN_POINT('',(-0.005,0.018,-0.008));
#12249=CARTESIAN_POINT('',(-0.00608950411399137,0.018,-0.008));
#12250=CARTESIAN_POINT('',(-0.00715126999002291,0.0179847395303274,-0.008));
#12251=CARTESIAN_POINT('',(-0.00896746583802592,0.017907523748672,-0.008));
#12252=CARTESIAN_POINT('',(-0.00973450510517752,0.0178461584432173,-0.008));
#12253=CARTESIAN_POINT('',(-0.0110167492461243,0.017668521392491,-0.008));
#12254=CARTESIAN_POINT('',(-0.0115378907272929,0.0175540548624718,-0.008));
#12255=CARTESIAN_POINT('',(-0.0124038023259857,0.0172525283688518,-0.008));
#12256=CARTESIAN_POINT('',(-0.0127485710991023,0.0170654673933056,-0.008));
#12257=CARTESIAN_POINT('',(-0.0133253139445553,0.0165974531010556,-0.008));
#12258=CARTESIAN_POINT('',(-0.013556805477857,0.0163177455431789,-0.008));
#12259=CARTESIAN_POINT('',(-0.0139316566145418,0.0156093371043796,-0.008));
#12260=CARTESIAN_POINT('',(-0.0140750170663344,0.0151806372706211,-0.00799999999999953));
#12261=CARTESIAN_POINT('',(-0.0142992329556585,0.014116641093983,-0.00800000000000047));
#12262=CARTESIAN_POINT('',(-0.0143779694550437,0.0134762258873163,-0.008));
#12263=CARTESIAN_POINT('',(-0.0144787037475184,0.011923092412022,-0.008));
#12264=CARTESIAN_POINT('',(-0.0145,0.0109997976523042,-0.008));
#12265=CARTESIAN_POINT('',(-0.0145,0.01,-0.008));
#12266=CARTESIAN_POINT('',(-0.005,0.018,-0.008));
#12267=CARTESIAN_POINT('',(0.,0.018,-0.008));
#12268=CARTESIAN_POINT('',(-0.00237431413431623,0.018,-0.008));
#12269=CARTESIAN_POINT('',(-0.0018,0.0174034546713224,-0.008));
#12270=CARTESIAN_POINT('',(-0.0026,0.0174034546713224,-0.008));
#12271=CARTESIAN_POINT('',(-0.0026,0.0065,-0.008));
#12272=CARTESIAN_POINT('',(-0.0026,0.0169020556830403,-0.008));
#12273=CARTESIAN_POINT('',(-0.0018,0.0169020556830403,-0.008));
#12274=CARTESIAN_POINT('',(-0.0018,0.0160451396881307,-0.008));
#12275=CARTESIAN_POINT('',(0.0085,0.0160451396881307,-0.008));
#12276=CARTESIAN_POINT('',(0.0018,0.0160451396881307,-0.008));
#12277=CARTESIAN_POINT('',(0.0018,0.0169020556830403,-0.008));
#12278=CARTESIAN_POINT('',(0.0026,0.0169020556830403,-0.008));
#12279=CARTESIAN_POINT('',(0.0026,0.0065,-0.008));
#12280=CARTESIAN_POINT('',(0.0026,0.0174034546713224,-0.008));
#12281=CARTESIAN_POINT('',(0.0018,0.0174034546713224,-0.008));
#12282=CARTESIAN_POINT('',(0.00237431413431623,0.018,-0.008));
#12283=CARTESIAN_POINT('',(0.005,0.018,-0.008));
#12284=CARTESIAN_POINT('',(0.005,0.018,-0.008));
#12285=CARTESIAN_POINT('',(0.0145,0.01,-0.008));
#12286=CARTESIAN_POINT('',(0.0145,0.0109998014187864,-0.008));
#12287=CARTESIAN_POINT('',(0.0144787036046547,0.0119230966887903,-0.008));
#12288=CARTESIAN_POINT('',(0.0143779690496821,0.0134762300630908,-0.008));
#12289=CARTESIAN_POINT('',(0.0142992324248226,0.0141166445600349,-0.00799999999999859));
#12290=CARTESIAN_POINT('',(0.0140750163986956,0.0151806394917675,-0.00800000000000142));
#12291=CARTESIAN_POINT('',(0.0139316559302106,0.0156093387660778,-0.0080000000000007));
#12292=CARTESIAN_POINT('',(0.0135568049246635,0.0163177462750999,-0.00799999999999931));
#12293=CARTESIAN_POINT('',(0.0133253135391789,0.0165974534626729,-0.008));
#12294=CARTESIAN_POINT('',(0.012748571215062,0.017065467266544,-0.008));
#12295=CARTESIAN_POINT('',(0.012403802853033,0.0172525280924226,-0.008));
#12296=CARTESIAN_POINT('',(0.0115378923109617,0.0175540544266245,-0.008));
#12297=CARTESIAN_POINT('',(0.0110167514753014,0.0176685209468992,-0.008));
#12298=CARTESIAN_POINT('',(0.00973450879329885,0.0178461580690429,-0.008));
#12299=CARTESIAN_POINT('',(0.00896747036421312,0.0179075234597068,-0.008));
#12300=CARTESIAN_POINT('',(0.00715127469001235,0.0179847394270381,-0.008));
#12301=CARTESIAN_POINT('',(0.00608950821842753,0.018,-0.008));
#12302=CARTESIAN_POINT('',(0.005,0.018,-0.008));
#12303=CARTESIAN_POINT('',(0.0145,0.01,-0.008));
#12304=CARTESIAN_POINT('',(0.0145,0.,-0.008));
#12305=CARTESIAN_POINT('',(0.0145,0.,-0.008));
#12306=CARTESIAN_POINT('',(0.0145,-0.01,-0.008));
#12307=CARTESIAN_POINT('',(0.0145,-0.01,-0.008));
#12308=CARTESIAN_POINT('',(0.005,-0.018,-0.008));
#12309=CARTESIAN_POINT('',(0.00608950411399078,-0.018,-0.008));
#12310=CARTESIAN_POINT('',(0.0071512699900237,-0.0179847395303274,-0.008));
#12311=CARTESIAN_POINT('',(0.00896746583802513,-0.017907523748672,-0.008));
#12312=CARTESIAN_POINT('',(0.00973450510517696,-0.0178461584432173,-0.008));
#12313=CARTESIAN_POINT('',(0.0110167492461248,-0.017668521392491,-0.008));
#12314=CARTESIAN_POINT('',(0.0115378907272933,-0.0175540548624726,-0.008));
#12315=CARTESIAN_POINT('',(0.0124038023259853,-0.017252528368851,-0.008));
#12316=CARTESIAN_POINT('',(0.0127485710991028,-0.0170654673933039,-0.008));
#12317=CARTESIAN_POINT('',(0.0133253139445548,-0.0165974531010572,-0.008));
#12318=CARTESIAN_POINT('',(0.0135568054778574,-0.0163177455431789,-0.008));
#12319=CARTESIAN_POINT('',(0.0139316566145415,-0.0156093371043796,-0.008));
#12320=CARTESIAN_POINT('',(0.0140750170663342,-0.0151806372706195,-0.008));
#12321=CARTESIAN_POINT('',(0.0142992329556587,-0.0141166410939847,-0.008));
#12322=CARTESIAN_POINT('',(0.0143779694550437,-0.0134762258873163,-0.008));
#12323=CARTESIAN_POINT('',(0.0144787037475184,-0.011923092412022,-0.008));
#12324=CARTESIAN_POINT('',(0.0145,-0.0109997976523042,-0.008));
#12325=CARTESIAN_POINT('',(0.0145,-0.01,-0.008));
#12326=CARTESIAN_POINT('',(0.005,-0.018,-0.008));
#12327=CARTESIAN_POINT('',(0.,-0.018,-0.008));
#12328=CARTESIAN_POINT('',(0.00237431413431623,-0.018,-0.008));
#12329=CARTESIAN_POINT('',(0.0018,-0.0174034546713224,-0.008));
#12330=CARTESIAN_POINT('',(0.0026,-0.0174034546713224,-0.008));
#12331=CARTESIAN_POINT('',(0.0026,0.0065,-0.008));
#12332=CARTESIAN_POINT('',(0.0026,-0.0169020556830403,-0.008));
#12333=CARTESIAN_POINT('',(0.0018,-0.0169020556830403,-0.008));
#12334=CARTESIAN_POINT('',(0.0018,-0.0160451396881308,-0.008));
#12335=CARTESIAN_POINT('',(0.0085,-0.0160451396881308,-0.008));
#12336=CARTESIAN_POINT('',(-0.0018,-0.0160451396881308,-0.008));
#12337=CARTESIAN_POINT('',(-0.0018,-0.0169020556830403,-0.008));
#12338=CARTESIAN_POINT('',(-0.0026,-0.0169020556830403,-0.008));
#12339=CARTESIAN_POINT('',(-0.0026,0.0065,-0.008));
#12340=CARTESIAN_POINT('',(-0.0026,-0.0174034546713224,-0.008));
#12341=CARTESIAN_POINT('',(-0.0018,-0.0174034546713224,-0.008));
#12342=CARTESIAN_POINT('',(-0.00237431413431623,-0.018,-0.008));
#12343=CARTESIAN_POINT('',(-0.005,-0.018,-0.008));
#12344=CARTESIAN_POINT('',(-0.005,-0.018,-0.008));
#12345=CARTESIAN_POINT('',(-0.0145,-0.01,-0.008));
#12346=CARTESIAN_POINT('',(-0.0145,-0.0109998014187862,-0.008));
#12347=CARTESIAN_POINT('',(-0.0144787036046556,-0.0119230966887906,-0.008));
#12348=CARTESIAN_POINT('',(-0.0143779690496812,-0.0134762300630905,-0.008));
#12349=CARTESIAN_POINT('',(-0.0142992324248226,-0.0141166445600358,-0.00800000000000094));
#12350=CARTESIAN_POINT('',(-0.0140750163986957,-0.0151806394917666,-0.00799999999999906));
#12351=CARTESIAN_POINT('',(-0.0139316559302096,-0.0156093387660764,-0.008));
#12352=CARTESIAN_POINT('',(-0.0135568049246646,-0.0163177462751012,-0.008));
#12353=CARTESIAN_POINT('',(-0.0133253135391786,-0.0165974534626744,-0.008));
#12354=CARTESIAN_POINT('',(-0.0127485712150624,-0.0170654672665425,-0.008));
#12355=CARTESIAN_POINT('',(-0.0124038028530335,-0.0172525280924214,-0.008));
#12356=CARTESIAN_POINT('',(-0.0115378923109612,-0.0175540544266257,-0.008));
#12357=CARTESIAN_POINT('',(-0.0110167514752998,-0.0176685209468992,-0.008));
#12358=CARTESIAN_POINT('',(-0.00973450879330056,-0.0178461580690429,-0.008));
#12359=CARTESIAN_POINT('',(-0.00896747036421436,-0.017907523459705,-0.008));
#12360=CARTESIAN_POINT('',(-0.00715127469001122,-0.0179847394270398,-0.008));
#12361=CARTESIAN_POINT('',(-0.00608950821842842,-0.018,-0.008));
#12362=CARTESIAN_POINT('',(-0.005,-0.018,-0.008));
#12363=CARTESIAN_POINT('',(-0.014625,-0.00855,-0.008));
#12364=CARTESIAN_POINT('',(-0.014125,-0.00855,-0.008));
#12365=CARTESIAN_POINT('',(-0.014125,0.,-0.008));
#12366=CARTESIAN_POINT('',(-0.014125,-0.014125,-0.008));
#12367=CARTESIAN_POINT('',(-0.013125,-0.014125,-0.008));
#12368=CARTESIAN_POINT('',(-0.013125,-0.015125,-0.008));
#12369=CARTESIAN_POINT('',(1.7347234759768E-18,-0.015125,-0.008));
#12370=CARTESIAN_POINT('',(-0.0127320508075689,-0.015125,-0.008));
#12371=CARTESIAN_POINT('',(-0.0127320508075689,-0.016,-0.008));
#12372=CARTESIAN_POINT('',(-0.0119742785792575,-0.0155625,-0.008));
#12373=CARTESIAN_POINT('',(-0.0116856034446627,-0.0160625,-0.008));
#12374=CARTESIAN_POINT('',(-0.0113969283100679,-0.0165625,-0.008));
#12375=CARTESIAN_POINT('',(-0.0104226497308104,-0.016,-0.008));
#12376=CARTESIAN_POINT('',(-0.0104226497308104,-0.017125,-0.008));
#12377=CARTESIAN_POINT('',(-0.0075,-0.017125,-0.008));
#12378=CARTESIAN_POINT('',(-0.00457735026918963,-0.017125,-0.008));
#12379=CARTESIAN_POINT('',(-0.00457735026918963,-0.016,-0.008));
#12380=CARTESIAN_POINT('',(-0.00360307168993213,-0.0165625,-0.008));
#12381=CARTESIAN_POINT('',(-0.00331439655533732,-0.0160625,-0.008));
#12382=CARTESIAN_POINT('',(-0.0030257214207425,-0.0155625,-0.008));
#12383=CARTESIAN_POINT('',(-0.00226794919243112,-0.016,-0.008));
#12384=CARTESIAN_POINT('',(-0.00226794919243112,-0.015125,-0.008));
#12385=CARTESIAN_POINT('',(1.7347234759768E-18,-0.015125,-0.008));
#12386=CARTESIAN_POINT('',(0.00226794919243112,-0.015125,-0.008));
#12387=CARTESIAN_POINT('',(0.00226794919243112,-0.016,-0.008));
#12388=CARTESIAN_POINT('',(0.0030257214207425,-0.0155625,-0.008));
#12389=CARTESIAN_POINT('',(0.00331439655533732,-0.0160625,-0.008));
#12390=CARTESIAN_POINT('',(0.00360307168993213,-0.0165625,-0.008));
#12391=CARTESIAN_POINT('',(0.00457735026918963,-0.016,-0.008));
#12392=CARTESIAN_POINT('',(0.00457735026918963,-0.017125,-0.008));
#12393=CARTESIAN_POINT('',(0.0075,-0.017125,-0.008));
#12394=CARTESIAN_POINT('',(0.0104226497308104,-0.017125,-0.008));
#12395=CARTESIAN_POINT('',(0.0104226497308104,-0.016,-0.008));
#12396=CARTESIAN_POINT('',(0.0113969283100679,-0.0165625,-0.008));
#12397=CARTESIAN_POINT('',(0.0116856034446627,-0.0160625,-0.008));
#12398=CARTESIAN_POINT('',(0.0119742785792575,-0.0155625,-0.008));
#12399=CARTESIAN_POINT('',(0.0127320508075689,-0.016,-0.008));
#12400=CARTESIAN_POINT('',(0.0127320508075689,-0.015125,-0.008));
#12401=CARTESIAN_POINT('',(1.7347234759768E-18,-0.015125,-0.008));
#12402=CARTESIAN_POINT('',(0.013125,-0.015125,-0.008));
#12403=CARTESIAN_POINT('',(0.013125,-0.014125,-0.008));
#12404=CARTESIAN_POINT('',(0.014125,-0.014125,-0.008));
#12405=CARTESIAN_POINT('',(0.014125,0.,-0.008));
#12406=CARTESIAN_POINT('',(0.014125,0.014125,-0.008));
#12407=CARTESIAN_POINT('',(0.013125,0.014125,-0.008));
#12408=CARTESIAN_POINT('',(0.0127320508075689,0.016,-0.008));
#12409=CARTESIAN_POINT('',(0.0119742785792575,0.0155625,-0.008));
#12410=CARTESIAN_POINT('',(0.0116856034446627,0.0160625,-0.008));
#12411=CARTESIAN_POINT('',(0.0113969283100679,0.0165625,-0.008));
#12412=CARTESIAN_POINT('',(0.0104226497308104,0.016,-0.008));
#12413=CARTESIAN_POINT('',(0.0104226497308104,0.017125,-0.008));
#12414=CARTESIAN_POINT('',(0.0075,0.017125,-0.008));
#12415=CARTESIAN_POINT('',(0.00457735026918963,0.017125,-0.008));
#12416=CARTESIAN_POINT('',(0.00457735026918963,0.016,-0.008));
#12417=CARTESIAN_POINT('',(0.00360307168993213,0.0165625,-0.008));
#12418=CARTESIAN_POINT('',(0.00331439655533732,0.0160625,-0.008));
#12419=CARTESIAN_POINT('',(0.0030257214207425,0.0155625,-0.008));
#12420=CARTESIAN_POINT('',(0.00226794919243112,0.016,-0.008));
#12421=CARTESIAN_POINT('',(-0.00226794919243112,0.016,-0.008));
#12422=CARTESIAN_POINT('',(-0.0030257214207425,0.0155625,-0.008));
#12423=CARTESIAN_POINT('',(-0.00331439655533732,0.0160625,-0.008));
#12424=CARTESIAN_POINT('',(-0.00360307168993213,0.0165625,-0.008));
#12425=CARTESIAN_POINT('',(-0.00457735026918963,0.016,-0.008));
#12426=CARTESIAN_POINT('',(-0.00457735026918963,0.017125,-0.008));
#12427=CARTESIAN_POINT('',(-0.0075,0.017125,-0.008));
#12428=CARTESIAN_POINT('',(-0.0104226497308104,0.017125,-0.008));
#12429=CARTESIAN_POINT('',(-0.0104226497308104,0.016,-0.008));
#12430=CARTESIAN_POINT('',(-0.0113969283100679,0.0165625,-0.008));
#12431=CARTESIAN_POINT('',(-0.0116856034446627,0.0160625,-0.008));
#12432=CARTESIAN_POINT('',(-0.0119742785792575,0.0155625,-0.008));
#12433=CARTESIAN_POINT('',(-0.0127320508075689,0.016,-0.008));
#12434=CARTESIAN_POINT('',(-0.013125,0.014125,-0.008));
#12435=CARTESIAN_POINT('',(1.7347234759768E-18,-0.015125,0.250817621135332));
#12436=CARTESIAN_POINT('',(-0.00226794919243112,-0.015125,0.0631859483603837));
#12437=CARTESIAN_POINT('',(-0.00226794919243112,-0.015125,-0.0069));
#12438=CARTESIAN_POINT('',(1.7347234759768E-18,-0.015125,-0.0069));
#12439=CARTESIAN_POINT('',(-0.0127320508075689,-0.015125,-0.0069));
#12440=CARTESIAN_POINT('',(-0.0127320508075689,-0.015125,-0.006998));
#12441=CARTESIAN_POINT('',(-0.013125,-0.015125,0.250817621135332));
#12442=CARTESIAN_POINT('',(-0.013125,-0.015125,-0.001));
#12443=CARTESIAN_POINT('',(1.7347234759768E-18,-0.015125,-0.001));
#12444=CARTESIAN_POINT('',(0.013125,-0.015125,-0.001));
#12445=CARTESIAN_POINT('',(0.013125,-0.015125,0.250817621135332));
#12446=CARTESIAN_POINT('',(0.0127320508075689,-0.015125,0.0631859483603837));
#12447=CARTESIAN_POINT('',(0.0127320508075689,-0.015125,-0.0069));
#12448=CARTESIAN_POINT('',(1.7347234759768E-18,-0.015125,-0.0069));
#12449=CARTESIAN_POINT('',(0.00226794919243112,-0.015125,-0.0069));
#12450=CARTESIAN_POINT('',(0.00226794919243112,-0.015125,-0.006998));
#12451=CARTESIAN_POINT('',(-0.014125,0.,0.250817621135332));
#12452=CARTESIAN_POINT('',(-0.014125,0.,-0.00695));
#12453=CARTESIAN_POINT('',(-0.014125,-0.00855,-0.00695));
#12454=CARTESIAN_POINT('',(-0.014125,0.00855,-0.00695));
#12455=CARTESIAN_POINT('',(-0.014125,0.00855,-0.008));
#12456=CARTESIAN_POINT('',(-0.014125,0.014125,0.250817621135332));
#12457=CARTESIAN_POINT('',(-0.014125,0.014125,-0.001));
#12458=CARTESIAN_POINT('',(-0.014125,0.,-0.001));
#12459=CARTESIAN_POINT('',(-0.014125,-0.014125,-0.001));
#12460=CARTESIAN_POINT('',(-0.014125,-0.014125,0.250817621135332));
#12461=CARTESIAN_POINT('',(-0.014125,-0.00855,-0.00695));
#12462=CARTESIAN_POINT('',(0.014125,0.,0.250817621135332));
#12463=CARTESIAN_POINT('',(0.014125,0.,-0.007));
#12464=CARTESIAN_POINT('',(0.014125,0.01,-0.007));
#12465=CARTESIAN_POINT('',(0.014125,0.006,-0.007));
#12466=CARTESIAN_POINT('',(0.014125,0.01,-0.000998));
#12467=CARTESIAN_POINT('',(0.014125,0.01,-0.00645));
#12468=CARTESIAN_POINT('',(0.014125,0.0105,-0.00645));
#12469=CARTESIAN_POINT('',(0.014125,0.0105,-0.00695));
#12470=CARTESIAN_POINT('',(0.014125,0.0120625,-0.00695));
#12471=CARTESIAN_POINT('',(0.014125,0.013625,-0.00695));
#12472=CARTESIAN_POINT('',(0.014125,0.013625,-0.00645));
#12473=CARTESIAN_POINT('',(0.014125,0.014125,-0.00645));
#12474=CARTESIAN_POINT('',(0.014125,0.014125,0.250817621135332));
#12475=CARTESIAN_POINT('',(0.014125,-0.014125,0.250817621135332));
#12476=CARTESIAN_POINT('',(0.014125,-0.014125,-0.00645));
#12477=CARTESIAN_POINT('',(0.014125,-0.013625,-0.00645));
#12478=CARTESIAN_POINT('',(0.014125,-0.013625,-0.00695));
#12479=CARTESIAN_POINT('',(0.014125,-0.0120625,-0.00695));
#12480=CARTESIAN_POINT('',(0.014125,-0.0105,-0.00695));
#12481=CARTESIAN_POINT('',(0.014125,-0.0105,-0.00645));
#12482=CARTESIAN_POINT('',(0.014125,-0.01,-0.00645));
#12483=CARTESIAN_POINT('',(0.014125,-0.01,-0.000998));
#12484=CARTESIAN_POINT('',(0.014125,-0.01,-0.007));
#12485=CARTESIAN_POINT('',(0.014125,0.,-0.007));
#12486=CARTESIAN_POINT('',(0.014125,-0.006,-0.007));
#12487=CARTESIAN_POINT('',(0.014125,-0.006,-0.000998));
#12488=CARTESIAN_POINT('',(0.014125,-0.006,-0.00645));
#12489=CARTESIAN_POINT('',(0.014125,-0.0055,-0.00645));
#12490=CARTESIAN_POINT('',(0.014125,-0.0055,-0.00695));
#12491=CARTESIAN_POINT('',(0.014125,-0.004,-0.00695));
#12492=CARTESIAN_POINT('',(0.014125,-0.0025,-0.00695));
#12493=CARTESIAN_POINT('',(0.014125,-0.0025,-0.00645));
#12494=CARTESIAN_POINT('',(0.014125,-0.002,-0.00645));
#12495=CARTESIAN_POINT('',(0.014125,-0.002,-0.000998));
#12496=CARTESIAN_POINT('',(0.014125,-0.002,-0.007));
#12497=CARTESIAN_POINT('',(0.014125,0.,-0.007));
#12498=CARTESIAN_POINT('',(0.014125,0.002,-0.007));
#12499=CARTESIAN_POINT('',(0.014125,0.002,-0.000998));
#12500=CARTESIAN_POINT('',(0.014125,0.002,-0.00645));
#12501=CARTESIAN_POINT('',(0.014125,0.0025,-0.00645));
#12502=CARTESIAN_POINT('',(0.014125,0.0025,-0.00695));
#12503=CARTESIAN_POINT('',(0.014125,0.004,-0.00695));
#12504=CARTESIAN_POINT('',(0.014125,0.0055,-0.00695));
#12505=CARTESIAN_POINT('',(0.014125,0.0055,-0.00645));
#12506=CARTESIAN_POINT('',(0.014125,0.006,-0.00645));
#12507=CARTESIAN_POINT('',(0.014125,0.006,-0.000998));
#12508=CARTESIAN_POINT('',(0.014125,0.,0.250817621135332));
#12509=CARTESIAN_POINT('',(0.014125,0.0120625,-0.005));
#12510=CARTESIAN_POINT('',(0.014125,0.01,-0.005));
#12511=CARTESIAN_POINT('',(0.014125,0.014125,-0.005));
#12512=CARTESIAN_POINT('',(0.014125,0.01,0.250817621135332));
#12513=CARTESIAN_POINT('',(0.014125,0.01,-0.001));
#12514=CARTESIAN_POINT('',(0.014125,0.,-0.001));
#12515=CARTESIAN_POINT('',(0.014125,0.014125,-0.001));
#12516=CARTESIAN_POINT('',(0.014125,0.014125,0.250817621135332));
#12517=CARTESIAN_POINT('',(0.014125,0.,0.250817621135332));
#12518=CARTESIAN_POINT('',(0.014125,-0.01,0.250817621135332));
#12519=CARTESIAN_POINT('',(0.014125,-0.01,-0.005));
#12520=CARTESIAN_POINT('',(0.014125,-0.01,-0.001));
#12521=CARTESIAN_POINT('',(0.014125,-0.0120625,-0.005));
#12522=CARTESIAN_POINT('',(0.014125,-0.014125,-0.005));
#12523=CARTESIAN_POINT('',(0.014125,-0.014125,0.250817621135332));
#12524=CARTESIAN_POINT('',(0.014125,-0.014125,-0.001));
#12525=CARTESIAN_POINT('',(0.014125,0.,-0.001));
#12526=CARTESIAN_POINT('',(0.014125,0.,0.250817621135332));
#12527=CARTESIAN_POINT('',(0.014125,0.004,-0.005));
#12528=CARTESIAN_POINT('',(0.014125,0.002,-0.005));
#12529=CARTESIAN_POINT('',(0.014125,0.006,-0.005));
#12530=CARTESIAN_POINT('',(0.014125,0.002,0.250817621135332));
#12531=CARTESIAN_POINT('',(0.014125,0.002,-0.001));
#12532=CARTESIAN_POINT('',(0.014125,0.,-0.001));
#12533=CARTESIAN_POINT('',(0.014125,0.006,-0.001));
#12534=CARTESIAN_POINT('',(0.014125,0.006,0.250817621135332));
#12535=CARTESIAN_POINT('',(0.014125,0.,0.250817621135332));
#12536=CARTESIAN_POINT('',(0.014125,-0.004,-0.005));
#12537=CARTESIAN_POINT('',(0.014125,-0.006,-0.005));
#12538=CARTESIAN_POINT('',(0.014125,-0.002,-0.005));
#12539=CARTESIAN_POINT('',(0.014125,-0.006,0.250817621135332));
#12540=CARTESIAN_POINT('',(0.014125,-0.006,-0.001));
#12541=CARTESIAN_POINT('',(0.014125,0.,-0.001));
#12542=CARTESIAN_POINT('',(0.014125,-0.002,-0.001));
#12543=CARTESIAN_POINT('',(0.014125,-0.002,0.250817621135332));
#12544=CARTESIAN_POINT('',(-0.00545,0.009925,-0.0026));
#12545=CARTESIAN_POINT('',(-0.00545,0.009925,-0.0056));
#12546=CARTESIAN_POINT('',(-0.00545,0.014875,-0.0056));
#12547=CARTESIAN_POINT('',(-0.00545,0.0115,-0.0056));
#12548=CARTESIAN_POINT('',(-0.00545,0.0115,-0.0587971887480368));
#12549=CARTESIAN_POINT('',(-0.00545,0.0115,-0.0016));
#12550=CARTESIAN_POINT('',(-0.00545,0.01,-0.0016));
#12551=CARTESIAN_POINT('',(-0.00545,0.0085,-0.0016));
#12552=CARTESIAN_POINT('',(-0.00545,0.0085,-0.0587971887480368));
#12553=CARTESIAN_POINT('',(-0.00545,0.0085,-0.0056));
#12554=CARTESIAN_POINT('',(-0.00545,0.009925,-0.0056));
#12555=CARTESIAN_POINT('',(-0.00545,0.004975,-0.0056));
#12556=CARTESIAN_POINT('',(-0.00545,0.004975,-0.0026));
#12557=CARTESIAN_POINT('',(-0.00545,0.004975,-0.001));
#12558=CARTESIAN_POINT('',(-0.00545,0.009925,-0.001));
#12559=CARTESIAN_POINT('',(-0.00545,0.014875,-0.001));
#12560=CARTESIAN_POINT('',(-0.00545,0.014875,-0.0026));
#12561=CARTESIAN_POINT('',(-0.005075,0.01005,-0.0056));
#12562=CARTESIAN_POINT('',(-0.005075,0.01005,-0.0056));
#12563=CARTESIAN_POINT('',(-0.005075,0.005225,-0.0056));
#12564=CARTESIAN_POINT('',(-0.005075,0.0085,-0.0056));
#12565=CARTESIAN_POINT('',(-0.005075,0.0085,-0.0056));
#12566=CARTESIAN_POINT('',(-0.005075,0.0085,-0.0026));
#12567=CARTESIAN_POINT('',(-0.005075,0.01005,-0.0026));
#12568=CARTESIAN_POINT('',(-0.005075,0.005225,-0.0026));
#12569=CARTESIAN_POINT('',(-0.005075,0.005225,-0.0056));
#12570=CARTESIAN_POINT('',(3.46944695195361E-18,0.0075625,-0.0056));
#12571=CARTESIAN_POINT('',(3.46944695195361E-18,0.0085,-0.0056));
#12572=CARTESIAN_POINT('',(-0.004825,0.005225,-0.0056));
#12573=CARTESIAN_POINT('',(-0.004825,0.004975,-0.0056));
#12574=CARTESIAN_POINT('',(0.,0.004975,-0.0056));
#12575=CARTESIAN_POINT('',(0.004825,0.004975,-0.0056));
#12576=CARTESIAN_POINT('',(0.004825,0.005225,-0.0056));
#12577=CARTESIAN_POINT('',(0.005075,0.005225,-0.0056));
#12578=CARTESIAN_POINT('',(0.005075,0.01005,-0.0056));
#12579=CARTESIAN_POINT('',(0.005075,0.014875,-0.0056));
#12580=CARTESIAN_POINT('',(0.004825,0.014875,-0.0056));
#12581=CARTESIAN_POINT('',(0.0057,0.014875,-0.0056));
#12582=CARTESIAN_POINT('',(0.00545,0.014875,-0.0056));
#12583=CARTESIAN_POINT('',(0.00545,0.009925,-0.0056));
#12584=CARTESIAN_POINT('',(0.00545,0.004975,-0.0056));
#12585=CARTESIAN_POINT('',(0.0052,0.004975,-0.0056));
#12586=CARTESIAN_POINT('',(0.0052,0.004725,-0.0056));
#12587=CARTESIAN_POINT('',(0.,0.004725,-0.0056));
#12588=CARTESIAN_POINT('',(-0.0052,0.004725,-0.0056));
#12589=CARTESIAN_POINT('',(-0.0052,0.004975,-0.0056));
#12590=CARTESIAN_POINT('',(0.,0.,-0.0026));
#12591=CARTESIAN_POINT('',(0.,0.0115,-0.0026));
#12592=CARTESIAN_POINT('',(-0.005075,0.0115,-0.0026));
#12593=CARTESIAN_POINT('',(-0.00167705098312484,0.0115,-0.0026));
#12594=CARTESIAN_POINT('',(-0.005075,0.01005,-0.0026));
#12595=CARTESIAN_POINT('',(-0.005075,0.014875,-0.0026));
#12596=CARTESIAN_POINT('',(-0.004825,0.014875,-0.0026));
#12597=CARTESIAN_POINT('',(0.004825,0.014875,-0.0026));
#12598=CARTESIAN_POINT('',(0.005075,0.014875,-0.0026));
#12599=CARTESIAN_POINT('',(0.005075,0.01005,-0.0026));
#12600=CARTESIAN_POINT('',(0.005075,0.005225,-0.0026));
#12601=CARTESIAN_POINT('',(0.004825,0.005225,-0.0026));
#12602=CARTESIAN_POINT('',(0.004825,0.004975,-0.0026));
#12603=CARTESIAN_POINT('',(0.,0.004975,-0.0026));
#12604=CARTESIAN_POINT('',(-0.004825,0.004975,-0.0026));
#12605=CARTESIAN_POINT('',(-0.004825,0.005225,-0.0026));
#12606=CARTESIAN_POINT('',(0.,0.0085,-0.0026));
#12607=CARTESIAN_POINT('',(-0.00167705098312485,0.0085,-0.0026));
#12608=CARTESIAN_POINT('',(0.,0.01,-0.0026));
#12609=CARTESIAN_POINT('',(0.008125,-0.009875,-0.001));
#12610=CARTESIAN_POINT('',(0.014125,-0.006,-0.001));
#12611=CARTESIAN_POINT('',(0.015625,-0.006,-0.001));
#12612=CARTESIAN_POINT('',(0.015625,-0.008,-0.001));
#12613=CARTESIAN_POINT('',(0.015625,-0.01,-0.001));
#12614=CARTESIAN_POINT('',(0.014125,-0.01,-0.001));
#12615=CARTESIAN_POINT('',(0.013125,-0.014125,-0.001));
#12616=CARTESIAN_POINT('',(-0.013125,-0.014125,-0.001));
#12617=CARTESIAN_POINT('',(-0.013125,0.014125,-0.001));
#12618=CARTESIAN_POINT('',(-0.0057,0.014875,-0.001));
#12619=CARTESIAN_POINT('',(-0.0052,0.004975,-0.001));
#12620=CARTESIAN_POINT('',(-0.0052,0.004725,-0.001));
#12621=CARTESIAN_POINT('',(0.,0.004725,-0.001));
#12622=CARTESIAN_POINT('',(0.0052,0.004725,-0.001));
#12623=CARTESIAN_POINT('',(0.0052,0.004975,-0.001));
#12624=CARTESIAN_POINT('',(0.00545,0.004975,-0.001));
#12625=CARTESIAN_POINT('',(0.00545,0.009925,-0.001));
#12626=CARTESIAN_POINT('',(0.00545,0.014875,-0.001));
#12627=CARTESIAN_POINT('',(0.0057,0.014875,-0.001));
#12628=CARTESIAN_POINT('',(0.013125,0.014125,-0.001));
#12629=CARTESIAN_POINT('',(0.014125,0.01,-0.001));
#12630=CARTESIAN_POINT('',(0.015625,0.01,-0.001));
#12631=CARTESIAN_POINT('',(0.015625,0.008,-0.001));
#12632=CARTESIAN_POINT('',(0.015625,0.006,-0.001));
#12633=CARTESIAN_POINT('',(0.014125,0.006,-0.001));
#12634=CARTESIAN_POINT('',(0.014125,0.002,-0.001));
#12635=CARTESIAN_POINT('',(0.015625,0.002,-0.001));
#12636=CARTESIAN_POINT('',(0.015625,4.33680868994202E-19,-0.001));
#12637=CARTESIAN_POINT('',(0.015625,-0.002,-0.001));
#12638=CARTESIAN_POINT('',(0.014125,-0.002,-0.001));
#12639=CARTESIAN_POINT('',(-0.005,0.0197968076759347,-0.00744895719737199));
#12640=CARTESIAN_POINT('',(0.,0.0197968076759347,-0.00744895719737199));
#12641=CARTESIAN_POINT('',(-0.005,0.0193545047660056,-0.00779764241422269));
#12642=CARTESIAN_POINT('',(-8.67361737988404E-19,0.0193545047660056,-0.00779764241422269));
#12643=CARTESIAN_POINT('',(-0.005,0.018762418135354,-0.00799999999999941));
#12644=CARTESIAN_POINT('',(0.,0.018762418135354,-0.00799999999999941));
#12645=CARTESIAN_POINT('',(-0.005,0.0180000000000034,-0.008));
#12646=CARTESIAN_POINT('',(0.,0.0180000000000034,-0.008));
#12647=CARTESIAN_POINT('',(-0.005,0.018,-0.008));
#12648=CARTESIAN_POINT('',(-0.005,0.0208304327219254,-0.008));
#12649=CARTESIAN_POINT('',(-0.005,0.021313318857883,-0.00521106285961018));
#12650=CARTESIAN_POINT('',(-0.005,0.0205,-0.0025));
#12651=CARTESIAN_POINT('',(-0.005,0.0197968076759128,-0.00744895719738922));
#12652=CARTESIAN_POINT('',(-3.46944695195361E-18,0.0197968076759129,-0.00744895719738915));
#12653=CARTESIAN_POINT('',(-0.00166666666666667,0.0197968076759129,-0.00744895719738915));
#12654=CARTESIAN_POINT('',(-0.00333333333333333,0.0197968076759129,-0.00744895719738915));
#12655=CARTESIAN_POINT('',(-0.005,0.0197968076759129,-0.00744895719738915));
#12656=CARTESIAN_POINT('',(0.,0.0197968076759138,-0.00744895719738843));
#12657=CARTESIAN_POINT('',(0.,0.018,-0.008));
#12658=CARTESIAN_POINT('',(0.,0.0208304327219254,-0.008));
#12659=CARTESIAN_POINT('',(0.,0.021313318857883,-0.00521106285961018));
#12660=CARTESIAN_POINT('',(0.,0.0205,-0.0025));
#12661=CARTESIAN_POINT('',(0.,0.0182635997089723,-0.00799158805606801));
#12662=CARTESIAN_POINT('',(-0.0025,0.0182635997089723,-0.00799158805606801));
#12663=CARTESIAN_POINT('',(-0.0018,0.0182635997089723,-0.00799158805606801));
#12664=CARTESIAN_POINT('',(-0.0018,0.0182635997071807,-0.00799158805618487));
#12665=CARTESIAN_POINT('',(-0.00201877890325906,0.0182635997071807,-0.00799158805618487));
#12666=CARTESIAN_POINT('',(-0.00222766606538776,0.0181619865398367,-0.00799999999999988));
#12667=CARTESIAN_POINT('',(-0.00237431413431317,0.0180000000000034,-0.008));
#12668=CARTESIAN_POINT('',(1.16093745391409E-19,0.0197968076759347,-0.00744895719737199));
#12669=CARTESIAN_POINT('',(0.005,0.0197968076759347,-0.00744895719737199));
#12670=CARTESIAN_POINT('',(1.81834050964745E-20,0.0193545047660078,-0.00779764241422099));
#12671=CARTESIAN_POINT('',(0.005,0.0193545047660078,-0.00779764241422099));
#12672=CARTESIAN_POINT('',(-1.34998687391157E-19,0.0187624181353598,-0.00799999999999742));
#12673=CARTESIAN_POINT('',(0.005,0.0187624181353598,-0.00799999999999742));
#12674=CARTESIAN_POINT('',(-3.44654658777685E-19,0.0180000000000146,-0.008));
#12675=CARTESIAN_POINT('',(0.005,0.0180000000000146,-0.008));
#12676=CARTESIAN_POINT('',(0.005,0.0197968076759129,-0.00744895719738915));
#12677=CARTESIAN_POINT('',(0.00333333333333333,0.0197968076759129,-0.00744895719738915));
#12678=CARTESIAN_POINT('',(0.00166666666666667,0.0197968076759129,-0.00744895719738915));
#12679=CARTESIAN_POINT('',(0.,0.0197968076759129,-0.00744895719738915));
#12680=CARTESIAN_POINT('',(0.005,0.0197968076759128,-0.00744895719738922));
#12681=CARTESIAN_POINT('',(0.005,0.018,-0.008));
#12682=CARTESIAN_POINT('',(0.005,0.0208304327219254,-0.008));
#12683=CARTESIAN_POINT('',(0.005,0.021313318857883,-0.00521106285961018));
#12684=CARTESIAN_POINT('',(0.005,0.0205,-0.0025));
#12685=CARTESIAN_POINT('',(0.00237431413431623,0.0180000000000073,-0.008));
#12686=CARTESIAN_POINT('',(0.00222758197002191,0.0181620794310591,-0.00799999999999945));
#12687=CARTESIAN_POINT('',(0.00201897311067122,0.0182635997088925,-0.00799158805607322));
#12688=CARTESIAN_POINT('',(0.00180000000026528,0.0182635997089722,-0.00799158805606801));
#12689=CARTESIAN_POINT('',(0.0018,0.0182635997089723,-0.00799158805606801));
#12690=CARTESIAN_POINT('',(0.0025,0.0182635997089723,-0.00799158805606801));
#12691=CARTESIAN_POINT('',(-0.005,0.0205000000111387,-0.00250000003712901));
#12692=CARTESIAN_POINT('',(8.67361737988404E-19,0.0205000000111387,-0.00250000003712901));
#12693=CARTESIAN_POINT('',(-0.005,0.0206789046558866,-0.00309634886178932));
#12694=CARTESIAN_POINT('',(8.67361737988404E-19,0.0206789046558866,-0.00309634886178932));
#12695=CARTESIAN_POINT('',(-0.005,0.0207950908599684,-0.00369646572672319));
#12696=CARTESIAN_POINT('',(1.73472347597681E-18,0.0207950908599684,-0.00369646572672319));
#12697=CARTESIAN_POINT('',(-0.005,0.0208373687238769,-0.00426983787380464));
#12698=CARTESIAN_POINT('',(1.73472347597681E-18,0.0208373687238769,-0.00426983787380464));
#12699=CARTESIAN_POINT('',(0.,0.018,-0.008));
#12700=CARTESIAN_POINT('',(0.,0.0208304327219254,-0.008));
#12701=CARTESIAN_POINT('',(0.,0.021313318857883,-0.00521106285961018));
#12702=CARTESIAN_POINT('',(0.,0.0205,-0.0025));
#12703=CARTESIAN_POINT('',(0.,0.0208373687238767,-0.00426983787380233));
#12704=CARTESIAN_POINT('',(0.,0.0205,-0.0025));
#12705=CARTESIAN_POINT('',(-0.005,0.0208373687238769,-0.00426983787380464));
#12706=CARTESIAN_POINT('',(-0.00333333333333333,0.0208373687238769,-0.00426983787380464));
#12707=CARTESIAN_POINT('',(-0.00166666666666667,0.0208373687238769,-0.00426983787380464));
#12708=CARTESIAN_POINT('',(-1.0056483139217E-32,0.0208373687238769,-0.00426983787380464));
#12709=CARTESIAN_POINT('',(-0.005,0.0208373687238766,-0.0042698378738005));
#12710=CARTESIAN_POINT('',(-0.005,0.018,-0.008));
#12711=CARTESIAN_POINT('',(-0.005,0.0208304327219254,-0.008));
#12712=CARTESIAN_POINT('',(-0.005,0.021313318857883,-0.00521106285961018));
#12713=CARTESIAN_POINT('',(-0.005,0.0205,-0.0025));
#12714=CARTESIAN_POINT('',(-0.005,0.0205,-0.0025));
#12715=CARTESIAN_POINT('',(0.,0.0205,-0.0025));
#12716=CARTESIAN_POINT('',(-2.01787047980043E-18,0.0205000000111387,-0.00250000003712901));
#12717=CARTESIAN_POINT('',(0.005,0.0205000000111387,-0.00250000003712901));
#12718=CARTESIAN_POINT('',(-1.86019082299619E-18,0.0206789046558866,-0.00309634886178931));
#12719=CARTESIAN_POINT('',(0.005,0.0206789046558866,-0.00309634886178931));
#12720=CARTESIAN_POINT('',(-1.73719574701805E-18,0.0207950908599684,-0.00369646572672319));
#12721=CARTESIAN_POINT('',(0.005,0.0207950908599684,-0.00369646572672319));
#12722=CARTESIAN_POINT('',(-1.64953990528519E-18,0.0208373687238769,-0.00426983787380464));
#12723=CARTESIAN_POINT('',(0.005,0.0208373687238769,-0.00426983787380464));
#12724=CARTESIAN_POINT('',(0.005,0.018,-0.008));
#12725=CARTESIAN_POINT('',(0.005,0.0208304327219254,-0.008));
#12726=CARTESIAN_POINT('',(0.005,0.021313318857883,-0.00521106285961018));
#12727=CARTESIAN_POINT('',(0.005,0.0205,-0.0025));
#12728=CARTESIAN_POINT('',(0.005,0.0208373687238767,-0.00426983787380233));
#12729=CARTESIAN_POINT('',(0.005,0.0205,-0.0025));
#12730=CARTESIAN_POINT('',(-1.73472347597681E-18,0.0208373687238769,-0.00426983787380464));
#12731=CARTESIAN_POINT('',(0.00166666666666667,0.0208373687238769,-0.00426983787380464));
#12732=CARTESIAN_POINT('',(0.00333333333333333,0.0208373687238769,-0.00426983787380464));
#12733=CARTESIAN_POINT('',(0.005,0.0208373687238769,-0.00426983787380464));
#12734=CARTESIAN_POINT('',(0.005,0.0205,-0.0025));
#12735=CARTESIAN_POINT('',(-0.0145,-0.01,-0.008));
#12736=CARTESIAN_POINT('',(-0.0145,-0.0109998014187862,-0.008));
#12737=CARTESIAN_POINT('',(-0.0144787036046556,-0.0119230966887906,-0.008));
#12738=CARTESIAN_POINT('',(-0.0143779690496812,-0.0134762300630905,-0.008));
#12739=CARTESIAN_POINT('',(-0.0142992324248226,-0.0141166445600358,-0.00800000000000094));
#12740=CARTESIAN_POINT('',(-0.0140750163986957,-0.0151806394917666,-0.00799999999999906));
#12741=CARTESIAN_POINT('',(-0.0139316559302096,-0.0156093387660764,-0.008));
#12742=CARTESIAN_POINT('',(-0.0135568049246646,-0.0163177462751012,-0.008));
#12743=CARTESIAN_POINT('',(-0.0133253135391786,-0.0165974534626744,-0.008));
#12744=CARTESIAN_POINT('',(-0.0127485712150624,-0.0170654672665425,-0.008));
#12745=CARTESIAN_POINT('',(-0.0124038028530335,-0.0172525280924214,-0.008));
#12746=CARTESIAN_POINT('',(-0.0115378923109612,-0.0175540544266257,-0.008));
#12747=CARTESIAN_POINT('',(-0.0110167514752998,-0.0176685209468992,-0.008));
#12748=CARTESIAN_POINT('',(-0.00973450879330056,-0.0178461580690429,-0.008));
#12749=CARTESIAN_POINT('',(-0.00896747036421436,-0.017907523459705,-0.008));
#12750=CARTESIAN_POINT('',(-0.00715127469001122,-0.0179847394270398,-0.008));
#12751=CARTESIAN_POINT('',(-0.00608950821842842,-0.018,-0.008));
#12752=CARTESIAN_POINT('',(-0.005,-0.018,-0.008));
#12753=CARTESIAN_POINT('',(-0.0173304327219254,-0.01,-0.008));
#12754=CARTESIAN_POINT('',(-0.0173304327219254,-0.0110404463792345,-0.008));
#12755=CARTESIAN_POINT('',(-0.0173091358732605,-0.0120147962249348,-0.008));
#12756=CARTESIAN_POINT('',(-0.0171965327962305,-0.0137509204751648,-0.008));
#12757=CARTESIAN_POINT('',(-0.0171070863031416,-0.014518778351256,-0.00800000000000094));
#12758=CARTESIAN_POINT('',(-0.0168063711778091,-0.0159457953059179,-0.00799999999999906));
#12759=CARTESIAN_POINT('',(-0.0165959439386902,-0.0166260249878318,-0.008));
#12760=CARTESIAN_POINT('',(-0.0158960711406728,-0.0179486708057004,-0.008));
#12761=CARTESIAN_POINT('',(-0.0153915609860949,-0.0185658450956454,-0.008));
#12762=CARTESIAN_POINT('',(-0.0142493210611953,-0.0194927471277533,-0.008));
#12763=CARTESIAN_POINT('',(-0.0135805588776169,-0.0198398875066665,-0.008));
#12764=CARTESIAN_POINT('',(-0.0122227201161791,-0.0203127125224535,-0.008));
#12765=CARTESIAN_POINT('',(-0.0115298328458986,-0.020454905587453,-0.008));
#12766=CARTESIAN_POINT('',(-0.00999824941638006,-0.0206670851875695,-0.008));
#12767=CARTESIAN_POINT('',(-0.00914845129381475,-0.020732818661745,-0.008));
#12768=CARTESIAN_POINT('',(-0.00721075079101157,-0.0208152004069634,-0.008));
#12769=CARTESIAN_POINT('',(-0.00611636906115602,-0.0208304327219254,-0.008));
#12770=CARTESIAN_POINT('',(-0.005,-0.0208304327219254,-0.008));
#12771=CARTESIAN_POINT('',(-0.017813318857883,-0.01,-0.00521106285961018));
#12772=CARTESIAN_POINT('',(-0.017813318857883,-0.0110473806150299,-0.00521106285961018));
#12773=CARTESIAN_POINT('',(-0.0177920219318801,-0.0120304406295289,-0.00521106285961018));
#12774=CARTESIAN_POINT('',(-0.0176773940249665,-0.0137977840485836,-0.00521106285961018));
#12775=CARTESIAN_POINT('',(-0.0175861203741979,-0.0145873844096429,-0.00521106285961112));
#12776=CARTESIAN_POINT('',(-0.0172723541156826,-0.0160763347572319,-0.00521106285960923));
#12777=CARTESIAN_POINT('',(-0.0170504849463336,-0.0167994767986798,-0.00521106285961018));
#12778=CARTESIAN_POINT('',(-0.0162951617868759,-0.0182269147782641,-0.00521106285961018));
#12779=CARTESIAN_POINT('',(-0.0157440732496245,-0.0189016626624553,-0.00521106285961018));
#12780=CARTESIAN_POINT('',(-0.01450535657429,-0.0199068533469151,-0.00521106285961018));
#12781=CARTESIAN_POINT('',(-0.0137813194063075,-0.0202813041071043,-0.00521106285961018));
#12782=CARTESIAN_POINT('',(-0.0123395552029471,-0.0207833535442315,-0.00521106285961018));
#12783=CARTESIAN_POINT('',(-0.0116173671223923,-0.0209302768979763,-0.00521106285961018));
#12784=CARTESIAN_POINT('',(-0.0100432449004238,-0.0211483496195169,-0.00521106285961018));
#12785=CARTESIAN_POINT('',(-0.00917932755563209,-0.0212148283108324,-0.00521106285961018));
#12786=CARTESIAN_POINT('',(-0.00722089771461432,-0.0212980913638756,-0.00521106285961018));
#12787=CARTESIAN_POINT('',(-0.00612095165676204,-0.021313318857883,-0.00521106285961018));
#12788=CARTESIAN_POINT('',(-0.005,-0.021313318857883,-0.00521106285961018));
#12789=CARTESIAN_POINT('',(-0.017,-0.01,-0.0025));
#12790=CARTESIAN_POINT('',(-0.017,-0.0110357013715861,-0.0025));
#12791=CARTESIAN_POINT('',(-0.0169787032042543,-0.0120040909617104,-0.0025));
#12792=CARTESIAN_POINT('',(-0.016867485692065,-0.0137188523394887,-0.0025));
#12793=CARTESIAN_POINT('',(-0.0167792894992841,-0.0144718321150204,-0.00250000000000095));
#12794=CARTESIAN_POINT('',(-0.0164875050951724,-0.0158564688519072,-0.00249999999999906));
#12795=CARTESIAN_POINT('',(-0.0162849074205575,-0.0165073341625749,-0.0025));
#12796=CARTESIAN_POINT('',(-0.0156229785859285,-0.0177582720628772,-0.0025));
#12797=CARTESIAN_POINT('',(-0.0151503414146961,-0.0183360494887549,-0.0025));
#12798=CARTESIAN_POINT('',(-0.0140741192792398,-0.0192093796111182,-0.0025));
#12799=CARTESIAN_POINT('',(-0.0134431810508154,-0.0195378318502212,-0.0025));
#12800=CARTESIAN_POINT('',(-0.0121427713811413,-0.0199906589733944,-0.0025));
#12801=CARTESIAN_POINT('',(-0.0114699342754279,-0.0201296151631369,-0.0025));
#12802=CARTESIAN_POINT('',(-0.00996745959004336,-0.0203377621766733,-0.0025));
#12803=CARTESIAN_POINT('',(-0.00912732306818321,-0.0204029857084248,-0.0025));
#12804=CARTESIAN_POINT('',(-0.00720380738275052,-0.0204847643861173,-0.0025));
#12805=CARTESIAN_POINT('',(-0.00611323325039945,-0.0205,-0.0025));
#12806=CARTESIAN_POINT('',(-0.005,-0.0205,-0.0025));
#12807=CARTESIAN_POINT('',(-0.005,-0.018,-0.008));
#12808=CARTESIAN_POINT('',(-0.005,-0.0208304327219254,-0.008));
#12809=CARTESIAN_POINT('',(-0.005,-0.021313318857883,-0.00521106285961018));
#12810=CARTESIAN_POINT('',(-0.005,-0.0205,-0.0025));
#12811=CARTESIAN_POINT('',(-0.005,-0.0197968076759128,-0.00744895719738922));
#12812=CARTESIAN_POINT('',(-0.005,-0.0197968076759129,-0.00744895719738914));
#12813=CARTESIAN_POINT('',(-0.0056397266107968,-0.0197968076760249,-0.00744895719730084));
#12814=CARTESIAN_POINT('',(-0.00686446674944847,-0.0197904270574793,-0.00744591484624459));
#12815=CARTESIAN_POINT('',(-0.0081701412644122,-0.0197627565624956,-0.00743444316566404));
#12816=CARTESIAN_POINT('',(-0.00906418042817489,-0.0197287658288286,-0.00742047724227324));
#12817=CARTESIAN_POINT('',(-0.00966981096966392,-0.0196975364421727,-0.00740763756662694));
#12818=CARTESIAN_POINT('',(-0.0101320905206555,-0.0196659825917714,-0.00739461501768728));
#12819=CARTESIAN_POINT('',(-0.0104226904862779,-0.0196424154089892,-0.00738482844976972));
#12820=CARTESIAN_POINT('',(-0.0105996040929654,-0.0196265403683224,-0.00737818850380592));
#12821=CARTESIAN_POINT('',(-0.010681920317799,-0.0196190347934554,-0.00737506779089149));
#12822=CARTESIAN_POINT('',(-0.0109430765020651,-0.0195930644574107,-0.00736403899376258));
#12823=CARTESIAN_POINT('',(-0.0112136226840824,-0.0195628912240908,-0.00735097791363634));
#12824=CARTESIAN_POINT('',(-0.0116885378873827,-0.0195025976837775,-0.00732461000368961));
#12825=CARTESIAN_POINT('',(-0.0122815934388829,-0.0194012469307379,-0.00728028639628789));
#12826=CARTESIAN_POINT('',(-0.0128074882669666,-0.0192778498107014,-0.00722659073642389));
#12827=CARTESIAN_POINT('',(-0.01320715223668,-0.0191575221148454,-0.00717487756729837));
#12828=CARTESIAN_POINT('',(-0.0134548923934546,-0.0190747103536527,-0.00713853938013015));
#12829=CARTESIAN_POINT('',(-0.0138186215941441,-0.0189339701462527,-0.00707599328038894));
#12830=CARTESIAN_POINT('',(-0.0142336457639069,-0.018743891670025,-0.00699168831744757));
#12831=CARTESIAN_POINT('',(-0.0147335775799912,-0.0184589803041107,-0.00686239456604958));
#12832=CARTESIAN_POINT('',(-0.015212092088072,-0.0181046492470891,-0.00669908817101995));
#12833=CARTESIAN_POINT('',(-0.0155729344526844,-0.0177638712270388,-0.00654250278244051));
#12834=CARTESIAN_POINT('',(-0.0157437045546118,-0.017572295314578,-0.00645406238420541));
#12835=CARTESIAN_POINT('',(-0.0157437045546116,-0.0175722953145781,-0.00645406238420552));
#12836=CARTESIAN_POINT('',(-0.0157437045546116,-0.0175722953145781,-0.00645406238420552));
#12837=CARTESIAN_POINT('',(-0.0158419995844799,-0.0174514111722283,-0.00641658525382589));
#12838=CARTESIAN_POINT('',(-0.0160299101460281,-0.0172154315255215,-0.00631309925569472));
#12839=CARTESIAN_POINT('',(-0.0162669378313114,-0.0169087192772461,-0.00609717663639859));
#12840=CARTESIAN_POINT('',(-0.0165138953257648,-0.0165721650926952,-0.00571378041588051));
#12841=CARTESIAN_POINT('',(-0.016657940027235,-0.0163618210848335,-0.00526681790135416));
#12842=CARTESIAN_POINT('',(-0.0167232507957248,-0.0162452887979868,-0.00472426330223675));
#12843=CARTESIAN_POINT('',(-0.0166760574569116,-0.0162949994205347,-0.00416727404456188));
#12844=CARTESIAN_POINT('',(-0.0165617769622365,-0.0164509031543534,-0.00370362594552276));
#12845=CARTESIAN_POINT('',(-0.0163612597414909,-0.016745266559357,-0.00327103621413025));
#12846=CARTESIAN_POINT('',(-0.0161486233701668,-0.0170562842413219,-0.00298641147804315));
#12847=CARTESIAN_POINT('',(-0.0158617932245025,-0.0174612217357194,-0.00276437061985813));
#12848=CARTESIAN_POINT('',(-0.0155905485176911,-0.0178142146285781,-0.00266196093681704));
#12849=CARTESIAN_POINT('',(-0.0152625873595271,-0.0182103995288797,-0.00263355665944609));
#12850=CARTESIAN_POINT('',(-0.0149569522458458,-0.0185477117647232,-0.00268024948703301));
#12851=CARTESIAN_POINT('',(-0.0145012230053174,-0.0190021514384017,-0.00284425751813801));
#12852=CARTESIAN_POINT('',(-0.0142155970406866,-0.0192411763802942,-0.00302872306304698));
#12853=CARTESIAN_POINT('',(-0.0140354216030393,-0.0193866306487307,-0.00318437961962973));
#12854=CARTESIAN_POINT('',(-0.0140354216030393,-0.0193866306487306,-0.0031843796196293));
#12855=CARTESIAN_POINT('',(-0.0140354216030393,-0.0193866306487306,-0.0031843796196293));
#12856=CARTESIAN_POINT('',(-0.0137653938118756,-0.0195837851794626,-0.00333503002306698));
#12857=CARTESIAN_POINT('',(-0.0133079861232101,-0.0198485303163317,-0.00353251654583316));
#12858=CARTESIAN_POINT('',(-0.0127049441150092,-0.0200874836658053,-0.00371522879905325));
#12859=CARTESIAN_POINT('',(-0.0123529778205484,-0.0202043979274259,-0.00380410705792761));
#12860=CARTESIAN_POINT('',(-0.0120531139925132,-0.0202903993355605,-0.00386868829098463));
#12861=CARTESIAN_POINT('',(-0.0118432629891163,-0.0203434688481214,-0.00390810974649175));
#12862=CARTESIAN_POINT('',(-0.0115093287189702,-0.0204203006482026,-0.00396525776508242));
#12863=CARTESIAN_POINT('',(-0.0110702093658517,-0.0205041340577602,-0.00402760074857887));
#12864=CARTESIAN_POINT('',(-0.0105632692510541,-0.0205802462051741,-0.0040831817007273));
#12865=CARTESIAN_POINT('',(-0.0101338139689153,-0.0206329285444893,-0.0041214296163027));
#12866=CARTESIAN_POINT('',(-0.0097426209403034,-0.0206731511219383,-0.00415067958571006));
#12867=CARTESIAN_POINT('',(-0.00950531468329933,-0.0206941048923129,-0.00416609365137396));
#12868=CARTESIAN_POINT('',(-0.00912335703261089,-0.0207247870495549,-0.00418895462101126));
#12869=CARTESIAN_POINT('',(-0.00864914799605387,-0.0207554956302454,-0.00421226834752252));
#12870=CARTESIAN_POINT('',(-0.00813546905683773,-0.02078059391777,-0.00423127986547478));
#12871=CARTESIAN_POINT('',(-0.0077249843354353,-0.020796470182695,-0.00424311309514841));
#12872=CARTESIAN_POINT('',(-0.00736771713394995,-0.0208077254668633,-0.00425130349258982));
#12873=CARTESIAN_POINT('',(-0.00716382488581242,-0.0208130956715907,-0.00425500821474597));
#12874=CARTESIAN_POINT('',(-0.00681021389837358,-0.0208213829949516,-0.00426049725574612));
#12875=CARTESIAN_POINT('',(-0.00615958285797369,-0.0208326460544073,-0.00426735667978029));
#12876=CARTESIAN_POINT('',(-0.00548846138019876,-0.0208373687238965,-0.00426983787406995));
#12877=CARTESIAN_POINT('',(-0.005,-0.0208373687238769,-0.00426983787380463));
#12878=CARTESIAN_POINT('',(-0.005,-0.0208373687238767,-0.00426983787380144));
#12879=CARTESIAN_POINT('',(-0.005,-0.018,-0.008));
#12880=CARTESIAN_POINT('',(-0.005,-0.0208304327219254,-0.008));
#12881=CARTESIAN_POINT('',(-0.005,-0.021313318857883,-0.00521106285961018));
#12882=CARTESIAN_POINT('',(-0.005,-0.0205,-0.0025));
#12883=CARTESIAN_POINT('',(-0.005,-0.0205,-0.0025));
#12884=CARTESIAN_POINT('',(-0.017,-0.01,-0.0025));
#12885=CARTESIAN_POINT('',(-0.017,-0.0110357013715861,-0.0025));
#12886=CARTESIAN_POINT('',(-0.0169787032042543,-0.0120040909617104,-0.0025));
#12887=CARTESIAN_POINT('',(-0.016867485692065,-0.0137188523394887,-0.0025));
#12888=CARTESIAN_POINT('',(-0.0167792894992841,-0.0144718321150204,-0.00250000000000095));
#12889=CARTESIAN_POINT('',(-0.0164875050951724,-0.0158564688519072,-0.00249999999999906));
#12890=CARTESIAN_POINT('',(-0.0162849074205575,-0.0165073341625749,-0.0025));
#12891=CARTESIAN_POINT('',(-0.0156229785859285,-0.0177582720628772,-0.0025));
#12892=CARTESIAN_POINT('',(-0.0151503414146961,-0.0183360494887549,-0.0025));
#12893=CARTESIAN_POINT('',(-0.0140741192792398,-0.0192093796111182,-0.0025));
#12894=CARTESIAN_POINT('',(-0.0134431810508154,-0.0195378318502212,-0.0025));
#12895=CARTESIAN_POINT('',(-0.0121427713811413,-0.0199906589733944,-0.0025));
#12896=CARTESIAN_POINT('',(-0.0114699342754279,-0.0201296151631369,-0.0025));
#12897=CARTESIAN_POINT('',(-0.00996745959004336,-0.0203377621766733,-0.0025));
#12898=CARTESIAN_POINT('',(-0.00912732306818321,-0.0204029857084248,-0.0025));
#12899=CARTESIAN_POINT('',(-0.00720380738275052,-0.0204847643861173,-0.0025));
#12900=CARTESIAN_POINT('',(-0.00611323325039945,-0.0205,-0.0025));
#12901=CARTESIAN_POINT('',(-0.005,-0.0205,-0.0025));
#12902=CARTESIAN_POINT('',(-1.50533865170582E-19,-0.0205000000111387,-0.00250000003712901));
#12903=CARTESIAN_POINT('',(-0.005,-0.0205000000111387,-0.00250000003712901));
#12904=CARTESIAN_POINT('',(-3.08213521974817E-19,-0.0206789046558866,-0.00309634886178932));
#12905=CARTESIAN_POINT('',(-0.005,-0.0206789046558866,-0.00309634886178932));
#12906=CARTESIAN_POINT('',(-4.31208597952963E-19,-0.0207950908599684,-0.0036964657267232));
#12907=CARTESIAN_POINT('',(-0.005,-0.0207950908599684,-0.0036964657267232));
#12908=CARTESIAN_POINT('',(-5.18864439685818E-19,-0.0208373687238769,-0.00426983787380464));
#12909=CARTESIAN_POINT('',(-0.005,-0.0208373687238769,-0.00426983787380464));
#12910=CARTESIAN_POINT('',(0.,-0.0208373687238769,-0.00426983787380464));
#12911=CARTESIAN_POINT('',(-0.00166666666666667,-0.0208373687238769,-0.00426983787380464));
#12912=CARTESIAN_POINT('',(-0.00333333333333333,-0.0208373687238769,-0.00426983787380464));
#12913=CARTESIAN_POINT('',(-0.005,-0.0208373687238769,-0.00426983787380464));
#12914=CARTESIAN_POINT('',(0.,-0.0208373687238768,-0.00426983787380271));
#12915=CARTESIAN_POINT('',(0.,-0.018,-0.008));
#12916=CARTESIAN_POINT('',(0.,-0.0208304327219254,-0.008));
#12917=CARTESIAN_POINT('',(0.,-0.021313318857883,-0.00521106285961018));
#12918=CARTESIAN_POINT('',(0.,-0.0205,-0.0025));
#12919=CARTESIAN_POINT('',(0.,-0.0205,-0.0025));
#12920=CARTESIAN_POINT('',(-0.005,-0.0205,-0.0025));
#12921=CARTESIAN_POINT('',(-1.16093745391497E-19,-0.0197968076759351,-0.00744895719737168));
#12922=CARTESIAN_POINT('',(-0.005,-0.0197968076759351,-0.00744895719737168));
#12923=CARTESIAN_POINT('',(-1.81834050965659E-20,-0.0193545047660081,-0.00779764241422086));
#12924=CARTESIAN_POINT('',(-0.005,-0.0193545047660081,-0.00779764241422086));
#12925=CARTESIAN_POINT('',(1.34998687391094E-19,-0.01876241813536,-0.00799999999999742));
#12926=CARTESIAN_POINT('',(-0.005,-0.01876241813536,-0.00799999999999742));
#12927=CARTESIAN_POINT('',(3.44654658777684E-19,-0.0180000000000146,-0.008));
#12928=CARTESIAN_POINT('',(-0.005,-0.0180000000000146,-0.008));
#12929=CARTESIAN_POINT('',(0.,-0.018,-0.008));
#12930=CARTESIAN_POINT('',(0.,-0.0208304327219254,-0.008));
#12931=CARTESIAN_POINT('',(0.,-0.021313318857883,-0.00521106285961018));
#12932=CARTESIAN_POINT('',(0.,-0.0205,-0.0025));
#12933=CARTESIAN_POINT('',(0.,-0.0182635997089723,-0.00799158805606801));
#12934=CARTESIAN_POINT('',(0.,-0.0197968076759142,-0.00744895719738812));
#12935=CARTESIAN_POINT('',(-0.005,-0.0197968076759129,-0.00744895719738915));
#12936=CARTESIAN_POINT('',(-0.00333333333333333,-0.0197968076759129,-0.00744895719738915));
#12937=CARTESIAN_POINT('',(-0.00166666666666667,-0.0197968076759129,-0.00744895719738915));
#12938=CARTESIAN_POINT('',(-3.46944695195361E-18,-0.0197968076759129,-0.00744895719738915));
#12939=CARTESIAN_POINT('',(-0.00237431413431623,-0.0180000000000073,-0.008));
#12940=CARTESIAN_POINT('',(-0.00222758197002191,-0.0181620794310591,-0.00799999999999945));
#12941=CARTESIAN_POINT('',(-0.00201897311067122,-0.0182635997088925,-0.00799158805607322));
#12942=CARTESIAN_POINT('',(-0.00180000000026528,-0.0182635997089722,-0.00799158805606801));
#12943=CARTESIAN_POINT('',(-0.0018,-0.0182635997089723,-0.00799158805606801));
#12944=CARTESIAN_POINT('',(-0.0025,-0.0182635997089723,-0.00799158805606801));
#12945=CARTESIAN_POINT('',(0.005,-0.018,-0.008));
#12946=CARTESIAN_POINT('',(0.00608950411399078,-0.018,-0.008));
#12947=CARTESIAN_POINT('',(0.0071512699900237,-0.0179847395303274,-0.008));
#12948=CARTESIAN_POINT('',(0.00896746583802513,-0.017907523748672,-0.008));
#12949=CARTESIAN_POINT('',(0.00973450510517696,-0.0178461584432173,-0.008));
#12950=CARTESIAN_POINT('',(0.0110167492461248,-0.017668521392491,-0.008));
#12951=CARTESIAN_POINT('',(0.0115378907272933,-0.0175540548624726,-0.008));
#12952=CARTESIAN_POINT('',(0.0124038023259853,-0.017252528368851,-0.008));
#12953=CARTESIAN_POINT('',(0.0127485710991028,-0.0170654673933039,-0.008));
#12954=CARTESIAN_POINT('',(0.0133253139445548,-0.0165974531010572,-0.008));
#12955=CARTESIAN_POINT('',(0.0135568054778574,-0.0163177455431789,-0.008));
#12956=CARTESIAN_POINT('',(0.0139316566145415,-0.0156093371043796,-0.008));
#12957=CARTESIAN_POINT('',(0.0140750170663342,-0.0151806372706195,-0.008));
#12958=CARTESIAN_POINT('',(0.0142992329556587,-0.0141166410939847,-0.008));
#12959=CARTESIAN_POINT('',(0.0143779694550437,-0.0134762258873163,-0.008));
#12960=CARTESIAN_POINT('',(0.0144787037475184,-0.011923092412022,-0.008));
#12961=CARTESIAN_POINT('',(0.0145,-0.0109997976523042,-0.008));
#12962=CARTESIAN_POINT('',(0.0145,-0.01,-0.008));
#12963=CARTESIAN_POINT('',(0.005,-0.0208304327219254,-0.008));
#12964=CARTESIAN_POINT('',(0.00611636488408145,-0.0208304327219254,-0.008));
#12965=CARTESIAN_POINT('',(0.00721074587285731,-0.0208152005130663,-0.008));
#12966=CARTESIAN_POINT('',(0.00914844638565458,-0.0207328189734118,-0.008));
#12967=CARTESIAN_POINT('',(0.00999824517357211,-0.0206670856119927,-0.008));
#12968=CARTESIAN_POINT('',(0.0115298299977724,-0.0204549061453881,-0.008));
#12969=CARTESIAN_POINT('',(0.0122227178746991,-0.0203127131281325,-0.008));
#12970=CARTESIAN_POINT('',(0.0135805578602648,-0.0198398880130594,-0.008));
#12971=CARTESIAN_POINT('',(0.0142493207131468,-0.0194927474748768,-0.008));
#12972=CARTESIAN_POINT('',(0.0153915619237465,-0.018565844270071,-0.008));
#12973=CARTESIAN_POINT('',(0.0158960723040749,-0.0179486692162282,-0.008));
#12974=CARTESIAN_POINT('',(0.0165959450664362,-0.0166260221925067,-0.008));
#12975=CARTESIAN_POINT('',(0.0168063721378942,-0.0159457920201284,-0.008));
#12976=CARTESIAN_POINT('',(0.0171070869608036,-0.0145187739602472,-0.008));
#12977=CARTESIAN_POINT('',(0.0171965332579101,-0.013750915675519,-0.008));
#12978=CARTESIAN_POINT('',(0.0173091360230091,-0.0120147915975743,-0.008));
#12979=CARTESIAN_POINT('',(0.0173304327219254,-0.0110404425062223,-0.008));
#12980=CARTESIAN_POINT('',(0.0173304327219254,-0.01,-0.008));
#12981=CARTESIAN_POINT('',(0.005,-0.021313318857883,-0.00521106285961018));
#12982=CARTESIAN_POINT('',(0.00612094746729446,-0.021313318857883,-0.00521106285961018));
#12983=CARTESIAN_POINT('',(0.00722089275924077,-0.0212980914704608,-0.00521106285961018));
#12984=CARTESIAN_POINT('',(0.00917932258230469,-0.0212148286263698,-0.00521106285961018));
#12985=CARTESIAN_POINT('',(0.0100432405629832,-0.0211483500525144,-0.00521106285961017));
#12986=CARTESIAN_POINT('',(0.0116173641686706,-0.0209302774750762,-0.00521106285961017));
#12987=CARTESIAN_POINT('',(0.0123395528492416,-0.0207833541788868,-0.00521106285961018));
#12988=CARTESIAN_POINT('',(0.0137813183053065,-0.020281304652728,-0.00521106285961018));
#12989=CARTESIAN_POINT('',(0.014505356186646,-0.0199068537316324,-0.00521106285961018));
#12990=CARTESIAN_POINT('',(0.0157440742780848,-0.0189016617577288,-0.00521106285961018));
#12991=CARTESIAN_POINT('',(0.0162951630543817,-0.0182269130424891,-0.00521106285961018));
#12992=CARTESIAN_POINT('',(0.0170504861497293,-0.0167994738099526,-0.00521106285961018));
#12993=CARTESIAN_POINT('',(0.0172723551256602,-0.0160763312898089,-0.00521106285961018));
#12994=CARTESIAN_POINT('',(0.0175861210534974,-0.0145873798608316,-0.00521106285961018));
#12995=CARTESIAN_POINT('',(0.0176773944962516,-0.0137977791425021,-0.00521106285961018));
#12996=CARTESIAN_POINT('',(0.017792022082806,-0.0120304359423556,-0.00521106285961018));
#12997=CARTESIAN_POINT('',(0.017813318857883,-0.0110473767238431,-0.00521106285961018));
#12998=CARTESIAN_POINT('',(0.017813318857883,-0.01,-0.00521106285961018));
#12999=CARTESIAN_POINT('',(0.005,-0.0205,-0.0025));
#13000=CARTESIAN_POINT('',(0.00611322908180441,-0.0205,-0.0025));
#13001=CARTESIAN_POINT('',(0.00720380249006608,-0.0204847644918938,-0.0025));
#13002=CARTESIAN_POINT('',(0.00912731820461498,-0.0204029860174392,-0.0025));
#13003=CARTESIAN_POINT('',(0.0099674554119905,-0.0203377625952288,-0.0025));
#13004=CARTESIAN_POINT('',(0.0114699314995601,-0.0201296157079582,-0.0025));
#13005=CARTESIAN_POINT('',(0.0121427692164559,-0.0199906595592477,-0.0025));
#13006=CARTESIAN_POINT('',(0.0134431800907031,-0.0195378323297666,-0.0025));
#13007=CARTESIAN_POINT('',(0.0140741189582861,-0.0192093799325161,-0.0025));
#13008=CARTESIAN_POINT('',(0.0151503422902083,-0.0183360487173441,-0.0025));
#13009=CARTESIAN_POINT('',(0.0156229796780925,-0.0177582705735181,-0.0025));
#13010=CARTESIAN_POINT('',(0.0162849084965387,-0.0165073314995926,-0.0025));
#13011=CARTESIAN_POINT('',(0.0164875060211161,-0.0158564656904068,-0.0025));
#13012=CARTESIAN_POINT('',(0.0167792901421406,-0.014471827831994,-0.0025));
#13013=CARTESIAN_POINT('',(0.016867486147166,-0.0137188476126757,-0.0025));
#13014=CARTESIAN_POINT('',(0.016978703353203,-0.0120040863752786,-0.0025));
#13015=CARTESIAN_POINT('',(0.017,-0.0110356975110108,-0.0025));
#13016=CARTESIAN_POINT('',(0.017,-0.01,-0.0025));
#13017=CARTESIAN_POINT('',(0.005,-0.018,-0.008));
#13018=CARTESIAN_POINT('',(0.005,-0.0208304327219254,-0.008));
#13019=CARTESIAN_POINT('',(0.005,-0.021313318857883,-0.00521106285961018));
#13020=CARTESIAN_POINT('',(0.005,-0.0205,-0.0025));
#13021=CARTESIAN_POINT('',(0.005,-0.0208373687238767,-0.00426983787380233));
#13022=CARTESIAN_POINT('',(0.005,-0.0205,-0.0025));
#13023=CARTESIAN_POINT('',(0.005,-0.0208373687238769,-0.00426983787380463));
#13024=CARTESIAN_POINT('',(0.00549105578795734,-0.0208373687238971,-0.00426983787407872));
#13025=CARTESIAN_POINT('',(0.00616433371265008,-0.020832598769007,-0.0042673702622159));
#13026=CARTESIAN_POINT('',(0.0068146307774405,-0.0208213017934944,-0.00426054975860193));
#13027=CARTESIAN_POINT('',(0.00716726634335103,-0.0208130187940767,-0.00425509040355604));
#13028=CARTESIAN_POINT('',(0.00737016277564258,-0.0208076649937405,-0.00425140936606207));
#13029=CARTESIAN_POINT('',(0.00772573082629607,-0.020796453256252,-0.00424325351514982));
#13030=CARTESIAN_POINT('',(0.00813490618739992,-0.0207806257546728,-0.00423143797427217));
#13031=CARTESIAN_POINT('',(0.00864777485752001,-0.0207555798992156,-0.00421241757768886));
#13032=CARTESIAN_POINT('',(0.00912247406601844,-0.0207248551672179,-0.0041890373780379));
#13033=CARTESIAN_POINT('',(0.00950513968464226,-0.0206941248386253,-0.00416611205395093));
#13034=CARTESIAN_POINT('',(0.00974394601361323,-0.0206730258793691,-0.00415058659090139));
#13035=CARTESIAN_POINT('',(0.0101342213919225,-0.0206328779322043,-0.00412139549014776));
#13036=CARTESIAN_POINT('',(0.0105634160470929,-0.0205802251836184,-0.00408316716668726));
#13037=CARTESIAN_POINT('',(0.0110698871870924,-0.0205041809991775,-0.00402763170940846));
#13038=CARTESIAN_POINT('',(0.0115088038148158,-0.0204204066446974,-0.00396532889351573));
#13039=CARTESIAN_POINT('',(0.0118426487338206,-0.0203436161160679,-0.00390821316834232));
#13040=CARTESIAN_POINT('',(0.012052443227604,-0.0202905793312533,-0.00386882185975131));
#13041=CARTESIAN_POINT('',(0.0123524107685325,-0.0202045760638011,-0.00380424915459123));
#13042=CARTESIAN_POINT('',(0.0127044632100584,-0.020087663107156,-0.00371537672665798));
#13043=CARTESIAN_POINT('',(0.0133076901162315,-0.0198486899027179,-0.00353264494861836));
#13044=CARTESIAN_POINT('',(0.0137652781728088,-0.0195838696014856,-0.00333509453078048));
#13045=CARTESIAN_POINT('',(0.0140354215991365,-0.0193866306481344,-0.00318437962064401));
#13046=CARTESIAN_POINT('',(0.0140354215991363,-0.0193866306481345,-0.00318437962064393));
#13047=CARTESIAN_POINT('',(0.0140354215991363,-0.0193866306481346,-0.00318437962064394));
#13048=CARTESIAN_POINT('',(0.0142147179834494,-0.0192418860337612,-0.00302948248592843));
#13049=CARTESIAN_POINT('',(0.0145056178641566,-0.018998789832662,-0.00284340734631023));
#13050=CARTESIAN_POINT('',(0.0149594272891989,-0.0185451456616389,-0.00268025277475576));
#13051=CARTESIAN_POINT('',(0.0152619738924635,-0.0182110013945085,-0.00263361837901768));
#13052=CARTESIAN_POINT('',(0.0155893595293953,-0.0178157201956702,-0.00266175560563477));
#13053=CARTESIAN_POINT('',(0.0158601171258636,-0.0174634539435962,-0.00276353411045921));
#13054=CARTESIAN_POINT('',(0.016146393443477,-0.0170595222938084,-0.00298428025751543));
#13055=CARTESIAN_POINT('',(0.0163587818405867,-0.0167489158654487,-0.00326686785725021));
#13056=CARTESIAN_POINT('',(0.0165609408382155,-0.0164520683501529,-0.00370048470345413));
#13057=CARTESIAN_POINT('',(0.0166760247028283,-0.0162950308065796,-0.00416693169534298));
#13058=CARTESIAN_POINT('',(0.0167232597175388,-0.0162452222647923,-0.00472286465195143));
#13059=CARTESIAN_POINT('',(0.0166580421477926,-0.0163616657771692,-0.00526649389147808));
#13060=CARTESIAN_POINT('',(0.0165141665771094,-0.0165717822170251,-0.00571327939720629));
#13061=CARTESIAN_POINT('',(0.0162666919786599,-0.0169090577256476,-0.0060975143118415));
#13062=CARTESIAN_POINT('',(0.0160299731550929,-0.0172153195681283,-0.00631303484476836));
#13063=CARTESIAN_POINT('',(0.0158420247835357,-0.0174513801413122,-0.00641657563815207));
#13064=CARTESIAN_POINT('',(0.0157437045180826,-0.0175722953203441,-0.00645406238634111));
#13065=CARTESIAN_POINT('',(0.0157437045179916,-0.0175722953200421,-0.00645406238689954));
#13066=CARTESIAN_POINT('',(0.0157437045179916,-0.0175722953200421,-0.00645406238689954));
#13067=CARTESIAN_POINT('',(0.0155752322507388,-0.0177612934391549,-0.00654131275522926));
#13068=CARTESIAN_POINT('',(0.0152175404077173,-0.0181000988668958,-0.00669662751000048));
#13069=CARTESIAN_POINT('',(0.0147387873844171,-0.0184570215673021,-0.00686007082854594));
#13070=CARTESIAN_POINT('',(0.0142269525736163,-0.0187480713464161,-0.00699271566486415));
#13071=CARTESIAN_POINT('',(0.0138119586289412,-0.0189367744894751,-0.00707708087208199));
#13072=CARTESIAN_POINT('',(0.01345387369123,-0.0190749966454124,-0.0071387075522402));
#13073=CARTESIAN_POINT('',(0.0132049121385854,-0.019158256522994,-0.00717519998445009));
#13074=CARTESIAN_POINT('',(0.0128059958144904,-0.0192781934915538,-0.00722676079416604));
#13075=CARTESIAN_POINT('',(0.0122801685200305,-0.0194015310296375,-0.00728041722290728));
#13076=CARTESIAN_POINT('',(0.0116873768134668,-0.01950276754091,-0.00732468258071236));
#13077=CARTESIAN_POINT('',(0.0112125457459561,-0.0195630222972599,-0.00735103132126714));
#13078=CARTESIAN_POINT('',(0.0109420421623382,-0.0195931755689647,-0.0073640841714694));
#13079=CARTESIAN_POINT('',(0.0106809050699495,-0.0196191309184422,-0.00737510846089911));
#13080=CARTESIAN_POINT('',(0.0105986230272447,-0.0196266294920651,-0.00737822698674673));
#13081=CARTESIAN_POINT('',(0.0104217477528769,-0.0196424927934061,-0.00738486337597347));
#13082=CARTESIAN_POINT('',(0.0101312184303639,-0.0196660428675214,-0.00739464442515956));
#13083=CARTESIAN_POINT('',(0.00966903878878162,-0.0196975766791186,-0.00740765985819339));
#13084=CARTESIAN_POINT('',(0.0090635312067272,-0.0197287892858774,-0.00742049252259029));
#13085=CARTESIAN_POINT('',(0.00816965824748421,-0.0197627651764953,-0.00743445090532449));
#13086=CARTESIAN_POINT('',(0.00686420481373372,-0.0197904274959602,-0.00744591645842016));
#13087=CARTESIAN_POINT('',(0.0056396463805101,-0.0197968076760224,-0.00744895719730283));
#13088=CARTESIAN_POINT('',(0.005,-0.0197968076759129,-0.00744895719738915));
#13089=CARTESIAN_POINT('',(0.005,-0.0197968076759128,-0.00744895719738922));
#13090=CARTESIAN_POINT('',(0.005,-0.018,-0.008));
#13091=CARTESIAN_POINT('',(0.005,-0.0208304327219254,-0.008));
#13092=CARTESIAN_POINT('',(0.005,-0.021313318857883,-0.00521106285961018));
#13093=CARTESIAN_POINT('',(0.005,-0.0205,-0.0025));
#13094=CARTESIAN_POINT('',(0.0145,-0.01,-0.008));
#13095=CARTESIAN_POINT('',(0.0173304327219254,-0.01,-0.008));
#13096=CARTESIAN_POINT('',(0.017813318857883,-0.01,-0.00521106285961018));
#13097=CARTESIAN_POINT('',(0.017,-0.01,-0.0025));
#13098=CARTESIAN_POINT('',(0.017,-0.01,-0.0025));
#13099=CARTESIAN_POINT('',(0.005,-0.0205,-0.0025));
#13100=CARTESIAN_POINT('',(0.00611322908180441,-0.0205,-0.0025));
#13101=CARTESIAN_POINT('',(0.00720380249006608,-0.0204847644918938,-0.0025));
#13102=CARTESIAN_POINT('',(0.00912731820461498,-0.0204029860174392,-0.0025));
#13103=CARTESIAN_POINT('',(0.0099674554119905,-0.0203377625952288,-0.0025));
#13104=CARTESIAN_POINT('',(0.0114699314995601,-0.0201296157079582,-0.0025));
#13105=CARTESIAN_POINT('',(0.0121427692164559,-0.0199906595592477,-0.0025));
#13106=CARTESIAN_POINT('',(0.0134431800907031,-0.0195378323297666,-0.0025));
#13107=CARTESIAN_POINT('',(0.0140741189582861,-0.0192093799325161,-0.0025));
#13108=CARTESIAN_POINT('',(0.0151503422902083,-0.0183360487173441,-0.0025));
#13109=CARTESIAN_POINT('',(0.0156229796780925,-0.0177582705735181,-0.0025));
#13110=CARTESIAN_POINT('',(0.0162849084965387,-0.0165073314995926,-0.0025));
#13111=CARTESIAN_POINT('',(0.0164875060211161,-0.0158564656904068,-0.0025));
#13112=CARTESIAN_POINT('',(0.0167792901421406,-0.014471827831994,-0.0025));
#13113=CARTESIAN_POINT('',(0.016867486147166,-0.0137188476126757,-0.0025));
#13114=CARTESIAN_POINT('',(0.016978703353203,-0.0120040863752786,-0.0025));
#13115=CARTESIAN_POINT('',(0.017,-0.0110356975110108,-0.0025));
#13116=CARTESIAN_POINT('',(0.017,-0.01,-0.0025));
#13117=CARTESIAN_POINT('',(0.005,-0.0205000000111387,-0.00250000003712901));
#13118=CARTESIAN_POINT('',(-1.73472347597681E-18,-0.0205000000111387,-0.00250000003712901));
#13119=CARTESIAN_POINT('',(0.005,-0.0206789046558866,-0.00309634886178931));
#13120=CARTESIAN_POINT('',(-2.60208521396521E-18,-0.0206789046558866,-0.00309634886178931));
#13121=CARTESIAN_POINT('',(0.005,-0.0207950908599684,-0.00369646572672319));
#13122=CARTESIAN_POINT('',(-2.60208521396521E-18,-0.0207950908599684,-0.00369646572672319));
#13123=CARTESIAN_POINT('',(0.005,-0.0208373687238769,-0.00426983787380464));
#13124=CARTESIAN_POINT('',(-2.60208521396521E-18,-0.0208373687238769,-0.00426983787380464));
#13125=CARTESIAN_POINT('',(0.005,-0.0208373687238769,-0.00426983787380464));
#13126=CARTESIAN_POINT('',(0.00333333333333333,-0.0208373687238769,-0.00426983787380464));
#13127=CARTESIAN_POINT('',(0.00166666666666667,-0.0208373687238769,-0.00426983787380464));
#13128=CARTESIAN_POINT('',(-1.73472347597681E-18,-0.0208373687238769,-0.00426983787380464));
#13129=CARTESIAN_POINT('',(0.,-0.0205,-0.0025));
#13130=CARTESIAN_POINT('',(0.005,-0.0197968076759351,-0.00744895719737168));
#13131=CARTESIAN_POINT('',(0.,-0.0197968076759351,-0.00744895719737168));
#13132=CARTESIAN_POINT('',(0.005,-0.019354504766006,-0.00779764241422257));
#13133=CARTESIAN_POINT('',(-8.67361737988404E-19,-0.019354504766006,-0.00779764241422257));
#13134=CARTESIAN_POINT('',(0.005,-0.0187624181353542,-0.00799999999999941));
#13135=CARTESIAN_POINT('',(0.,-0.0187624181353542,-0.00799999999999941));
#13136=CARTESIAN_POINT('',(0.005,-0.0180000000000034,-0.008));
#13137=CARTESIAN_POINT('',(0.,-0.0180000000000034,-0.008));
#13138=CARTESIAN_POINT('',(0.,-0.0197968076759129,-0.00744895719738915));
#13139=CARTESIAN_POINT('',(0.00166666666666667,-0.0197968076759129,-0.00744895719738915));
#13140=CARTESIAN_POINT('',(0.00333333333333333,-0.0197968076759129,-0.00744895719738915));
#13141=CARTESIAN_POINT('',(0.005,-0.0197968076759129,-0.00744895719738915));
#13142=CARTESIAN_POINT('',(0.0025,-0.0182635997089723,-0.00799158805606801));
#13143=CARTESIAN_POINT('',(0.0018,-0.0182635997089723,-0.00799158805606801));
#13144=CARTESIAN_POINT('',(0.0018,-0.0182635997071807,-0.00799158805618487));
#13145=CARTESIAN_POINT('',(0.00201877890325906,-0.0182635997071807,-0.00799158805618487));
#13146=CARTESIAN_POINT('',(0.00222766606538776,-0.0181619865398367,-0.00799999999999988));
#13147=CARTESIAN_POINT('',(0.00237431413431317,-0.0180000000000034,-0.008));
#13148=CARTESIAN_POINT('',(0.008125,-0.009875,-8.67361737988404E-19));
#13149=CARTESIAN_POINT('',(0.,0.01,-8.67361737988404E-19));
#13150=CARTESIAN_POINT('',(-0.00205,0.01,-8.67361737988404E-19));
#13151=CARTESIAN_POINT('',(-0.01585,-0.00999999999999998,-8.67361737988404E-19));
#13152=CARTESIAN_POINT('',(-0.0158500000006311,-0.0104863257060978,-8.67361737988404E-19));
#13153=CARTESIAN_POINT('',(-0.0158393458441636,-0.0114019104969692,-8.67361737988404E-19));
#13154=CARTESIAN_POINT('',(-0.0157992691532923,-0.0124044209883582,-8.67361737988404E-19));
#13155=CARTESIAN_POINT('',(-0.0157513748851555,-0.0131199941821508,-8.67361737988404E-19));
#13156=CARTESIAN_POINT('',(-0.015706981522002,-0.0136165887303319,-8.67361737988404E-19));
#13157=CARTESIAN_POINT('',(-0.0156648114156757,-0.0139863982088328,-8.67361737988404E-19));
#13158=CARTESIAN_POINT('',(-0.0156237242553355,-0.0142797437320288,-8.67361737988404E-19));
#13159=CARTESIAN_POINT('',(-0.0156000607917514,-0.0144375273293701,-8.67361737988404E-19));
#13160=CARTESIAN_POINT('',(-0.0155394607715324,-0.0147813685961636,-8.67361737988404E-19));
#13161=CARTESIAN_POINT('',(-0.0154604082984465,-0.0151531050220701,-8.67361737988404E-19));
#13162=CARTESIAN_POINT('',(-0.0153427563223218,-0.015606981303956,-8.67361737988404E-19));
#13163=CARTESIAN_POINT('',(-0.0151716819202767,-0.0160982756787286,-8.67361737988404E-19));
#13164=CARTESIAN_POINT('',(-0.014993400060948,-0.0165066062274533,-8.67361737988404E-19));
#13165=CARTESIAN_POINT('',(-0.0147169262657563,-0.0169864859630543,-8.67361737988404E-19));
#13166=CARTESIAN_POINT('',(-0.0143082048629736,-0.0175232397360771,-8.67361737988404E-19));
#13167=CARTESIAN_POINT('',(-0.0136443184257078,-0.0181107692659141,-8.67361737988404E-19));
#13168=CARTESIAN_POINT('',(-0.0129433457260195,-0.0184831231069841,-8.67361737988404E-19));
#13169=CARTESIAN_POINT('',(-0.0123407227673077,-0.018706974342271,-8.67361737988404E-19));
#13170=CARTESIAN_POINT('',(-0.0119856706041047,-0.018814082495485,-8.67361737988404E-19));
#13171=CARTESIAN_POINT('',(-0.0116765921127983,-0.0188931278081913,-8.67361737988404E-19));
#13172=CARTESIAN_POINT('',(-0.0114727782721345,-0.0189382400223988,-8.67361737988404E-19));
#13173=CARTESIAN_POINT('',(-0.0111428500095737,-0.0190048035103003,-8.67361737988404E-19));
#13174=CARTESIAN_POINT('',(-0.0107118466277063,-0.0190763146064018,-8.67361737988404E-19));
#13175=CARTESIAN_POINT('',(-0.0102361810646384,-0.0191381594285697,-8.67361737988404E-19));
#13176=CARTESIAN_POINT('',(-0.00987579239583922,-0.0191760398690046,-8.67361737988404E-19));
#13177=CARTESIAN_POINT('',(-0.00967273864197149,-0.0191953350080094,-8.67361737988404E-19));
#13178=CARTESIAN_POINT('',(-0.00949087227168882,-0.0192111415256636,-8.67361737988404E-19));
#13179=CARTESIAN_POINT('',(-0.00940669330781923,-0.0192179406039105,-8.67361737988404E-19));
#13180=CARTESIAN_POINT('',(-0.00925651178501177,-0.0192296867941247,-8.67361737988404E-19));
#13181=CARTESIAN_POINT('',(-0.00900189480903195,-0.0192478638215784,-8.67361737988404E-19));
#13182=CARTESIAN_POINT('',(-0.00860666364954494,-0.0192718316390082,-8.67361737988404E-19));
#13183=CARTESIAN_POINT('',(-0.00809922738310312,-0.0192958891544344,-8.67361737988404E-19));
#13184=CARTESIAN_POINT('',(-0.00737231456814866,-0.0193222285060546,-8.67361737988404E-19));
#13185=CARTESIAN_POINT('',(-0.00637212408283813,-0.0193441487586516,-8.67361737988404E-19));
#13186=CARTESIAN_POINT('',(-0.00547371703253001,-0.0193500000003046,-8.67361737988404E-19));
#13187=CARTESIAN_POINT('',(-0.005,-0.01935,-8.67361737988404E-19));
#13188=CARTESIAN_POINT('',(-0.01585,-0.01,-8.67361737988404E-19));
#13189=CARTESIAN_POINT('',(-0.005,-0.01935,-8.67361737988404E-19));
#13190=CARTESIAN_POINT('',(0.008125,-0.01935,-8.67361737988404E-19));
#13191=CARTESIAN_POINT('',(0.005,-0.01935,-8.67361737988404E-19));
#13192=CARTESIAN_POINT('',(0.005,-0.01935,-8.67361737988404E-19));
#13193=CARTESIAN_POINT('',(0.00547359985207064,-0.0193500000003012,-8.67361737988404E-19));
#13194=CARTESIAN_POINT('',(0.00637171992665121,-0.0193441588099648,-8.67361737988404E-19));
#13195=CARTESIAN_POINT('',(0.0073723717632261,-0.0193221909545214,-8.67361737988404E-19));
#13196=CARTESIAN_POINT('',(0.00809843280744385,-0.0192959309519697,-8.67361737988404E-19));
#13197=CARTESIAN_POINT('',(0.00860890205571524,-0.0192716078351657,-8.67361737988404E-19));
#13198=CARTESIAN_POINT('',(0.00899520852045483,-0.0192484485089368,-8.67361737988404E-19));
#13199=CARTESIAN_POINT('',(0.00930487601952395,-0.0192260095580751,-8.67361737988404E-19));
#13200=CARTESIAN_POINT('',(0.00947604621628318,-0.0192127775794013,-8.67361737988404E-19));
#13201=CARTESIAN_POINT('',(0.00983611749890592,-0.0191805315594444,-8.67361737988404E-19));
#13202=CARTESIAN_POINT('',(0.0102286976444386,-0.0191387796716947,-8.67361737988404E-19));
#13203=CARTESIAN_POINT('',(0.0107132701021877,-0.0190762544590121,-8.67361737988404E-19));
#13204=CARTESIAN_POINT('',(0.0111415853348186,-0.0190049677366463,-8.67361737988404E-19));
#13205=CARTESIAN_POINT('',(0.011471967645148,-0.0189383947325841,-8.67361737988404E-19));
#13206=CARTESIAN_POINT('',(0.0116761612937477,-0.0188932231150021,-8.67361737988404E-19));
#13207=CARTESIAN_POINT('',(0.0119847575191282,-0.0188143710027433,-8.67361737988404E-19));
#13208=CARTESIAN_POINT('',(0.0123396149702189,-0.0187073767311227,-8.67361737988404E-19));
#13209=CARTESIAN_POINT('',(0.0129419187611704,-0.018483735181905,-8.67361737988404E-19));
#13210=CARTESIAN_POINT('',(0.0136442370304765,-0.0181108138757719,-8.67361737988404E-19));
#13211=CARTESIAN_POINT('',(0.0143071120290585,-0.0175244093137221,-8.67361737988404E-19));
#13212=CARTESIAN_POINT('',(0.0147160403278638,-0.0169877096310915,-8.67361737988404E-19));
#13213=CARTESIAN_POINT('',(0.0149931114747506,-0.016507190455577,-8.67361737988404E-19));
#13214=CARTESIAN_POINT('',(0.0151710980206476,-0.0160998953066818,-8.67361737988404E-19));
#13215=CARTESIAN_POINT('',(0.0153422310110845,-0.0156087946251395,-8.67361737988404E-19));
#13216=CARTESIAN_POINT('',(0.0154599549359498,-0.0151549113159487,-8.67361737988404E-19));
#13217=CARTESIAN_POINT('',(0.0155391078630551,-0.014783047317165,-8.67361737988404E-19));
#13218=CARTESIAN_POINT('',(0.0155998471732587,-0.0144388669945677,-8.67361737988404E-19));
#13219=CARTESIAN_POINT('',(0.0156235103544999,-0.0142813052933599,-8.67361737988404E-19));
#13220=CARTESIAN_POINT('',(0.0156646427788596,-0.0139880174595266,-8.67361737988404E-19));
#13221=CARTESIAN_POINT('',(0.0157068483329795,-0.0136182875941014,-8.67361737988404E-19));
#13222=CARTESIAN_POINT('',(0.0157512838961088,-0.0131216581413678,-8.67361737988404E-19));
#13223=CARTESIAN_POINT('',(0.0157992220921027,-0.0124059150787573,-8.67361737988404E-19));
#13224=CARTESIAN_POINT('',(0.0158393360391698,-0.0114029376829669,-8.67361737988404E-19));
#13225=CARTESIAN_POINT('',(0.015850000000656,-0.010486712805125,-8.67361737988404E-19));
#13226=CARTESIAN_POINT('',(0.01585,-0.01,-8.67361737988404E-19));
#13227=CARTESIAN_POINT('',(0.01585,-0.01,-8.67361737988404E-19));
#13228=CARTESIAN_POINT('',(0.01585,-0.009875,-8.67361737988404E-19));
#13229=CARTESIAN_POINT('',(0.01585,0.01,-8.67361737988404E-19));
#13230=CARTESIAN_POINT('',(0.01585,0.01,-8.67361737988404E-19));
#13231=CARTESIAN_POINT('',(0.0158500000006396,0.0104863257060521,-8.67361737988404E-19));
#13232=CARTESIAN_POINT('',(0.0158393458441848,0.011401910496855,-8.67361737988404E-19));
#13233=CARTESIAN_POINT('',(0.0157992691533188,0.0124044209882152,-8.67361737988404E-19));
#13234=CARTESIAN_POINT('',(0.01575137488518,0.0131199941820193,-8.67361737988404E-19));
#13235=CARTESIAN_POINT('',(0.015706981522022,0.0136165887302254,-8.67361737988404E-19));
#13236=CARTESIAN_POINT('',(0.0156648114156889,0.0139863982087635,-8.67361737988404E-19));
#13237=CARTESIAN_POINT('',(0.0156237242553425,0.0142797437319932,-8.67361737988404E-19));
#13238=CARTESIAN_POINT('',(0.0156000607917509,0.0144375273293767,-8.67361737988404E-19));
#13239=CARTESIAN_POINT('',(0.0155394607715312,0.0147813685961683,-8.67361737988404E-19));
#13240=CARTESIAN_POINT('',(0.0154604082984429,0.0151531050220843,-8.67361737988404E-19));
#13241=CARTESIAN_POINT('',(0.0153427563223176,0.0156069813039718,-8.67361737988404E-19));
#13242=CARTESIAN_POINT('',(0.0151716819202725,0.0160982756787431,-8.67361737988404E-19));
#13243=CARTESIAN_POINT('',(0.0149934000609504,0.016506606227449,-8.67361737988404E-19));
#13244=CARTESIAN_POINT('',(0.0147169262657512,0.0169864859630579,-8.67361737988404E-19));
#13245=CARTESIAN_POINT('',(0.0143082048629673,0.0175232397360801,-8.67361737988404E-19));
#13246=CARTESIAN_POINT('',(0.0136443184257107,0.018110769265913,-8.67361737988404E-19));
#13247=CARTESIAN_POINT('',(0.0129433457260196,0.0184831231069858,-8.67361737988404E-19));
#13248=CARTESIAN_POINT('',(0.0123407227673079,0.0187069743422717,-8.67361737988404E-19));
#13249=CARTESIAN_POINT('',(0.0119856706041046,0.018814082495485,-8.67361737988404E-19));
#13250=CARTESIAN_POINT('',(0.0116765921127982,0.0188931278081903,-8.67361737988404E-19));
#13251=CARTESIAN_POINT('',(0.0114727782721331,0.0189382400223977,-8.67361737988404E-19));
#13252=CARTESIAN_POINT('',(0.0111428500095716,0.0190048035102987,-8.67361737988404E-19));
#13253=CARTESIAN_POINT('',(0.0107118466277034,0.0190763146064003,-8.67361737988404E-19));
#13254=CARTESIAN_POINT('',(0.0102361810646371,0.0191381594285685,-8.67361737988404E-19));
#13255=CARTESIAN_POINT('',(0.00987579239583684,0.0191760398690041,-8.67361737988404E-19));
#13256=CARTESIAN_POINT('',(0.00967273864197297,0.0191953350080089,-8.67361737988404E-19));
#13257=CARTESIAN_POINT('',(0.00949087227168094,0.0192111415256644,-8.67361737988404E-19));
#13258=CARTESIAN_POINT('',(0.0094066933078492,0.0192179406039082,-8.67361737988404E-19));
#13259=CARTESIAN_POINT('',(0.00925651178507274,0.0192296867941201,-8.67361737988404E-19));
#13260=CARTESIAN_POINT('',(0.00900189480914893,0.0192478638215695,-8.67361737988404E-19));
#13261=CARTESIAN_POINT('',(0.00860666364972,0.019271831638995,-8.67361737988404E-19));
#13262=CARTESIAN_POINT('',(0.0080992273833212,0.0192958891544178,-8.67361737988404E-19));
#13263=CARTESIAN_POINT('',(0.00737231456838558,0.0193222285060366,-8.67361737988404E-19));
#13264=CARTESIAN_POINT('',(0.00637212408302772,0.0193441487586372,-8.67361737988404E-19));
#13265=CARTESIAN_POINT('',(0.00547371703260584,0.0193500000002988,-8.67361737988404E-19));
#13266=CARTESIAN_POINT('',(0.005,0.01935,-8.67361737988404E-19));
#13267=CARTESIAN_POINT('',(0.005,0.01935,-8.67361737988404E-19));
#13268=CARTESIAN_POINT('',(0.008125,0.01935,-8.67361737988404E-19));
#13269=CARTESIAN_POINT('',(-0.005,0.01935,-8.67361737988404E-19));
#13270=CARTESIAN_POINT('',(-0.005,0.01935,-8.67361737988404E-19));
#13271=CARTESIAN_POINT('',(-0.00547359014013085,0.0193500000002931,-8.67361737988404E-19));
#13272=CARTESIAN_POINT('',(-0.00637169285293376,0.0193441590432567,-8.67361737988404E-19));
#13273=CARTESIAN_POINT('',(-0.00737232636211188,0.0193221922293009,-8.67361737988404E-19));
#13274=CARTESIAN_POINT('',(-0.00809837797408045,0.0192959332100263,-8.67361737988404E-19));
#13275=CARTESIAN_POINT('',(-0.00860883475106645,0.0192716116553,-8.67361737988404E-19));
#13276=CARTESIAN_POINT('',(-0.00899515347703558,0.0192484517777548,-8.67361737988404E-19));
#13277=CARTESIAN_POINT('',(-0.00930478321971635,0.0192260169957775,-8.67361737988404E-19));
#13278=CARTESIAN_POINT('',(-0.00947605728212015,0.0192127758569828,-8.67361737988404E-19));
#13279=CARTESIAN_POINT('',(-0.00983572953413043,0.0191805678065398,-8.67361737988404E-19));
#13280=CARTESIAN_POINT('',(-0.0102279907476005,0.0191388608057942,-8.67361737988404E-19));
#13281=CARTESIAN_POINT('',(-0.0107121591966354,0.0190764123418261,-8.67361737988404E-19));
#13282=CARTESIAN_POINT('',(-0.01114016114053,0.0190052224035441,-8.67361737988404E-19));
#13283=CARTESIAN_POINT('',(-0.0114703479519336,0.0189387385670457,-8.67361737988404E-19));
#13284=CARTESIAN_POINT('',(-0.0116743765869883,0.0188936438358874,-8.67361737988404E-19));
#13285=CARTESIAN_POINT('',(-0.0119829880827456,0.0188148608654763,-8.67361737988404E-19));
#13286=CARTESIAN_POINT('',(-0.0123378058005178,0.0187079805034688,-8.67361737988404E-19));
#13287=CARTESIAN_POINT('',(-0.0129401382870317,0.0184845198177529,-8.67361737988404E-19));
#13288=CARTESIAN_POINT('',(-0.0136420914489672,0.0181123248519854,-8.67361737988404E-19));
#13289=CARTESIAN_POINT('',(-0.0143063193202026,0.0175253313448808,-8.67361737988404E-19));
#13290=CARTESIAN_POINT('',(-0.0147156718592093,0.0169883068433733,-8.67361737988404E-19));
#13291=CARTESIAN_POINT('',(-0.0149931647444305,0.0165071043098692,-8.67361737988404E-19));
#13292=CARTESIAN_POINT('',(-0.0151709279398451,0.0161002850073396,-8.67361737988404E-19));
#13293=CARTESIAN_POINT('',(-0.0153420423599773,0.0156094152467945,-8.67361737988404E-19));
#13294=CARTESIAN_POINT('',(-0.015459728399801,0.0151558580110849,-8.67361737988404E-19));
#13295=CARTESIAN_POINT('',(-0.0155388759823487,0.0147842265344409,-8.67361737988404E-19));
#13296=CARTESIAN_POINT('',(-0.015599605017135,0.0144403528810674,-8.67361737988404E-19));
#13297=CARTESIAN_POINT('',(-0.015623307294255,0.0142826678744454,-8.67361737988404E-19));
#13298=CARTESIAN_POINT('',(-0.015664471525276,0.0139893537127562,-8.67361737988404E-19));
#13299=CARTESIAN_POINT('',(-0.0157067184048933,0.0136195222669839,-8.67361737988404E-19));
#13300=CARTESIAN_POINT('',(-0.0157511936218635,0.0131227638030411,-8.67361737988404E-19));
#13301=CARTESIAN_POINT('',(-0.0157991758604216,0.0124068027427856,-8.67361737988404E-19));
#13302=CARTESIAN_POINT('',(-0.0158393262680895,0.0114034834595694,-8.67361737988404E-19));
#13303=CARTESIAN_POINT('',(-0.0158500000006775,0.0104869074655916,-8.67361737988404E-19));
#13304=CARTESIAN_POINT('',(-0.01585,0.01,-8.67361737988404E-19));
#13305=CARTESIAN_POINT('',(-0.01585,0.01,-8.67361737988404E-19));
#13306=CARTESIAN_POINT('',(-0.01585,-0.009875,-8.67361737988404E-19));
#13307=CARTESIAN_POINT('',(-0.005,-0.02038399646922,-0.00211332156406687));
#13308=CARTESIAN_POINT('',(0.005,-0.02038399646922,-0.00211332156406687));
#13309=CARTESIAN_POINT('',(0.005,-0.019865251232017,-0.0003841707733902));
#13310=CARTESIAN_POINT('',(-0.005,-0.0198649391542265,-0.00038313051408846));
#13311=CARTESIAN_POINT('',(-0.005,-0.0198649391542265,-0.000383130514088462));
#13312=CARTESIAN_POINT('',(-0.005,-0.02038399646922,-0.00211332156406687));
#13313=CARTESIAN_POINT('',(0.0168839964692201,-0.01,-0.00211332156406687));
#13314=CARTESIAN_POINT('',(0.01673,-0.0071,-0.0016));
#13315=CARTESIAN_POINT('',(0.016625,-0.0071,-0.00125));
#13316=CARTESIAN_POINT('',(0.01673,-0.00675,-0.0016));
#13317=CARTESIAN_POINT('',(0.0168839964692201,-0.00675,-0.00211332156406687));
#13318=CARTESIAN_POINT('',(0.017,-0.00675,-0.0025));
#13319=CARTESIAN_POINT('',(0.017,-0.01,-0.0025));
#13320=CARTESIAN_POINT('',(0.017,-0.00135,-0.0025));
#13321=CARTESIAN_POINT('',(0.0168839964692201,-0.00135,-0.00211332156406687));
#13322=CARTESIAN_POINT('',(0.01673,-0.00135,-0.0016));
#13323=CARTESIAN_POINT('',(0.01673,-0.001,-0.0016));
#13324=CARTESIAN_POINT('',(0.016625,-0.001,-0.00125));
#13325=CARTESIAN_POINT('',(0.016625,-0.01,-0.00125));
#13326=CARTESIAN_POINT('',(0.016625,0.0009,-0.00125));
#13327=CARTESIAN_POINT('',(0.01673,0.0009,-0.0016));
#13328=CARTESIAN_POINT('',(0.01673,0.00125,-0.0016));
#13329=CARTESIAN_POINT('',(0.0168839964692201,0.00125,-0.00211332156406687));
#13330=CARTESIAN_POINT('',(0.017,0.00125,-0.0025));
#13331=CARTESIAN_POINT('',(0.017,0.,-0.0025));
#13332=CARTESIAN_POINT('',(0.017,0.00665,-0.0025));
#13333=CARTESIAN_POINT('',(0.0168839964692201,0.00665,-0.00211332156406687));
#13334=CARTESIAN_POINT('',(0.01673,0.00665,-0.0016));
#13335=CARTESIAN_POINT('',(0.01673,0.007,-0.0016));
#13336=CARTESIAN_POINT('',(0.016625,0.007,-0.00125));
#13337=CARTESIAN_POINT('',(0.016625,-0.01,-0.00125));
#13338=CARTESIAN_POINT('',(0.016625,0.0089,-0.00125));
#13339=CARTESIAN_POINT('',(0.01673,0.0089,-0.0016));
#13340=CARTESIAN_POINT('',(0.01673,0.00925,-0.0016));
#13341=CARTESIAN_POINT('',(0.0168839964692201,0.00925,-0.00211332156406687));
#13342=CARTESIAN_POINT('',(0.017,0.00925,-0.0025));
#13343=CARTESIAN_POINT('',(0.017,0.,-0.0025));
#13344=CARTESIAN_POINT('',(0.017,0.01,-0.0025));
#13345=CARTESIAN_POINT('',(0.0168839964692201,0.01,-0.00211332156406687));
#13346=CARTESIAN_POINT('',(0.016365413097163,0.01,-0.000384710323876584));
#13347=CARTESIAN_POINT('',(0.0163649391542266,-0.01,-0.000383130514088461));
#13348=CARTESIAN_POINT('',(0.0163649391542266,-0.01,-0.000383130514088462));
#13349=CARTESIAN_POINT('',(0.0168839964692201,-0.01,-0.00211332156406687));
#13350=CARTESIAN_POINT('',(0.017,-0.01,-0.0025));
#13351=CARTESIAN_POINT('',(0.017,-0.00935,-0.0025));
#13352=CARTESIAN_POINT('',(0.0168839964692201,-0.00935,-0.00211332156406687));
#13353=CARTESIAN_POINT('',(0.01673,-0.00935,-0.0016));
#13354=CARTESIAN_POINT('',(0.01673,-0.009,-0.0016));
#13355=CARTESIAN_POINT('',(0.016625,-0.009,-0.00125));
#13356=CARTESIAN_POINT('',(0.016625,-0.01,-0.00125));
#13357=CARTESIAN_POINT('',(-0.0168839964692201,0.,-0.00211332156406687));
#13358=CARTESIAN_POINT('',(-0.0168839964692201,-0.01,-0.00211332156406687));
#13359=CARTESIAN_POINT('',(-0.0163654130969793,-0.01,-0.0003847103232643));
#13360=CARTESIAN_POINT('',(-0.0163649391542266,0.,-0.000383130514088461));
#13361=CARTESIAN_POINT('',(-0.0163649391542266,0.01,-0.000383130514088462));
#13362=CARTESIAN_POINT('',(-0.0168839964692201,0.01,-0.00211332156406687));
#13363=CARTESIAN_POINT('',(0.005,0.02038399646922,-0.00211332156406687));
#13364=CARTESIAN_POINT('',(-0.005,0.02038399646922,-0.00211332156406687));
#13365=CARTESIAN_POINT('',(-0.005,0.0198652564579639,-0.000384188193213029));
#13366=CARTESIAN_POINT('',(0.005,0.0198649391542265,-0.00038313051408846));
#13367=CARTESIAN_POINT('',(0.005,0.0198649391542265,-0.000383130514088462));
#13368=CARTESIAN_POINT('',(0.005,0.02038399646922,-0.00211332156406687));
#13369=CARTESIAN_POINT('',(0.005,-0.0205,-0.0025));
#13370=CARTESIAN_POINT('',(0.00611322908180441,-0.0205,-0.0025));
#13371=CARTESIAN_POINT('',(0.00720380249006608,-0.0204847644918938,-0.0025));
#13372=CARTESIAN_POINT('',(0.00912731820461498,-0.0204029860174392,-0.0025));
#13373=CARTESIAN_POINT('',(0.0099674554119905,-0.0203377625952288,-0.0025));
#13374=CARTESIAN_POINT('',(0.0114699314995601,-0.0201296157079582,-0.0025));
#13375=CARTESIAN_POINT('',(0.0121427692164559,-0.0199906595592477,-0.0025));
#13376=CARTESIAN_POINT('',(0.0134431800907031,-0.0195378323297666,-0.0025));
#13377=CARTESIAN_POINT('',(0.0140741189582861,-0.0192093799325161,-0.0025));
#13378=CARTESIAN_POINT('',(0.0151503422902083,-0.0183360487173441,-0.0025));
#13379=CARTESIAN_POINT('',(0.0156229796780925,-0.0177582705735181,-0.0025));
#13380=CARTESIAN_POINT('',(0.0162849084965387,-0.0165073314995926,-0.0025));
#13381=CARTESIAN_POINT('',(0.0164875060211161,-0.0158564656904068,-0.0025));
#13382=CARTESIAN_POINT('',(0.0167792901421406,-0.014471827831994,-0.0025));
#13383=CARTESIAN_POINT('',(0.016867486147166,-0.0137188476126757,-0.0025));
#13384=CARTESIAN_POINT('',(0.016978703353203,-0.0120040863752786,-0.0025));
#13385=CARTESIAN_POINT('',(0.017,-0.0110356975110108,-0.0025));
#13386=CARTESIAN_POINT('',(0.017,-0.01,-0.0025));
#13387=CARTESIAN_POINT('',(0.005,-0.0198649391542265,-0.000383130514088461));
#13388=CARTESIAN_POINT('',(0.00610720236255399,-0.0198649391542265,-0.000383130514088461));
#13389=CARTESIAN_POINT('',(0.00719045795650327,-0.0198496973052742,-0.000383130514088461));
#13390=CARTESIAN_POINT('',(0.00908671181296461,-0.0197690778658404,-0.000383130514088461));
#13391=CARTESIAN_POINT('',(0.00990828036444289,-0.0197048344991867,-0.00038313051408846));
#13392=CARTESIAN_POINT('',(0.011354812177498,-0.0195044378529531,-0.00038313051408846));
#13393=CARTESIAN_POINT('',(0.0119891153584885,-0.0193717026634282,-0.000383130514088461));
#13394=CARTESIAN_POINT('',(0.0131791528417674,-0.0189573095032589,-0.000383130514088461));
#13395=CARTESIAN_POINT('',(0.0137373975404595,-0.0186647739683488,-0.000383130514088461));
#13396=CARTESIAN_POINT('',(0.0146867406723079,-0.01789440311633,-0.000383130514088461));
#13397=CARTESIAN_POINT('',(0.0150981211440463,-0.0173923421558677,-0.000383130514088461));
#13398=CARTESIAN_POINT('',(0.0156871252443386,-0.0162792190675435,-0.000383130514088461));
#13399=CARTESIAN_POINT('',(0.0158746751106986,-0.0156847888232596,-0.000383130514088461));
#13400=CARTESIAN_POINT('',(0.0161492952563753,-0.0143816017558949,-0.000383130514088461));
#13401=CARTESIAN_POINT('',(0.0162350883167403,-0.0136572157894318,-0.000383130514088461));
#13402=CARTESIAN_POINT('',(0.0163436426075945,-0.0119835119373554,-0.000383130514088461));
#13403=CARTESIAN_POINT('',(0.0163649391542265,-0.0110265780731574,-0.000383130514088461));
#13404=CARTESIAN_POINT('',(0.0163649391542265,-0.01,-0.000383130514088461));
#13405=CARTESIAN_POINT('',(0.0163649391542265,-0.01,-0.000383130514088461));
#13406=CARTESIAN_POINT('',(0.0163649391542265,-0.0110265780731574,-0.000383130514088461));
#13407=CARTESIAN_POINT('',(0.0163219189976658,-0.0129394659812796,-0.000383130514088461));
#13408=CARTESIAN_POINT('',(0.0160620675498344,-0.0150941851361466,-0.000383130514088461));
#13409=CARTESIAN_POINT('',(0.0155017219042183,-0.0168829652115978,-0.000383130514088461));
#13410=CARTESIAN_POINT('',(0.0142867839984469,-0.0183886376876958,-0.000383130514088461));
#13411=CARTESIAN_POINT('',(0.0126235567402962,-0.0192400152916554,-0.000383130514088462));
#13412=CARTESIAN_POINT('',(0.0107237936411362,-0.0196383376457439,-0.000383130514088459));
#13413=CARTESIAN_POINT('',(0.00827054632098189,-0.0198344511817886,-0.000383130514088462));
#13414=CARTESIAN_POINT('',(0.006107202362554,-0.0198649391542265,-0.000383130514088461));
#13415=CARTESIAN_POINT('',(0.005,-0.0198649391542265,-0.000383130514088461));
#13416=CARTESIAN_POINT('',(0.017,0.01,-0.0025));
#13417=CARTESIAN_POINT('',(0.017,0.0110357013715874,-0.0025));
#13418=CARTESIAN_POINT('',(0.0169787032042547,0.0120040909617089,-0.0025));
#13419=CARTESIAN_POINT('',(0.0168674856920646,0.0137188523394903,-0.0025));
#13420=CARTESIAN_POINT('',(0.0167792894992847,0.0144718321150151,-0.00249999999999859));
#13421=CARTESIAN_POINT('',(0.0164875050951717,0.0158564688519125,-0.00250000000000142));
#13422=CARTESIAN_POINT('',(0.0162849074205616,0.0165073341625694,-0.0025000000000007));
#13423=CARTESIAN_POINT('',(0.0156229785859243,0.0177582720628829,-0.00249999999999931));
#13424=CARTESIAN_POINT('',(0.0151503414146953,0.0183360494887545,-0.0025));
#13425=CARTESIAN_POINT('',(0.0140741192792405,0.0192093796111187,-0.0025));
#13426=CARTESIAN_POINT('',(0.013443181050811,0.0195378318502239,-0.0025));
#13427=CARTESIAN_POINT('',(0.0121427713811457,0.0199906589733918,-0.0025));
#13428=CARTESIAN_POINT('',(0.0114699342754262,0.0201296151631391,-0.0025));
#13429=CARTESIAN_POINT('',(0.00996745959004501,0.020337762176671,-0.0025));
#13430=CARTESIAN_POINT('',(0.0091273230681817,0.020402985708425,-0.0025));
#13431=CARTESIAN_POINT('',(0.0072038073827519,0.0204847643861171,-0.0025));
#13432=CARTESIAN_POINT('',(0.00611323325039838,0.0205,-0.0025));
#13433=CARTESIAN_POINT('',(0.005,0.0205,-0.0025));
#13434=CARTESIAN_POINT('',(0.0163649391542265,0.01,-0.000383130514088461));
#13435=CARTESIAN_POINT('',(0.0163649391542265,0.0110265819098316,-0.000383130514088461));
#13436=CARTESIAN_POINT('',(0.0163436424601923,0.0119835164451241,-0.00038313051408846));
#13437=CARTESIAN_POINT('',(0.0162350878742735,0.0136572203762687,-0.00038313051408846));
#13438=CARTESIAN_POINT('',(0.0161492946419743,0.0143816058313873,-0.000383130514087049));
#13439=CARTESIAN_POINT('',(0.0158746742503712,0.0156847917458899,-0.000383130514089877));
#13440=CARTESIAN_POINT('',(0.0156871242678511,0.0162792214761679,-0.00038313051408916));
#13441=CARTESIAN_POINT('',(0.0150981201887889,0.0173923434528265,-0.00038313051408777));
#13442=CARTESIAN_POINT('',(0.0146867399162211,0.0178944037836414,-0.000383130514088461));
#13443=CARTESIAN_POINT('',(0.0137373978093403,0.0186647736963952,-0.000383130514088461));
#13444=CARTESIAN_POINT('',(0.0131791536918674,0.0189573090753128,-0.000383130514088461));
#13445=CARTESIAN_POINT('',(0.0119891173755848,0.0193717021156773,-0.000383130514088461));
#13446=CARTESIAN_POINT('',(0.0113548148144915,0.0195044373333417,-0.000383130514088461));
#13447=CARTESIAN_POINT('',(0.00990828441804274,0.0197048340919019,-0.000383130514088461));
#13448=CARTESIAN_POINT('',(0.00908671659082898,0.0197690775619187,-0.00038313051408846));
#13449=CARTESIAN_POINT('',(0.00719046280023926,0.0198496972001297,-0.00038313051408846));
#13450=CARTESIAN_POINT('',(0.00610720651485052,0.0198649391542265,-0.000383130514088461));
#13451=CARTESIAN_POINT('',(0.005,0.0198649391542265,-0.000383130514088461));
#13452=CARTESIAN_POINT('',(0.005,0.0198649391542265,-0.000383130514088461));
#13453=CARTESIAN_POINT('',(0.00610720651485055,0.0198649391542265,-0.000383130514088461));
#13454=CARTESIAN_POINT('',(0.00827055185288177,0.0198344509718997,-0.000383130514088458));
#13455=CARTESIAN_POINT('',(0.010723796915843,0.0196383371531562,-0.000383130514088462));
#13456=CARTESIAN_POINT('',(0.0126235581813489,0.0192400146912063,-0.000383130514088461));
#13457=CARTESIAN_POINT('',(0.014286783561118,0.018388637654989,-0.00038313051408846));
#13458=CARTESIAN_POINT('',(0.015501720750863,0.0168829671289473,-0.000383130514088467));
#13459=CARTESIAN_POINT('',(0.01606206680535,0.0150941886162049,-0.000383130514088463));
#13460=CARTESIAN_POINT('',(0.0163219187047735,0.0129394711380646,-0.000383130514088458));
#13461=CARTESIAN_POINT('',(0.0163649391542265,0.0110265819098316,-0.000383130514088461));
#13462=CARTESIAN_POINT('',(0.0163649391542265,0.01,-0.000383130514088461));
#13463=CARTESIAN_POINT('',(0.017,0.01,-0.0025));
#13464=CARTESIAN_POINT('',(0.017,0.0110357013715874,-0.0025));
#13465=CARTESIAN_POINT('',(0.0169787032042547,0.0120040909617089,-0.0025));
#13466=CARTESIAN_POINT('',(0.0168674856920646,0.0137188523394903,-0.0025));
#13467=CARTESIAN_POINT('',(0.0167792894992847,0.0144718321150151,-0.00249999999999858));
#13468=CARTESIAN_POINT('',(0.0164875050951717,0.0158564688519125,-0.00250000000000142));
#13469=CARTESIAN_POINT('',(0.0162849074205616,0.0165073341625694,-0.0025000000000007));
#13470=CARTESIAN_POINT('',(0.0156229785859243,0.0177582720628829,-0.00249999999999931));
#13471=CARTESIAN_POINT('',(0.0151503414146953,0.0183360494887545,-0.0025));
#13472=CARTESIAN_POINT('',(0.0140741192792405,0.0192093796111187,-0.0025));
#13473=CARTESIAN_POINT('',(0.013443181050811,0.0195378318502239,-0.0025));
#13474=CARTESIAN_POINT('',(0.0121427713811457,0.0199906589733918,-0.0025));
#13475=CARTESIAN_POINT('',(0.0114699342754262,0.0201296151631391,-0.0025));
#13476=CARTESIAN_POINT('',(0.00996745959004501,0.020337762176671,-0.0025));
#13477=CARTESIAN_POINT('',(0.0091273230681817,0.020402985708425,-0.0025));
#13478=CARTESIAN_POINT('',(0.0072038073827519,0.0204847643861171,-0.0025));
#13479=CARTESIAN_POINT('',(0.00611323325039838,0.0205,-0.0025));
#13480=CARTESIAN_POINT('',(0.005,0.0205,-0.0025));
#13481=CARTESIAN_POINT('',(-0.017,-0.01,-0.0025));
#13482=CARTESIAN_POINT('',(-0.017,-0.0110357013715861,-0.0025));
#13483=CARTESIAN_POINT('',(-0.0169787032042543,-0.0120040909617104,-0.0025));
#13484=CARTESIAN_POINT('',(-0.016867485692065,-0.0137188523394887,-0.0025));
#13485=CARTESIAN_POINT('',(-0.0167792894992841,-0.0144718321150204,-0.00250000000000095));
#13486=CARTESIAN_POINT('',(-0.0164875050951724,-0.0158564688519072,-0.00249999999999906));
#13487=CARTESIAN_POINT('',(-0.0162849074205575,-0.0165073341625749,-0.0025));
#13488=CARTESIAN_POINT('',(-0.0156229785859285,-0.0177582720628772,-0.0025));
#13489=CARTESIAN_POINT('',(-0.0151503414146961,-0.0183360494887549,-0.0025));
#13490=CARTESIAN_POINT('',(-0.0140741192792398,-0.0192093796111182,-0.0025));
#13491=CARTESIAN_POINT('',(-0.0134431810508154,-0.0195378318502212,-0.0025));
#13492=CARTESIAN_POINT('',(-0.0121427713811413,-0.0199906589733944,-0.0025));
#13493=CARTESIAN_POINT('',(-0.0114699342754279,-0.0201296151631369,-0.0025));
#13494=CARTESIAN_POINT('',(-0.00996745959004336,-0.0203377621766733,-0.0025));
#13495=CARTESIAN_POINT('',(-0.00912732306818321,-0.0204029857084248,-0.0025));
#13496=CARTESIAN_POINT('',(-0.00720380738275052,-0.0204847643861173,-0.0025));
#13497=CARTESIAN_POINT('',(-0.00611323325039945,-0.0205,-0.0025));
#13498=CARTESIAN_POINT('',(-0.005,-0.0205,-0.0025));
#13499=CARTESIAN_POINT('',(-0.0163649391542265,-0.01,-0.000383130514088461));
#13500=CARTESIAN_POINT('',(-0.0163649391542265,-0.011026581909831,-0.000383130514088461));
#13501=CARTESIAN_POINT('',(-0.016343642460193,-0.0119835164451249,-0.000383130514088461));
#13502=CARTESIAN_POINT('',(-0.0162350878742728,-0.0136572203762678,-0.000383130514088461));
#13503=CARTESIAN_POINT('',(-0.0161492946419737,-0.01438160583139,-0.000383130514089404));
#13504=CARTESIAN_POINT('',(-0.0158746742503718,-0.0156847917458871,-0.000383130514087518));
#13505=CARTESIAN_POINT('',(-0.0156871242678463,-0.0162792214761746,-0.000383130514088461));
#13506=CARTESIAN_POINT('',(-0.0150981201887937,-0.0173923434528197,-0.000383130514088461));
#13507=CARTESIAN_POINT('',(-0.0146867399162217,-0.0178944037836424,-0.000383130514088461));
#13508=CARTESIAN_POINT('',(-0.0137373978093397,-0.0186647736963941,-0.000383130514088461));
#13509=CARTESIAN_POINT('',(-0.0131791536918706,-0.0189573090753101,-0.000383130514088461));
#13510=CARTESIAN_POINT('',(-0.0119891173755816,-0.01937170211568,-0.000383130514088461));
#13511=CARTESIAN_POINT('',(-0.0113548148144922,-0.0195044373333414,-0.000383130514088461));
#13512=CARTESIAN_POINT('',(-0.00990828441804203,-0.0197048340919022,-0.000383130514088461));
#13513=CARTESIAN_POINT('',(-0.00908671659083042,-0.0197690775619185,-0.000383130514088461));
#13514=CARTESIAN_POINT('',(-0.00719046280023794,-0.0198496972001299,-0.000383130514088461));
#13515=CARTESIAN_POINT('',(-0.00610720651485154,-0.0198649391542265,-0.000383130514088461));
#13516=CARTESIAN_POINT('',(-0.005,-0.0198649391542265,-0.000383130514088461));
#13517=CARTESIAN_POINT('',(-0.005,-0.0198649391542265,-0.000383130514088461));
#13518=CARTESIAN_POINT('',(-0.00610720651485153,-0.0198649391542265,-0.000383130514088461));
#13519=CARTESIAN_POINT('',(-0.00827055185288131,-0.0198344509718998,-0.000383130514088461));
#13520=CARTESIAN_POINT('',(-0.0107237969158431,-0.0196383371531562,-0.000383130514088461));
#13521=CARTESIAN_POINT('',(-0.0126235581813489,-0.0192400146912063,-0.000383130514088461));
#13522=CARTESIAN_POINT('',(-0.0142867835611181,-0.018388637654989,-0.000383130514088461));
#13523=CARTESIAN_POINT('',(-0.015501720750863,-0.0168829671289473,-0.000383130514088461));
#13524=CARTESIAN_POINT('',(-0.01606206680535,-0.0150941886162049,-0.000383130514088461));
#13525=CARTESIAN_POINT('',(-0.0163219187047736,-0.0129394711380648,-0.000383130514088461));
#13526=CARTESIAN_POINT('',(-0.0163649391542265,-0.011026581909831,-0.000383130514088461));
#13527=CARTESIAN_POINT('',(-0.0163649391542265,-0.01,-0.000383130514088461));
#13528=CARTESIAN_POINT('',(-0.005,0.0205,-0.0025));
#13529=CARTESIAN_POINT('',(-0.006113229081805,0.0205,-0.0025));
#13530=CARTESIAN_POINT('',(-0.00720380249006529,0.0204847644918938,-0.0025));
#13531=CARTESIAN_POINT('',(-0.00912731820461577,0.0204029860174392,-0.0025));
#13532=CARTESIAN_POINT('',(-0.00996745541199501,0.0203377625952299,-0.0025));
#13533=CARTESIAN_POINT('',(-0.0114699314995557,0.0201296157079571,-0.0025));
#13534=CARTESIAN_POINT('',(-0.0121427692164554,0.0199906595592477,-0.0025));
#13535=CARTESIAN_POINT('',(-0.0134431800907034,0.0195378323297666,-0.0025));
#13536=CARTESIAN_POINT('',(-0.014074118958283,0.0192093799325183,-0.0025));
#13537=CARTESIAN_POINT('',(-0.0151503422902113,0.018336048717342,-0.0025));
#13538=CARTESIAN_POINT('',(-0.0156229796780903,0.0177582705735209,-0.0025));
#13539=CARTESIAN_POINT('',(-0.0162849084965408,0.0165073314995898,-0.0025));
#13540=CARTESIAN_POINT('',(-0.016487506021116,0.0158564656904122,-0.00249999999999953));
#13541=CARTESIAN_POINT('',(-0.0167792901421406,0.0144718278319884,-0.00250000000000047));
#13542=CARTESIAN_POINT('',(-0.016867486147166,0.0137188476126751,-0.0025));
#13543=CARTESIAN_POINT('',(-0.016978703353203,0.0120040863752793,-0.0025));
#13544=CARTESIAN_POINT('',(-0.017,0.0110356975110103,-0.0025));
#13545=CARTESIAN_POINT('',(-0.017,0.01,-0.0025));
#13546=CARTESIAN_POINT('',(-0.005,0.0198649391542265,-0.000383130514088461));
#13547=CARTESIAN_POINT('',(-0.00610720236255458,0.0198649391542265,-0.000383130514088461));
#13548=CARTESIAN_POINT('',(-0.00719045795650249,0.0198496973052742,-0.000383130514088461));
#13549=CARTESIAN_POINT('',(-0.00908671181296539,0.0197690778658404,-0.000383130514088461));
#13550=CARTESIAN_POINT('',(-0.00990828036444692,0.0197048344991859,-0.000383130514088461));
#13551=CARTESIAN_POINT('',(-0.011354812177494,0.0195044378529539,-0.000383130514088461));
#13552=CARTESIAN_POINT('',(-0.0119891153584888,0.0193717026634276,-0.000383130514088461));
#13553=CARTESIAN_POINT('',(-0.0131791528417671,0.0189573095032596,-0.000383130514088461));
#13554=CARTESIAN_POINT('',(-0.0137373975404569,0.0186647739683517,-0.000383130514088461));
#13555=CARTESIAN_POINT('',(-0.0146867406723104,0.0178944031163271,-0.000383130514088461));
#13556=CARTESIAN_POINT('',(-0.0150981211440445,0.0173923421558699,-0.000383130514088461));
#13557=CARTESIAN_POINT('',(-0.0156871252443404,0.0162792190675413,-0.000383130514088461));
#13558=CARTESIAN_POINT('',(-0.0158746751106993,0.0156847888232656,-0.000383130514087991));
#13559=CARTESIAN_POINT('',(-0.0161492952563747,0.0143816017558888,-0.000383130514088935));
#13560=CARTESIAN_POINT('',(-0.0162350883167403,0.0136572157894317,-0.000383130514088461));
#13561=CARTESIAN_POINT('',(-0.0163436426075945,0.0119835119373555,-0.000383130514088461));
#13562=CARTESIAN_POINT('',(-0.0163649391542265,0.0110265780731574,-0.000383130514088461));
#13563=CARTESIAN_POINT('',(-0.0163649391542265,0.01,-0.000383130514088461));
#13564=CARTESIAN_POINT('',(-0.0163649391542265,0.01,-0.000383130514088461));
#13565=CARTESIAN_POINT('',(-0.0163649391542265,0.0110265780731574,-0.000383130514088461));
#13566=CARTESIAN_POINT('',(-0.0163219189976658,0.0129394659812798,-0.00038313051408846));
#13567=CARTESIAN_POINT('',(-0.0160620675498344,0.0150941851361465,-0.000383130514088464));
#13568=CARTESIAN_POINT('',(-0.0155017219042183,0.0168829652115978,-0.00038313051408846));
#13569=CARTESIAN_POINT('',(-0.0142867839984468,0.0183886376876958,-0.000383130514088461));
#13570=CARTESIAN_POINT('',(-0.0126235567402961,0.0192400152916554,-0.000383130514088461));
#13571=CARTESIAN_POINT('',(-0.0107237936411363,0.0196383376457439,-0.000383130514088461));
#13572=CARTESIAN_POINT('',(-0.00827054632098152,0.0198344511817886,-0.000383130514088461));
#13573=CARTESIAN_POINT('',(-0.00610720236255456,0.0198649391542265,-0.000383130514088461));
#13574=CARTESIAN_POINT('',(-0.005,0.0198649391542265,-0.000383130514088461));
#13575=CARTESIAN_POINT('',(-0.005,0.0205,-0.0025));
#13576=CARTESIAN_POINT('',(-0.006113229081805,0.0205,-0.0025));
#13577=CARTESIAN_POINT('',(-0.00720380249006529,0.0204847644918938,-0.0025));
#13578=CARTESIAN_POINT('',(-0.00912731820461577,0.0204029860174392,-0.0025));
#13579=CARTESIAN_POINT('',(-0.00996745541199501,0.0203377625952299,-0.0025));
#13580=CARTESIAN_POINT('',(-0.0114699314995557,0.0201296157079571,-0.0025));
#13581=CARTESIAN_POINT('',(-0.0121427692164554,0.0199906595592477,-0.0025));
#13582=CARTESIAN_POINT('',(-0.0134431800907034,0.0195378323297666,-0.0025));
#13583=CARTESIAN_POINT('',(-0.014074118958283,0.0192093799325183,-0.0025));
#13584=CARTESIAN_POINT('',(-0.0151503422902113,0.018336048717342,-0.0025));
#13585=CARTESIAN_POINT('',(-0.0156229796780903,0.0177582705735209,-0.0025));
#13586=CARTESIAN_POINT('',(-0.0162849084965408,0.0165073314995898,-0.0025));
#13587=CARTESIAN_POINT('',(-0.016487506021116,0.0158564656904122,-0.00249999999999953));
#13588=CARTESIAN_POINT('',(-0.0167792901421406,0.0144718278319884,-0.00250000000000047));
#13589=CARTESIAN_POINT('',(-0.016867486147166,0.0137188476126751,-0.0025));
#13590=CARTESIAN_POINT('',(-0.016978703353203,0.0120040863752793,-0.0025));
#13591=CARTESIAN_POINT('',(-0.017,0.0110356975110103,-0.0025));
#13592=CARTESIAN_POINT('',(-0.017,0.01,-0.0025));
#13593=CARTESIAN_POINT('',(0.0170000000055694,9.90603040335707E-19,-0.0025000000185645));
#13594=CARTESIAN_POINT('',(0.0170000000055694,-0.01,-0.0025000000185645));
#13595=CARTESIAN_POINT('',(0.0178133188556772,1.43450534576738E-18,-0.00521106287233736));
#13596=CARTESIAN_POINT('',(0.0178133188556772,-0.01,-0.00521106287233736));
#13597=CARTESIAN_POINT('',(0.0173304327154664,-1.567675800581E-18,-0.00799999999999043));
#13598=CARTESIAN_POINT('',(0.0173304327154664,-0.01,-0.00799999999999043));
#13599=CARTESIAN_POINT('',(0.0145000000000146,6.0908806452028E-19,-0.008));
#13600=CARTESIAN_POINT('',(0.0145000000000146,-0.01,-0.008));
#13601=CARTESIAN_POINT('',(0.0170000000055694,-0.00675,-0.0025000000185645));
#13602=CARTESIAN_POINT('',(0.0170669132362371,-0.00675,-0.00272304412409451));
#13603=CARTESIAN_POINT('',(0.0171255882262618,-0.00675,-0.00294822518111338));
#13604=CARTESIAN_POINT('',(0.01717528192627,-0.00675,-0.00317573593159943));
#13605=CARTESIAN_POINT('',(0.017175281926202,-0.00675,-0.00317573593128807));
#13606=CARTESIAN_POINT('',(0.01717528192627,-0.00675,-0.00317573593159948));
#13607=CARTESIAN_POINT('',(0.0171953323735969,-0.00675000000008168,-0.00326753212143793));
#13608=CARTESIAN_POINT('',(0.0172131826678004,-0.00678662712089491,-0.00335733779945955));
#13609=CARTESIAN_POINT('',(0.0172255456362049,-0.00685251262742233,-0.00342322330554098));
#13610=CARTESIAN_POINT('',(0.0172255456360477,-0.00685251262658471,-0.00342322330470336));
#13611=CARTESIAN_POINT('',(0.0172255456363293,-0.00685251262658471,-0.00342322330620371));
#13612=CARTESIAN_POINT('',(0.0172847358672522,-0.00716795291547822,-0.00373866359509722));
#13613=CARTESIAN_POINT('',(0.0173256153594296,-0.0074845367608594,-0.00405524743897805));
#13614=CARTESIAN_POINT('',(0.0173442058337519,-0.00780251261564386,-0.00437322329376252));
#13615=CARTESIAN_POINT('',(0.0173442058343916,-0.00780251262658471,-0.00437322330470336));
#13616=CARTESIAN_POINT('',(0.0173442058331192,-0.00780251262658471,-0.00437322328294039));
#13617=CARTESIAN_POINT('',(0.0173518441846728,-0.0079331607696181,-0.00450387143746241));
#13618=CARTESIAN_POINT('',(0.0173518442003103,-0.0081668389703592,-0.00450387171666146));
#13619=CARTESIAN_POINT('',(0.0173442058338986,-0.00829748738184689,-0.00437322329627163));
#13620=CARTESIAN_POINT('',(0.0173442058343916,-0.00829748737341529,-0.00437322330470336));
#13621=CARTESIAN_POINT('',(0.0173442058331192,-0.00829748737341529,-0.00437322328294039));
#13622=CARTESIAN_POINT('',(0.0173256153572524,-0.00861546322810596,-0.00405524742824973));
#13623=CARTESIAN_POINT('',(0.0172847358672029,-0.00893204708375985,-0.0037386635943588));
#13624=CARTESIAN_POINT('',(0.0172255456361893,-0.00924748737266103,-0.00342322330545763));
#13625=CARTESIAN_POINT('',(0.0172255456360477,-0.00924748737341529,-0.00342322330470336));
#13626=CARTESIAN_POINT('',(0.0172255456363293,-0.00924748737341529,-0.00342322330620371));
#13627=CARTESIAN_POINT('',(0.0172131854957166,-0.00931335780994612,-0.00335735287007221));
#13628=CARTESIAN_POINT('',(0.0171953276498089,-0.00934999999991834,-0.00326751049468531));
#13629=CARTESIAN_POINT('',(0.01717528192627,-0.00935,-0.00317573593159948));
#13630=CARTESIAN_POINT('',(0.017175281926202,-0.00935,-0.00317573593128807));
#13631=CARTESIAN_POINT('',(0.01717528192627,-0.00935,-0.00317573593159948));
#13632=CARTESIAN_POINT('',(0.0171255882262701,-0.00935,-0.00294822518111129));
#13633=CARTESIAN_POINT('',(0.017066913236697,-0.00935,-0.00272304412397523));
#13634=CARTESIAN_POINT('',(0.0170000000055694,-0.00935,-0.0025000000185645));
#13635=CARTESIAN_POINT('',(0.0145,0.,-0.008));
#13636=CARTESIAN_POINT('',(0.0173304327219254,0.,-0.008));
#13637=CARTESIAN_POINT('',(0.017813318857883,0.,-0.00521106285961018));
#13638=CARTESIAN_POINT('',(0.017,0.,-0.0025));
#13639=CARTESIAN_POINT('',(0.017349251239304,-3.3881317890172E-21,-0.00447214609280184));
#13640=CARTESIAN_POINT('',(0.0173492512379142,5.25160427297667E-20,-0.00447214606083655));
#13641=CARTESIAN_POINT('',(0.0173499300580861,-0.000108170272122508,-0.00448775909620931));
#13642=CARTESIAN_POINT('',(0.0173487202701728,-0.000220271404175615,-0.00445043927897461));
#13643=CARTESIAN_POINT('',(0.0173442058339202,-0.00029748738147871,-0.00437322329663994));
#13644=CARTESIAN_POINT('',(0.0173442058343916,-0.000297487373415292,-0.00437322330470336));
#13645=CARTESIAN_POINT('',(0.0173442058331192,-0.000297487373415291,-0.00437322328294039));
#13646=CARTESIAN_POINT('',(0.0173256153572524,-0.000615463228105956,-0.00405524742824973));
#13647=CARTESIAN_POINT('',(0.0172847358672029,-0.000932047083759852,-0.0037386635943588));
#13648=CARTESIAN_POINT('',(0.0172255456361893,-0.00124748737266102,-0.00342322330545763));
#13649=CARTESIAN_POINT('',(0.0172255456360477,-0.00124748737341529,-0.00342322330470336));
#13650=CARTESIAN_POINT('',(0.0172255456363293,-0.00124748737341529,-0.00342322330620371));
#13651=CARTESIAN_POINT('',(0.0172131854957166,-0.00131335780994612,-0.00335735287007221));
#13652=CARTESIAN_POINT('',(0.0171953276498089,-0.00134999999991834,-0.00326751049468532));
#13653=CARTESIAN_POINT('',(0.01717528192627,-0.00135,-0.00317573593159948));
#13654=CARTESIAN_POINT('',(0.017175281926202,-0.00135,-0.00317573593128807));
#13655=CARTESIAN_POINT('',(0.01717528192627,-0.00135,-0.00317573593159948));
#13656=CARTESIAN_POINT('',(0.0171255882262701,-0.00135,-0.00294822518111129));
#13657=CARTESIAN_POINT('',(0.017066913236697,-0.00135,-0.00272304412397523));
#13658=CARTESIAN_POINT('',(0.0170000000055694,-0.00135,-0.0025000000185645));
#13659=CARTESIAN_POINT('',(0.0170000000055694,0.01,-0.0025000000185645));
#13660=CARTESIAN_POINT('',(0.0170000000055694,-1.73472347597681E-18,-0.0025000000185645));
#13661=CARTESIAN_POINT('',(0.0178133188556772,0.01,-0.00521106287233736));
#13662=CARTESIAN_POINT('',(0.0178133188556772,1.73472347597681E-18,-0.00521106287233736));
#13663=CARTESIAN_POINT('',(0.0173304327154664,0.01,-0.00799999999999043));
#13664=CARTESIAN_POINT('',(0.0173304327154664,0.,-0.00799999999999043));
#13665=CARTESIAN_POINT('',(0.0145000000000146,0.01,-0.008));
#13666=CARTESIAN_POINT('',(0.0145000000000146,0.,-0.008));
#13667=CARTESIAN_POINT('',(0.0170000000055694,0.00125,-0.0025000000185645));
#13668=CARTESIAN_POINT('',(0.0170669132362371,0.00125,-0.00272304412409451));
#13669=CARTESIAN_POINT('',(0.0171255882262618,0.00125,-0.00294822518111338));
#13670=CARTESIAN_POINT('',(0.01717528192627,0.00125,-0.00317573593159943));
#13671=CARTESIAN_POINT('',(0.017175281926202,0.00125,-0.00317573593128807));
#13672=CARTESIAN_POINT('',(0.01717528192627,0.00125,-0.00317573593159948));
#13673=CARTESIAN_POINT('',(0.0171953323735969,0.00124999999991832,-0.00326753212143793));
#13674=CARTESIAN_POINT('',(0.0172131826678004,0.00121337287910509,-0.00335733779945954));
#13675=CARTESIAN_POINT('',(0.0172255456362049,0.00114748737257767,-0.00342322330554098));
#13676=CARTESIAN_POINT('',(0.0172255456360477,0.00114748737341529,-0.00342322330470336));
#13677=CARTESIAN_POINT('',(0.0172255456363293,0.00114748737341529,-0.00342322330620371));
#13678=CARTESIAN_POINT('',(0.0172847358672522,0.000832047084521784,-0.00373866359509722));
#13679=CARTESIAN_POINT('',(0.0173256153594296,0.000515463239140604,-0.00405524743897805));
#13680=CARTESIAN_POINT('',(0.0173442058337519,0.000197487384356138,-0.00437322329376251));
#13681=CARTESIAN_POINT('',(0.0173442058343916,0.000197487373415292,-0.00437322330470336));
#13682=CARTESIAN_POINT('',(0.0173442058331192,0.000197487373415292,-0.00437322328294039));
#13683=CARTESIAN_POINT('',(0.0173473279328962,0.000144086252064958,-0.00442662440898659));
#13684=CARTESIAN_POINT('',(0.0173487817790694,7.48086816806645E-05,-0.00446134838649845));
#13685=CARTESIAN_POINT('',(0.0173492512392136,1.44106853186554E-11,-0.00447214609072184));
#13686=CARTESIAN_POINT('',(0.0145,0.01,-0.008));
#13687=CARTESIAN_POINT('',(0.0173304327219254,0.01,-0.008));
#13688=CARTESIAN_POINT('',(0.017813318857883,0.01,-0.00521106285961018));
#13689=CARTESIAN_POINT('',(0.017,0.01,-0.0025));
#13690=CARTESIAN_POINT('',(0.0170000000055694,0.00925,-0.0025000000185645));
#13691=CARTESIAN_POINT('',(0.0170669132362371,0.00925,-0.00272304412409451));
#13692=CARTESIAN_POINT('',(0.0171255882262618,0.00925,-0.00294822518111338));
#13693=CARTESIAN_POINT('',(0.01717528192627,0.00925,-0.00317573593159943));
#13694=CARTESIAN_POINT('',(0.017175281926202,0.00925,-0.00317573593128807));
#13695=CARTESIAN_POINT('',(0.01717528192627,0.00925,-0.00317573593159948));
#13696=CARTESIAN_POINT('',(0.0171953323735969,0.00924999999991832,-0.00326753212143793));
#13697=CARTESIAN_POINT('',(0.0172131826678004,0.00921337287910509,-0.00335733779945955));
#13698=CARTESIAN_POINT('',(0.0172255456362049,0.00914748737257767,-0.00342322330554098));
#13699=CARTESIAN_POINT('',(0.0172255456360477,0.00914748737341529,-0.00342322330470336));
#13700=CARTESIAN_POINT('',(0.0172255456363293,0.00914748737341529,-0.00342322330620371));
#13701=CARTESIAN_POINT('',(0.0172847358672522,0.00883204708452178,-0.00373866359509722));
#13702=CARTESIAN_POINT('',(0.0173256153594296,0.00851546323914061,-0.00405524743897805));
#13703=CARTESIAN_POINT('',(0.0173442058337519,0.00819748738435614,-0.00437322329376252));
#13704=CARTESIAN_POINT('',(0.0173442058343916,0.00819748737341529,-0.00437322330470336));
#13705=CARTESIAN_POINT('',(0.0173442058331192,0.00819748737341529,-0.00437322328294039));
#13706=CARTESIAN_POINT('',(0.0173518441846728,0.0080668392303819,-0.00450387143746241));
#13707=CARTESIAN_POINT('',(0.0173518442003103,0.0078331610296408,-0.00450387171666146));
#13708=CARTESIAN_POINT('',(0.0173442058338986,0.00770251261815311,-0.00437322329627163));
#13709=CARTESIAN_POINT('',(0.0173442058343916,0.00770251262658471,-0.00437322330470336));
#13710=CARTESIAN_POINT('',(0.0173442058331192,0.00770251262658471,-0.00437322328294039));
#13711=CARTESIAN_POINT('',(0.0173256153572524,0.00738453677189405,-0.00405524742824973));
#13712=CARTESIAN_POINT('',(0.0172847358672029,0.00706795291624015,-0.0037386635943588));
#13713=CARTESIAN_POINT('',(0.0172255456361893,0.00675251262733897,-0.00342322330545763));
#13714=CARTESIAN_POINT('',(0.0172255456360477,0.00675251262658471,-0.00342322330470336));
#13715=CARTESIAN_POINT('',(0.0172255456363293,0.00675251262658471,-0.00342322330620371));
#13716=CARTESIAN_POINT('',(0.0172131854957166,0.00668664219005388,-0.00335735287007221));
#13717=CARTESIAN_POINT('',(0.0171953276498089,0.00665000000008166,-0.00326751049468532));
#13718=CARTESIAN_POINT('',(0.01717528192627,0.00665,-0.00317573593159948));
#13719=CARTESIAN_POINT('',(0.017175281926202,0.00665,-0.00317573593128807));
#13720=CARTESIAN_POINT('',(0.01717528192627,0.00665,-0.00317573593159948));
#13721=CARTESIAN_POINT('',(0.0171255882262701,0.00665,-0.00294822518111129));
#13722=CARTESIAN_POINT('',(0.017066913236697,0.00665,-0.00272304412397523));
#13723=CARTESIAN_POINT('',(0.0170000000055694,0.00665,-0.0025000000185645));
#13724=CARTESIAN_POINT('',(0.0145,0.01,-0.008));
#13725=CARTESIAN_POINT('',(0.0145,0.0109998014187864,-0.008));
#13726=CARTESIAN_POINT('',(0.0144787036046547,0.0119230966887903,-0.008));
#13727=CARTESIAN_POINT('',(0.0143779690496821,0.0134762300630908,-0.008));
#13728=CARTESIAN_POINT('',(0.0142992324248226,0.0141166445600349,-0.00799999999999859));
#13729=CARTESIAN_POINT('',(0.0140750163986956,0.0151806394917675,-0.00800000000000142));
#13730=CARTESIAN_POINT('',(0.0139316559302106,0.0156093387660778,-0.0080000000000007));
#13731=CARTESIAN_POINT('',(0.0135568049246635,0.0163177462750999,-0.00799999999999931));
#13732=CARTESIAN_POINT('',(0.0133253135391789,0.0165974534626729,-0.008));
#13733=CARTESIAN_POINT('',(0.012748571215062,0.017065467266544,-0.008));
#13734=CARTESIAN_POINT('',(0.012403802853033,0.0172525280924226,-0.008));
#13735=CARTESIAN_POINT('',(0.0115378923109617,0.0175540544266245,-0.008));
#13736=CARTESIAN_POINT('',(0.0110167514753014,0.0176685209468992,-0.008));
#13737=CARTESIAN_POINT('',(0.00973450879329885,0.0178461580690429,-0.008));
#13738=CARTESIAN_POINT('',(0.00896747036421312,0.0179075234597068,-0.008));
#13739=CARTESIAN_POINT('',(0.00715127469001235,0.0179847394270381,-0.008));
#13740=CARTESIAN_POINT('',(0.00608950821842753,0.018,-0.008));
#13741=CARTESIAN_POINT('',(0.005,0.018,-0.008));
#13742=CARTESIAN_POINT('',(0.0173304327219254,0.01,-0.008));
#13743=CARTESIAN_POINT('',(0.0173304327219254,0.0110404463792358,-0.008));
#13744=CARTESIAN_POINT('',(0.0173091358732583,0.0120147962249332,-0.008));
#13745=CARTESIAN_POINT('',(0.0171965327962327,0.0137509204751665,-0.008));
#13746=CARTESIAN_POINT('',(0.0171070863031422,0.0145187783512474,-0.00799999999999859));
#13747=CARTESIAN_POINT('',(0.0168063711778085,0.0159457953059267,-0.00800000000000142));
#13748=CARTESIAN_POINT('',(0.0165959439386916,0.016626024987829,-0.0080000000000007));
#13749=CARTESIAN_POINT('',(0.0158960711406714,0.0179486708057031,-0.00799999999999931));
#13750=CARTESIAN_POINT('',(0.0153915609860941,0.0185658450956451,-0.008));
#13751=CARTESIAN_POINT('',(0.0142493210611961,0.0194927471277537,-0.008));
#13752=CARTESIAN_POINT('',(0.0135805588776122,0.0198398875066707,-0.008));
#13753=CARTESIAN_POINT('',(0.0122227201161838,0.0203127125224493,-0.008));
#13754=CARTESIAN_POINT('',(0.0115298328458963,0.020454905587453,-0.008));
#13755=CARTESIAN_POINT('',(0.00999824941638227,0.0206670851875695,-0.008));
#13756=CARTESIAN_POINT('',(0.00914845129381399,0.0207328186617483,-0.008));
#13757=CARTESIAN_POINT('',(0.00721075079101219,0.0208152004069601,-0.008));
#13758=CARTESIAN_POINT('',(0.00611636906115552,0.0208304327219254,-0.008));
#13759=CARTESIAN_POINT('',(0.005,0.0208304327219254,-0.008));
#13760=CARTESIAN_POINT('',(0.017813318857883,0.01,-0.00521106285961018));
#13761=CARTESIAN_POINT('',(0.017813318857883,0.0110473806150308,-0.00521106285961018));
#13762=CARTESIAN_POINT('',(0.0177920219318778,0.0120304406295278,-0.00521106285961017));
#13763=CARTESIAN_POINT('',(0.0176773940249688,0.0137977840485848,-0.00521106285961017));
#13764=CARTESIAN_POINT('',(0.0175861203741995,0.014587384409634,-0.00521106285960876));
#13765=CARTESIAN_POINT('',(0.017272354115681,0.0160763347572408,-0.00521106285961159));
#13766=CARTESIAN_POINT('',(0.017050484946337,0.0167994767986757,-0.00521106285961087));
#13767=CARTESIAN_POINT('',(0.0162951617868724,0.0182269147782684,-0.00521106285960948));
#13768=CARTESIAN_POINT('',(0.0157440732496235,0.0189016626624551,-0.00521106285961018));
#13769=CARTESIAN_POINT('',(0.0145053565742909,0.0199068533469154,-0.00521106285961018));
#13770=CARTESIAN_POINT('',(0.0137813194063013,0.0202813041071077,-0.00521106285961018));
#13771=CARTESIAN_POINT('',(0.0123395552029533,0.0207833535442281,-0.00521106285961018));
#13772=CARTESIAN_POINT('',(0.0116173671223895,0.0209302768979752,-0.00521106285961018));
#13773=CARTESIAN_POINT('',(0.0100432449004265,0.021148349619518,-0.00521106285961018));
#13774=CARTESIAN_POINT('',(0.0091793275556305,0.0212148283108326,-0.00521106285961017));
#13775=CARTESIAN_POINT('',(0.00722089771461577,0.0212980913638754,-0.00521106285961017));
#13776=CARTESIAN_POINT('',(0.00612095165676091,0.021313318857883,-0.00521106285961018));
#13777=CARTESIAN_POINT('',(0.005,0.021313318857883,-0.00521106285961018));
#13778=CARTESIAN_POINT('',(0.017,0.01,-0.0025));
#13779=CARTESIAN_POINT('',(0.017,0.0110357013715874,-0.0025));
#13780=CARTESIAN_POINT('',(0.0169787032042547,0.0120040909617089,-0.0025));
#13781=CARTESIAN_POINT('',(0.0168674856920646,0.0137188523394903,-0.0025));
#13782=CARTESIAN_POINT('',(0.0167792894992847,0.0144718321150151,-0.00249999999999858));
#13783=CARTESIAN_POINT('',(0.0164875050951717,0.0158564688519125,-0.00250000000000142));
#13784=CARTESIAN_POINT('',(0.0162849074205616,0.0165073341625694,-0.0025000000000007));
#13785=CARTESIAN_POINT('',(0.0156229785859243,0.0177582720628829,-0.00249999999999931));
#13786=CARTESIAN_POINT('',(0.0151503414146953,0.0183360494887545,-0.0025));
#13787=CARTESIAN_POINT('',(0.0140741192792405,0.0192093796111187,-0.0025));
#13788=CARTESIAN_POINT('',(0.013443181050811,0.0195378318502239,-0.0025));
#13789=CARTESIAN_POINT('',(0.0121427713811457,0.0199906589733918,-0.0025));
#13790=CARTESIAN_POINT('',(0.0114699342754262,0.0201296151631391,-0.0025));
#13791=CARTESIAN_POINT('',(0.00996745959004501,0.020337762176671,-0.0025));
#13792=CARTESIAN_POINT('',(0.0091273230681817,0.020402985708425,-0.0025));
#13793=CARTESIAN_POINT('',(0.0072038073827519,0.0204847643861171,-0.0025));
#13794=CARTESIAN_POINT('',(0.00611323325039838,0.0205,-0.0025));
#13795=CARTESIAN_POINT('',(0.005,0.0205,-0.0025));
#13796=CARTESIAN_POINT('',(0.0157437045508685,0.0175722953191808,-0.00645406238563251));
#13797=CARTESIAN_POINT('',(0.0158419749502863,0.0174514414656979,-0.00641659464898151));
#13798=CARTESIAN_POINT('',(0.0160298621440684,0.0172154911594775,-0.00631310894200541));
#13799=CARTESIAN_POINT('',(0.0162667605896427,0.0169089559660192,-0.00609740358725118));
#13800=CARTESIAN_POINT('',(0.0165140032570593,0.0165720176128689,-0.0057136481497573));
#13801=CARTESIAN_POINT('',(0.0166580850576063,0.0163616000755288,-0.00526627907719551));
#13802=CARTESIAN_POINT('',(0.01672325140631,0.016245249627656,-0.00472335505665598));
#13803=CARTESIAN_POINT('',(0.0166759921323736,0.0162950742716927,-0.0041667091775695));
#13804=CARTESIAN_POINT('',(0.0165610793968843,0.0164518671269207,-0.00370088429881242));
#13805=CARTESIAN_POINT('',(0.0163586920532883,0.0167490453859916,-0.00326671124743705));
#13806=CARTESIAN_POINT('',(0.0161466140574839,0.0170592054741117,-0.00298450705139284));
#13807=CARTESIAN_POINT('',(0.0158599966347872,0.0174636153002134,-0.00276346203241461));
#13808=CARTESIAN_POINT('',(0.0155896210024923,0.0178153916662251,-0.00266181709746391));
#13809=CARTESIAN_POINT('',(0.0152618421743259,0.018211154207028,-0.0026336183265913));
#13810=CARTESIAN_POINT('',(0.0149596927413466,0.0185448629776713,-0.00268019148725659));
#13811=CARTESIAN_POINT('',(0.0145054418391573,0.0189989729669636,-0.00284345859569035));
#13812=CARTESIAN_POINT('',(0.0142148017955177,0.0192418183734097,-0.00302941007946495));
#13813=CARTESIAN_POINT('',(0.014035421603042,0.0193866306487291,-0.00318437961962791));
#13814=CARTESIAN_POINT('',(0.0157437045507776,0.0175722953188787,-0.00645406238619093));
#13815=CARTESIAN_POINT('',(0.014035421603042,0.019386630648729,-0.00318437961962791));
#13816=CARTESIAN_POINT('',(0.0140354216030418,0.0193866306487291,-0.00318437961962767));
#13817=CARTESIAN_POINT('',(0.0137653265382887,0.0195838342966268,-0.00333506755116691));
#13818=CARTESIAN_POINT('',(0.0133077891160831,0.0198486409726715,-0.00353259698555407));
#13819=CARTESIAN_POINT('',(0.0127045292259254,0.0200876366693772,-0.00371534321645554));
#13820=CARTESIAN_POINT('',(0.0123524607080766,0.02020456029149,-0.00380422839304939));
#13821=CARTESIAN_POINT('',(0.0120524026095367,0.0202905901899842,-0.00386883065853209));
#13822=CARTESIAN_POINT('',(0.0118427613249181,0.0203435884558894,-0.003908198742876));
#13823=CARTESIAN_POINT('',(0.0115089932963184,0.0204203677599983,-0.00396530754465788));
#13824=CARTESIAN_POINT('',(0.0110701457975284,0.0205041377529532,-0.00402760279800998));
#13825=CARTESIAN_POINT('',(0.0105636201534654,0.0205801974430941,-0.0040831453695185));
#13826=CARTESIAN_POINT('',(0.0101343579831583,0.0206328632837917,-0.00412138223743588));
#13827=CARTESIAN_POINT('',(0.00974388176106521,0.0206730322119644,-0.00415059137752449));
#13828=CARTESIAN_POINT('',(0.0095052601294032,0.020694114162048,-0.00416610616417841));
#13829=CARTESIAN_POINT('',(0.00912266614200339,0.0207248415430018,-0.00418902941205635));
#13830=CARTESIAN_POINT('',(0.00864804516645899,0.0207555646034434,-0.0042124064375369));
#13831=CARTESIAN_POINT('',(0.00813512037296551,0.0207806164181258,-0.00423142952842886));
#13832=CARTESIAN_POINT('',(0.00772586840740793,0.0207964486396776,-0.0042432485471278));
#13833=CARTESIAN_POINT('',(0.00737010751699456,0.0208076666953432,-0.00425141069473123));
#13834=CARTESIAN_POINT('',(0.00716734980990482,0.0208130166073284,-0.00425509005565635));
#13835=CARTESIAN_POINT('',(0.00681475497729211,0.0208212994393142,-0.00426054995721303));
#13836=CARTESIAN_POINT('',(0.0061645231635423,0.0208325965535858,-0.00426737011316026));
#13837=CARTESIAN_POINT('',(0.0054911629919941,0.0208373687238973,-0.00426983787408045));
#13838=CARTESIAN_POINT('',(0.005,0.0208373687238769,-0.00426983787380463));
#13839=CARTESIAN_POINT('',(0.005,0.0197968076759129,-0.00744895719738914));
#13840=CARTESIAN_POINT('',(0.00563957207701825,0.0197968076760195,-0.00744895719730514));
#13841=CARTESIAN_POINT('',(0.00686402237745167,0.0197904299824907,-0.0074459164604844));
#13842=CARTESIAN_POINT('',(0.00816945782804527,0.0197627736941204,-0.00743445089929745));
#13843=CARTESIAN_POINT('',(0.00906336237917847,0.0197288006850767,-0.00742049253214075));
#13844=CARTESIAN_POINT('',(0.00966891280316637,0.0196975881789452,-0.00740765981930844));
#13845=CARTESIAN_POINT('',(0.01013113655065,0.0196660521370406,-0.0073946445369032));
#13846=CARTESIAN_POINT('',(0.0104217095592614,0.019642497804296,-0.00738486321825775));
#13847=CARTESIAN_POINT('',(0.0105985993209725,0.0196266325225707,-0.00737822726038797));
#13848=CARTESIAN_POINT('',(0.0106809262402864,0.0196191289874628,-0.0073751074091433));
#13849=CARTESIAN_POINT('',(0.0109419813004223,0.0195931802456197,-0.00736408809728999));
#13850=CARTESIAN_POINT('',(0.0112124353997118,0.0195630329262202,-0.00735103897683552));
#13851=CARTESIAN_POINT('',(0.0116871878263742,0.0195027920512103,-0.00732469621754027));
#13852=CARTESIAN_POINT('',(0.0122799450918947,0.0194015784976096,-0.0072804352799515));
#13853=CARTESIAN_POINT('',(0.0128058339744055,0.019278241840717,-0.00722677329288328));
#13854=CARTESIAN_POINT('',(0.0132048007827575,0.0191582998023118,-0.00717521138163766));
#13855=CARTESIAN_POINT('',(0.0134539535776323,0.0190749667102244,-0.00713869437178251));
#13856=CARTESIAN_POINT('',(0.0138117505724262,0.0189368509404299,-0.00707712219041234));
#13857=CARTESIAN_POINT('',(0.014226693103478,0.0187482141085917,-0.00699277625432848));
#13858=CARTESIAN_POINT('',(0.0147389212574574,0.0184569383451447,-0.00686003161522003));
#13859=CARTESIAN_POINT('',(0.01521734317159,0.0181002437202618,-0.00669670377985724));
#13860=CARTESIAN_POINT('',(0.0155751690697018,0.0177613643542786,-0.00654134549323525));
#13861=CARTESIAN_POINT('',(0.0157437045507775,0.0175722953188788,-0.00645406238619094));
#13862=CARTESIAN_POINT('',(-0.005,0.018,-0.008));
#13863=CARTESIAN_POINT('',(-0.00608950411399137,0.018,-0.008));
#13864=CARTESIAN_POINT('',(-0.00715126999002291,0.0179847395303274,-0.008));
#13865=CARTESIAN_POINT('',(-0.00896746583802592,0.017907523748672,-0.008));
#13866=CARTESIAN_POINT('',(-0.00973450510517752,0.0178461584432173,-0.008));
#13867=CARTESIAN_POINT('',(-0.0110167492461243,0.017668521392491,-0.008));
#13868=CARTESIAN_POINT('',(-0.0115378907272929,0.0175540548624718,-0.008));
#13869=CARTESIAN_POINT('',(-0.0124038023259857,0.0172525283688518,-0.008));
#13870=CARTESIAN_POINT('',(-0.0127485710991023,0.0170654673933056,-0.008));
#13871=CARTESIAN_POINT('',(-0.0133253139445553,0.0165974531010556,-0.008));
#13872=CARTESIAN_POINT('',(-0.013556805477857,0.0163177455431789,-0.008));
#13873=CARTESIAN_POINT('',(-0.0139316566145418,0.0156093371043796,-0.008));
#13874=CARTESIAN_POINT('',(-0.0140750170663344,0.0151806372706211,-0.00799999999999953));
#13875=CARTESIAN_POINT('',(-0.0142992329556585,0.014116641093983,-0.00800000000000047));
#13876=CARTESIAN_POINT('',(-0.0143779694550437,0.0134762258873163,-0.008));
#13877=CARTESIAN_POINT('',(-0.0144787037475184,0.011923092412022,-0.008));
#13878=CARTESIAN_POINT('',(-0.0145,0.0109997976523042,-0.008));
#13879=CARTESIAN_POINT('',(-0.0145,0.01,-0.008));
#13880=CARTESIAN_POINT('',(-0.005,0.0208304327219254,-0.008));
#13881=CARTESIAN_POINT('',(-0.00611636488408204,0.0208304327219254,-0.008));
#13882=CARTESIAN_POINT('',(-0.00721074587285652,0.0208152005130663,-0.008));
#13883=CARTESIAN_POINT('',(-0.00914844638565536,0.0207328189734118,-0.008));
#13884=CARTESIAN_POINT('',(-0.00999824517357774,0.0206670856119927,-0.008));
#13885=CARTESIAN_POINT('',(-0.0115298299977668,0.0204549061453882,-0.008));
#13886=CARTESIAN_POINT('',(-0.0122227178746991,0.0203127131281317,-0.008));
#13887=CARTESIAN_POINT('',(-0.0135805578602647,0.0198398880130602,-0.008));
#13888=CARTESIAN_POINT('',(-0.0142493207131435,0.0194927474748802,-0.008));
#13889=CARTESIAN_POINT('',(-0.0153915619237498,0.0185658442700677,-0.008));
#13890=CARTESIAN_POINT('',(-0.0158960723040729,0.0179486692162317,-0.008));
#13891=CARTESIAN_POINT('',(-0.0165959450664382,0.0166260221925033,-0.008));
#13892=CARTESIAN_POINT('',(-0.0168063721378932,0.0159457920201318,-0.00799999999999953));
#13893=CARTESIAN_POINT('',(-0.0171070869608047,0.0145187739602436,-0.00800000000000047));
#13894=CARTESIAN_POINT('',(-0.0171965332579074,0.0137509156755183,-0.008));
#13895=CARTESIAN_POINT('',(-0.0173091360230118,0.0120147915975749,-0.008));
#13896=CARTESIAN_POINT('',(-0.0173304327219254,0.0110404425062218,-0.008));
#13897=CARTESIAN_POINT('',(-0.0173304327219254,0.01,-0.008));
#13898=CARTESIAN_POINT('',(-0.005,0.021313318857883,-0.00521106285961018));
#13899=CARTESIAN_POINT('',(-0.00612094746729505,0.021313318857883,-0.00521106285961018));
#13900=CARTESIAN_POINT('',(-0.00722089275923998,0.0212980914704608,-0.00521106285961018));
#13901=CARTESIAN_POINT('',(-0.00917932258230548,0.0212148286263698,-0.00521106285961018));
#13902=CARTESIAN_POINT('',(-0.0100432405629894,0.0211483500525122,-0.00521106285961018));
#13903=CARTESIAN_POINT('',(-0.0116173641686645,0.0209302774750785,-0.00521106285961018));
#13904=CARTESIAN_POINT('',(-0.0123395528492419,0.0207833541788844,-0.00521106285961018));
#13905=CARTESIAN_POINT('',(-0.0137813183053061,0.0202813046527304,-0.00521106285961018));
#13906=CARTESIAN_POINT('',(-0.0145053561866419,0.0199068537316363,-0.00521106285961018));
#13907=CARTESIAN_POINT('',(-0.0157440742780888,0.0189016617577249,-0.00521106285961018));
#13908=CARTESIAN_POINT('',(-0.0162951630543789,0.0182269130424926,-0.00521106285961018));
#13909=CARTESIAN_POINT('',(-0.017050486149732,0.0167994738099491,-0.00521106285961018));
#13910=CARTESIAN_POINT('',(-0.0172723551256583,0.016076331289814,-0.00521106285960971));
#13911=CARTESIAN_POINT('',(-0.0175861210534994,0.0145873798608264,-0.00521106285961065));
#13912=CARTESIAN_POINT('',(-0.0176773944962516,0.0137977791425021,-0.00521106285961018));
#13913=CARTESIAN_POINT('',(-0.017792022082806,0.0120304359423556,-0.00521106285961018));
#13914=CARTESIAN_POINT('',(-0.017813318857883,0.0110473767238431,-0.00521106285961018));
#13915=CARTESIAN_POINT('',(-0.017813318857883,0.01,-0.00521106285961018));
#13916=CARTESIAN_POINT('',(-0.005,0.0205,-0.0025));
#13917=CARTESIAN_POINT('',(-0.006113229081805,0.0205,-0.0025));
#13918=CARTESIAN_POINT('',(-0.00720380249006529,0.0204847644918938,-0.0025));
#13919=CARTESIAN_POINT('',(-0.00912731820461577,0.0204029860174392,-0.0025));
#13920=CARTESIAN_POINT('',(-0.00996745541199501,0.0203377625952299,-0.0025));
#13921=CARTESIAN_POINT('',(-0.0114699314995557,0.0201296157079571,-0.0025));
#13922=CARTESIAN_POINT('',(-0.0121427692164554,0.0199906595592477,-0.0025));
#13923=CARTESIAN_POINT('',(-0.0134431800907034,0.0195378323297666,-0.0025));
#13924=CARTESIAN_POINT('',(-0.014074118958283,0.0192093799325183,-0.0025));
#13925=CARTESIAN_POINT('',(-0.0151503422902113,0.018336048717342,-0.0025));
#13926=CARTESIAN_POINT('',(-0.0156229796780903,0.0177582705735209,-0.0025));
#13927=CARTESIAN_POINT('',(-0.0162849084965408,0.0165073314995898,-0.0025));
#13928=CARTESIAN_POINT('',(-0.016487506021116,0.0158564656904122,-0.00249999999999953));
#13929=CARTESIAN_POINT('',(-0.0167792901421406,0.0144718278319884,-0.00250000000000047));
#13930=CARTESIAN_POINT('',(-0.016867486147166,0.0137188476126751,-0.0025));
#13931=CARTESIAN_POINT('',(-0.016978703353203,0.0120040863752793,-0.0025));
#13932=CARTESIAN_POINT('',(-0.017,0.0110356975110103,-0.0025));
#13933=CARTESIAN_POINT('',(-0.017,0.01,-0.0025));
#13934=CARTESIAN_POINT('',(-0.014035421599135,0.0193866306481362,-0.0031843796206457));
#13935=CARTESIAN_POINT('',(-0.0142155130268803,0.0192412442035211,-0.00302879564379982));
#13936=CARTESIAN_POINT('',(-0.014501399768976,0.019001967731863,-0.00284420610520524));
#13937=CARTESIAN_POINT('',(-0.0149566856287871,0.0185479953487502,-0.00268031098850557));
#13938=CARTESIAN_POINT('',(-0.0152627194176641,0.0182102463683905,-0.00263355662264325));
#13939=CARTESIAN_POINT('',(-0.0155902868502187,0.017814543648956,-0.00266189958790841));
#13940=CARTESIAN_POINT('',(-0.0158619137299627,0.017461060347161,-0.00276444295712969));
#13941=CARTESIAN_POINT('',(-0.0161484028856198,0.0170566007082716,-0.00298618350004284));
#13942=CARTESIAN_POINT('',(-0.0163613493149286,0.0167451373905376,-0.00327119289136498));
#13943=CARTESIAN_POINT('',(-0.016561639128805,0.0164511033253704,-0.00370322726272439));
#13944=CARTESIAN_POINT('',(-0.0166760898148016,0.0162949562495228,-0.00416749613911985));
#13945=CARTESIAN_POINT('',(-0.0167232592313172,0.0162452613118388,-0.00472377367364499));
#13946=CARTESIAN_POINT('',(-0.0166578971288732,0.0163618867558581,-0.00526703239544749));
#13947=CARTESIAN_POINT('',(-0.0165140584754191,0.0165719299429119,-0.00571341216882559));
#13948=CARTESIAN_POINT('',(-0.0162668693006008,0.0169088209192221,-0.0060972872099131));
#13949=CARTESIAN_POINT('',(-0.0160300210044716,0.0172152601612535,-0.00631302525958875));
#13950=CARTESIAN_POINT('',(-0.0158420493492592,0.0174513499320482,-0.00641656626910099));
#13951=CARTESIAN_POINT('',(-0.0157437045218253,0.0175722953157414,-0.0064540623849141));
#13952=CARTESIAN_POINT('',(-0.0140354215991347,0.0193866306481362,-0.00318437962064494));
#13953=CARTESIAN_POINT('',(-0.0157437045218253,0.0175722953157413,-0.0064540623849141));
#13954=CARTESIAN_POINT('',(-0.0157437045218255,0.0175722953157412,-0.00645406238491404));
#13955=CARTESIAN_POINT('',(-0.015573000023681,0.0177637976307606,-0.00654246880668683));
#13956=CARTESIAN_POINT('',(-0.0152122959964297,0.0181044997094656,-0.00669900929791261));
#13957=CARTESIAN_POINT('',(-0.0147334419526779,0.0184590649535879,-0.00686243446186277));
#13958=CARTESIAN_POINT('',(-0.014233905220313,0.0187437482899473,-0.00699162774717754));
#13959=CARTESIAN_POINT('',(-0.0138188293037561,0.0189338934936576,-0.00707595205991549));
#13960=CARTESIAN_POINT('',(-0.0134548131094833,0.019074740138317,-0.00713855250574297));
#13961=CARTESIAN_POINT('',(-0.0132072615404204,0.0191574796355937,-0.00717486629000027));
#13962=CARTESIAN_POINT('',(-0.0128076465568693,0.0192778025949862,-0.00722657842280256));
#13963=CARTESIAN_POINT('',(-0.0122818122253917,0.0194012005287035,-0.00728026857446012));
#13964=CARTESIAN_POINT('',(-0.011688722892787,0.0195025737827059,-0.00732459655060666));
#13965=CARTESIAN_POINT('',(-0.0112137306875524,0.0195628808770724,-0.00735097036076329));
#13966=CARTESIAN_POINT('',(-0.0109431361056262,0.0195930599062326,-0.00736403512066141));
#13967=CARTESIAN_POINT('',(-0.0106818994964938,0.019619036689574,-0.00737506882845317));
#13968=CARTESIAN_POINT('',(-0.010599627672761,0.0196265373507792,-0.00737818823379422));
#13969=CARTESIAN_POINT('',(-0.0104227286483815,0.0196424104013023,-0.00738482860532209));
#13970=CARTESIAN_POINT('',(-0.0101321722014681,0.0196659733404758,-0.00739461490741315));
#13971=CARTESIAN_POINT('',(-0.0096699367104715,0.0196975249597973,-0.00740763760496868));
#13972=CARTESIAN_POINT('',(-0.00906434891146989,0.0197287544485717,-0.00742047723284212));
#13973=CARTESIAN_POINT('',(-0.00817034128253846,0.0197627480589296,-0.00743444317161182));
#13974=CARTESIAN_POINT('',(-0.00686464882669222,0.0197904245752078,-0.00744591484421545));
#13975=CARTESIAN_POINT('',(-0.00563980076752392,0.019796807676023,-0.00744895719730235));
#13976=CARTESIAN_POINT('',(-0.005,0.0197968076759129,-0.00744895719738914));
#13977=CARTESIAN_POINT('',(-0.005,0.0208373687238769,-0.00426983787380463));
#13978=CARTESIAN_POINT('',(-0.00548835475403844,0.0208373687238961,-0.00426983787406434));
#13979=CARTESIAN_POINT('',(-0.00615939438061229,0.0208326482483786,-0.00426735682823477));
#13980=CARTESIAN_POINT('',(-0.00681009035109822,0.020821385328745,-0.00426049705792742));
#13981=CARTESIAN_POINT('',(-0.00716374182204537,0.0208130978441057,-0.00425500856125967));
#13982=CARTESIAN_POINT('',(-0.00736777221225934,0.0208077237724843,-0.00425130216923648));
#13983=CARTESIAN_POINT('',(-0.00772484706915694,0.0207964747846831,-0.0042431180433388));
#13984=CARTESIAN_POINT('',(-0.00813525535418292,0.0207806032334015,-0.00423128827755868));
#13985=CARTESIAN_POINT('',(-0.00864887833601652,0.0207555108950194,-0.0042122794435053));
#13986=CARTESIAN_POINT('',(-0.00912316539581134,0.0207248006465494,-0.00418896255425515));
#13987=CARTESIAN_POINT('',(-0.00950519452951369,0.0206941155404381,-0.00416609951918924));
#13988=CARTESIAN_POINT('',(-0.00974268497179852,0.0206731448128874,-0.00415067481224111));
#13989=CARTESIAN_POINT('',(-0.0101336779672311,0.0206329431275385,-0.00412144283861913));
#13990=CARTESIAN_POINT('',(-0.0105630660693392,0.0205802738215839,-0.0040832034494886));
#13991=CARTESIAN_POINT('',(-0.0110699519243327,0.0205041771155399,-0.00402762959329512));
#13992=CARTESIAN_POINT('',(-0.0115091400947269,0.0204203393695505,-0.00396527907038297));
#13993=CARTESIAN_POINT('',(-0.0118431509229777,0.0203434963892321,-0.00390812413135619));
#13994=CARTESIAN_POINT('',(-0.0120531543902057,0.0202903885343718,-0.00386867954138641));
#13995=CARTESIAN_POINT('',(-0.0123529282538034,0.0202044135841501,-0.00380412765999418));
#13996=CARTESIAN_POINT('',(-0.0127048786390214,0.0200875098939824,-0.00371526204088878));
#13997=CARTESIAN_POINT('',(-0.0133078878978281,0.0198485788663425,-0.00353256413151136));
#13998=CARTESIAN_POINT('',(-0.0137653458291611,0.0195838202048563,-0.00333505678913265));
#13999=CARTESIAN_POINT('',(-0.0140354215991347,0.0193866306481362,-0.00318437962064494));
#14000=CARTESIAN_POINT('',(-0.0568767338098236,-0.0182,-0.0046));
#14001=CARTESIAN_POINT('',(-0.0568767338098236,-0.0191328132858857,-0.0033621149594267));
#14002=CARTESIAN_POINT('',(-0.0139481789730284,-0.0191328132858857,-0.0033621149594267));
#14003=CARTESIAN_POINT('',(0.0139481789711666,-0.0191328132858857,-0.0033621149594267));
#14004=CARTESIAN_POINT('',(-0.0139481789730284,-0.0191328132858883,-0.00336211495942869));
#14005=CARTESIAN_POINT('',(-0.0139998252450587,-0.0190838816996839,-0.00332524236446622));
#14006=CARTESIAN_POINT('',(-0.0141328038287811,-0.0189606301839447,-0.00323754493958997));
#14007=CARTESIAN_POINT('',(-0.0144776131880192,-0.018623700158377,-0.00309374846665629));
#14008=CARTESIAN_POINT('',(-0.0147453638120911,-0.0183430099357345,-0.00305037224785483));
#14009=CARTESIAN_POINT('',(-0.0149242064215896,-0.0181473692053737,-0.003049602556857));
#14010=CARTESIAN_POINT('',(-0.015017896202424,-0.0180436248000266,-0.00305541183483691));
#14011=CARTESIAN_POINT('',(-0.0151855201994676,-0.017852159156168,-0.00308551579129728));
#14012=CARTESIAN_POINT('',(-0.0153648905279911,-0.017640364844531,-0.00314786858908769));
#14013=CARTESIAN_POINT('',(-0.0155708847568165,-0.0173900985453872,-0.00326393772649715));
#14014=CARTESIAN_POINT('',(-0.0157745052281085,-0.0171372100618557,-0.00346127346212253));
#14015=CARTESIAN_POINT('',(-0.0159186129670152,-0.0169561782137416,-0.00365441589914668));
#14016=CARTESIAN_POINT('',(-0.0160813912022561,-0.0167511320322438,-0.00400421113937555));
#14017=CARTESIAN_POINT('',(-0.0161900953705868,-0.016623937840183,-0.00446430034870731));
#14018=CARTESIAN_POINT('',(-0.0161717103668246,-0.016678080473581,-0.00508239013943669));
#14019=CARTESIAN_POINT('',(-0.015948513532417,-0.0169682157852775,-0.00560685923811776));
#14020=CARTESIAN_POINT('',(-0.015658452056053,-0.0173317889976781,-0.00590538233511476));
#14021=CARTESIAN_POINT('',(-0.0154787032295281,-0.017544941694302,-0.00600477706990686));
#14022=CARTESIAN_POINT('',(-0.0154787032295282,-0.0175449416943019,-0.00600477706990681));
#14023=CARTESIAN_POINT('',(-0.0568767338098236,-0.0175449416943019,-0.00600477706990681));
#14024=CARTESIAN_POINT('',(-0.00259171472036388,-0.0175449416943019,-0.00600477706990681));
#14025=CARTESIAN_POINT('',(-0.00259171472036388,-0.0175449416943019,-0.00600477706990681));
#14026=CARTESIAN_POINT('',(-0.00253555429434514,-0.0171931805760068,-0.00584074816660462));
#14027=CARTESIAN_POINT('',(-0.00219251078407593,-0.0169821969063985,-0.00555888248769833));
#14028=CARTESIAN_POINT('',(-0.0018,-0.0169821969063985,-0.00555888248769833));
#14029=CARTESIAN_POINT('',(-0.0018,-0.0169821969063985,-0.00555888248769833));
#14030=CARTESIAN_POINT('',(-0.0568767338098236,-0.0169821969063985,-0.00555888248769833));
#14031=CARTESIAN_POINT('',(0.0018,-0.0169821969063985,-0.00555888248769833));
#14032=CARTESIAN_POINT('',(0.0018,-0.0169821969063985,-0.00555888248769833));
#14033=CARTESIAN_POINT('',(0.00219208850165258,-0.0169821969063985,-0.00555888248769833));
#14034=CARTESIAN_POINT('',(0.00253558694793374,-0.0171933851019272,-0.00584084353860766));
#14035=CARTESIAN_POINT('',(0.00259171472036395,-0.0175449416943019,-0.00600477706990685));
#14036=CARTESIAN_POINT('',(0.00259171472036388,-0.0175449416943019,-0.00600477706990681));
#14037=CARTESIAN_POINT('',(-0.0568767338098236,-0.0175449416943019,-0.00600477706990681));
#14038=CARTESIAN_POINT('',(0.0154787031930474,-0.0175449416943019,-0.00600477706990681));
#14039=CARTESIAN_POINT('',(0.0154787031935019,-0.0175449416979026,-0.00600477707158583));
#14040=CARTESIAN_POINT('',(0.0156584446207827,-0.017331797774401,-0.00590538642843293));
#14041=CARTESIAN_POINT('',(0.0158756264759927,-0.0170599361906757,-0.00569066747840744));
#14042=CARTESIAN_POINT('',(0.0160607572788502,-0.0168216129502315,-0.00532914360234296));
#14043=CARTESIAN_POINT('',(0.0161751498994265,-0.0166679561929147,-0.00496741420872241));
#14044=CARTESIAN_POINT('',(0.0161900843239112,-0.0166238445055232,-0.0044613892581226));
#14045=CARTESIAN_POINT('',(0.0160807075347916,-0.0167519186353117,-0.00400222736231229));
#14046=CARTESIAN_POINT('',(0.0159165630489249,-0.01695876188704,-0.00365101802193986));
#14047=CARTESIAN_POINT('',(0.0157733525920143,-0.0171387587840633,-0.0034596954235241));
#14048=CARTESIAN_POINT('',(0.0155684867893418,-0.017392946040543,-0.00326294410828107));
#14049=CARTESIAN_POINT('',(0.0153674237901581,-0.0176376151914717,-0.00314776602128508));
#14050=CARTESIAN_POINT('',(0.0152027035447921,-0.0178315316601566,-0.00309281938076752));
#14051=CARTESIAN_POINT('',(0.0151096388881411,-0.0179390710982863,-0.00307101721253965));
#14052=CARTESIAN_POINT('',(0.0150189355216784,-0.018041916654122,-0.00305752253009335));
#14053=CARTESIAN_POINT('',(0.0149949399802892,-0.0180684051284646,-0.00305553462965078));
#14054=CARTESIAN_POINT('',(0.0149254939129136,-0.0181448248624559,-0.00304994411702825));
#14055=CARTESIAN_POINT('',(0.0148252825474103,-0.0182529885978969,-0.00304893991834315));
#14056=CARTESIAN_POINT('',(0.0146725159052231,-0.0184158997565192,-0.0030607231874463));
#14057=CARTESIAN_POINT('',(0.0143987726067686,-0.0186980391051012,-0.00312083629163114));
#14058=CARTESIAN_POINT('',(0.0141531870690937,-0.0189390259581609,-0.0032289232786811));
#14059=CARTESIAN_POINT('',(0.0140053837094358,-0.0190786154028748,-0.0033212739251768));
#14060=CARTESIAN_POINT('',(0.0139481789711666,-0.0191328132858865,-0.00336211495942733));
#14061=CARTESIAN_POINT('',(-0.0568767338098236,-0.0206738290410295,-0.00452335362298755));
#14062=CARTESIAN_POINT('',(-6.93889390390723E-18,-0.0205473288539821,-0.00442802889469926));
#14063=CARTESIAN_POINT('',(-0.00166666666666667,-0.0205473288539821,-0.00442802889469925));
#14064=CARTESIAN_POINT('',(-0.00333333333333334,-0.0205473288539821,-0.00442802889469925));
#14065=CARTESIAN_POINT('',(-0.00500000000000001,-0.0205473288539821,-0.00442802889469925));
#14066=CARTESIAN_POINT('',(0.,-0.0205473288539822,-0.00442802889469925));
#14067=CARTESIAN_POINT('',(-0.005,-0.0205473288539822,-0.00442802889469925));
#14068=CARTESIAN_POINT('',(-0.00500000000000001,-0.0205473288539821,-0.00442802889469926));
#14069=CARTESIAN_POINT('',(-0.00548367817071274,-0.0205473288542984,-0.00442802889493754));
#14070=CARTESIAN_POINT('',(-0.00614804298789937,-0.020543977917345,-0.00442550378282468));
#14071=CARTESIAN_POINT('',(-0.00680011510993953,-0.0205346938884556,-0.00441850776525379));
#14072=CARTESIAN_POINT('',(-0.00715586872877833,-0.0205272936563295,-0.00441293129036349));
#14073=CARTESIAN_POINT('',(-0.00736395804232513,-0.0205222344940264,-0.00440911893811983));
#14074=CARTESIAN_POINT('',(-0.0077190794120028,-0.020511372282812,-0.00440093367486616));
#14075=CARTESIAN_POINT('',(-0.00812801438681768,-0.0204956562054277,-0.00438909076110149));
#14076=CARTESIAN_POINT('',(-0.00863988151031178,-0.0204705284777377,-0.0043701556601308));
#14077=CARTESIAN_POINT('',(-0.00911373240448566,-0.0204396339637831,-0.00434687497401443));
#14078=CARTESIAN_POINT('',(-0.00949075507392292,-0.0204097537672412,-0.00432435863089236));
#14079=CARTESIAN_POINT('',(-0.00973295224708103,-0.0203887542148428,-0.00430853433313225));
#14080=CARTESIAN_POINT('',(-0.0100920886227244,-0.0203529990865107,-0.00428159091136559));
#14081=CARTESIAN_POINT('',(-0.0105071889836838,-0.0203041807060113,-0.00424480362302081));
#14082=CARTESIAN_POINT('',(-0.0110090781687661,-0.0202320870350265,-0.00419047714526346));
#14083=CARTESIAN_POINT('',(-0.0114558482840463,-0.0201491610349357,-0.00412798792203621));
#14084=CARTESIAN_POINT('',(-0.0117969397093751,-0.0200724374165109,-0.00407017252863369));
#14085=CARTESIAN_POINT('',(-0.0120131541354537,-0.0200186148318411,-0.00402961430196871));
#14086=CARTESIAN_POINT('',(-0.0123148477429947,-0.019932484657505,-0.00396471056026168));
#14087=CARTESIAN_POINT('',(-0.0126675032624289,-0.0198149903883252,-0.00387617227785741));
#14088=CARTESIAN_POINT('',(-0.013259404072515,-0.0195764706399174,-0.0036964347554152));
#14089=CARTESIAN_POINT('',(-0.0136907531955386,-0.0193237015014488,-0.00350595954738123));
#14090=CARTESIAN_POINT('',(-0.0139481789730284,-0.0191328132858886,-0.0033621149594289));
#14091=CARTESIAN_POINT('',(0.0139481789711669,-0.0191328132858869,-0.00336211495942765));
#14092=CARTESIAN_POINT('',(0.0136908319799965,-0.0193236430701525,-0.00350591551624123));
#14093=CARTESIAN_POINT('',(0.0132594846497617,-0.0195763834891776,-0.00369636908262229));
#14094=CARTESIAN_POINT('',(0.0126672675452151,-0.0198150049168784,-0.00387618322590754));
#14095=CARTESIAN_POINT('',(0.0123144714150351,-0.0199325592703853,-0.00396476678509987));
#14096=CARTESIAN_POINT('',(0.0120123318988405,-0.0200188362657798,-0.00402978116441009));
#14097=CARTESIAN_POINT('',(0.0117968059478802,-0.0200724952011919,-0.00407021607251404));
#14098=CARTESIAN_POINT('',(0.0114561205835968,-0.0201491391887543,-0.00412797145975773));
#14099=CARTESIAN_POINT('',(0.0110098250741827,-0.0202319712525747,-0.00419038989692799));
#14100=CARTESIAN_POINT('',(0.010508145954599,-0.0203040440555015,-0.00424470064947573));
#14101=CARTESIAN_POINT('',(0.0100930458757899,-0.0203528808461009,-0.00428150181082594));
#14102=CARTESIAN_POINT('',(0.00973394996411348,-0.0203886618400181,-0.00430846472370893));
#14103=CARTESIAN_POINT('',(0.00949130160888774,-0.0204097289487394,-0.00432433992880982));
#14104=CARTESIAN_POINT('',(0.00911408569006915,-0.0204396698922925,-0.00434690204808814));
#14105=CARTESIAN_POINT('',(0.00864028055952307,-0.020470624042212,-0.00437022767312749));
#14106=CARTESIAN_POINT('',(0.00812892015043716,-0.0204957812255699,-0.00438918497053605));
#14107=CARTESIAN_POINT('',(0.00772075093345959,-0.0205115007131605,-0.00440103045407543));
#14108=CARTESIAN_POINT('',(0.00736611854910989,-0.020522364834232,-0.00440921715650969));
#14109=CARTESIAN_POINT('',(0.00715952762416933,-0.0205273857621063,-0.00441300069704465));
#14110=CARTESIAN_POINT('',(0.00680470455232837,-0.0205347555219841,-0.00441855420944884));
#14111=CARTESIAN_POINT('',(0.00615300766757068,-0.0205439925509692,-0.00442551481005151));
#14112=CARTESIAN_POINT('',(0.00548633347015672,-0.0205473288543118,-0.00442802889494764));
#14113=CARTESIAN_POINT('',(0.00499999999999999,-0.0205473288539821,-0.00442802889469925));
#14114=CARTESIAN_POINT('',(0.005,-0.0205473288539822,-0.00442802889469925));
#14115=CARTESIAN_POINT('',(0.00499999999999999,-0.0205473288539821,-0.00442802889469925));
#14116=CARTESIAN_POINT('',(0.00333333333333332,-0.0205473288539821,-0.00442802889469925));
#14117=CARTESIAN_POINT('',(0.00166666666666666,-0.0205473288539821,-0.00442802889469925));
#14118=CARTESIAN_POINT('',(-6.93889390390723E-18,-0.0205473288539821,-0.00442802889469925));
#14119=CARTESIAN_POINT('',(-0.0568767338098236,-0.0192937176518727,-0.00682024469131943));
#14120=CARTESIAN_POINT('',(-0.0154787032295284,-0.017544941694302,-0.00600477706990685));
#14121=CARTESIAN_POINT('',(-0.0152069544214646,-0.0178629451174099,-0.00615306450142154));
#14122=CARTESIAN_POINT('',(-0.0147418415336855,-0.0182815080156473,-0.00634824358628921));
#14123=CARTESIAN_POINT('',(-0.0140881512283586,-0.0186712582780244,-0.00652998711840356));
#14124=CARTESIAN_POINT('',(-0.0136948276478775,-0.0188615794855911,-0.00661873535500125));
#14125=CARTESIAN_POINT('',(-0.0133570937237431,-0.018999754846733,-0.00668316758407003));
#14126=CARTESIAN_POINT('',(-0.0131109971811906,-0.0190857830153649,-0.00672328317792012));
#14127=CARTESIAN_POINT('',(-0.0127191576552904,-0.0192067473170348,-0.0067796897581522));
#14128=CARTESIAN_POINT('',(-0.0121940565124646,-0.0193349200384942,-0.00683945767973527));
#14129=CARTESIAN_POINT('',(-0.0116057615143402,-0.0194409482257348,-0.00688889943542587));
#14130=CARTESIAN_POINT('',(-0.0111525458164405,-0.0195032792951144,-0.00691796489041858));
#14131=CARTESIAN_POINT('',(-0.0108982989828138,-0.0195339859539973,-0.00693228364061202));
#14132=CARTESIAN_POINT('',(-0.0106626384668162,-0.0195591784846825,-0.00694403111059881));
#14133=CARTESIAN_POINT('',(-0.0105761088013202,-0.0195675314107302,-0.00694792614398285));
#14134=CARTESIAN_POINT('',(-0.0104023094027318,-0.0195839115563465,-0.00695556433132546));
#14135=CARTESIAN_POINT('',(-0.0101096829669135,-0.0196085882692437,-0.0069670712715275));
#14136=CARTESIAN_POINT('',(-0.00964055620451501,-0.0196414888872763,-0.00698241308167413));
#14137=CARTESIAN_POINT('',(-0.00902221566042485,-0.0196743696105549,-0.0069977456147446));
#14138=CARTESIAN_POINT('',(-0.00811455029328667,-0.0197104181930258,-0.00701455534481644));
#14139=CARTESIAN_POINT('',(-0.00682826298697467,-0.0197404036157468,-0.00702853777706424));
#14140=CARTESIAN_POINT('',(-0.00563649317547903,-0.0197484107405829,-0.00703227156069512));
#14141=CARTESIAN_POINT('',(-0.00500000000000005,-0.0197484107403004,-0.00703227156056338));
#14142=CARTESIAN_POINT('',(-0.00500000000000009,-0.0197484107403003,-0.00703227156056338));
#14143=CARTESIAN_POINT('',(-0.00500000000000005,-0.0197484107403004,-0.00703227156056338));
#14144=CARTESIAN_POINT('',(-0.00333333333333334,-0.0197484107403004,-0.00703227156056338));
#14145=CARTESIAN_POINT('',(-0.00166666666666664,-0.0197484107403004,-0.00703227156056338));
#14146=CARTESIAN_POINT('',(6.24500451351651E-17,-0.0197484107403004,-0.00703227156056338));
#14147=CARTESIAN_POINT('',(0.,-0.0197484107403003,-0.00703227156056338));
#14148=CARTESIAN_POINT('',(6.24500451351651E-17,-0.0197484107403004,-0.00703227156056338));
#14149=CARTESIAN_POINT('',(0.00166666666666673,-0.0197484107403004,-0.00703227156056338));
#14150=CARTESIAN_POINT('',(0.0033333333333334,-0.0197484107403004,-0.00703227156056338));
#14151=CARTESIAN_POINT('',(0.00500000000000007,-0.0197484107403004,-0.00703227156056338));
#14152=CARTESIAN_POINT('',(0.005,-0.0197484107403003,-0.00703227156056338));
#14153=CARTESIAN_POINT('',(0.00500000000000007,-0.0197484107403004,-0.00703227156056338));
#14154=CARTESIAN_POINT('',(0.0056361646003868,-0.0197484107405958,-0.00703227156070113));
#14155=CARTESIAN_POINT('',(0.00682739965216761,-0.019740407925214,-0.00702853978660181));
#14156=CARTESIAN_POINT('',(0.00811332581197292,-0.0197104384838435,-0.00701456480658011));
#14157=CARTESIAN_POINT('',(0.00902088425525509,-0.0196744093654424,-0.0069977641527531));
#14158=CARTESIAN_POINT('',(0.00963924157445981,-0.0196415457740359,-0.0069824396084058));
#14159=CARTESIAN_POINT('',(0.0101084428866123,-0.0196086642744231,-0.00696710671332472));
#14160=CARTESIAN_POINT('',(0.0104011931902874,-0.0195839981051581,-0.0069556046896991));
#14161=CARTESIAN_POINT('',(0.0105750257304103,-0.0195676310151607,-0.00694797259029158));
#14162=CARTESIAN_POINT('',(0.0106617243996067,-0.0195592694079552,-0.00694407350881719));
#14163=CARTESIAN_POINT('',(0.0108970306212361,-0.0195341397775699,-0.00693235536972193));
#14164=CARTESIAN_POINT('',(0.0111510265142182,-0.0195034908520431,-0.00691806354103456));
#14165=CARTESIAN_POINT('',(0.0116037952535178,-0.0194412700823543,-0.00688904951963236));
#14166=CARTESIAN_POINT('',(0.0121917294489936,-0.0193353867507783,-0.00683967531124753));
#14167=CARTESIAN_POINT('',(0.0127167620848746,-0.0192073503746014,-0.00677997096851381));
#14168=CARTESIAN_POINT('',(0.0131087337305021,-0.0190864923690988,-0.00672361395499863));
#14169=CARTESIAN_POINT('',(0.0133550261615903,-0.0190005323360722,-0.00668353013330302));
#14170=CARTESIAN_POINT('',(0.0136930306179995,-0.0188624561580294,-0.00661914415407293));
#14171=CARTESIAN_POINT('',(0.0140866897934893,-0.0186721699949679,-0.00653041225899642));
#14172=CARTESIAN_POINT('',(0.0147409814411438,-0.0182823148440709,-0.00634861981656198));
#14173=CARTESIAN_POINT('',(0.0152066089248037,-0.0178633493797237,-0.00615325301203438));
#14174=CARTESIAN_POINT('',(0.0154787031930475,-0.0175449416983871,-0.00600477707181175));
#14175=CARTESIAN_POINT('',(0.0018,-0.0176492745569137,-0.00605342828273989));
#14176=CARTESIAN_POINT('',(0.0026,-0.0176492745569137,-0.00605342828273989));
#14177=CARTESIAN_POINT('',(0.0026,-0.0192937176518727,-0.00682024469131943));
#14178=CARTESIAN_POINT('',(0.0026,-0.0180745498109064,-0.00625173739050054));
#14179=CARTESIAN_POINT('',(0.0018,-0.0180745498109064,-0.00625173739050054));
#14180=CARTESIAN_POINT('',(0.0018,-0.0188013665295327,-0.00659065759247103));
#14181=CARTESIAN_POINT('',(-0.0568767338098236,-0.0188013665295327,-0.00659065759247103));
#14182=CARTESIAN_POINT('',(-0.0018,-0.0188013665295327,-0.00659065759247103));
#14183=CARTESIAN_POINT('',(-0.0018,-0.0180745498109064,-0.00625173739050054));
#14184=CARTESIAN_POINT('',(-0.0026,-0.0180745498109064,-0.00625173739050054));
#14185=CARTESIAN_POINT('',(-0.0026,-0.0192937176518727,-0.00682024469131943));
#14186=CARTESIAN_POINT('',(-0.0026,-0.0176492745569137,-0.00605342828273989));
#14187=CARTESIAN_POINT('',(-0.0018,-0.0176492745569137,-0.00605342828273989));
#14188=CARTESIAN_POINT('',(0.0026,-0.0157176930731929,-0.00885302759584545));
#14189=CARTESIAN_POINT('',(0.0018,-0.0169821969063985,-0.00555888248769833));
#14190=CARTESIAN_POINT('',(-0.0018,-0.0157176930731929,-0.00885302759584545));
#14191=CARTESIAN_POINT('',(0.0026,-0.0175830858431088,-0.00976438728640147));
#14192=CARTESIAN_POINT('',(0.0018,-0.0182635997089725,-0.00799158805606734));
#14193=CARTESIAN_POINT('',(-0.0018,-0.0175830858431088,-0.00976438728640147));
#14194=CARTESIAN_POINT('',(0.0026,-0.0166177187389301,-0.00922359730774592));
#14195=CARTESIAN_POINT('',(0.0026,-0.0180545021883349,-0.00630396323283479));
#14196=CARTESIAN_POINT('',(0.0026,-0.0167920040293285,-0.00828669435963624));
#14197=CARTESIAN_POINT('',(-0.0026,-0.0166177187389301,-0.00922359730774592));
#14198=CARTESIAN_POINT('',(-0.0026,-0.0168931712970652,-0.00932933363817247));
#14199=CARTESIAN_POINT('',(-0.0026,-0.0164561657711035,-0.00916158293364402));
#14200=CARTESIAN_POINT('',(0.0018,-0.0168931712970652,-0.00932933363817247));
#14201=CARTESIAN_POINT('',(-0.0018,-0.016836221501911,-0.00947769292676523));
#14202=CARTESIAN_POINT('',(0.0018,-0.0164561657711035,-0.00916158293364402));
#14203=CARTESIAN_POINT('',(-0.0018,-0.0164645574143907,-0.00913972195548169));
#14204=CARTESIAN_POINT('',(-0.0568767338098236,0.0182,-0.0046));
#14205=CARTESIAN_POINT('',(-0.0568767338098236,0.0175449416943019,-0.00600477706990681));
#14206=CARTESIAN_POINT('',(-0.0154787031965383,0.0175449416943019,-0.00600477706990681));
#14207=CARTESIAN_POINT('',(-0.00259171472036388,0.0175449416943019,-0.00600477706990681));
#14208=CARTESIAN_POINT('',(-0.0154787031965384,0.017544941694302,-0.00600477706990686));
#14209=CARTESIAN_POINT('',(-0.0156583905410702,0.0173318619010151,-0.00590541633049911));
#14210=CARTESIAN_POINT('',(-0.0159483744032066,0.0169683256717786,-0.00560704008976867));
#14211=CARTESIAN_POINT('',(-0.016171736093727,0.0166780508501787,-0.00508226161917178));
#14212=CARTESIAN_POINT('',(-0.0161901298050133,0.016623940087393,-0.00446455665927253));
#14213=CARTESIAN_POINT('',(-0.0160814330840178,0.0167510352636843,-0.00400438471016832));
#14214=CARTESIAN_POINT('',(-0.0159185726426809,0.0169562315200557,-0.00365434045755262));
#14215=CARTESIAN_POINT('',(-0.0157746245892823,0.0171370935535718,-0.00346140172771524));
#14216=CARTESIAN_POINT('',(-0.0155710219056812,0.0173899373876003,-0.00326402940466826));
#14217=CARTESIAN_POINT('',(-0.0153649948437829,0.0176402300177322,-0.0031479202431259));
#14218=CARTESIAN_POINT('',(-0.0151855921289447,0.0178520651112122,-0.00308553184778124));
#14219=CARTESIAN_POINT('',(-0.0150178472127824,0.0180436814806854,-0.00305540546196395));
#14220=CARTESIAN_POINT('',(-0.0149243303685277,0.0181472365292687,-0.00304961199169013));
#14221=CARTESIAN_POINT('',(-0.0147455209205793,0.0183428445844204,-0.00305035200724396));
#14222=CARTESIAN_POINT('',(-0.0144775649562566,0.0186237508593667,-0.00309375249259229));
#14223=CARTESIAN_POINT('',(-0.0141327985535212,0.018960635967612,-0.00323755393711287));
#14224=CARTESIAN_POINT('',(-0.0139998163521104,0.0190838901241147,-0.00332524871273017));
#14225=CARTESIAN_POINT('',(-0.0139481789711655,0.0191328132858883,-0.00336211495942869));
#14226=CARTESIAN_POINT('',(-0.0139481789711649,0.0191328132858857,-0.0033621149594267));
#14227=CARTESIAN_POINT('',(-0.0568767338098236,0.0191328132858857,-0.0033621149594267));
#14228=CARTESIAN_POINT('',(0.0139481789730309,0.0191328132858857,-0.0033621149594267));
#14229=CARTESIAN_POINT('',(0.0139481789730309,0.0191328132858865,-0.00336211495942733));
#14230=CARTESIAN_POINT('',(0.0140053722520976,0.0190786262589859,-0.00332128210584331));
#14231=CARTESIAN_POINT('',(0.014153148894865,0.0189390658755569,-0.00322893955973595));
#14232=CARTESIAN_POINT('',(0.0143988059758557,0.0186980058402955,-0.00312082902420414));
#14233=CARTESIAN_POINT('',(0.0146724634884643,0.0184159516334513,-0.00306073300803197));
#14234=CARTESIAN_POINT('',(0.0148252202781339,0.0182530514289437,-0.00304894137097073));
#14235=CARTESIAN_POINT('',(0.014925445876358,0.0181448725859491,-0.0030499422900145));
#14236=CARTESIAN_POINT('',(0.0149949089074121,0.018068437071909,-0.00305553144384948));
#14237=CARTESIAN_POINT('',(0.0150189519865383,0.0180418969121027,-0.00305752501435636));
#14238=CARTESIAN_POINT('',(0.0151096041843249,0.0179391181206185,-0.00307101046154398));
#14239=CARTESIAN_POINT('',(0.0152026417367132,0.0178316158941143,-0.00309279974048182));
#14240=CARTESIAN_POINT('',(0.0153673110715864,0.0176377630874106,-0.00314771316038667));
#14241=CARTESIAN_POINT('',(0.0155683544141617,0.0173931053115407,-0.00326285161705951));
#14242=CARTESIAN_POINT('',(0.0157732337712497,0.0171388774833638,-0.00345956676253243));
#14243=CARTESIAN_POINT('',(0.0159166028854038,0.0169587091154737,-0.00365109093767881));
#14244=CARTESIAN_POINT('',(0.0160806670633345,0.0167520110751326,-0.0040020642889597));
#14245=CARTESIAN_POINT('',(0.0161900541635975,0.0166238418497056,-0.0044611401735222));
#14246=CARTESIAN_POINT('',(0.0161751101023989,0.0166679807115283,-0.00496750747195749));
#14247=CARTESIAN_POINT('',(0.0160608344864865,0.0168215706995907,-0.00532904263945155));
#14248=CARTESIAN_POINT('',(0.0158757251989004,0.0170598439002009,-0.00569057724876354));
#14249=CARTESIAN_POINT('',(0.0156585026562272,0.0173317289972509,-0.00590535435712137));
#14250=CARTESIAN_POINT('',(0.0154787032264914,0.0175449416979026,-0.00600477707158583));
#14251=CARTESIAN_POINT('',(0.0154787032260369,0.0175449416943019,-0.00600477706990681));
#14252=CARTESIAN_POINT('',(-0.0568767338098236,0.0175449416943019,-0.00600477706990681));
#14253=CARTESIAN_POINT('',(0.00259171472036388,0.0175449416943019,-0.00600477706990681));
#14254=CARTESIAN_POINT('',(0.00259171472036388,0.0175449416943019,-0.00600477706990681));
#14255=CARTESIAN_POINT('',(0.00253555429434514,0.0171931805760068,-0.00584074816660462));
#14256=CARTESIAN_POINT('',(0.00219251078407593,0.0169821969063985,-0.00555888248769833));
#14257=CARTESIAN_POINT('',(0.0018,0.0169821969063985,-0.00555888248769833));
#14258=CARTESIAN_POINT('',(0.0018,0.0169821969063985,-0.00555888248769833));
#14259=CARTESIAN_POINT('',(-0.0568767338098236,0.0169821969063985,-0.00555888248769833));
#14260=CARTESIAN_POINT('',(-0.0018,0.0169821969063985,-0.00555888248769833));
#14261=CARTESIAN_POINT('',(-0.0018,0.0169821969063985,-0.00555888248769833));
#14262=CARTESIAN_POINT('',(-0.00219208850165258,0.0169821969063985,-0.00555888248769833));
#14263=CARTESIAN_POINT('',(-0.00253558694793374,0.0171933851019272,-0.00584084353860766));
#14264=CARTESIAN_POINT('',(-0.00259171472036395,0.0175449416943019,-0.00600477706990685));
#14265=CARTESIAN_POINT('',(-0.0568767338098236,0.0206738290410295,-0.00452335362298755));
#14266=CARTESIAN_POINT('',(-0.013948178971165,0.0191328132858881,-0.00336211495942855));
#14267=CARTESIAN_POINT('',(-0.0136908996189256,0.0193235929198669,-0.00350587772529039));
#14268=CARTESIAN_POINT('',(-0.013259674431767,0.0195762762868009,-0.00369628829983715));
#14269=CARTESIAN_POINT('',(-0.0126676766157564,0.0198148536544276,-0.00387606924147504));
#14270=CARTESIAN_POINT('',(-0.0123149813441446,0.0199323998911143,-0.00396464668420467));
#14271=CARTESIAN_POINT('',(-0.0120130328161502,0.0200186500921926,-0.00402964087254943));
#14272=CARTESIAN_POINT('',(-0.0117972913250655,0.0200723811320204,-0.00407013011522786));
#14273=CARTESIAN_POINT('',(-0.0114564293924608,0.0201490781185921,-0.00412792544008965));
#14274=CARTESIAN_POINT('',(-0.0110098425622801,0.0202319741390863,-0.00419039207207049));
#14275=CARTESIAN_POINT('',(-0.0105077602479075,0.0203040953954571,-0.00424473933690716));
#14276=CARTESIAN_POINT('',(-0.0100924579653386,0.0203529471127571,-0.00428155174633306));
#14277=CARTESIAN_POINT('',(-0.00973276299363648,0.020388772953694,-0.0043085484538694));
#14278=CARTESIAN_POINT('',(-0.00949114271423557,0.0204097307807469,-0.0043243413093265));
#14279=CARTESIAN_POINT('',(-0.00911433771076369,0.0204396028734162,-0.00434685154574251));
#14280=CARTESIAN_POINT('',(-0.00864069074108437,0.020470484926195,-0.00437012284168948));
#14281=CARTESIAN_POINT('',(-0.00812862370481846,0.0204956231538461,-0.00438906585494833));
#14282=CARTESIAN_POINT('',(-0.00771945983459212,0.020511352828098,-0.00440091901468765));
#14283=CARTESIAN_POINT('',(-0.00736379646554538,0.020522239698504,-0.00440912285997505));
#14284=CARTESIAN_POINT('',(-0.00715613459596681,0.0205272922946652,-0.00441293026427582));
#14285=CARTESIAN_POINT('',(-0.00680051127904736,0.0205346946667717,-0.00441850835175705));
#14286=CARTESIAN_POINT('',(-0.00614862467831197,0.0205439773337115,-0.00442550334302529));
#14287=CARTESIAN_POINT('',(-0.00548399956725344,0.0205473288542903,-0.00442802889493144));
#14288=CARTESIAN_POINT('',(-0.00500000000000001,0.0205473288539821,-0.00442802889469926));
#14289=CARTESIAN_POINT('',(-0.005,0.0205473288539822,-0.00442802889469925));
#14290=CARTESIAN_POINT('',(-0.00500000000000001,0.0205473288539821,-0.00442802889469925));
#14291=CARTESIAN_POINT('',(-0.00333333333333334,0.0205473288539821,-0.00442802889469925));
#14292=CARTESIAN_POINT('',(-0.00166666666666667,0.0205473288539821,-0.00442802889469925));
#14293=CARTESIAN_POINT('',(-6.93889390390723E-18,0.0205473288539821,-0.00442802889469926));
#14294=CARTESIAN_POINT('',(-6.93889390390723E-18,0.0205473288539822,-0.00442802889469925));
#14295=CARTESIAN_POINT('',(-6.93889390390723E-18,0.0205473288539821,-0.00442802889469925));
#14296=CARTESIAN_POINT('',(0.00166666666666666,0.0205473288539821,-0.00442802889469925));
#14297=CARTESIAN_POINT('',(0.00333333333333332,0.0205473288539821,-0.00442802889469925));
#14298=CARTESIAN_POINT('',(0.00499999999999999,0.0205473288539821,-0.00442802889469925));
#14299=CARTESIAN_POINT('',(0.005,0.0205473288539822,-0.00442802889469925));
#14300=CARTESIAN_POINT('',(0.00499999999999999,0.0205473288539821,-0.00442802889469925));
#14301=CARTESIAN_POINT('',(0.00548601049622319,0.0205473288543116,-0.00442802889494755));
#14302=CARTESIAN_POINT('',(0.00615242313106071,0.0205439931377982,-0.00442551525225884));
#14303=CARTESIAN_POINT('',(0.00680430642669997,0.0205347547393806,-0.00441855361971481));
#14304=CARTESIAN_POINT('',(0.00715926047236028,0.0205273871312568,-0.00441300172877352));
#14305=CARTESIAN_POINT('',(0.0073662808390929,0.0205223596011434,-0.0044092132130946));
#14306=CARTESIAN_POINT('',(0.00772036893896803,0.0205115202748606,-0.00440104519487379));
#14307=CARTESIAN_POINT('',(0.00812830834568974,0.0204958144591687,-0.00438921001384897));
#14308=CARTESIAN_POINT('',(0.00863946800800482,0.0204706678317604,-0.00437026067091903));
#14309=CARTESIAN_POINT('',(0.00911347791782198,0.0204397011582575,-0.00434692560868272));
#14310=CARTESIAN_POINT('',(0.00949091235928498,0.0204097520538543,-0.00432435733976274));
#14311=CARTESIAN_POINT('',(0.00973414007411168,0.0203886430281643,-0.00430845054796034));
#14312=CARTESIAN_POINT('',(0.0100926747125882,0.0203529329935938,-0.00428154110678037));
#14313=CARTESIAN_POINT('',(0.010507571827075,0.0203041296437331,-0.00424476514483426));
#14314=CARTESIAN_POINT('',(0.011009056868382,0.0202320845238794,-0.00419047525297842));
#14315=CARTESIAN_POINT('',(0.0114555365857884,0.0201492223641997,-0.00412803413695148));
#14316=CARTESIAN_POINT('',(0.0117964525634826,0.0200725516916779,-0.00407025864114857));
#14317=CARTESIAN_POINT('',(0.0120124538885112,0.020018800805729,-0.0040297544433452));
#14318=CARTESIAN_POINT('',(0.0123143369171065,0.0199326446252077,-0.00396483110457195));
#14319=CARTESIAN_POINT('',(0.0126670929318258,0.0198151426300348,-0.00387628700021426));
#14320=CARTESIAN_POINT('',(0.0132592123908774,0.019576579217856,-0.00369651657476058));
#14321=CARTESIAN_POINT('',(0.0136906845157907,0.0193237524235244,-0.00350599791991748));
#14322=CARTESIAN_POINT('',(0.0139481789730307,0.0191328132858865,-0.0033621149594273));
#14323=CARTESIAN_POINT('',(-0.0568767338098236,0.0192937176518727,-0.00682024469131943));
#14324=CARTESIAN_POINT('',(6.24500451351651E-17,0.0197484107403004,-0.00703227156056338));
#14325=CARTESIAN_POINT('',(-0.00166666666666664,0.0197484107403004,-0.00703227156056338));
#14326=CARTESIAN_POINT('',(-0.00333333333333334,0.0197484107403004,-0.00703227156056338));
#14327=CARTESIAN_POINT('',(-0.00500000000000005,0.0197484107403004,-0.00703227156056338));
#14328=CARTESIAN_POINT('',(0.,0.0197484107403003,-0.00703227156056338));
#14329=CARTESIAN_POINT('',(-0.00500000000000009,0.0197484107403003,-0.00703227156056337));
#14330=CARTESIAN_POINT('',(-0.00500000000000005,0.0197484107403004,-0.00703227156056338));
#14331=CARTESIAN_POINT('',(-0.00563629732659203,0.0197484107405889,-0.00703227156069793));
#14332=CARTESIAN_POINT('',(-0.00682777322806375,0.0197404036327971,-0.00702853778501492));
#14333=CARTESIAN_POINT('',(-0.00811393863713477,0.0197104181469399,-0.00701455532332621));
#14334=CARTESIAN_POINT('',(-0.00902165194300888,0.0196743696919347,-0.00699774565269263));
#14335=CARTESIAN_POINT('',(-0.00964010576352689,0.0196414885816435,-0.00698241293915524));
#14336=CARTESIAN_POINT('',(-0.0101093757893283,0.0196085891760104,-0.00696707169435974));
#14337=CARTESIAN_POINT('',(-0.0104021588492146,0.0195839102998135,-0.0069555637453945));
#14338=CARTESIAN_POINT('',(-0.0105760191283048,0.0195675336210269,-0.00694792717466115));
#14339=CARTESIAN_POINT('',(-0.0106627055256542,0.0195591700467045,-0.00694402717590506));
#14340=CARTESIAN_POINT('',(-0.0108981203381687,0.0195340175098593,-0.0069322983553521));
#14341=CARTESIAN_POINT('',(-0.0111522149823234,0.0195033401496972,-0.00691799326737653));
#14342=CARTESIAN_POINT('',(-0.0116051697837235,0.0194410554418104,-0.00688894943110297));
#14343=CARTESIAN_POINT('',(-0.0121933279022385,0.0193350543785904,-0.00683952032355094));
#14344=CARTESIAN_POINT('',(-0.0127185921248129,0.0192068461596595,-0.00677973584922502));
#14345=CARTESIAN_POINT('',(-0.0131106564527818,0.0190858523145221,-0.00672331549264784));
#14346=CARTESIAN_POINT('',(-0.0133572107848138,0.0189997059558416,-0.00668314478587297));
#14347=CARTESIAN_POINT('',(-0.0136947000298164,0.0188617057459792,-0.00661879423118714));
#14348=CARTESIAN_POINT('',(-0.0140879864320549,0.0186714642777114,-0.0065300831776352));
#14349=CARTESIAN_POINT('',(-0.0147415839780579,0.018281799500692,-0.00634837950799778));
#14350=CARTESIAN_POINT('',(-0.0152068150136714,0.0178631082205466,-0.00615314055766328));
#14351=CARTESIAN_POINT('',(-0.0154787031965384,0.0175449416943019,-0.0060047770699068));
#14352=CARTESIAN_POINT('',(-0.0018,0.0176492745569137,-0.00605342828273989));
#14353=CARTESIAN_POINT('',(-0.0026,0.0176492745569137,-0.00605342828273989));
#14354=CARTESIAN_POINT('',(-0.0026,0.0192937176518727,-0.00682024469131943));
#14355=CARTESIAN_POINT('',(-0.0026,0.0180745498109064,-0.00625173739050054));
#14356=CARTESIAN_POINT('',(-0.0018,0.0180745498109064,-0.00625173739050054));
#14357=CARTESIAN_POINT('',(-0.0018,0.0188013665295327,-0.00659065759247103));
#14358=CARTESIAN_POINT('',(-0.0568767338098236,0.0188013665295327,-0.00659065759247103));
#14359=CARTESIAN_POINT('',(0.0018,0.0188013665295327,-0.00659065759247103));
#14360=CARTESIAN_POINT('',(0.0018,0.0180745498109064,-0.00625173739050054));
#14361=CARTESIAN_POINT('',(0.0026,0.0180745498109064,-0.00625173739050054));
#14362=CARTESIAN_POINT('',(0.0026,0.0192937176518727,-0.00682024469131943));
#14363=CARTESIAN_POINT('',(0.0026,0.0176492745569137,-0.00605342828273989));
#14364=CARTESIAN_POINT('',(0.0018,0.0176492745569137,-0.00605342828273989));
#14365=CARTESIAN_POINT('',(0.0154787032260369,0.0175449416983871,-0.00600477707181175));
#14366=CARTESIAN_POINT('',(0.01520674196947,0.0178631937227769,-0.00615318042800805));
#14367=CARTESIAN_POINT('',(0.0147412273459817,0.0182820366275924,-0.00634849008208739));
#14368=CARTESIAN_POINT('',(0.0140868469263971,0.0186719734510258,-0.00653032060905105));
#14369=CARTESIAN_POINT('',(0.0136931526597996,0.0188623355713219,-0.00661908792356771));
#14370=CARTESIAN_POINT('',(0.0133549135001826,0.0190005793385758,-0.00668355205093043));
#14371=CARTESIAN_POINT('',(0.0131090624467308,0.0190864249461416,-0.00672358251515732));
#14372=CARTESIAN_POINT('',(0.0127173078533723,0.019207253845154,-0.00677992595609326));
#14373=CARTESIAN_POINT('',(0.0121924325015558,0.01933525573364,-0.00683961421695256));
#14374=CARTESIAN_POINT('',(0.011604366315782,0.019441165484524,-0.00688900074486307));
#14375=CARTESIAN_POINT('',(0.0111513456818703,0.0195034314865075,-0.00691803585843068));
#14376=CARTESIAN_POINT('',(0.0108972031483436,0.0195341089934556,-0.00693234101485366));
#14377=CARTESIAN_POINT('',(0.0106616591634081,0.0195592776392697,-0.00694407734714217));
#14378=CARTESIAN_POINT('',(0.0105751142415285,0.019567628858722,-0.00694797158472773));
#14379=CARTESIAN_POINT('',(0.0104013424867855,0.0195839993307569,-0.00695560526120521));
#14380=CARTESIAN_POINT('',(0.0101087470112788,0.0196086633896823,-0.00696710630076332));
#14381=CARTESIAN_POINT('',(0.00963968776643128,0.0196415460720791,-0.00698243974738561));
#14382=CARTESIAN_POINT('',(0.00902144258945776,0.0196744092859853,-0.00699776411570163));
#14383=CARTESIAN_POINT('',(0.00811393164542287,0.0197104385287793,-0.007014564827534));
#14384=CARTESIAN_POINT('',(0.00682788474096253,0.0197404079085898,-0.00702853977884983));
#14385=CARTESIAN_POINT('',(0.00563635858266383,0.0197484107405974,-0.00703227156070187));
#14386=CARTESIAN_POINT('',(0.00500000000000016,0.0197484107403004,-0.00703227156056338));
#14387=CARTESIAN_POINT('',(0.00500000000000011,0.0197484107403003,-0.00703227156056338));
#14388=CARTESIAN_POINT('',(0.00500000000000007,0.0197484107403004,-0.00703227156056338));
#14389=CARTESIAN_POINT('',(0.0033333333333334,0.0197484107403004,-0.00703227156056338));
#14390=CARTESIAN_POINT('',(0.00166666666666673,0.0197484107403004,-0.00703227156056338));
#14391=CARTESIAN_POINT('',(6.24500451351651E-17,0.0197484107403004,-0.00703227156056338));
#14392=CARTESIAN_POINT('',(0.0026,0.0157176930731929,-0.00885302759584545));
#14393=CARTESIAN_POINT('',(0.0018,0.0157176930731929,-0.00885302759584545));
#14394=CARTESIAN_POINT('',(-0.0018,0.0169821969063985,-0.00555888248769833));
#14395=CARTESIAN_POINT('',(0.0026,0.0175830858431088,-0.00976438728640147));
#14396=CARTESIAN_POINT('',(0.0018,0.0175830858431088,-0.00976438728640147));
#14397=CARTESIAN_POINT('',(-0.0018,0.0182635997089699,-0.00799158805607419));
#14398=CARTESIAN_POINT('',(0.0026,0.0166177187389301,-0.00922359730774592));
#14399=CARTESIAN_POINT('',(0.0026,0.0168931712970652,-0.00932933363817247));
#14400=CARTESIAN_POINT('',(0.0026,0.0164561657711035,-0.00916158293364402));
#14401=CARTESIAN_POINT('',(-0.0026,0.0166177187389301,-0.00922359730774592));
#14402=CARTESIAN_POINT('',(-0.0026,0.0180545021883349,-0.00630396323283479));
#14403=CARTESIAN_POINT('',(-0.0026,0.0167920040293285,-0.00828669435963624));
#14404=CARTESIAN_POINT('',(0.0018,0.016836221501911,-0.00947769292676523));
#14405=CARTESIAN_POINT('',(-0.0018,0.0168931712970652,-0.00932933363817247));
#14406=CARTESIAN_POINT('',(0.0018,0.0164645574143907,-0.00913972195548169));
#14407=CARTESIAN_POINT('',(-0.0018,0.0164561657711035,-0.00916158293364402));
#14408=CARTESIAN_POINT('',(0.008125,0.01935,-8.67361737988404E-19));
#14409=CARTESIAN_POINT('',(0.005,0.01935,-8.67361737988404E-19));
#14410=CARTESIAN_POINT('',(0.005,0.0195216463847422,-0.000127710171362821));
#14411=CARTESIAN_POINT('',(0.005,0.0196932927694844,-0.000255420342725641));
#14412=CARTESIAN_POINT('',(0.005,0.0198649391542265,-0.00038313051408846));
#14413=CARTESIAN_POINT('',(-0.005,0.0198649391542265,-0.00038313051408846));
#14414=CARTESIAN_POINT('',(-0.005,0.0196932927694844,-0.000255420342725641));
#14415=CARTESIAN_POINT('',(-0.005,0.0195216463847422,-0.000127710171362821));
#14416=CARTESIAN_POINT('',(-0.005,0.01935,-8.28728789453637E-19));
#14417=CARTESIAN_POINT('',(-0.005,0.01935,-8.67361737988404E-19));
#14418=CARTESIAN_POINT('',(-0.00650573489709286,0.019350000000932,-8.67361737988404E-19));
#14419=CARTESIAN_POINT('',(-0.00802100327875601,0.01933491402243,-8.67361737988404E-19));
#14420=CARTESIAN_POINT('',(-0.0102506838312039,0.019146965046347,-8.67361737988404E-19));
#14421=CARTESIAN_POINT('',(-0.0109892077093681,0.0190559006323348,-8.67361737988404E-19));
#14422=CARTESIAN_POINT('',(-0.012394406418176,0.0187201576263557,-8.67361737988404E-19));
#14423=CARTESIAN_POINT('',(-0.0130630480691382,0.0184649266245944,-8.67361737988404E-19));
#14424=CARTESIAN_POINT('',(-0.0139202955516717,0.0178715844032798,-8.67361737988404E-19));
#14425=CARTESIAN_POINT('',(-0.0141742660668424,0.0176424660434117,-8.67361737988404E-19));
#14426=CARTESIAN_POINT('',(-0.014623700053923,0.0171219916594099,-8.67361737988404E-19));
#14427=CARTESIAN_POINT('',(-0.0148187364649768,0.0168309299811049,-8.67361737988404E-19));
#14428=CARTESIAN_POINT('',(-0.0152921564584344,0.0158966445828848,-8.67361737988404E-19));
#14429=CARTESIAN_POINT('',(-0.0154738866966362,0.015193840877749,-8.67361737988404E-19));
#14430=CARTESIAN_POINT('',(-0.0157129810850784,0.0137489277666363,-8.67361737988404E-19));
#14431=CARTESIAN_POINT('',(-0.015770031300032,0.0130057586270348,-8.67361737988404E-19));
#14432=CARTESIAN_POINT('',(-0.0158393495686149,0.0115116818729935,-8.67361737988404E-19));
#14433=CARTESIAN_POINT('',(-0.0158500000010494,0.0107542556874433,-8.67361737988404E-19));
#14434=CARTESIAN_POINT('',(-0.01585,0.01,-8.67361737988404E-19));
#14435=CARTESIAN_POINT('',(-0.005,0.0198649391542265,-0.000383130514088461));
#14436=CARTESIAN_POINT('',(-0.00651366659251821,0.0198649391543042,-0.000383130514347288));
#14437=CARTESIAN_POINT('',(-0.00803390313402996,0.0198506023252788,-0.000383127440527788));
#14438=CARTESIAN_POINT('',(-0.0103091153565118,0.019658812706343,-0.000383128198006967));
#14439=CARTESIAN_POINT('',(-0.0110675933420476,0.0195666561180096,-0.000383115987383676));
#14440=CARTESIAN_POINT('',(-0.0125553898490055,0.0192111464667964,-0.000383124660060355));
#14441=CARTESIAN_POINT('',(-0.0132876646874512,0.0189355618146504,-0.000383164214729896));
#14442=CARTESIAN_POINT('',(-0.0142474733117625,0.018271409611671,-0.000383125481945506));
#14443=CARTESIAN_POINT('',(-0.0145366479274638,0.0180105417146435,-0.000383162192423516));
#14444=CARTESIAN_POINT('',(-0.0150406616094236,0.0174267574922058,-0.0003831799903792));
#14445=CARTESIAN_POINT('',(-0.0152612848087467,0.0170967871934228,-0.000383133309595197));
#14446=CARTESIAN_POINT('',(-0.0157850436086031,0.0160632383487101,-0.000383123680897432));
#14447=CARTESIAN_POINT('',(-0.0159766661434943,0.0153095823805206,-0.000383133181056448));
#14448=CARTESIAN_POINT('',(-0.0162262757698723,0.0138013463594853,-0.000383122730543297));
#14449=CARTESIAN_POINT('',(-0.0162838651597311,0.0130414515664074,-0.000383131446059873));
#14450=CARTESIAN_POINT('',(-0.0163542935128002,0.0115237290929158,-0.000383127606759248));
#14451=CARTESIAN_POINT('',(-0.0163649391543154,0.0107596971317728,-0.000383130514384574));
#14452=CARTESIAN_POINT('',(-0.0163649391542266,0.01,-0.000383130514088461));
#14453=CARTESIAN_POINT('',(-0.01585,0.01,-8.4804526372102E-19));
#14454=CARTESIAN_POINT('',(-0.0160216463847422,0.01,-0.000127710171362821));
#14455=CARTESIAN_POINT('',(-0.0161932927694844,0.01,-0.000255420342725642));
#14456=CARTESIAN_POINT('',(-0.0163649391542265,0.01,-0.000383130514088463));
#14457=CARTESIAN_POINT('',(0.01585,0.01,-8.67361737988404E-19));
#14458=CARTESIAN_POINT('',(0.0158500000009927,0.0107548254575059,-8.67361737988404E-19));
#14459=CARTESIAN_POINT('',(0.0158394908966427,0.0115057443866015,-8.67361737988404E-19));
#14460=CARTESIAN_POINT('',(0.015770427882821,0.0130000796919485,-8.67361737988404E-19));
#14461=CARTESIAN_POINT('',(0.0157134707632837,0.0137448636879763,-8.67361737988404E-19));
#14462=CARTESIAN_POINT('',(0.0154743386346754,0.0151922101939131,-8.67361737988404E-19));
#14463=CARTESIAN_POINT('',(0.0152919802910009,0.0158966452750816,-8.67361737988404E-19));
#14464=CARTESIAN_POINT('',(0.0146620891856076,0.0171404169087841,-8.67361737988404E-19));
#14465=CARTESIAN_POINT('',(0.0142060827227627,0.017673215963444,-8.67361737988404E-19));
#14466=CARTESIAN_POINT('',(0.0130677196236849,0.018462252292878,-8.67361737988404E-19));
#14467=CARTESIAN_POINT('',(0.012397812177336,0.018719140408788,-8.67361737988404E-19));
#14468=CARTESIAN_POINT('',(0.0109904602651409,0.0190558041747601,-8.67361737988404E-19));
#14469=CARTESIAN_POINT('',(0.0102492404070965,0.0191470957384322,-8.67361737988404E-19));
#14470=CARTESIAN_POINT('',(0.00802297970407987,0.0193347293804228,-8.67361737988404E-19));
#14471=CARTESIAN_POINT('',(0.00651252219788961,0.019350000000954,-8.67361737988404E-19));
#14472=CARTESIAN_POINT('',(0.005,0.01935,-8.67361737988404E-19));
#14473=CARTESIAN_POINT('',(0.0163649391542266,0.01,-0.000383130514088461));
#14474=CARTESIAN_POINT('',(0.0163649391543106,0.0107602827850785,-0.000383130514368737));
#14475=CARTESIAN_POINT('',(0.0163544357259241,0.0115177277551253,-0.000383127594781151));
#14476=CARTESIAN_POINT('',(0.0162842694608707,0.0130356528749475,-0.000383131428189955));
#14477=CARTESIAN_POINT('',(0.0162267802333433,0.0137971449233039,-0.000383122713626065));
#14478=CARTESIAN_POINT('',(0.0159771446813271,0.0153078396432873,-0.000383133156815655));
#14479=CARTESIAN_POINT('',(0.0157848427952192,0.0160632513646299,-0.000383123613680304));
#14480=CARTESIAN_POINT('',(0.0150879871094021,0.017439143420869,-0.00038313656623614));
#14481=CARTESIAN_POINT('',(0.0145675012434968,0.0180493334916861,-0.000383112576632666));
#14482=CARTESIAN_POINT('',(0.0132928461883295,0.0189326023977328,-0.000383163996399907));
#14483=CARTESIAN_POINT('',(0.0125590430876812,0.0192100577576335,-0.000383124765618835));
#14484=CARTESIAN_POINT('',(0.0110688723734742,0.0195665655506382,-0.000383115910890082));
#14485=CARTESIAN_POINT('',(0.0103076404512163,0.019658946243508,-0.000383128195885155));
#14486=CARTESIAN_POINT('',(0.00803592392976179,0.0198504135611079,-0.000383127444504625));
#14487=CARTESIAN_POINT('',(0.00652048941338689,0.0198649391543071,-0.000383130514357079));
#14488=CARTESIAN_POINT('',(0.005,0.0198649391542265,-0.000383130514088461));
#14489=CARTESIAN_POINT('',(0.0163649391542265,0.01,-0.000383130514088462));
#14490=CARTESIAN_POINT('',(0.0161932927694844,0.01,-0.000255420342725642));
#14491=CARTESIAN_POINT('',(0.0160216463847422,0.01,-0.000127710171362821));
#14492=CARTESIAN_POINT('',(0.01585,0.01,-8.67361737988404E-19));
#14493=CARTESIAN_POINT('',(-0.01585,-0.009875,-8.67361737988404E-19));
#14494=CARTESIAN_POINT('',(-0.0163649391542265,-0.00999999999999998,-0.000383130514088463));
#14495=CARTESIAN_POINT('',(-0.0161932927694844,-0.00999999999999998,-0.000255420342725643));
#14496=CARTESIAN_POINT('',(-0.0160216463847422,-0.00999999999999998,-0.000127710171362824));
#14497=CARTESIAN_POINT('',(-0.01585,-0.00999999999999998,-4.15185627521521E-18));
#14498=CARTESIAN_POINT('',(0.01585,-0.009875,-8.67361737988404E-19));
#14499=CARTESIAN_POINT('',(0.01585,-0.01,-8.67361737988404E-19));
#14500=CARTESIAN_POINT('',(0.0160216463847422,-0.01,-0.000127710171362821));
#14501=CARTESIAN_POINT('',(0.0161932927694844,-0.01,-0.000255420342725642));
#14502=CARTESIAN_POINT('',(0.0163649391542265,-0.01,-0.000383130514088462));
#14503=CARTESIAN_POINT('',(-0.01585,-0.01,-8.67361737988404E-19));
#14504=CARTESIAN_POINT('',(-0.0158500000009795,-0.0107548254575108,-8.67361737988404E-19));
#14505=CARTESIAN_POINT('',(-0.0158394908966454,-0.0115057443865946,-8.67361737988404E-19));
#14506=CARTESIAN_POINT('',(-0.0157704278828191,-0.0130000796919554,-8.67361737988404E-19));
#14507=CARTESIAN_POINT('',(-0.0157134707632813,-0.0137448636879737,-8.67361737988404E-19));
#14508=CARTESIAN_POINT('',(-0.0154743386346765,-0.0151922101939172,-8.67361737988404E-19));
#14509=CARTESIAN_POINT('',(-0.0152919802909986,-0.0158966452750795,-8.67361737988404E-19));
#14510=CARTESIAN_POINT('',(-0.0146620891856099,-0.0171404169087858,-8.67361737988404E-19));
#14511=CARTESIAN_POINT('',(-0.0142060827227615,-0.0176732159634476,-8.67361737988404E-19));
#14512=CARTESIAN_POINT('',(-0.0130677196236851,-0.0184622522928738,-8.67361737988404E-19));
#14513=CARTESIAN_POINT('',(-0.0123978121773336,-0.0187191404087848,-8.67361737988404E-19));
#14514=CARTESIAN_POINT('',(-0.0109904602651438,-0.0190558041747649,-8.67361737988404E-19));
#14515=CARTESIAN_POINT('',(-0.0102492404070959,-0.0191470957384335,-8.67361737988404E-19));
#14516=CARTESIAN_POINT('',(-0.00802297970408118,-0.0193347293804202,-8.67361737988404E-19));
#14517=CARTESIAN_POINT('',(-0.00651252219788849,-0.0193500000009725,-8.67361737988404E-19));
#14518=CARTESIAN_POINT('',(-0.005,-0.01935,-8.67361737988404E-19));
#14519=CARTESIAN_POINT('',(-0.0163649391542266,-0.01,-0.000383130514088461));
#14520=CARTESIAN_POINT('',(-0.0163649391543105,-0.0107602827850809,-0.000383130514368474));
#14521=CARTESIAN_POINT('',(-0.0163544357259249,-0.0115177277551211,-0.00038312759478176));
#14522=CARTESIAN_POINT('',(-0.0162842694608704,-0.013035652874952,-0.000383131428189391));
#14523=CARTESIAN_POINT('',(-0.0162267802333418,-0.0137971449233056,-0.000383122713625224));
#14524=CARTESIAN_POINT('',(-0.0159771446813275,-0.0153078396432863,-0.000383133156816466));
#14525=CARTESIAN_POINT('',(-0.015784842795216,-0.0160632513646329,-0.000383123613680295));
#14526=CARTESIAN_POINT('',(-0.0150879871094059,-0.0174391434208639,-0.000383136566236152));
#14527=CARTESIAN_POINT('',(-0.0145675012434938,-0.0180493334916886,-0.000383112576632662));
#14528=CARTESIAN_POINT('',(-0.0132928461883306,-0.0189326023977304,-0.000383163996399889));
#14529=CARTESIAN_POINT('',(-0.0125590430876895,-0.0192100577576329,-0.000383124765620047));
#14530=CARTESIAN_POINT('',(-0.0110688723734661,-0.0195665655506402,-0.000383115910888934));
#14531=CARTESIAN_POINT('',(-0.0103076404512194,-0.019658946243508,-0.000383128195885551));
#14532=CARTESIAN_POINT('',(-0.0080359239297554,-0.0198504135611081,-0.000383127444503724));
#14533=CARTESIAN_POINT('',(-0.00652048941339169,-0.0198649391543069,-0.000383130514356325));
#14534=CARTESIAN_POINT('',(-0.005,-0.0198649391542265,-0.000383130514088461));
#14535=CARTESIAN_POINT('',(-0.005,-0.01935,-8.28728789453636E-19));
#14536=CARTESIAN_POINT('',(-0.005,-0.0195216463847422,-0.00012771017136282));
#14537=CARTESIAN_POINT('',(-0.005,-0.0196932927694844,-0.00025542034272564));
#14538=CARTESIAN_POINT('',(-0.005,-0.0198649391542265,-0.000383130514088459));
#14539=CARTESIAN_POINT('',(0.005,-0.01935,-8.67361737988404E-19));
#14540=CARTESIAN_POINT('',(0.00651259341753587,-0.0193500000009619,-8.67361737988404E-19));
#14541=CARTESIAN_POINT('',(0.00802383601589781,-0.0193346795627229,-8.67361737988404E-19));
#14542=CARTESIAN_POINT('',(0.0102493765879417,-0.0191470730774197,-8.67361737988404E-19));
#14543=CARTESIAN_POINT('',(0.0109898915990983,-0.0190558900643159,-8.67361737988404E-19));
#14544=CARTESIAN_POINT('',(0.012397231847324,-0.0187193293341293,-8.67361737988404E-19));
#14545=CARTESIAN_POINT('',(0.0130665280308913,-0.01846294638672,-8.67361737988404E-19));
#14546=CARTESIAN_POINT('',(0.0142061687217721,-0.0176732880624571,-8.67361737988404E-19));
#14547=CARTESIAN_POINT('',(0.0146617795764275,-0.0171407196538483,-8.67361737988404E-19));
#14548=CARTESIAN_POINT('',(0.0152914151727437,-0.0158980692661787,-8.67361737988404E-19));
#14549=CARTESIAN_POINT('',(0.0154739966930807,-0.0151937235248293,-8.67361737988404E-19));
#14550=CARTESIAN_POINT('',(0.0157133389437825,-0.013746216671436,-8.67361737988404E-19));
#14551=CARTESIAN_POINT('',(0.0157703813727508,-0.0130008796803448,-8.67361737988404E-19));
#14552=CARTESIAN_POINT('',(0.0158394990582608,-0.0115057740030096,-8.67361737988404E-19));
#14553=CARTESIAN_POINT('',(0.0158500000010183,-0.0107554816866488,-8.67361737988404E-19));
#14554=CARTESIAN_POINT('',(0.01585,-0.01,-8.67361737988404E-19));
#14555=CARTESIAN_POINT('',(0.005,-0.0198649391542265,-0.000383130514088461));
#14556=CARTESIAN_POINT('',(0.00652055619172527,-0.0198649391543092,-0.000383130514363785));
#14557=CARTESIAN_POINT('',(0.00803679275573118,-0.0198503631580785,-0.00038312744074781));
#14558=CARTESIAN_POINT('',(0.0103077818994219,-0.0196589229031862,-0.000383128197934198));
#14559=CARTESIAN_POINT('',(0.0110682819015797,-0.0195666536433925,-0.000383115928073456));
#14560=CARTESIAN_POINT('',(0.0125584169753623,-0.0192102606720532,-0.00038312474119664));
#14561=CARTESIAN_POINT('',(0.0132915234632434,-0.0189333713607038,-0.000383164052294008));
#14562=CARTESIAN_POINT('',(0.0145675860132339,-0.0180494222215026,-0.000383112570641936));
#14563=CARTESIAN_POINT('',(0.0150876393262348,-0.0174394892157095,-0.000383136510071143));
#14564=CARTESIAN_POINT('',(0.0157842228504131,-0.0160648157500006,-0.000383123687779112));
#14565=CARTESIAN_POINT('',(0.0159767843242143,-0.0153094396958097,-0.000383133174101684));
#14566=CARTESIAN_POINT('',(0.0162266460137754,-0.0137985366796296,-0.000383122717048162));
#14567=CARTESIAN_POINT('',(0.0162842221098688,-0.0130364676305777,-0.000383131430501032));
#14568=CARTESIAN_POINT('',(0.0163544441159761,-0.0115177556978184,-0.000383127594614278));
#14569=CARTESIAN_POINT('',(0.0163649391543115,-0.0107609461254074,-0.000383130514371611));
#14570=CARTESIAN_POINT('',(0.0163649391542266,-0.01,-0.000383130514088461));
#14571=CARTESIAN_POINT('',(0.005,-0.0198649391542265,-0.000383130514088459));
#14572=CARTESIAN_POINT('',(0.005,-0.0196932927694844,-0.00025542034272564));
#14573=CARTESIAN_POINT('',(0.005,-0.0195216463847422,-0.00012771017136282));
#14574=CARTESIAN_POINT('',(0.005,-0.01935,-8.67361737988404E-19));
#14575=CARTESIAN_POINT('',(0.008125,-0.01935,-8.67361737988404E-19));
#14576=CARTESIAN_POINT('',(0.,0.0208373687238769,-0.00426983787380464));
#14577=CARTESIAN_POINT('',(-3.35260242416001E-33,0.020837368723877,-0.00426983787380463));
#14578=CARTESIAN_POINT('',(-2.31296463463574E-18,0.0207406887672454,-0.00432256821410284));
#14579=CARTESIAN_POINT('',(-4.62592926927149E-18,0.0206440088106138,-0.00437529855440104));
#14580=CARTESIAN_POINT('',(-6.93889390390723E-18,0.0205473288539822,-0.00442802889469925));
#14581=CARTESIAN_POINT('',(-0.005,0.0205473288539821,-0.00442802889469925));
#14582=CARTESIAN_POINT('',(-0.005,0.0206440088106137,-0.00437529855440104));
#14583=CARTESIAN_POINT('',(-0.005,0.0207406887672453,-0.00432256821410284));
#14584=CARTESIAN_POINT('',(-0.005,0.0208373687238769,-0.00426983787380463));
#14585=CARTESIAN_POINT('',(-0.005,0.0208373687238769,-0.00426983787380463));
#14586=CARTESIAN_POINT('',(-0.00659248310861984,0.0208373687239394,-0.00426983787465152));
#14587=CARTESIAN_POINT('',(-0.00820042217744531,0.0208205593356678,-0.00425821470096895));
#14588=CARTESIAN_POINT('',(-0.0105521920072625,0.0205946298120476,-0.00409345305120871));
#14589=CARTESIAN_POINT('',(-0.0113355398205789,0.0204831210456843,-0.00401234939539396));
#14590=CARTESIAN_POINT('',(-0.012800692425289,0.0200867003246055,-0.00371664059023804));
#14591=CARTESIAN_POINT('',(-0.0134753195115899,0.0197955761909806,-0.00349686450821401));
#14592=CARTESIAN_POINT('',(-0.0140354215991347,0.0193866306481362,-0.00318437962064494));
#14593=CARTESIAN_POINT('',(-0.005,0.0205473288539822,-0.00442802889469925));
#14594=CARTESIAN_POINT('',(-0.00658970928582101,0.0205473288549942,-0.00442802889546188));
#14595=CARTESIAN_POINT('',(-0.0081953790301681,0.0205315093951203,-0.00441610807740348));
#14596=CARTESIAN_POINT('',(-0.0105309736484459,0.0203136877295098,-0.00425196767908254));
#14597=CARTESIAN_POINT('',(-0.0113072142908471,0.0202062740434409,-0.00417102566090888));
#14598=CARTESIAN_POINT('',(-0.0127475870204232,0.0198201864205274,-0.00388008776896786));
#14599=CARTESIAN_POINT('',(-0.0134057348427391,0.0195350503537844,-0.00366522233104323));
#14600=CARTESIAN_POINT('',(-0.0139481789711649,0.0191328132858882,-0.00336211495942854));
#14601=CARTESIAN_POINT('',(-0.0139481789711649,0.0191328132858882,-0.00336211495942854));
#14602=CARTESIAN_POINT('',(-0.0139772598471549,0.0192174190733042,-0.00330286984650067));
#14603=CARTESIAN_POINT('',(-0.0140063407231448,0.0193020248607202,-0.00324362473357281));
#14604=CARTESIAN_POINT('',(-0.0140354215991347,0.0193866306481362,-0.00318437962064494));
#14605=CARTESIAN_POINT('',(0.005,0.0208373687238769,-0.00426983787380463));
#14606=CARTESIAN_POINT('',(0.005,0.0208373687238769,-0.00426983787380463));
#14607=CARTESIAN_POINT('',(0.005,0.0207406887672454,-0.00432256821410284));
#14608=CARTESIAN_POINT('',(0.005,0.0206440088106138,-0.00437529855440104));
#14609=CARTESIAN_POINT('',(0.005,0.0205473288539822,-0.00442802889469925));
#14610=CARTESIAN_POINT('',(-0.0140354215991351,0.0193866306481362,-0.00318437962064569));
#14611=CARTESIAN_POINT('',(-0.01420675311171,0.0192483160166422,-0.00303636348007107));
#14612=CARTESIAN_POINT('',(-0.0144071858485805,0.0190794362867199,-0.00290664752522285));
#14613=CARTESIAN_POINT('',(-0.0148356072087797,0.0186750234708549,-0.00271352117152004));
#14614=CARTESIAN_POINT('',(-0.0150569075493504,0.018442129070672,-0.00265409620857371));
#14615=CARTESIAN_POINT('',(-0.0154757091672035,0.0179590457530842,-0.00263804948042195));
#14616=CARTESIAN_POINT('',(-0.0156769315913817,0.0177058049192319,-0.00267885790108873));
#14617=CARTESIAN_POINT('',(-0.0160518499605148,0.0171993236627252,-0.00288976040440126));
#14618=CARTESIAN_POINT('',(-0.0162205913507926,0.0169510383113059,-0.00306063628468624));
#14619=CARTESIAN_POINT('',(-0.0164978884072539,0.016545046220625,-0.00353075782472281));
#14620=CARTESIAN_POINT('',(-0.0166086542501866,0.0163845082046624,-0.00383576160148559));
#14621=CARTESIAN_POINT('',(-0.0167210982895896,0.0162408883404379,-0.004529900229464));
#14622=CARTESIAN_POINT('',(-0.0167172687274728,0.0162648237253244,-0.00491485082427042));
#14623=CARTESIAN_POINT('',(-0.0165723666799369,0.01649008903407,-0.00558692098381641));
#14624=CARTESIAN_POINT('',(-0.0164332825527029,0.0166857999191739,-0.00586999480952142));
#14625=CARTESIAN_POINT('',(-0.0161039030080617,0.0171216913411774,-0.00626853394650083));
#14626=CARTESIAN_POINT('',(-0.0159187658309355,0.0173570032891792,-0.0063873164330215));
#14627=CARTESIAN_POINT('',(-0.0157437045218253,0.0175722953157413,-0.0064540623849141));
#14628=CARTESIAN_POINT('',(-0.0139481789711655,0.0191328132858883,-0.00336211495942869));
#14629=CARTESIAN_POINT('',(-0.0141042379856205,0.0189849572120381,-0.00325069741614606));
#14630=CARTESIAN_POINT('',(-0.0142851434351205,0.0188135943019517,-0.00316300062619128));
#14631=CARTESIAN_POINT('',(-0.0146622467288766,0.0184338399428849,-0.00305507797969417));
#14632=CARTESIAN_POINT('',(-0.0148526240457736,0.0182289962795827,-0.00303726244569863));
#14633=CARTESIAN_POINT('',(-0.015207813070427,0.0178290129081581,-0.0030816594500771));
#14634=CARTESIAN_POINT('',(-0.0153749462829257,0.0176314806738513,-0.00314242108387728));
#14635=CARTESIAN_POINT('',(-0.0156801792820834,0.0172598209583334,-0.00334947455422089));
#14636=CARTESIAN_POINT('',(-0.0158145234755562,0.017087503897812,-0.00349687034346905));
#14637=CARTESIAN_POINT('',(-0.0160289259391184,0.016816847734681,-0.00386417907922897));
#14638=CARTESIAN_POINT('',(-0.0161100333048611,0.0167172853815572,-0.00408700501272539));
#14639=CARTESIAN_POINT('',(-0.016189581916631,0.0166314263764073,-0.00456560110347987));
#14640=CARTESIAN_POINT('',(-0.0161859556814317,0.0166470001889721,-0.00481793545202699));
#14641=CARTESIAN_POINT('',(-0.0160904200936967,0.0167842154801375,-0.00527443195922249));
#14642=CARTESIAN_POINT('',(-0.0159988055347619,0.0169051158880437,-0.00548025760857578));
#14643=CARTESIAN_POINT('',(-0.015762612300263,0.0172035478581434,-0.00580775057434954));
#14644=CARTESIAN_POINT('',(-0.01562076718524,0.0173764770457486,-0.00592622071415803));
#14645=CARTESIAN_POINT('',(-0.0154787031965383,0.017544941694302,-0.00600477706990687));
#14646=CARTESIAN_POINT('',(-0.0154787031965383,0.017544941694302,-0.00600477706990687));
#14647=CARTESIAN_POINT('',(-0.015567036971634,0.0175540595681151,-0.00615453884157595));
#14648=CARTESIAN_POINT('',(-0.0156553707467296,0.0175631774419282,-0.00630430061324502));
#14649=CARTESIAN_POINT('',(-0.0157437045218253,0.0175722953157413,-0.0064540623849141));
#14650=CARTESIAN_POINT('',(0.0140354216030419,0.019386630648729,-0.00318437961962767));
#14651=CARTESIAN_POINT('',(0.013476833931453,0.0197944704832284,-0.00349601960050616));
#14652=CARTESIAN_POINT('',(0.0127989024151726,0.0200872457801849,-0.003717048742659));
#14653=CARTESIAN_POINT('',(0.0113360417418745,0.0204829240555872,-0.00401220118069224));
#14654=CARTESIAN_POINT('',(0.0105551758807514,0.020594311323315,-0.0040932204979779));
#14655=CARTESIAN_POINT('',(0.0081972208169084,0.0208209305002186,-0.00425848595990033));
#14656=CARTESIAN_POINT('',(0.00660160010911365,0.0208373687239432,-0.00426983787470402));
#14657=CARTESIAN_POINT('',(0.005,0.0208373687238769,-0.00426983787380463));
#14658=CARTESIAN_POINT('',(0.0139481789730307,0.0191328132858865,-0.00336211495942729));
#14659=CARTESIAN_POINT('',(0.0134072076938902,0.0195339581906472,-0.00366439932708783));
#14660=CARTESIAN_POINT('',(0.012745830072918,0.019820718406468,-0.00388048864912795));
#14661=CARTESIAN_POINT('',(0.0113077049386267,0.0202060814401326,-0.00417088052390581));
#14662=CARTESIAN_POINT('',(0.0105339351652852,0.0203133804897391,-0.00425173615730898));
#14663=CARTESIAN_POINT('',(0.00819220335358961,0.0205318676005746,-0.00441637800457426));
#14664=CARTESIAN_POINT('',(0.00659878968937045,0.0205473288550661,-0.00442802889551604));
#14665=CARTESIAN_POINT('',(0.005,0.0205473288539822,-0.00442802889469925));
#14666=CARTESIAN_POINT('',(0.0140354216030419,0.019386630648729,-0.00318437961962767));
#14667=CARTESIAN_POINT('',(0.0140063407263715,0.0193020248611149,-0.00324362473289421));
#14668=CARTESIAN_POINT('',(0.0139772598497011,0.0192174190735006,-0.00330286984616075));
#14669=CARTESIAN_POINT('',(0.0139481789730307,0.0191328132858865,-0.00336211495942729));
#14670=CARTESIAN_POINT('',(-0.0157437045218254,0.0175722953157412,-0.00645406238491404));
#14671=CARTESIAN_POINT('',(-0.015139463896164,0.0182501537195957,-0.00676699351552367));
#14672=CARTESIAN_POINT('',(-0.0143503141303073,0.0187486990191681,-0.00699350073629206));
#14673=CARTESIAN_POINT('',(-0.0125981336303961,0.0193814122083382,-0.00727484205467048));
#14674=CARTESIAN_POINT('',(-0.011655722261558,0.0195250974052294,-0.00733547149425709));
#14675=CARTESIAN_POINT('',(-0.00976773165989614,0.0197068172665398,-0.00741202806183235));
#14676=CARTESIAN_POINT('',(-0.00881484564825999,0.0197443097083648,-0.00742736437983045));
#14677=CARTESIAN_POINT('',(-0.00690935914964799,0.0197904001539233,-0.00744634673838326));
#14678=CARTESIAN_POINT('',(-0.00595633497113039,0.0197968076760775,-0.00744895719725942));
#14679=CARTESIAN_POINT('',(-0.005,0.0197968076759129,-0.00744895719738915));
#14680=CARTESIAN_POINT('',(-0.0154787031965385,0.0175449416943019,-0.0060047770699068));
#14681=CARTESIAN_POINT('',(-0.0149273645548877,0.0181901242048059,-0.00630563061546246));
#14682=CARTESIAN_POINT('',(-0.0142047540457856,0.0186739001622129,-0.00653121904923264));
#14683=CARTESIAN_POINT('',(-0.0125399791614988,0.0193082271324096,-0.00682701057320965));
#14684=CARTESIAN_POINT('',(-0.0116208157436233,0.0194604798873893,-0.00689800719883187));
#14685=CARTESIAN_POINT('',(-0.00975417144607357,0.0196522638851787,-0.00698743754571262));
#14686=CARTESIAN_POINT('',(-0.00880607380984261,0.0196923793193947,-0.00700614367989778));
#14687=CARTESIAN_POINT('',(-0.00690674643840867,0.0197415432139901,-0.00702906918045234));
#14688=CARTESIAN_POINT('',(-0.00595502857902617,0.0197484107407335,-0.00703227156076533));
#14689=CARTESIAN_POINT('',(-0.0050000000000001,0.0197484107403003,-0.00703227156056338));
#14690=CARTESIAN_POINT('',(-0.005,0.0197968076759129,-0.00744895719738915));
#14691=CARTESIAN_POINT('',(-0.00500000000000003,0.0197806753640421,-0.00731006198511389));
#14692=CARTESIAN_POINT('',(-0.00500000000000007,0.0197645430521712,-0.00717116677283864));
#14693=CARTESIAN_POINT('',(-0.0050000000000001,0.0197484107403003,-0.00703227156056338));
#14694=CARTESIAN_POINT('',(0.0157437045508685,0.0175722953191809,-0.00645406238563251));
#14695=CARTESIAN_POINT('',(0.0159183038242261,0.0173575715048319,-0.00638749259826648));
#14696=CARTESIAN_POINT('',(0.016103864105031,0.0171217386768098,-0.00626853454855209));
#14697=CARTESIAN_POINT('',(0.0164331051482017,0.0166860388686646,-0.00587025593170373));
#14698=CARTESIAN_POINT('',(0.0165723809807928,0.0164900854284975,-0.00558721672412383));
#14699=CARTESIAN_POINT('',(0.0167174839838054,0.0162644704190491,-0.00491348978094128));
#14700=CARTESIAN_POINT('',(0.0167210271131728,0.016240947340603,-0.00452874350472889));
#14701=CARTESIAN_POINT('',(0.0166084059977235,0.0163848572731794,-0.00383494851718657));
#14702=CARTESIAN_POINT('',(0.016496906251284,0.0165464866528337,-0.00352789755958812));
#14703=CARTESIAN_POINT('',(0.0162172476378898,0.0169559313954994,-0.00305618122039637));
#14704=CARTESIAN_POINT('',(0.0160490674787005,0.0172031923139613,-0.0028877565764778));
#14705=CARTESIAN_POINT('',(0.0156763397210081,0.0177064937997687,-0.00267896751636099));
#14706=CARTESIAN_POINT('',(0.0154750301562228,0.0179598420202436,-0.00263804484069318));
#14707=CARTESIAN_POINT('',(0.0148482809081257,0.0186827516955168,-0.00266215126415651));
#14708=CARTESIAN_POINT('',(0.014376315033721,0.0191114299554043,-0.00288987609910099));
#14709=CARTESIAN_POINT('',(0.014035421603042,0.019386630648729,-0.00318437961962791));
#14710=CARTESIAN_POINT('',(0.0154787032264914,0.0175449416979026,-0.00600477707158584));
#14711=CARTESIAN_POINT('',(0.0156203972384366,0.0173769157870452,-0.00592642530310889));
#14712=CARTESIAN_POINT('',(0.0157625810234371,0.0172035853972515,-0.00580776089943984));
#14713=CARTESIAN_POINT('',(0.0159986817091084,0.0169052743635412,-0.00548046236551176));
#14714=CARTESIAN_POINT('',(0.0160904298527565,0.0167842119593987,-0.00527462234782997));
#14715=CARTESIAN_POINT('',(0.0161860972849662,0.0166467863120624,-0.00481702149134185));
#14716=CARTESIAN_POINT('',(0.0161895351300561,0.0166314559620196,-0.00456482437004302));
#14717=CARTESIAN_POINT('',(0.0161098541139897,0.0167174997679647,-0.00408642353437682));
#14718=CARTESIAN_POINT('',(0.0160282047416016,0.0168177372788431,-0.00386209170717072));
#14719=CARTESIAN_POINT('',(0.0158118993837982,0.017090837727954,-0.00349323989356507));
#14720=CARTESIAN_POINT('',(0.0156779322761595,0.0172625920739083,-0.00334763341979027));
#14721=CARTESIAN_POINT('',(0.015374445965375,0.0176320545357571,-0.00314240141987871));
#14722=CARTESIAN_POINT('',(0.0152072392664548,0.0178296648375447,-0.0030815627284967));
#14723=CARTESIAN_POINT('',(0.0146756819860353,0.0184282417453798,-0.00301519552441608));
#14724=CARTESIAN_POINT('',(0.0142613018754961,0.018836149072609,-0.00313856243999117));
#14725=CARTESIAN_POINT('',(0.0139481789730309,0.0191328132858865,-0.00336211495942734));
#14726=CARTESIAN_POINT('',(0.0157437045508685,0.0175722953191809,-0.00645406238563251));
#14727=CARTESIAN_POINT('',(0.0156553707760761,0.0175631774454214,-0.00630430061428362));
#14728=CARTESIAN_POINT('',(0.0155670370012838,0.017554059571662,-0.00615453884293473));
#14729=CARTESIAN_POINT('',(0.0154787032264914,0.0175449416979026,-0.00600477707158584));
#14730=CARTESIAN_POINT('',(-0.005,0.0197968076759129,-0.00744895719738914));
#14731=CARTESIAN_POINT('',(-3.46944695195361E-18,0.0197484107403003,-0.00703227156056338));
#14732=CARTESIAN_POINT('',(-3.46944695195362E-18,0.0197645430521712,-0.00717116677283864));
#14733=CARTESIAN_POINT('',(-3.46944695195361E-18,0.0197806753640421,-0.00731006198511389));
#14734=CARTESIAN_POINT('',(-3.46944695195361E-18,0.0197968076759129,-0.00744895719738915));
#14735=CARTESIAN_POINT('',(0.005,0.0197968076759129,-0.00744895719738914));
#14736=CARTESIAN_POINT('',(0.00595613936750482,0.0197968076760722,-0.00744895719726357));
#14737=CARTESIAN_POINT('',(0.00691231626571009,0.019790355128532,-0.00744632829031007));
#14738=CARTESIAN_POINT('',(0.00881603676746764,0.0197442543367769,-0.00742734147915868));
#14739=CARTESIAN_POINT('',(0.00976486678767792,0.0197070536693817,-0.00741212693169264));
#14740=CARTESIAN_POINT('',(0.0116565617398355,0.0195250559032988,-0.00733545473305773));
#14741=CARTESIAN_POINT('',(0.0125937108185667,0.0193826895353893,-0.00727540343433659));
#14742=CARTESIAN_POINT('',(0.0139112360071449,0.0189074096282152,-0.00706407604762671));
#14743=CARTESIAN_POINT('',(0.0143338698215149,0.0187060809009591,-0.00697337436978793));
#14744=CARTESIAN_POINT('',(0.0150985554031858,0.0182054078864146,-0.00674534410450792));
#14745=CARTESIAN_POINT('',(0.015438366280619,0.0179148345387572,-0.00661219450619833));
#14746=CARTESIAN_POINT('',(0.0157437045507776,0.0175722953188787,-0.00645406238619094));
#14747=CARTESIAN_POINT('',(0.00500000000000011,0.0197484107403003,-0.00703227156056338));
#14748=CARTESIAN_POINT('',(0.00595483480586827,0.019748410740746,-0.00703227156077118));
#14749=CARTESIAN_POINT('',(0.00690969694375286,0.0197414950701369,-0.00702904673060489));
#14750=CARTESIAN_POINT('',(0.00880725812483285,0.0196923203717797,-0.00700611619217347));
#14751=CARTESIAN_POINT('',(0.00975133122571563,0.019652514637922,-0.00698755447363713));
#14752=CARTESIAN_POINT('',(0.0116216534554523,0.0194604348318301,-0.00689798618907955));
#14753=CARTESIAN_POINT('',(0.0125357419857693,0.0193095252376057,-0.00682761588960368));
#14754=CARTESIAN_POINT('',(0.0137875962839303,0.0188330068491388,-0.00660541171580985));
#14755=CARTESIAN_POINT('',(0.0141827251979577,0.0186347180284899,-0.00651294812021478));
#14756=CARTESIAN_POINT('',(0.0148889937286155,0.0181504938285238,-0.00628715066750657));
#14757=CARTESIAN_POINT('',(0.0152006643715638,0.0178703057940384,-0.00615649684130267));
#14758=CARTESIAN_POINT('',(0.0154787032260369,0.0175449416983871,-0.00600477707181175));
#14759=CARTESIAN_POINT('',(0.00500000000000011,0.0197484107403003,-0.00703227156056338));
#14760=CARTESIAN_POINT('',(0.00500000000000007,0.0197645430521712,-0.00717116677283863));
#14761=CARTESIAN_POINT('',(0.00500000000000003,0.0197806753640421,-0.00731006198511389));
#14762=CARTESIAN_POINT('',(0.005,0.0197968076759129,-0.00744895719738914));
#14763=CARTESIAN_POINT('',(0.,0.0197968076759129,-0.00744895719738915));
#14764=CARTESIAN_POINT('',(0.,-0.0205473288539822,-0.00442802889469925));
#14765=CARTESIAN_POINT('',(0.,-0.0205473288539822,-0.00442802889469925));
#14766=CARTESIAN_POINT('',(0.,-0.0206440088106138,-0.00437529855440104));
#14767=CARTESIAN_POINT('',(0.,-0.0207406887672454,-0.00432256821410284));
#14768=CARTESIAN_POINT('',(0.,-0.020837368723877,-0.00426983787380463));
#14769=CARTESIAN_POINT('',(-0.005,-0.020837368723877,-0.00426983787380463));
#14770=CARTESIAN_POINT('',(-0.005,-0.0207406887672454,-0.00432256821410284));
#14771=CARTESIAN_POINT('',(-0.005,-0.0206440088106138,-0.00437529855440104));
#14772=CARTESIAN_POINT('',(-0.005,-0.0205473288539822,-0.00442802889469925));
#14773=CARTESIAN_POINT('',(-0.005,-0.0205473288539822,-0.00442802889469925));
#14774=CARTESIAN_POINT('',(-0.00658970928896649,-0.0205473288550214,-0.00442802889548241));
#14775=CARTESIAN_POINT('',(-0.00819537903301577,-0.020531509394143,-0.00441610807666699));
#14776=CARTESIAN_POINT('',(-0.010530973654735,-0.0203136877312093,-0.00425196768036323));
#14777=CARTESIAN_POINT('',(-0.0113072142951065,-0.0202062740319101,-0.00417102565221978));
#14778=CARTESIAN_POINT('',(-0.0127475870362883,-0.0198201864352167,-0.00388008778003695));
#14779=CARTESIAN_POINT('',(-0.0134057348495445,-0.0195350503570269,-0.00366522233348668));
#14780=CARTESIAN_POINT('',(-0.0139481789730284,-0.0191328132858886,-0.00336211495942889));
#14781=CARTESIAN_POINT('',(-0.005,-0.0208373687238769,-0.00426983787380463));
#14782=CARTESIAN_POINT('',(-0.00659248311290073,-0.0208373687239407,-0.00426983787466963));
#14783=CARTESIAN_POINT('',(-0.00820042217895803,-0.0208205593346398,-0.00425821470032856));
#14784=CARTESIAN_POINT('',(-0.0105521920138781,-0.0205946298138189,-0.00409345305246495));
#14785=CARTESIAN_POINT('',(-0.0113355398216526,-0.0204831210334668,-0.00401234938725385));
#14786=CARTESIAN_POINT('',(-0.0128006924382533,-0.0200867003391296,-0.00371664060219878));
#14787=CARTESIAN_POINT('',(-0.0134753195237309,-0.0197955761951582,-0.00349686450813076));
#14788=CARTESIAN_POINT('',(-0.0140354216030393,-0.0193866306487306,-0.0031843796196293));
#14789=CARTESIAN_POINT('',(-0.0140354216030393,-0.0193866306487306,-0.0031843796196293));
#14790=CARTESIAN_POINT('',(-0.014006340726369,-0.0193020248611166,-0.00324362473289583));
#14791=CARTESIAN_POINT('',(-0.0139772598496987,-0.0192174190735026,-0.00330286984616236));
#14792=CARTESIAN_POINT('',(-0.0139481789730284,-0.0191328132858886,-0.00336211495942889));
#14793=CARTESIAN_POINT('',(0.005,-0.0205473288539822,-0.00442802889469925));
#14794=CARTESIAN_POINT('',(0.005,-0.0205473288539822,-0.00442802889469925));
#14795=CARTESIAN_POINT('',(0.005,-0.0206440088106138,-0.00437529855440104));
#14796=CARTESIAN_POINT('',(0.005,-0.0207406887672453,-0.00432256821410284));
#14797=CARTESIAN_POINT('',(0.005,-0.0208373687238769,-0.00426983787380463));
#14798=CARTESIAN_POINT('',(-0.0139481789730284,-0.0191328132858883,-0.00336211495942869));
#14799=CARTESIAN_POINT('',(-0.0141042379864528,-0.0189849572109352,-0.00325069741531503));
#14800=CARTESIAN_POINT('',(-0.0142851434386204,-0.0188135942997286,-0.00316300062496648));
#14801=CARTESIAN_POINT('',(-0.0146622467339674,-0.018433839936491,-0.00305507797847008));
#14802=CARTESIAN_POINT('',(-0.0148526240547675,-0.0182289962740468,-0.0030372624462786));
#14803=CARTESIAN_POINT('',(-0.0152078130888169,-0.0178290129131691,-0.00308165944955538));
#14804=CARTESIAN_POINT('',(-0.015374946305938,-0.0176314806862906,-0.00314242107938898));
#14805=CARTESIAN_POINT('',(-0.0156801793049983,-0.017259820973049,-0.00334947454358106));
#14806=CARTESIAN_POINT('',(-0.015814523486222,-0.0170875039083877,-0.00349687033271269));
#14807=CARTESIAN_POINT('',(-0.0160289259465864,-0.0168168477413009,-0.00386417906664893));
#14808=CARTESIAN_POINT('',(-0.0161100333085342,-0.0167172853850601,-0.00408700500228418));
#14809=CARTESIAN_POINT('',(-0.0161895819178468,-0.0166314263765162,-0.00456560109378802));
#14810=CARTESIAN_POINT('',(-0.0161859556846536,-0.0166470001875609,-0.00481793544293273));
#14811=CARTESIAN_POINT('',(-0.0160904201056978,-0.0167842154768073,-0.0052744319525426));
#14812=CARTESIAN_POINT('',(-0.0159988055537491,-0.0169051158845464,-0.00548025760388294));
#14813=CARTESIAN_POINT('',(-0.015762612319406,-0.0172035478562132,-0.00580775057308633));
#14814=CARTESIAN_POINT('',(-0.0156207672171774,-0.017376477050354,-0.00592622071630558));
#14815=CARTESIAN_POINT('',(-0.0154787032295282,-0.017544941694302,-0.00600477706990687));
#14816=CARTESIAN_POINT('',(-0.0140354216030393,-0.0193866306487307,-0.00318437961962973));
#14817=CARTESIAN_POINT('',(-0.0142067531141375,-0.019248316015325,-0.00303636347825167));
#14818=CARTESIAN_POINT('',(-0.0144071858516915,-0.0190794362849087,-0.00290664752358982));
#14819=CARTESIAN_POINT('',(-0.0148356072160442,-0.0186750234631964,-0.00271352116859597));
#14820=CARTESIAN_POINT('',(-0.0150569075543379,-0.0184421290687154,-0.00265409620862032));
#14821=CARTESIAN_POINT('',(-0.0154757091795439,-0.017959045767558,-0.00263804947859114));
#14822=CARTESIAN_POINT('',(-0.0156769316115338,-0.0177058049410217,-0.00267885789348175));
#14823=CARTESIAN_POINT('',(-0.0160518499837556,-0.0171993236632376,-0.00288976040461621));
#14824=CARTESIAN_POINT('',(-0.0162205913586859,-0.0169510383207355,-0.00306063627669032));
#14825=CARTESIAN_POINT('',(-0.0164978884074365,-0.0165450462236324,-0.00353075781667198));
#14826=CARTESIAN_POINT('',(-0.016608654245621,-0.016384508206149,-0.00383576159294189));
#14827=CARTESIAN_POINT('',(-0.0167210982829148,-0.0162408883386775,-0.00452990021572711));
#14828=CARTESIAN_POINT('',(-0.0167172687231351,-0.0162648237204674,-0.00491485080824824));
#14829=CARTESIAN_POINT('',(-0.0165723666870079,-0.0164900890228712,-0.00558692096626306));
#14830=CARTESIAN_POINT('',(-0.0164332825703671,-0.0166857999054487,-0.00586999479449118));
#14831=CARTESIAN_POINT('',(-0.0161039030286457,-0.0171216913369517,-0.00626853394456535));
#14832=CARTESIAN_POINT('',(-0.0159187658712525,-0.0173570032784588,-0.00638731642770126));
#14833=CARTESIAN_POINT('',(-0.0157437045546116,-0.0175722953145781,-0.00645406238420554));
#14834=CARTESIAN_POINT('',(-0.0157437045546116,-0.0175722953145781,-0.00645406238420554));
#14835=CARTESIAN_POINT('',(-0.0156553707795838,-0.0175631774411527,-0.00630430061277265));
#14836=CARTESIAN_POINT('',(-0.015567037004556,-0.0175540595677274,-0.00615453884133976));
#14837=CARTESIAN_POINT('',(-0.0154787032295282,-0.017544941694302,-0.00600477706990687));
#14838=CARTESIAN_POINT('',(0.0139481789711669,-0.019132813285887,-0.00336211495942764));
#14839=CARTESIAN_POINT('',(0.0134072076921226,-0.0195339581836936,-0.00366439932184794));
#14840=CARTESIAN_POINT('',(0.0127458300555136,-0.019820718392481,-0.00388048863858799));
#14841=CARTESIAN_POINT('',(0.0113077049305788,-0.0202060814524179,-0.00417088053316342));
#14842=CARTESIAN_POINT('',(0.0105339351595375,-0.0203133804879624,-0.0042517361559701));
#14843=CARTESIAN_POINT('',(0.00819220335149068,-0.0205318676015316,-0.00441637800529552));
#14844=CARTESIAN_POINT('',(0.0065987896869214,-0.0205473288550658,-0.0044280288955158));
#14845=CARTESIAN_POINT('',(0.005,-0.0205473288539822,-0.00442802889469925));
#14846=CARTESIAN_POINT('',(0.0140354215991365,-0.0193866306481345,-0.00318437962064401));
#14847=CARTESIAN_POINT('',(0.0134768339244965,-0.0197944704752906,-0.00349601959771527));
#14848=CARTESIAN_POINT('',(0.0127989024006405,-0.0200872457663803,-0.00371704873123734));
#14849=CARTESIAN_POINT('',(0.0113360417369491,-0.0204829240685804,-0.00401220118940891));
#14850=CARTESIAN_POINT('',(0.0105551758746745,-0.0205943113214694,-0.00409322049666409));
#14851=CARTESIAN_POINT('',(0.00819722081616084,-0.0208209305012142,-0.00425848596052389));
#14852=CARTESIAN_POINT('',(0.00660160010552102,-0.0208373687239428,-0.00426983787469858));
#14853=CARTESIAN_POINT('',(0.005,-0.0208373687238769,-0.00426983787380463));
#14854=CARTESIAN_POINT('',(0.0139481789711669,-0.019132813285887,-0.00336211495942764));
#14855=CARTESIAN_POINT('',(0.0139772598471568,-0.0192174190733028,-0.00330286984649976));
#14856=CARTESIAN_POINT('',(0.0140063407231466,-0.0193020248607186,-0.00324362473357189));
#14857=CARTESIAN_POINT('',(0.0140354215991365,-0.0193866306481345,-0.00318437962064401));
#14858=CARTESIAN_POINT('',(-0.0154787032295284,-0.017544941694302,-0.00600477706990685));
#14859=CARTESIAN_POINT('',(-0.0149273645928016,-0.0181901241884588,-0.00630563060783969));
#14860=CARTESIAN_POINT('',(-0.0142047540600965,-0.0186739001501743,-0.00653121904361893));
#14861=CARTESIAN_POINT('',(-0.0125399791812504,-0.0193082271457883,-0.00682701057944823));
#14862=CARTESIAN_POINT('',(-0.0116208157591684,-0.0194604798702152,-0.00689800719082344));
#14863=CARTESIAN_POINT('',(-0.00975417145796464,-0.0196522638976039,-0.00698743755150659));
#14864=CARTESIAN_POINT('',(-0.00880607381800404,-0.019692379318521,-0.00700614367949036));
#14865=CARTESIAN_POINT('',(-0.00690674644281521,-0.01974154321404,-0.0070290691804756));
#14866=CARTESIAN_POINT('',(-0.00595502858191907,-0.0197484107407243,-0.00703227156076105));
#14867=CARTESIAN_POINT('',(-0.00500000000000013,-0.0197484107403003,-0.00703227156056338));
#14868=CARTESIAN_POINT('',(-0.0157437045546117,-0.0175722953145779,-0.00645406238420541));
#14869=CARTESIAN_POINT('',(-0.015139463932192,-0.018250153717656,-0.00676699351602237));
#14870=CARTESIAN_POINT('',(-0.014350314148605,-0.0187486990055615,-0.00699350073015215));
#14871=CARTESIAN_POINT('',(-0.0125981336529424,-0.0193814122196748,-0.00727484205925047));
#14872=CARTESIAN_POINT('',(-0.0116557222733571,-0.0195250973902187,-0.00733547148857303));
#14873=CARTESIAN_POINT('',(-0.0097677316820518,-0.0197068172762995,-0.00741202806513845));
#14874=CARTESIAN_POINT('',(-0.00881484565506716,-0.0197443097076039,-0.00742736437953974));
#14875=CARTESIAN_POINT('',(-0.00690935915557005,-0.0197904001538865,-0.00744634673832531));
#14876=CARTESIAN_POINT('',(-0.00595633497262367,-0.0197968076760804,-0.00744895719725715));
#14877=CARTESIAN_POINT('',(-0.005,-0.0197968076759129,-0.00744895719738914));
#14878=CARTESIAN_POINT('',(-0.00500000000000013,-0.0197484107403003,-0.00703227156056338));
#14879=CARTESIAN_POINT('',(-0.00500000000000009,-0.0197645430521712,-0.00717116677283863));
#14880=CARTESIAN_POINT('',(-0.00500000000000004,-0.0197806753640421,-0.00731006198511389));
#14881=CARTESIAN_POINT('',(-0.005,-0.0197968076759129,-0.00744895719738914));
#14882=CARTESIAN_POINT('',(0.015478703193502,-0.0175449416979026,-0.00600477707158584));
#14883=CARTESIAN_POINT('',(0.0156203972045924,-0.0173769157846926,-0.00592642530201189));
#14884=CARTESIAN_POINT('',(0.0157625810042585,-0.0172035853992401,-0.00580776090085759));
#14885=CARTESIAN_POINT('',(0.0159986816906095,-0.0169052743664065,-0.00548046236941953));
#14886=CARTESIAN_POINT('',(0.0160904298407864,-0.0167842119626839,-0.00527462235440855));
#14887=CARTESIAN_POINT('',(0.0161860972817632,-0.0166467863134582,-0.00481702150035002));
#14888=CARTESIAN_POINT('',(0.0161895351288651,-0.0166314559618916,-0.00456482438025305));
#14889=CARTESIAN_POINT('',(0.0161098541104426,-0.0167174997642961,-0.00408642354527518));
#14890=CARTESIAN_POINT('',(0.0160282047331958,-0.0168177372733157,-0.00386209171831953));
#14891=CARTESIAN_POINT('',(0.015811899374306,-0.0170908377158626,-0.00349323990621243));
#14892=CARTESIAN_POINT('',(0.0156779322544703,-0.0172625920576227,-0.00334763343147208));
#14893=CARTESIAN_POINT('',(0.0153744459431165,-0.0176320545224986,-0.00314240142460821));
#14894=CARTESIAN_POINT('',(0.0152072392481022,-0.0178296648325307,-0.00308156272900235));
#14895=CARTESIAN_POINT('',(0.0146756819813676,-0.0184282417565582,-0.00301519552327722));
#14896=CARTESIAN_POINT('',(0.0142613018740468,-0.0188361490763814,-0.0031385624428339));
#14897=CARTESIAN_POINT('',(0.0139481789711666,-0.0191328132858865,-0.00336211495942734));
#14898=CARTESIAN_POINT('',(0.0157437045180826,-0.0175722953203441,-0.00645406238634111));
#14899=CARTESIAN_POINT('',(0.0159183037815006,-0.0173575715185142,-0.00638749260450036));
#14900=CARTESIAN_POINT('',(0.0161038640843804,-0.0171217386811376,-0.00626853455070716));
#14901=CARTESIAN_POINT('',(0.0164331051312336,-0.0166860388814436,-0.00587025594573971));
#14902=CARTESIAN_POINT('',(0.0165723809737697,-0.0164900854396263,-0.0055872167415358));
#14903=CARTESIAN_POINT('',(0.0167174839881698,-0.0162644704238718,-0.00491348979682088));
#14904=CARTESIAN_POINT('',(0.0167210271198908,-0.016240947342325,-0.00452874351922869));
#14905=CARTESIAN_POINT('',(0.0166084060024649,-0.0163848572714294,-0.0038349485263638));
#14906=CARTESIAN_POINT('',(0.0164969062498913,-0.0165464866514943,-0.00352789756579087));
#14907=CARTESIAN_POINT('',(0.0162172476314552,-0.0169559313837578,-0.00305618123086593));
#14908=CARTESIAN_POINT('',(0.0160490674569926,-0.0172031923110095,-0.00288775657758117));
#14909=CARTESIAN_POINT('',(0.0156763397017829,-0.0177064937769451,-0.00267896752408117));
#14910=CARTESIAN_POINT('',(0.015475030143921,-0.0179598420057756,-0.00263804484249919));
#14911=CARTESIAN_POINT('',(0.0148482809063821,-0.0186827517061205,-0.00266215126323223));
#14912=CARTESIAN_POINT('',(0.0143763150289111,-0.0191114299617169,-0.00288987610503904));
#14913=CARTESIAN_POINT('',(0.0140354215991363,-0.0193866306481345,-0.00318437962064393));
#14914=CARTESIAN_POINT('',(0.015478703193502,-0.0175449416979026,-0.00600477707158584));
#14915=CARTESIAN_POINT('',(0.0155670369683622,-0.0175540595720498,-0.00615453884317093));
#14916=CARTESIAN_POINT('',(0.0156553707432224,-0.017563177446197,-0.00630430061475602));
#14917=CARTESIAN_POINT('',(0.0157437045180826,-0.0175722953203441,-0.00645406238634111));
#14918=CARTESIAN_POINT('',(-0.00500000000000009,-0.0197484107403003,-0.00703227156056338));
#14919=CARTESIAN_POINT('',(-3.46944695195361E-18,-0.0197968076759129,-0.00744895719738915));
#14920=CARTESIAN_POINT('',(-3.46944695195361E-18,-0.0197806753640421,-0.00731006198511389));
#14921=CARTESIAN_POINT('',(-3.46944695195362E-18,-0.0197645430521712,-0.00717116677283864));
#14922=CARTESIAN_POINT('',(-3.46944695195361E-18,-0.0197484107403003,-0.00703227156056338));
#14923=CARTESIAN_POINT('',(0.005,-0.0197484107403003,-0.00703227156056338));
#14924=CARTESIAN_POINT('',(0.00595483480399615,-0.0197484107407437,-0.00703227156077013));
#14925=CARTESIAN_POINT('',(0.00690969694044284,-0.0197414950700656,-0.00702904673057163));
#14926=CARTESIAN_POINT('',(0.00880725811441014,-0.0196923203727075,-0.00700611619260611));
#14927=CARTESIAN_POINT('',(0.00975133120912689,-0.0196525146258272,-0.00698755446799725));
#14928=CARTESIAN_POINT('',(0.0116216534408974,-0.0194604348490232,-0.00689798619709684));
#14929=CARTESIAN_POINT('',(0.0125357419651217,-0.0193095252242533,-0.00682761588337735));
#14930=CARTESIAN_POINT('',(0.0137875962661548,-0.0188330068557276,-0.00660541171888224));
#14931=CARTESIAN_POINT('',(0.0141827251802391,-0.0186347180399009,-0.0065129481255358));
#14932=CARTESIAN_POINT('',(0.0148889937079909,-0.0181504938448337,-0.00628715067511201));
#14933=CARTESIAN_POINT('',(0.0152006643367529,-0.017870305801518,-0.00615649684479043));
#14934=CARTESIAN_POINT('',(0.0154787031930474,-0.0175449416983871,-0.00600477707181175));
#14935=CARTESIAN_POINT('',(0.005,-0.0197968076759129,-0.00744895719738915));
#14936=CARTESIAN_POINT('',(0.0059561393670381,-0.0197968076760765,-0.00744895719726011));
#14937=CARTESIAN_POINT('',(0.00691231626087842,-0.019790355128553,-0.00744632829035768));
#14938=CARTESIAN_POINT('',(0.00881603675840825,-0.0197442543375839,-0.00742734147947208));
#14939=CARTESIAN_POINT('',(0.00976486676077075,-0.0197070536599372,-0.00741212692851915));
#14940=CARTESIAN_POINT('',(0.0116565617290228,-0.0195250559183289,-0.00733545473875171));
#14941=CARTESIAN_POINT('',(0.0125937107951452,-0.0193826895240381,-0.00727540342975098));
#14942=CARTESIAN_POINT('',(0.013911235985539,-0.0189074096365106,-0.00706407605149773));
#14943=CARTESIAN_POINT('',(0.0143338697999197,-0.0187060809156132,-0.00697337437674204));
#14944=CARTESIAN_POINT('',(0.0150985553856943,-0.0182054078971679,-0.0067453441086953));
#14945=CARTESIAN_POINT('',(0.0154383662497298,-0.0179148345363515,-0.00661219450446056));
#14946=CARTESIAN_POINT('',(0.0157437045179916,-0.0175722953200421,-0.00645406238689955));
#14947=CARTESIAN_POINT('',(0.005,-0.0197968076759129,-0.00744895719738915));
#14948=CARTESIAN_POINT('',(0.005,-0.0197806753640421,-0.00731006198511389));
#14949=CARTESIAN_POINT('',(0.005,-0.0197645430521712,-0.00717116677283864));
#14950=CARTESIAN_POINT('',(0.005,-0.0197484107403003,-0.00703227156056338));
#14951=CARTESIAN_POINT('',(0.,-0.0197484107403003,-0.00703227156056338));
#14952=CARTESIAN_POINT('',(0.013125,-0.014125,0.250817621135332));
#14953=CARTESIAN_POINT('',(0.014125,-0.014125,0.250817621135332));
#14954=CARTESIAN_POINT('',(-0.013125,-0.014125,0.250817621135332));
#14955=CARTESIAN_POINT('',(-0.013125,0.014125,0.250817621135332));
#14956=CARTESIAN_POINT('',(0.013125,0.014125,0.250817621135332));
#14957=CARTESIAN_POINT('',(0.014125,0.014125,0.250817621135332));
#14958=CARTESIAN_POINT('',(0.00545,0.009925,-0.0026));
#14959=CARTESIAN_POINT('',(0.00545,0.014875,-0.001));
#14960=CARTESIAN_POINT('',(0.00545,0.004975,-0.0056));
#14961=CARTESIAN_POINT('',(0.,0.004725,-0.0026));
#14962=CARTESIAN_POINT('',(0.0052,0.004725,-0.001));
#14963=CARTESIAN_POINT('',(-0.0052,0.004725,-0.0026));
#14964=CARTESIAN_POINT('',(0.005075,0.01005,-0.0056));
#14965=CARTESIAN_POINT('',(0.005075,0.014875,-0.0056));
#14966=CARTESIAN_POINT('',(0.005075,0.005225,-0.0026));
#14967=CARTESIAN_POINT('',(-0.005075,0.01005,-0.0056));
#14968=CARTESIAN_POINT('',(-0.005075,0.0115,-0.0056));
#14969=CARTESIAN_POINT('',(-0.005075,0.0115,-0.0056));
#14970=CARTESIAN_POINT('',(-0.005075,0.01005,-0.0056));
#14971=CARTESIAN_POINT('',(-0.005075,0.014875,-0.0056));
#14972=CARTESIAN_POINT('',(-0.005075,0.014875,-0.0056));
#14973=CARTESIAN_POINT('',(0.,0.004975,-0.0056));
#14974=CARTESIAN_POINT('',(-0.004825,0.004975,-0.0026));
#14975=CARTESIAN_POINT('',(0.004825,0.004975,-0.0056));
#14976=CARTESIAN_POINT('',(3.46944695195361E-18,0.0075625,-0.0056));
#14977=CARTESIAN_POINT('',(3.46944695195361E-18,0.0115,-0.0056));
#14978=CARTESIAN_POINT('',(-0.0057,0.014875,-0.0056));
#14979=CARTESIAN_POINT('',(-0.004825,0.014875,-0.0056));
#14980=CARTESIAN_POINT('',(-0.0057,0.014875,0.250817621135332));
#14981=CARTESIAN_POINT('',(0.004825,0.014875,0.250817621135332));
#14982=CARTESIAN_POINT('',(0.0057,0.014875,-0.0026));
#14983=CARTESIAN_POINT('',(-0.004825,0.014875,-0.0056));
#14984=CARTESIAN_POINT('',(0.0052,0.004975,-0.0026));
#14985=CARTESIAN_POINT('',(-0.004825,0.005225,-0.0056));
#14986=CARTESIAN_POINT('',(-0.0052,0.004975,-0.0026));
#14987=CARTESIAN_POINT('',(0.004825,0.005225,-0.0056));
#14988=CARTESIAN_POINT('',(0.,0.01,1.99999999999896E-06));
#14989=CARTESIAN_POINT('',(0.,0.01,-0.0016));
#14990=CARTESIAN_POINT('',(-0.00139731886124821,0.0115,-0.0016));
#14991=CARTESIAN_POINT('',(-0.00139731886124821,0.0085,-0.0016));
#14992=CARTESIAN_POINT('',(-0.00139731886124821,0.0115,1.99999999999896E-06));
#14993=CARTESIAN_POINT('',(-0.00139731886124821,0.0115,-0.0024));
#14994=CARTESIAN_POINT('',(0.,0.01,-0.0024));
#14995=CARTESIAN_POINT('',(-0.00139731886124821,0.0085,-0.0024));
#14996=CARTESIAN_POINT('',(-0.00139731886124821,0.0085,1.99999999999896E-06));
#14997=CARTESIAN_POINT('',(0.,0.01,-0.0024));
#14998=CARTESIAN_POINT('',(-0.00167705098312484,0.0115,-0.0026));
#14999=CARTESIAN_POINT('',(-0.00158494594228828,0.0115,-0.00253134895587301));
#15000=CARTESIAN_POINT('',(-0.00149184589680175,0.0115,-0.00246443141935455));
#15001=CARTESIAN_POINT('',(-0.00139731886124821,0.0115,-0.0024));
#15002=CARTESIAN_POINT('',(-0.00167705098312484,0.0085,-0.0026));
#15003=CARTESIAN_POINT('',(-0.00158494594228828,0.0085,-0.00253134895587302));
#15004=CARTESIAN_POINT('',(-0.00149184589680175,0.0085,-0.00246443141935455));
#15005=CARTESIAN_POINT('',(-0.00139731886124822,0.0085,-0.0024));
#15006=CARTESIAN_POINT('',(-0.000187499999999998,0.0075625,-0.0016));
#15007=CARTESIAN_POINT('',(-0.002725,0.0085,-0.0016));
#15008=CARTESIAN_POINT('',(-0.002725,0.0115,-0.0016));
#15009=CARTESIAN_POINT('',(-0.002725,0.0115,-0.0587971887480368));
#15010=CARTESIAN_POINT('',(-0.002725,0.0085,-0.0587971887480368));
#15011=CARTESIAN_POINT('',(0.014125,-0.002,-0.000998));
#15012=CARTESIAN_POINT('',(0.013125,-0.002,-0.00645));
#15013=CARTESIAN_POINT('',(0.013125,-0.002,-0.00645));
#15014=CARTESIAN_POINT('',(0.013125,-0.002,0.250817621135332));
#15015=CARTESIAN_POINT('',(0.013125,-0.002,-0.006));
#15016=CARTESIAN_POINT('',(0.013125,-0.002,-0.006));
#15017=CARTESIAN_POINT('',(0.015625,-0.002,-0.000998));
#15018=CARTESIAN_POINT('',(0.015625,-0.002,-0.0055));
#15019=CARTESIAN_POINT('',(0.014125,-0.002,-0.007));
#15020=CARTESIAN_POINT('',(0.015625,4.33680868994202E-19,-0.000998));
#15021=CARTESIAN_POINT('',(0.015625,-0.00195,-0.000998));
#15022=CARTESIAN_POINT('',(0.015625,-0.00195,-0.00535));
#15023=CARTESIAN_POINT('',(0.015625,-0.00195,-0.00115));
#15024=CARTESIAN_POINT('',(0.015625,4.33680868994202E-19,-0.00535));
#15025=CARTESIAN_POINT('',(0.015625,0.00185,-0.00535));
#15026=CARTESIAN_POINT('',(0.015625,0.00185,-0.000998));
#15027=CARTESIAN_POINT('',(0.015625,0.00185,-0.00115));
#15028=CARTESIAN_POINT('',(0.015625,4.2477282952297E-19,-0.00115));
#15029=CARTESIAN_POINT('',(0.015625,0.002,-0.000998));
#15030=CARTESIAN_POINT('',(0.015625,0.002,-0.0055));
#15031=CARTESIAN_POINT('',(0.015625,4.33680868994202E-19,-0.0055));
#15032=CARTESIAN_POINT('',(0.014125,0.002,-0.000998));
#15033=CARTESIAN_POINT('',(0.013125,0.002,0.250817621135332));
#15034=CARTESIAN_POINT('',(0.013125,0.002,-0.00645));
#15035=CARTESIAN_POINT('',(0.013125,0.002,-0.006));
#15036=CARTESIAN_POINT('',(0.014125,0.002,-0.00645));
#15037=CARTESIAN_POINT('',(0.017126,0.002,-0.003999));
#15038=CARTESIAN_POINT('',(0.016126,0.002,-0.002999));
#15039=CARTESIAN_POINT('',(0.014125,0.01,-0.000998));
#15040=CARTESIAN_POINT('',(0.013125,0.01,0.250817621135332));
#15041=CARTESIAN_POINT('',(0.013125,0.01,-0.00645));
#15042=CARTESIAN_POINT('',(0.013125,0.01,-0.006));
#15043=CARTESIAN_POINT('',(0.014125,0.01,-0.00645));
#15044=CARTESIAN_POINT('',(0.017126,0.01,-0.003999));
#15045=CARTESIAN_POINT('',(0.015625,0.01,-0.0055));
#15046=CARTESIAN_POINT('',(0.015625,0.01,-0.000998));
#15047=CARTESIAN_POINT('',(0.016126,0.01,-0.002999));
#15048=CARTESIAN_POINT('',(0.015625,0.008,-0.000998));
#15049=CARTESIAN_POINT('',(0.015625,0.00605,-0.000998));
#15050=CARTESIAN_POINT('',(0.015625,0.00605,-0.00535));
#15051=CARTESIAN_POINT('',(0.015625,0.00605,-0.00115));
#15052=CARTESIAN_POINT('',(0.015625,0.008,-0.00535));
#15053=CARTESIAN_POINT('',(0.015625,0.00985,-0.00535));
#15054=CARTESIAN_POINT('',(0.015625,0.00985,-0.000998));
#15055=CARTESIAN_POINT('',(0.015625,0.00985,-0.00115));
#15056=CARTESIAN_POINT('',(0.015625,0.008,-0.00115));
#15057=CARTESIAN_POINT('',(0.015625,0.008,-0.0055));
#15058=CARTESIAN_POINT('',(0.015625,0.006,-0.0055));
#15059=CARTESIAN_POINT('',(0.015625,0.006,-0.000998));
#15060=CARTESIAN_POINT('',(0.014125,0.006,-0.000998));
#15061=CARTESIAN_POINT('',(0.013125,0.006,-0.00645));
#15062=CARTESIAN_POINT('',(0.013125,0.006,-0.00645));
#15063=CARTESIAN_POINT('',(0.013125,0.006,0.250817621135332));
#15064=CARTESIAN_POINT('',(0.013125,0.006,-0.006));
#15065=CARTESIAN_POINT('',(0.013125,0.006,-0.006));
#15066=CARTESIAN_POINT('',(0.014125,0.006,-0.007));
#15067=CARTESIAN_POINT('',(0.014125,-0.01,-0.000998));
#15068=CARTESIAN_POINT('',(0.014125,-0.01,-0.00645));
#15069=CARTESIAN_POINT('',(0.013125,-0.01,-0.00645));
#15070=CARTESIAN_POINT('',(0.013125,-0.01,0.250817621135332));
#15071=CARTESIAN_POINT('',(0.013125,-0.01,-0.006));
#15072=CARTESIAN_POINT('',(0.014125,-0.01,-0.005));
#15073=CARTESIAN_POINT('',(0.015625,-0.01,-0.000998));
#15074=CARTESIAN_POINT('',(0.015625,-0.01,-0.0055));
#15075=CARTESIAN_POINT('',(0.014125,-0.01,-0.007));
#15076=CARTESIAN_POINT('',(0.015625,-0.008,-0.000998));
#15077=CARTESIAN_POINT('',(0.015625,-0.00995,-0.000998));
#15078=CARTESIAN_POINT('',(0.015625,-0.00995,-0.00535));
#15079=CARTESIAN_POINT('',(0.015625,-0.00995,-0.00115));
#15080=CARTESIAN_POINT('',(0.015625,-0.008,-0.00535));
#15081=CARTESIAN_POINT('',(0.015625,-0.00615,-0.00535));
#15082=CARTESIAN_POINT('',(0.015625,-0.00615,-0.000998));
#15083=CARTESIAN_POINT('',(0.015625,-0.00615,-0.00115));
#15084=CARTESIAN_POINT('',(0.015625,-0.008,-0.00115));
#15085=CARTESIAN_POINT('',(0.015625,-0.006,-0.000998));
#15086=CARTESIAN_POINT('',(0.015625,-0.006,-0.0055));
#15087=CARTESIAN_POINT('',(0.015625,-0.008,-0.0055));
#15088=CARTESIAN_POINT('',(0.014125,-0.006,-0.000998));
#15089=CARTESIAN_POINT('',(0.013125,-0.006,0.250817621135332));
#15090=CARTESIAN_POINT('',(0.013125,-0.006,-0.00645));
#15091=CARTESIAN_POINT('',(0.013125,-0.006,-0.006));
#15092=CARTESIAN_POINT('',(0.014125,-0.006,-0.00645));
#15093=CARTESIAN_POINT('',(0.017126,-0.006,-0.003999));
#15094=CARTESIAN_POINT('',(0.016126,-0.006,-0.002999));
#15095=CARTESIAN_POINT('',(0.014125,0.,-0.007));
#15096=CARTESIAN_POINT('',(0.014125,0.,-0.007));
#15097=CARTESIAN_POINT('',(0.014125,0.,-0.007));
#15098=CARTESIAN_POINT('',(0.013125,-0.004,-0.00695));
#15099=CARTESIAN_POINT('',(0.013125,-0.004,-0.00695));
#15100=CARTESIAN_POINT('',(0.013125,-0.0055,-0.00695));
#15101=CARTESIAN_POINT('',(0.013125,-0.0025,-0.00695));
#15102=CARTESIAN_POINT('',(0.014125,-0.0025,-0.00695));
#15103=CARTESIAN_POINT('',(0.013125,-0.0055,-0.00695));
#15104=CARTESIAN_POINT('',(0.013125,-1.05158016021603E-18,-0.0045));
#15105=CARTESIAN_POINT('',(0.013125,-0.0025,-0.00645));
#15106=CARTESIAN_POINT('',(0.013125,-0.0055,-0.00645));
#15107=CARTESIAN_POINT('',(0.013125,-0.002,-0.006));
#15108=CARTESIAN_POINT('',(0.013125,-0.0120625,-0.00695));
#15109=CARTESIAN_POINT('',(0.013125,-0.0120625,-0.00695));
#15110=CARTESIAN_POINT('',(0.013125,-0.0105,-0.00695));
#15111=CARTESIAN_POINT('',(0.013125,-0.013625,-0.00695));
#15112=CARTESIAN_POINT('',(0.013125,-0.0105,-0.00695));
#15113=CARTESIAN_POINT('',(0.013125,-0.013625,-0.00695));
#15114=CARTESIAN_POINT('',(0.013125,-0.014125,0.250817621135332));
#15115=CARTESIAN_POINT('',(0.013125,-0.014125,0.250817621135332));
#15116=CARTESIAN_POINT('',(0.013125,-0.014125,-0.006));
#15117=CARTESIAN_POINT('',(0.013125,-0.014125,-0.00645));
#15118=CARTESIAN_POINT('',(0.014125,-0.014125,-0.00645));
#15119=CARTESIAN_POINT('',(0.141533810567666,-0.014125,0.122408810567666));
#15120=CARTESIAN_POINT('',(0.013125,-1.05158016021603E-18,-0.0045));
#15121=CARTESIAN_POINT('',(0.013125,-0.0105,-0.00645));
#15122=CARTESIAN_POINT('',(0.013125,-0.013625,-0.00645));
#15123=CARTESIAN_POINT('',(0.013125,-1.05158016021603E-18,-0.006));
#15124=CARTESIAN_POINT('',(0.013125,0.004,-0.00695));
#15125=CARTESIAN_POINT('',(0.013125,0.004,-0.00695));
#15126=CARTESIAN_POINT('',(0.013125,0.0025,-0.00695));
#15127=CARTESIAN_POINT('',(0.013125,0.0055,-0.00695));
#15128=CARTESIAN_POINT('',(0.014125,0.0055,-0.00695));
#15129=CARTESIAN_POINT('',(0.013125,0.0025,-0.00695));
#15130=CARTESIAN_POINT('',(0.013125,-1.05158016021603E-18,-0.0045));
#15131=CARTESIAN_POINT('',(0.013125,0.0055,-0.00645));
#15132=CARTESIAN_POINT('',(0.013125,0.0025,-0.00645));
#15133=CARTESIAN_POINT('',(0.013125,0.006,-0.006));
#15134=CARTESIAN_POINT('',(0.013125,0.0120625,-0.00695));
#15135=CARTESIAN_POINT('',(0.013125,0.0120625,-0.00695));
#15136=CARTESIAN_POINT('',(0.013125,0.0105,-0.00695));
#15137=CARTESIAN_POINT('',(0.013125,0.013625,-0.00695));
#15138=CARTESIAN_POINT('',(0.014125,0.013625,-0.00695));
#15139=CARTESIAN_POINT('',(0.013125,0.0105,-0.00695));
#15140=CARTESIAN_POINT('',(0.013125,0.014125,0.250817621135332));
#15141=CARTESIAN_POINT('',(0.013125,0.014125,-0.00645));
#15142=CARTESIAN_POINT('',(0.013125,0.014125,-0.00645));
#15143=CARTESIAN_POINT('',(0.013125,0.014125,0.250817621135332));
#15144=CARTESIAN_POINT('',(0.013125,0.014125,-0.006));
#15145=CARTESIAN_POINT('',(0.013125,0.014125,-0.006));
#15146=CARTESIAN_POINT('',(0.013125,-1.05158016021603E-18,-0.0045));
#15147=CARTESIAN_POINT('',(0.013125,0.013625,-0.00645));
#15148=CARTESIAN_POINT('',(0.013125,0.0105,-0.00645));
#15149=CARTESIAN_POINT('',(0.013125,0.014125,-0.006));
#15150=CARTESIAN_POINT('',(0.013125,-1.05158016021603E-18,-0.006));
#15151=CARTESIAN_POINT('',(0.013125,-1.05158016021603E-18,-0.006));
#15152=CARTESIAN_POINT('',(0.014125,-0.0120625,-0.005));
#15153=CARTESIAN_POINT('',(0.013125,-1.05158016021603E-18,-0.006));
#15154=CARTESIAN_POINT('',(-0.0145,0.,-0.00695));
#15155=CARTESIAN_POINT('',(-0.0145,-0.00270475744807147,-0.00695));
#15156=CARTESIAN_POINT('',(-0.0145,-0.00540951489614294,-0.00695));
#15157=CARTESIAN_POINT('',(-0.0145,-0.00811427234421441,-0.00695));
#15158=CARTESIAN_POINT('',(-0.014931039775913,0.,-0.00694835717228829));
#15159=CARTESIAN_POINT('',(-0.014931039775913,-0.00270475744807147,-0.00694835717228827));
#15160=CARTESIAN_POINT('',(-0.014931039775913,-0.00540951489614295,-0.0069483571722883));
#15161=CARTESIAN_POINT('',(-0.014931039775913,-0.00811427234421441,-0.00694835717228829));
#15162=CARTESIAN_POINT('',(-0.0154309344828857,0.,-0.00681172758258422));
#15163=CARTESIAN_POINT('',(-0.0154309344828856,-0.00270475744807147,-0.00681172758258423));
#15164=CARTESIAN_POINT('',(-0.0154309344828857,-0.00540951489614294,-0.00681172758258421));
#15165=CARTESIAN_POINT('',(-0.0154309344828857,-0.00811427234421442,-0.00681172758258422));
#15166=CARTESIAN_POINT('',(-0.0158387708201696,0.,-0.00648105858810793));
#15167=CARTESIAN_POINT('',(-0.0158387708201696,-0.00270475744807147,-0.00648105858810793));
#15168=CARTESIAN_POINT('',(-0.0158387708201696,-0.00540951489614294,-0.00648105858810793));
#15169=CARTESIAN_POINT('',(-0.0158387708201696,-0.00811427234421441,-0.00648105858810793));
#15170=CARTESIAN_POINT('',(-0.016161405215683,0.,-0.00594889046283658));
#15171=CARTESIAN_POINT('',(-0.016161405215683,-0.00270475744807147,-0.00594889046283658));
#15172=CARTESIAN_POINT('',(-0.016161405215683,-0.00540951489614294,-0.00594889046283658));
#15173=CARTESIAN_POINT('',(-0.016161405215683,-0.00811427234421441,-0.00594889046283658));
#15174=CARTESIAN_POINT('',(-0.0162842206959154,0.,-0.00535157087797972));
#15175=CARTESIAN_POINT('',(-0.0162842206959154,-0.00270475744807147,-0.00535157087797972));
#15176=CARTESIAN_POINT('',(-0.0162842206959154,-0.00540951489614295,-0.00535157087797972));
#15177=CARTESIAN_POINT('',(-0.0162842206959154,-0.00811427234421442,-0.00535157087797972));
#15178=CARTESIAN_POINT('',(-0.0163008655337335,0.,-0.00495));
#15179=CARTESIAN_POINT('',(-0.0163008655337335,-0.00270475744807147,-0.00494999999999999));
#15180=CARTESIAN_POINT('',(-0.0163008655337335,-0.00540951489614294,-0.00495));
#15181=CARTESIAN_POINT('',(-0.0163008655337335,-0.00811427234421441,-0.00495));
#15182=CARTESIAN_POINT('',(-0.014625,-0.00805,-0.0069475171789037));
#15183=CARTESIAN_POINT('',(-0.0148273914207786,-0.00805,-0.00693933140067786));
#15184=CARTESIAN_POINT('',(-0.0152279530589646,-0.00805,-0.00688663974897006));
#15185=CARTESIAN_POINT('',(-0.0157802193674239,-0.00805,-0.00657769477324698));
#15186=CARTESIAN_POINT('',(-0.0161079448078744,-0.00805,-0.00604459924199656));
#15187=CARTESIAN_POINT('',(-0.0162130244977371,-0.00805,-0.00565071032748889));
#15188=CARTESIAN_POINT('',(-0.0162481364996434,-0.00805,-0.00544999999999937));
#15189=CARTESIAN_POINT('',(-0.014625,-0.00805,-0.00694751717890371));
#15190=CARTESIAN_POINT('',(-0.0162481364996434,-0.00805,-0.0054499999999997));
#15191=CARTESIAN_POINT('',(-0.0162481364996431,-0.00805,-0.00545));
#15192=CARTESIAN_POINT('',(-0.0162938059620667,-0.00805,-0.0051889401839362));
#15193=CARTESIAN_POINT('',(-0.0163008655337335,-0.00781507304885039,-0.00495));
#15194=CARTESIAN_POINT('',(-0.0163008655337335,-0.00755,-0.00495));
#15195=CARTESIAN_POINT('',(-0.0163008655337335,-0.00405,-0.00495));
#15196=CARTESIAN_POINT('',(-0.0162883234568204,-0.00405,-0.00523844434330546));
#15197=CARTESIAN_POINT('',(-0.0162501354225809,-0.00405,-0.00552280109403705));
#15198=CARTESIAN_POINT('',(-0.0161654287864467,-0.00405,-0.00579974345624639));
#15199=CARTESIAN_POINT('',(-0.0161654287864466,-0.00405,-0.00579974345624648));
#15200=CARTESIAN_POINT('',(-0.0161654287864466,-0.00405,-0.00579974345624648));
#15201=CARTESIAN_POINT('',(-0.0161654287864466,0.,-0.00579974345624648));
#15202=CARTESIAN_POINT('',(-0.0145,0.,-0.00695));
#15203=CARTESIAN_POINT('',(-0.0150622458014044,0.,-0.00695));
#15204=CARTESIAN_POINT('',(-0.0157042721397538,0.,-0.00670318234580743));
#15205=CARTESIAN_POINT('',(-0.0160438915804046,0.,-0.00619710076464274));
#15206=CARTESIAN_POINT('',(-0.0161654287864466,0.,-0.00579974345624647));
#15207=CARTESIAN_POINT('',(-0.0145,0.,-0.00695));
#15208=CARTESIAN_POINT('',(-0.0145,0.,-0.00695));
#15209=CARTESIAN_POINT('',(-0.0145,-0.00268862569390802,-0.00695));
#15210=CARTESIAN_POINT('',(-0.0145,-0.00537725138781605,-0.00695));
#15211=CARTESIAN_POINT('',(-0.0145,-0.00806587708172407,-0.00695));
#15212=CARTESIAN_POINT('',(-0.0145,-0.00806587708172407,-0.00695));
#15213=CARTESIAN_POINT('',(-0.0145,-0.00806587708172407,-0.00695));
#15214=CARTESIAN_POINT('',(-0.0145410103651497,-0.00805528825097429,-0.00695));
#15215=CARTESIAN_POINT('',(-0.0145826786757186,-0.00805,-0.00694922887682775));
#15216=CARTESIAN_POINT('',(-0.014625,-0.00805,-0.00694751717890371));
#15217=CARTESIAN_POINT('',(-0.0145,0.00811427234421442,-0.00695));
#15218=CARTESIAN_POINT('',(-0.0145,0.00540951489614294,-0.00694999999999999));
#15219=CARTESIAN_POINT('',(-0.0145,0.00270475744807147,-0.00695000000000001));
#15220=CARTESIAN_POINT('',(-0.0145,0.,-0.00695));
#15221=CARTESIAN_POINT('',(-0.014931039775913,0.00811427234421442,-0.00694835717228829));
#15222=CARTESIAN_POINT('',(-0.014931039775913,0.00540951489614294,-0.00694835717228827));
#15223=CARTESIAN_POINT('',(-0.0149310397759131,0.00270475744807147,-0.0069483571722883));
#15224=CARTESIAN_POINT('',(-0.014931039775913,0.,-0.00694835717228828));
#15225=CARTESIAN_POINT('',(-0.0154309344828857,0.00811427234421441,-0.00681172758258422));
#15226=CARTESIAN_POINT('',(-0.0154309344828856,0.00540951489614294,-0.00681172758258423));
#15227=CARTESIAN_POINT('',(-0.0154309344828857,0.00270475744807148,-0.00681172758258422));
#15228=CARTESIAN_POINT('',(-0.0154309344828857,0.,-0.00681172758258423));
#15229=CARTESIAN_POINT('',(-0.0158387708201696,0.00811427234421441,-0.00648105858810793));
#15230=CARTESIAN_POINT('',(-0.0158387708201696,0.00540951489614294,-0.00648105858810792));
#15231=CARTESIAN_POINT('',(-0.0158387708201696,0.00270475744807147,-0.00648105858810794));
#15232=CARTESIAN_POINT('',(-0.0158387708201696,0.,-0.00648105858810793));
#15233=CARTESIAN_POINT('',(-0.016161405215683,0.00811427234421442,-0.00594889046283659));
#15234=CARTESIAN_POINT('',(-0.016161405215683,0.00540951489614294,-0.00594889046283658));
#15235=CARTESIAN_POINT('',(-0.016161405215683,0.00270475744807148,-0.00594889046283659));
#15236=CARTESIAN_POINT('',(-0.016161405215683,0.,-0.00594889046283659));
#15237=CARTESIAN_POINT('',(-0.0162842206959154,0.00811427234421441,-0.00535157087797972));
#15238=CARTESIAN_POINT('',(-0.0162842206959153,0.00540951489614293,-0.00535157087797971));
#15239=CARTESIAN_POINT('',(-0.0162842206959154,0.00270475744807147,-0.00535157087797973));
#15240=CARTESIAN_POINT('',(-0.0162842206959154,0.,-0.00535157087797972));
#15241=CARTESIAN_POINT('',(-0.0163008655337335,0.00811427234421442,-0.00495));
#15242=CARTESIAN_POINT('',(-0.0163008655337335,0.00540951489614294,-0.00495));
#15243=CARTESIAN_POINT('',(-0.0163008655337335,0.00270475744807147,-0.00495));
#15244=CARTESIAN_POINT('',(-0.0163008655337335,0.,-0.00495));
#15245=CARTESIAN_POINT('',(-0.0163008655337335,0.00805,-0.00495));
#15246=CARTESIAN_POINT('',(-0.0163008655337335,0.00755,-0.00495));
#15247=CARTESIAN_POINT('',(-0.0163008655337335,0.00405,-0.00495));
#15248=CARTESIAN_POINT('',(-0.0163008655337335,0.00755,-0.00495));
#15249=CARTESIAN_POINT('',(-0.0163008655337335,0.00781506350186828,-0.00495));
#15250=CARTESIAN_POINT('',(-0.0162938075762793,0.00805,-0.00518893095663268));
#15251=CARTESIAN_POINT('',(-0.0162481364996433,0.00805,-0.00545));
#15252=CARTESIAN_POINT('',(-0.0162481364996433,0.00805,-0.00545));
#15253=CARTESIAN_POINT('',(-0.0162481364996433,0.00804999999999999,-0.00545));
#15254=CARTESIAN_POINT('',(-0.0161785760517772,0.00804999999999999,-0.00584762757785085));
#15255=CARTESIAN_POINT('',(-0.0159642381390602,0.00805,-0.00646858338353471));
#15256=CARTESIAN_POINT('',(-0.0152334243219947,0.00805,-0.00688601238062204));
#15257=CARTESIAN_POINT('',(-0.0148279171845595,0.00805,-0.00693931013601312));
#15258=CARTESIAN_POINT('',(-0.014625,0.00805,-0.00694751717890371));
#15259=CARTESIAN_POINT('',(-0.014625,0.00805,-0.00694751717890371));
#15260=CARTESIAN_POINT('',(-0.014625,0.00805,-0.00694751717890356));
#15261=CARTESIAN_POINT('',(-0.0145826786757186,0.00805,-0.00694922887682761));
#15262=CARTESIAN_POINT('',(-0.0145410103651497,0.00805528825097424,-0.00695));
#15263=CARTESIAN_POINT('',(-0.0145,0.00806587708172402,-0.00695));
#15264=CARTESIAN_POINT('',(-0.0145,0.00806587708172407,-0.00695));
#15265=CARTESIAN_POINT('',(-0.0145,0.00806587708172407,-0.00695));
#15266=CARTESIAN_POINT('',(-0.0145,0.00537725138781605,-0.00695));
#15267=CARTESIAN_POINT('',(-0.0145,0.00268862569390802,-0.00695));
#15268=CARTESIAN_POINT('',(-0.0145,0.,-0.00695));
#15269=CARTESIAN_POINT('',(-0.0161654287864466,0.,-0.00579974345624648));
#15270=CARTESIAN_POINT('',(-0.0161654287864466,0.00405,-0.00579974345624648));
#15271=CARTESIAN_POINT('',(-0.0163008655337335,0.00405,-0.00495));
#15272=CARTESIAN_POINT('',(-0.0162883234568204,0.00405,-0.00523844434330545));
#15273=CARTESIAN_POINT('',(-0.0162501354225809,0.00405,-0.00552280109403706));
#15274=CARTESIAN_POINT('',(-0.0161654287864467,0.00405,-0.00579974345624639));
#15275=CARTESIAN_POINT('',(0.0085,0.0065,-0.00695));
#15276=CARTESIAN_POINT('',(-0.014625,-0.00855,-0.00695));
#15277=CARTESIAN_POINT('',(-0.014625,0.00855,-0.00695));
#15278=CARTESIAN_POINT('',(-0.017,0.00805,0.0631859483603837));
#15279=CARTESIAN_POINT('',(-0.017,0.00805,-0.00545));
#15280=CARTESIAN_POINT('',(-0.014625,0.00805,-0.00695));
#15281=CARTESIAN_POINT('',(-0.017,-0.00805,0.0631859483603837));
#15282=CARTESIAN_POINT('',(-0.017,-0.00805,-0.00545));
#15283=CARTESIAN_POINT('',(-0.014625,-0.00805,-0.008));
#15284=CARTESIAN_POINT('',(-0.01,0.0575998087670709,-0.00495));
#15285=CARTESIAN_POINT('',(-0.01,0.00755,-0.00495));
#15286=CARTESIAN_POINT('',(-0.01,0.00405,-0.00495));
#15287=CARTESIAN_POINT('',(-0.0156484840111874,0.00405,-0.00495));
#15288=CARTESIAN_POINT('',(-0.0156484840111874,0.0575998087670709,-0.00495));
#15289=CARTESIAN_POINT('',(-0.0156484840111874,0.004,-0.00495));
#15290=CARTESIAN_POINT('',(-0.0166000772500022,0.004,-0.00495));
#15291=CARTESIAN_POINT('',(0.0127320508075689,-0.016,0.0631859483603837));
#15292=CARTESIAN_POINT('',(0.0119742785792575,-0.0155625,0.0631859483603837));
#15293=CARTESIAN_POINT('',(0.0119742785792575,-0.0155625,-0.0069));
#15294=CARTESIAN_POINT('',(0.0127320508075689,-0.016,-0.0069));
#15295=CARTESIAN_POINT('',(0.00226794919243112,-0.016,-0.006998));
#15296=CARTESIAN_POINT('',(0.00226794919243112,-0.016,-0.0069));
#15297=CARTESIAN_POINT('',(0.0030257214207425,-0.0155625,-0.0069));
#15298=CARTESIAN_POINT('',(0.0030257214207425,-0.0155625,-0.006998));
#15299=CARTESIAN_POINT('',(0.0085,0.0065,-0.0069));
#15300=CARTESIAN_POINT('',(0.0116856034446627,-0.0160625,-0.0069));
#15301=CARTESIAN_POINT('',(0.0113969283100679,-0.0165625,-0.0069));
#15302=CARTESIAN_POINT('',(0.0104226497308104,-0.016,-0.0069));
#15303=CARTESIAN_POINT('',(0.0104226497308104,-0.017125,-0.0069));
#15304=CARTESIAN_POINT('',(0.0075,-0.017125,-0.0069));
#15305=CARTESIAN_POINT('',(0.00457735026918963,-0.017125,-0.0069));
#15306=CARTESIAN_POINT('',(0.00457735026918963,-0.016,-0.0069));
#15307=CARTESIAN_POINT('',(0.00360307168993213,-0.0165625,-0.0069));
#15308=CARTESIAN_POINT('',(0.00331439655533732,-0.0160625,-0.0069));
#15309=CARTESIAN_POINT('',(0.0104226497308104,-0.016,-0.006998));
#15310=CARTESIAN_POINT('',(0.0113969283100679,-0.0165625,-0.006998));
#15311=CARTESIAN_POINT('',(0.0104226497308104,-0.017125,-0.006998));
#15312=CARTESIAN_POINT('',(0.00457735026918963,-0.016,-0.006998));
#15313=CARTESIAN_POINT('',(0.00457735026918963,-0.017125,-0.006998));
#15314=CARTESIAN_POINT('',(0.00360307168993213,-0.0165625,-0.006998));
#15315=CARTESIAN_POINT('',(0.00331439655533732,-0.0160625,-0.006998));
#15316=CARTESIAN_POINT('',(0.0075,-0.017125,-0.006998));
#15317=CARTESIAN_POINT('',(0.0116856034446627,-0.0160625,-0.006998));
#15318=CARTESIAN_POINT('',(-0.00226794919243112,-0.016,0.0631859483603837));
#15319=CARTESIAN_POINT('',(-0.0030257214207425,-0.0155625,0.0631859483603837));
#15320=CARTESIAN_POINT('',(-0.0030257214207425,-0.0155625,-0.0069));
#15321=CARTESIAN_POINT('',(-0.00226794919243112,-0.016,-0.0069));
#15322=CARTESIAN_POINT('',(-0.0127320508075689,-0.016,-0.006998));
#15323=CARTESIAN_POINT('',(-0.0127320508075689,-0.016,-0.0069));
#15324=CARTESIAN_POINT('',(-0.0119742785792575,-0.0155625,-0.0069));
#15325=CARTESIAN_POINT('',(-0.0119742785792575,-0.0155625,-0.006998));
#15326=CARTESIAN_POINT('',(0.0085,0.0065,-0.0069));
#15327=CARTESIAN_POINT('',(-0.00331439655533732,-0.0160625,-0.0069));
#15328=CARTESIAN_POINT('',(-0.00360307168993213,-0.0165625,-0.0069));
#15329=CARTESIAN_POINT('',(-0.00457735026918963,-0.016,-0.0069));
#15330=CARTESIAN_POINT('',(-0.00457735026918963,-0.017125,-0.0069));
#15331=CARTESIAN_POINT('',(-0.0075,-0.017125,-0.0069));
#15332=CARTESIAN_POINT('',(-0.0104226497308104,-0.017125,-0.0069));
#15333=CARTESIAN_POINT('',(-0.0104226497308104,-0.016,-0.0069));
#15334=CARTESIAN_POINT('',(-0.0113969283100679,-0.0165625,-0.0069));
#15335=CARTESIAN_POINT('',(-0.0116856034446627,-0.0160625,-0.0069));
#15336=CARTESIAN_POINT('',(-0.0104226497308104,-0.016,-0.006998));
#15337=CARTESIAN_POINT('',(-0.0104226497308104,-0.017125,-0.006998));
#15338=CARTESIAN_POINT('',(-0.0113969283100679,-0.0165625,-0.006998));
#15339=CARTESIAN_POINT('',(-0.00457735026918963,-0.016,-0.006998));
#15340=CARTESIAN_POINT('',(-0.00360307168993213,-0.0165625,-0.006998));
#15341=CARTESIAN_POINT('',(-0.00457735026918963,-0.017125,-0.006998));
#15342=CARTESIAN_POINT('',(-0.0075,-0.017125,-0.006998));
#15343=CARTESIAN_POINT('',(-0.00331439655533732,-0.0160625,-0.006998));
#15344=CARTESIAN_POINT('',(-0.0116856034446627,-0.0160625,-0.006998));
#15345=CARTESIAN_POINT('',(0.0104226497308104,0.016,-0.006998));
#15346=CARTESIAN_POINT('',(0.0104226497308104,0.016,-0.0069));
#15347=CARTESIAN_POINT('',(0.0113969283100679,0.0165625,-0.0069));
#15348=CARTESIAN_POINT('',(0.0104226497308104,0.017125,-0.0069));
#15349=CARTESIAN_POINT('',(0.0104226497308104,0.017125,-0.006998));
#15350=CARTESIAN_POINT('',(0.0113969283100679,0.0165625,-0.006998));
#15351=CARTESIAN_POINT('',(0.00457735026918963,0.016,-0.006998));
#15352=CARTESIAN_POINT('',(0.00457735026918963,0.016,-0.0069));
#15353=CARTESIAN_POINT('',(0.00457735026918963,0.017125,-0.0069));
#15354=CARTESIAN_POINT('',(0.00360307168993213,0.0165625,-0.0069));
#15355=CARTESIAN_POINT('',(0.00360307168993213,0.0165625,-0.006998));
#15356=CARTESIAN_POINT('',(0.00457735026918963,0.017125,-0.006998));
#15357=CARTESIAN_POINT('',(0.0075,0.017125,-0.006998));
#15358=CARTESIAN_POINT('',(0.0075,0.017125,-0.0069));
#15359=CARTESIAN_POINT('',(0.00331439655533732,0.0160625,-0.006998));
#15360=CARTESIAN_POINT('',(0.00331439655533732,0.0160625,-0.0069));
#15361=CARTESIAN_POINT('',(0.0030257214207425,0.0155625,-0.0069));
#15362=CARTESIAN_POINT('',(0.0030257214207425,0.0155625,0.0631859483603837));
#15363=CARTESIAN_POINT('',(0.0116856034446627,0.0160625,-0.006998));
#15364=CARTESIAN_POINT('',(0.0119742785792575,0.0155625,-0.006998));
#15365=CARTESIAN_POINT('',(0.0119742785792575,0.0155625,-0.0069));
#15366=CARTESIAN_POINT('',(0.0116856034446627,0.0160625,-0.0069));
#15367=CARTESIAN_POINT('',(0.0127320508075689,0.016,-0.006998));
#15368=CARTESIAN_POINT('',(0.0127320508075689,0.016,-0.0069));
#15369=CARTESIAN_POINT('',(0.00226794919243112,0.016,0.0631859483603837));
#15370=CARTESIAN_POINT('',(0.00226794919243112,0.016,-0.0069));
#15371=CARTESIAN_POINT('',(0.0085,0.0065,-0.0069));
#15372=CARTESIAN_POINT('',(-0.00226794919243112,0.016,-0.006998));
#15373=CARTESIAN_POINT('',(-0.00226794919243112,0.016,-0.0069));
#15374=CARTESIAN_POINT('',(-0.0030257214207425,0.0155625,-0.0069));
#15375=CARTESIAN_POINT('',(-0.0030257214207425,0.0155625,-0.006998));
#15376=CARTESIAN_POINT('',(-0.0127320508075689,0.016,0.0631859483603837));
#15377=CARTESIAN_POINT('',(-0.0119742785792575,0.0155625,0.0631859483603837));
#15378=CARTESIAN_POINT('',(-0.0119742785792575,0.0155625,-0.0069));
#15379=CARTESIAN_POINT('',(-0.0127320508075689,0.016,-0.0069));
#15380=CARTESIAN_POINT('',(0.0085,0.0065,-0.0069));
#15381=CARTESIAN_POINT('',(-0.0116856034446627,0.0160625,-0.0069));
#15382=CARTESIAN_POINT('',(-0.0113969283100679,0.0165625,-0.0069));
#15383=CARTESIAN_POINT('',(-0.0104226497308104,0.016,-0.0069));
#15384=CARTESIAN_POINT('',(-0.0104226497308104,0.017125,-0.0069));
#15385=CARTESIAN_POINT('',(-0.0075,0.017125,-0.0069));
#15386=CARTESIAN_POINT('',(-0.00457735026918963,0.017125,-0.0069));
#15387=CARTESIAN_POINT('',(-0.00457735026918963,0.016,-0.0069));
#15388=CARTESIAN_POINT('',(-0.00360307168993213,0.0165625,-0.0069));
#15389=CARTESIAN_POINT('',(-0.00331439655533732,0.0160625,-0.0069));
#15390=CARTESIAN_POINT('',(-0.0116856034446627,0.0160625,-0.006998));
#15391=CARTESIAN_POINT('',(-0.0113969283100679,0.0165625,-0.006998));
#15392=CARTESIAN_POINT('',(-0.0075,0.017125,-0.006998));
#15393=CARTESIAN_POINT('',(-0.0104226497308104,0.017125,-0.006998));
#15394=CARTESIAN_POINT('',(-0.00457735026918963,0.017125,-0.006998));
#15395=CARTESIAN_POINT('',(-0.00331439655533732,0.0160625,-0.006998));
#15396=CARTESIAN_POINT('',(-0.00360307168993213,0.0165625,-0.006998));
#15397=CARTESIAN_POINT('',(-0.00457735026918963,0.016,-0.006998));
#15398=CARTESIAN_POINT('',(-0.0104226497308104,0.016,-0.006998));
#15399=CARTESIAN_POINT('',(-0.0160234840111874,-0.00405,-0.00539987172812324));
#15400=CARTESIAN_POINT('',(-0.0156484840111874,-0.00405,-0.00525));
#15401=CARTESIAN_POINT('',(-0.0156484840111874,-0.00405,-0.00552886751345948));
#15402=CARTESIAN_POINT('',(-0.015933069458915,-0.00405,-0.00569317299831246));
#15403=CARTESIAN_POINT('',(-0.0161176549066426,-0.00405,-0.00579974345624648));
#15404=CARTESIAN_POINT('',(-0.016283069458915,-0.00405,-0.00579974345624648));
#15405=CARTESIAN_POINT('',(-0.016283069458915,-0.004,-0.00579974345624648));
#15406=CARTESIAN_POINT('',(-0.0161176549066426,-0.004,-0.00579974345624648));
#15407=CARTESIAN_POINT('',(-0.0161176549066426,0.00405,-0.00579974345624648));
#15408=CARTESIAN_POINT('',(-0.016283069458915,0.00405,-0.00579974345624648));
#15409=CARTESIAN_POINT('',(-0.0160234840111874,0.00405,-0.00539987172812324));
#15410=CARTESIAN_POINT('',(-0.015933069458915,0.00405,-0.00569317299831246));
#15411=CARTESIAN_POINT('',(-0.0156484840111874,0.00405,-0.00552886751345948));
#15412=CARTESIAN_POINT('',(-0.0156484840111874,0.00405,-0.00525));
#15413=CARTESIAN_POINT('',(-0.015933069458915,-0.004,-0.00569317299831246));
#15414=CARTESIAN_POINT('',(-0.0156484840111874,-0.004,-0.00552886751345948));
#15415=CARTESIAN_POINT('',(-0.0156484840111874,-0.004,-0.00525));
#15416=CARTESIAN_POINT('',(-0.0156484840111874,0.,-0.00495));
#15417=CARTESIAN_POINT('',(0.013125,0.0055,-0.00645));
#15418=CARTESIAN_POINT('',(0.013125,-0.0025,-0.00645));
#15419=CARTESIAN_POINT('',(0.013125,-0.0105,-0.00645));
#15420=CARTESIAN_POINT('',(0.013125,-0.013625,-0.00645));
#15421=CARTESIAN_POINT('',(0.014125,-0.0055,-0.00645));
#15422=CARTESIAN_POINT('',(0.014125,0.0025,-0.00645));
#15423=CARTESIAN_POINT('',(0.013125,0.013625,-0.00645));
#15424=CARTESIAN_POINT('',(0.014125,0.0105,-0.00645));
#15425=CARTESIAN_POINT('',(-0.0156484840111874,0.004,-0.00495000000000277));
#15426=CARTESIAN_POINT('',(-0.0173659973996152,0.004,-0.00495000000000277));
#15427=CARTESIAN_POINT('',(-0.0156484840111874,0.00400000000000581,-0.00481910030610297));
#15428=CARTESIAN_POINT('',(-0.0173659973996152,0.00400000000000581,-0.00481910030610297));
#15429=CARTESIAN_POINT('',(-0.0156484840111874,0.00313444649957906,-0.00455834306576473));
#15430=CARTESIAN_POINT('',(-0.0173659973996152,0.00313444649957906,-0.00455834306576473));
#15431=CARTESIAN_POINT('',(-0.0156484840111874,1.22988808640572E-14,-0.00439582846711818));
#15432=CARTESIAN_POINT('',(-0.0173659973996152,1.22988808640572E-14,-0.00439582846711818));
#15433=CARTESIAN_POINT('',(-0.0156484840111874,-0.0031344464995617,-0.00455834306576256));
#15434=CARTESIAN_POINT('',(-0.0173659973996152,-0.0031344464995617,-0.00455834306576256));
#15435=CARTESIAN_POINT('',(-0.0156484840111874,-0.004,-0.0048191003061002));
#15436=CARTESIAN_POINT('',(-0.0173659973996152,-0.004,-0.0048191003061002));
#15437=CARTESIAN_POINT('',(-0.0156484840111874,-0.004,-0.00495));
#15438=CARTESIAN_POINT('',(-0.0173659973996152,-0.004,-0.00495));
#15439=CARTESIAN_POINT('',(-0.017,0.00755,-0.00545));
#15440=CARTESIAN_POINT('',(-0.014625,0.00855,0.0631859483603837));
#15441=CARTESIAN_POINT('',(-0.017,-0.00755,-0.00545));
#15442=CARTESIAN_POINT('',(-0.014625,-0.00855,0.0631859483603837));
#15443=CARTESIAN_POINT('',(0.019125,-0.00871035533905933,-0.00396035533905933));
#15444=CARTESIAN_POINT('',(0.019125,-0.00829748737341529,-0.00437322330470336));
#15445=CARTESIAN_POINT('',(0.015675,-0.00829748737341529,-0.00437322330470336));
#15446=CARTESIAN_POINT('',(0.015675,-0.00871035533905933,-0.00396035533905933));
#15447=CARTESIAN_POINT('',(0.015675,-0.00924748737341529,-0.00342322330470336));
#15448=CARTESIAN_POINT('',(0.019125,-0.00924748737341529,-0.00342322330470336));
#15449=CARTESIAN_POINT('',(0.019125,-0.00738964466094067,-0.00396035533905933));
#15450=CARTESIAN_POINT('',(0.019125,-0.00685251262658471,-0.00342322330470336));
#15451=CARTESIAN_POINT('',(0.015675,-0.00685251262658471,-0.00342322330470336));
#15452=CARTESIAN_POINT('',(0.015675,-0.00733964466094068,-0.00391035533905933));
#15453=CARTESIAN_POINT('',(0.015675,-0.00780251262658471,-0.00437322330470336));
#15454=CARTESIAN_POINT('',(0.019125,-0.00780251262658471,-0.00437322330470336));
#15455=CARTESIAN_POINT('',(0.019125,-0.0071,-0.00317573593128807));
#15456=CARTESIAN_POINT('',(0.019125,-0.00675,-0.00317573593128807));
#15457=CARTESIAN_POINT('',(0.015675,-0.00675,-0.00317573593128807));
#15458=CARTESIAN_POINT('',(0.015675,-0.0071,-0.00317573593128807));
#15459=CARTESIAN_POINT('',(0.019125,-0.00805,-0.00412573593128807));
#15460=CARTESIAN_POINT('',(0.015675,-0.00805,-0.00412573593128807));
#15461=CARTESIAN_POINT('',(0.019125,-0.009,-0.00317573593128807));
#15462=CARTESIAN_POINT('',(0.015675,-0.009,-0.00317573593128807));
#15463=CARTESIAN_POINT('',(0.015675,-0.00935,-0.00317573593128807));
#15464=CARTESIAN_POINT('',(0.019125,-0.00935,-0.00317573593128807));
#15465=CARTESIAN_POINT('',(0.019125,-0.00805,-0.00125));
#15466=CARTESIAN_POINT('',(0.019125,-0.009,-0.00125));
#15467=CARTESIAN_POINT('',(0.015675,-0.009,-0.00125));
#15468=CARTESIAN_POINT('',(0.015675,-0.008,-0.00125));
#15469=CARTESIAN_POINT('',(0.015675,-0.0071,-0.00125));
#15470=CARTESIAN_POINT('',(0.019125,-0.0071,-0.00125));
#15471=CARTESIAN_POINT('',(0.019125,-0.00935,-0.0023));
#15472=CARTESIAN_POINT('',(0.015675,-0.00935,-0.00325));
#15473=CARTESIAN_POINT('',(0.015675,-0.00935,-0.0016));
#15474=CARTESIAN_POINT('',(0.019125,-0.00935,-0.0016));
#15475=CARTESIAN_POINT('',(0.019125,-0.00675,-0.0023));
#15476=CARTESIAN_POINT('',(0.019125,-0.00675,-0.0016));
#15477=CARTESIAN_POINT('',(0.015675,-0.00675,-0.0016));
#15478=CARTESIAN_POINT('',(0.015675,-0.00675,-0.00325));
#15479=CARTESIAN_POINT('',(0.019125,-0.0071,-0.0016));
#15480=CARTESIAN_POINT('',(0.015675,-0.0071,-0.0016));
#15481=CARTESIAN_POINT('',(0.019125,-0.009,-0.0016));
#15482=CARTESIAN_POINT('',(0.015675,-0.009,-0.0016));
#15483=CARTESIAN_POINT('',(0.014375,-0.00995,-0.00325));
#15484=CARTESIAN_POINT('',(0.014375,-0.00995,-0.00115));
#15485=CARTESIAN_POINT('',(0.015675,-0.00995,-0.00115));
#15486=CARTESIAN_POINT('',(0.015675,-0.00995,-0.00325));
#15487=CARTESIAN_POINT('',(0.015675,-0.00995,-0.00535));
#15488=CARTESIAN_POINT('',(0.014375,-0.00995,-0.00535));
#15489=CARTESIAN_POINT('',(0.014375,-0.00805,-0.00115));
#15490=CARTESIAN_POINT('',(0.014375,-0.00615,-0.00115));
#15491=CARTESIAN_POINT('',(0.015675,-0.00615,-0.00115));
#15492=CARTESIAN_POINT('',(0.015675,-0.00805,-0.00115));
#15493=CARTESIAN_POINT('',(0.014375,-0.00615,-0.00325));
#15494=CARTESIAN_POINT('',(0.014375,-0.00615,-0.00535));
#15495=CARTESIAN_POINT('',(0.015675,-0.00615,-0.00535));
#15496=CARTESIAN_POINT('',(0.015675,-0.00615,-0.00325));
#15497=CARTESIAN_POINT('',(0.014375,-0.00805,-0.00535));
#15498=CARTESIAN_POINT('',(0.015675,-0.00805,-0.00535));
#15499=CARTESIAN_POINT('',(0.015675,-0.008,-0.00325));
#15500=CARTESIAN_POINT('',(0.019125,0.00728964466094067,-0.00396035533905933));
#15501=CARTESIAN_POINT('',(0.019125,0.00770251262658471,-0.00437322330470336));
#15502=CARTESIAN_POINT('',(0.015675,0.00770251262658471,-0.00437322330470336));
#15503=CARTESIAN_POINT('',(0.015675,0.00728964466094068,-0.00396035533905933));
#15504=CARTESIAN_POINT('',(0.015675,0.00675251262658471,-0.00342322330470336));
#15505=CARTESIAN_POINT('',(0.019125,0.00675251262658471,-0.00342322330470336));
#15506=CARTESIAN_POINT('',(0.019125,0.00861035533905933,-0.00396035533905933));
#15507=CARTESIAN_POINT('',(0.019125,0.00914748737341529,-0.00342322330470336));
#15508=CARTESIAN_POINT('',(0.015675,0.00914748737341529,-0.00342322330470336));
#15509=CARTESIAN_POINT('',(0.015675,0.00866035533905933,-0.00391035533905933));
#15510=CARTESIAN_POINT('',(0.015675,0.00819748737341529,-0.00437322330470336));
#15511=CARTESIAN_POINT('',(0.019125,0.00819748737341529,-0.00437322330470336));
#15512=CARTESIAN_POINT('',(0.019125,0.0089,-0.00317573593128807));
#15513=CARTESIAN_POINT('',(0.019125,0.00925,-0.00317573593128807));
#15514=CARTESIAN_POINT('',(0.015675,0.00925,-0.00317573593128807));
#15515=CARTESIAN_POINT('',(0.015675,0.0089,-0.00317573593128807));
#15516=CARTESIAN_POINT('',(0.019125,0.00795,-0.00412573593128807));
#15517=CARTESIAN_POINT('',(0.015675,0.00795,-0.00412573593128807));
#15518=CARTESIAN_POINT('',(0.019125,0.007,-0.00317573593128807));
#15519=CARTESIAN_POINT('',(0.015675,0.007,-0.00317573593128807));
#15520=CARTESIAN_POINT('',(0.015675,0.00665,-0.00317573593128807));
#15521=CARTESIAN_POINT('',(0.019125,0.00665,-0.00317573593128807));
#15522=CARTESIAN_POINT('',(0.019125,0.00795,-0.00125));
#15523=CARTESIAN_POINT('',(0.019125,0.007,-0.00125));
#15524=CARTESIAN_POINT('',(0.015675,0.007,-0.00125));
#15525=CARTESIAN_POINT('',(0.015675,0.008,-0.00125));
#15526=CARTESIAN_POINT('',(0.015675,0.0089,-0.00125));
#15527=CARTESIAN_POINT('',(0.019125,0.0089,-0.00125));
#15528=CARTESIAN_POINT('',(0.019125,0.00665,-0.0023));
#15529=CARTESIAN_POINT('',(0.015675,0.00665,-0.00325));
#15530=CARTESIAN_POINT('',(0.015675,0.00665,-0.0016));
#15531=CARTESIAN_POINT('',(0.019125,0.00665,-0.0016));
#15532=CARTESIAN_POINT('',(0.019125,0.00925,-0.0023));
#15533=CARTESIAN_POINT('',(0.019125,0.00925,-0.0016));
#15534=CARTESIAN_POINT('',(0.015675,0.00925,-0.0016));
#15535=CARTESIAN_POINT('',(0.015675,0.00925,-0.00325));
#15536=CARTESIAN_POINT('',(0.019125,0.0089,-0.0016));
#15537=CARTESIAN_POINT('',(0.015675,0.0089,-0.0016));
#15538=CARTESIAN_POINT('',(0.019125,0.007,-0.0016));
#15539=CARTESIAN_POINT('',(0.015675,0.007,-0.0016));
#15540=CARTESIAN_POINT('',(0.014375,0.00605,-0.00325));
#15541=CARTESIAN_POINT('',(0.014375,0.00605,-0.00115));
#15542=CARTESIAN_POINT('',(0.015675,0.00605,-0.00115));
#15543=CARTESIAN_POINT('',(0.015675,0.00605,-0.00325));
#15544=CARTESIAN_POINT('',(0.015675,0.00605,-0.00535));
#15545=CARTESIAN_POINT('',(0.014375,0.00605,-0.00535));
#15546=CARTESIAN_POINT('',(0.014375,0.00795,-0.00115));
#15547=CARTESIAN_POINT('',(0.014375,0.00985,-0.00115));
#15548=CARTESIAN_POINT('',(0.015675,0.00985,-0.00115));
#15549=CARTESIAN_POINT('',(0.015675,0.00795,-0.00115));
#15550=CARTESIAN_POINT('',(0.014375,0.00985,-0.00325));
#15551=CARTESIAN_POINT('',(0.014375,0.00985,-0.00535));
#15552=CARTESIAN_POINT('',(0.015675,0.00985,-0.00535));
#15553=CARTESIAN_POINT('',(0.015675,0.00985,-0.00325));
#15554=CARTESIAN_POINT('',(0.014375,0.00795,-0.00535));
#15555=CARTESIAN_POINT('',(0.015675,0.00795,-0.00535));
#15556=CARTESIAN_POINT('',(0.015675,0.008,-0.00325));
#15557=CARTESIAN_POINT('',(0.019125,0.000610355339059327,-0.00396035533905933));
#15558=CARTESIAN_POINT('',(0.019125,0.00114748737341529,-0.00342322330470336));
#15559=CARTESIAN_POINT('',(0.015675,0.00114748737341529,-0.00342322330470336));
#15560=CARTESIAN_POINT('',(0.015675,0.000660355339059326,-0.00391035533905933));
#15561=CARTESIAN_POINT('',(0.015675,0.000197487373415292,-0.00437322330470336));
#15562=CARTESIAN_POINT('',(0.019125,0.000197487373415292,-0.00437322330470336));
#15563=CARTESIAN_POINT('',(0.019125,0.0009,-0.00317573593128807));
#15564=CARTESIAN_POINT('',(0.019125,0.00125,-0.00317573593128807));
#15565=CARTESIAN_POINT('',(0.015675,0.00125,-0.00317573593128807));
#15566=CARTESIAN_POINT('',(0.015675,0.0009,-0.00317573593128807));
#15567=CARTESIAN_POINT('',(0.019125,-0.000710355339059326,-0.00396035533905933));
#15568=CARTESIAN_POINT('',(0.019125,-0.000297487373415292,-0.00437322330470336));
#15569=CARTESIAN_POINT('',(0.015675,-0.000297487373415292,-0.00437322330470336));
#15570=CARTESIAN_POINT('',(0.015675,-0.000710355339059325,-0.00396035533905933));
#15571=CARTESIAN_POINT('',(0.015675,-0.00124748737341529,-0.00342322330470336));
#15572=CARTESIAN_POINT('',(0.019125,-0.00124748737341529,-0.00342322330470336));
#15573=CARTESIAN_POINT('',(0.019125,-5.E-05,-0.00412573593128807));
#15574=CARTESIAN_POINT('',(0.015675,-5.E-05,-0.00412573593128807));
#15575=CARTESIAN_POINT('',(0.019125,-0.001,-0.00317573593128807));
#15576=CARTESIAN_POINT('',(0.015675,-0.001,-0.00317573593128807));
#15577=CARTESIAN_POINT('',(0.015675,-0.00135,-0.00317573593128807));
#15578=CARTESIAN_POINT('',(0.019125,-0.00135,-0.00317573593128807));
#15579=CARTESIAN_POINT('',(0.019125,-5.E-05,-0.00125));
#15580=CARTESIAN_POINT('',(0.019125,-0.001,-0.00125));
#15581=CARTESIAN_POINT('',(0.015675,-0.001,-0.00125));
#15582=CARTESIAN_POINT('',(0.015675,-3.46944695195362E-19,-0.00125));
#15583=CARTESIAN_POINT('',(0.015675,0.0009,-0.00125));
#15584=CARTESIAN_POINT('',(0.019125,0.0009,-0.00125));
#15585=CARTESIAN_POINT('',(0.019125,-0.00135,-0.0023));
#15586=CARTESIAN_POINT('',(0.015675,-0.00135,-0.00325));
#15587=CARTESIAN_POINT('',(0.015675,-0.00135,-0.0016));
#15588=CARTESIAN_POINT('',(0.019125,-0.00135,-0.0016));
#15589=CARTESIAN_POINT('',(0.019125,0.00125,-0.0023));
#15590=CARTESIAN_POINT('',(0.019125,0.00125,-0.0016));
#15591=CARTESIAN_POINT('',(0.015675,0.00125,-0.0016));
#15592=CARTESIAN_POINT('',(0.015675,0.00125,-0.00325));
#15593=CARTESIAN_POINT('',(0.019125,0.0009,-0.0016));
#15594=CARTESIAN_POINT('',(0.015675,0.0009,-0.0016));
#15595=CARTESIAN_POINT('',(0.019125,-0.001,-0.0016));
#15596=CARTESIAN_POINT('',(0.015675,-0.001,-0.0016));
#15597=CARTESIAN_POINT('',(0.014375,-0.00195,-0.00325));
#15598=CARTESIAN_POINT('',(0.014375,-0.00195,-0.00115));
#15599=CARTESIAN_POINT('',(0.015675,-0.00195,-0.00115));
#15600=CARTESIAN_POINT('',(0.015675,-0.00195,-0.00325));
#15601=CARTESIAN_POINT('',(0.015675,-0.00195,-0.00535));
#15602=CARTESIAN_POINT('',(0.014375,-0.00195,-0.00535));
#15603=CARTESIAN_POINT('',(0.014375,-5.E-05,-0.00115));
#15604=CARTESIAN_POINT('',(0.014375,0.00185,-0.00115));
#15605=CARTESIAN_POINT('',(0.015675,0.00185,-0.00115));
#15606=CARTESIAN_POINT('',(0.015675,-5.E-05,-0.00115));
#15607=CARTESIAN_POINT('',(0.014375,0.00185,-0.00325));
#15608=CARTESIAN_POINT('',(0.014375,0.00185,-0.00535));
#15609=CARTESIAN_POINT('',(0.015675,0.00185,-0.00535));
#15610=CARTESIAN_POINT('',(0.015675,0.00185,-0.00325));
#15611=CARTESIAN_POINT('',(0.014375,-5.00000000000014E-05,-0.00535));
#15612=CARTESIAN_POINT('',(0.015675,-5.00000000000014E-05,-0.00535));
#15613=CARTESIAN_POINT('',(0.015675,0.,-0.00325));
#15614=CARTESIAN_POINT('',(0.,0.,0.));
#15615=CARTESIAN_POINT('',(0.014375,-0.0099,-0.00325));
#15616=CARTESIAN_POINT('',(0.015625,-0.0099,-0.00325));
#15617=CARTESIAN_POINT('',(0.015625,-0.0099,-0.0012));
#15618=CARTESIAN_POINT('',(0.015625,-0.0099,-0.0053));
#15619=CARTESIAN_POINT('',(0.014375,-0.0099,-0.0012));
#15620=CARTESIAN_POINT('',(0.014375,-0.0099,-0.0012));
#15621=CARTESIAN_POINT('',(0.014375,-0.0099,-0.00325));
#15622=CARTESIAN_POINT('',(0.014375,-0.0099,-0.0053));
#15623=CARTESIAN_POINT('',(0.014375,-0.0099,-0.0053));
#15624=CARTESIAN_POINT('',(0.014375,-0.00805,-0.0012));
#15625=CARTESIAN_POINT('',(0.015625,-0.00805,-0.0012));
#15626=CARTESIAN_POINT('',(0.015625,-0.0062,-0.0012));
#15627=CARTESIAN_POINT('',(0.014375,-0.0062,-0.0012));
#15628=CARTESIAN_POINT('',(0.014375,-0.0062,-0.0012));
#15629=CARTESIAN_POINT('',(0.014375,-0.00805,-0.0012));
#15630=CARTESIAN_POINT('',(0.014375,-0.0062,-0.00325));
#15631=CARTESIAN_POINT('',(0.015625,-0.0062,-0.00325));
#15632=CARTESIAN_POINT('',(0.015625,-0.0062,-0.0053));
#15633=CARTESIAN_POINT('',(0.014375,-0.0062,-0.0053));
#15634=CARTESIAN_POINT('',(0.014375,-0.0062,-0.0053));
#15635=CARTESIAN_POINT('',(0.014375,-0.0062,-0.00325));
#15636=CARTESIAN_POINT('',(0.014375,-0.00805,-0.0053));
#15637=CARTESIAN_POINT('',(0.015625,-0.00805,-0.0053));
#15638=CARTESIAN_POINT('',(0.014375,-0.00805,-0.0053));
#15639=CARTESIAN_POINT('',(0.014375,-0.008,-0.00325));
#15640=CARTESIAN_POINT('',(0.015625,-0.008,-0.00325));
#15641=CARTESIAN_POINT('',(0.015625,-0.008675,-0.003925));
#15642=CARTESIAN_POINT('',(0.015625,-0.00826213203435596,-0.00433786796564403));
#15643=CARTESIAN_POINT('',(0.015625,-0.00921213203435596,-0.00338786796564404));
#15644=CARTESIAN_POINT('',(0.015625,-0.009,-0.00317573593128807));
#15645=CARTESIAN_POINT('',(0.015625,-0.0093,-0.00317573593128807));
#15646=CARTESIAN_POINT('',(0.015625,-0.0093,-0.0023));
#15647=CARTESIAN_POINT('',(0.015625,-0.0093,-0.0016));
#15648=CARTESIAN_POINT('',(0.015625,-0.009,-0.0016));
#15649=CARTESIAN_POINT('',(0.015625,-0.009,-0.0013));
#15650=CARTESIAN_POINT('',(0.015625,-0.00805,-0.0013));
#15651=CARTESIAN_POINT('',(0.015625,-0.0071,-0.0013));
#15652=CARTESIAN_POINT('',(0.015625,-0.0071,-0.0016));
#15653=CARTESIAN_POINT('',(0.015625,-0.0068,-0.0016));
#15654=CARTESIAN_POINT('',(0.015625,-0.0068,-0.0023));
#15655=CARTESIAN_POINT('',(0.015625,-0.0068,-0.00317573593128807));
#15656=CARTESIAN_POINT('',(0.015625,-0.0071,-0.00317573593128807));
#15657=CARTESIAN_POINT('',(0.015625,-0.00688786796564404,-0.00338786796564404));
#15658=CARTESIAN_POINT('',(0.015625,-0.007425,-0.003925));
#15659=CARTESIAN_POINT('',(0.015625,-0.00783786796564404,-0.00433786796564403));
#15660=CARTESIAN_POINT('',(0.015625,-0.00805,-0.00412573593128807));
#15661=CARTESIAN_POINT('',(0.019125,-0.00805,-0.0013));
#15662=CARTESIAN_POINT('',(0.019125,-0.009,-0.0013));
#15663=CARTESIAN_POINT('',(0.0172275832050436,-0.00899999999990857,-0.0013));
#15664=CARTESIAN_POINT('',(0.0172230229881683,-0.0071,-0.0013));
#15665=CARTESIAN_POINT('',(0.0172230229881683,-0.0071,-0.0013));
#15666=CARTESIAN_POINT('',(0.019125,-0.0071,-0.0013));
#15667=CARTESIAN_POINT('',(0.019125,-0.0093,-0.0023));
#15668=CARTESIAN_POINT('',(0.00827081565497572,-0.0093,-0.00512355118244347));
#15669=CARTESIAN_POINT('',(0.0177373353352028,-0.0093,-0.00317573593128807));
#15670=CARTESIAN_POINT('',(0.0175268034601918,-0.00929999875898816,-0.00234195896351787));
#15671=CARTESIAN_POINT('',(0.017321457731124,-0.0093,-0.00165746957711327));
#15672=CARTESIAN_POINT('',(0.0173042168579901,-0.0093,-0.0016));
#15673=CARTESIAN_POINT('',(0.019125,-0.0093,-0.0016));
#15674=CARTESIAN_POINT('',(0.019125,-0.0093,-0.00317573593128807));
#15675=CARTESIAN_POINT('',(0.019125,-0.008675,-0.003925));
#15676=CARTESIAN_POINT('',(0.019125,-0.00826213203435596,-0.00433786796564403));
#15677=CARTESIAN_POINT('',(0.0178956131785442,-0.00826213203435596,-0.00433786796564403));
#15678=CARTESIAN_POINT('',(0.0178945756234857,-0.00826213203435597,-0.00433786796564403));
#15679=CARTESIAN_POINT('',(0.0178765288826903,-0.00857107905877591,-0.00402892094122409));
#15680=CARTESIAN_POINT('',(0.017838649135785,-0.00888774572544216,-0.00371225427455784));
#15681=CARTESIAN_POINT('',(0.0177809363827698,-0.00921213203435473,-0.00338786796564527));
#15682=CARTESIAN_POINT('',(0.0177809363827696,-0.00921213203435596,-0.00338786796564404));
#15683=CARTESIAN_POINT('',(0.019125,-0.00921213203435596,-0.00338786796564404));
#15684=CARTESIAN_POINT('',(0.019125,-0.007425,-0.003925));
#15685=CARTESIAN_POINT('',(0.019125,-0.00688786796564404,-0.00338786796564404));
#15686=CARTESIAN_POINT('',(0.0177809363827693,-0.00688786796564404,-0.00338786796564404));
#15687=CARTESIAN_POINT('',(0.0177809363827692,-0.0068878679656418,-0.0033878679656418));
#15688=CARTESIAN_POINT('',(0.0178386491204168,-0.00721225438279634,-0.00371225438279634));
#15689=CARTESIAN_POINT('',(0.0178765288673223,-0.00752892104946376,-0.00402892104946376));
#15690=CARTESIAN_POINT('',(0.0178945756234857,-0.00783786796564404,-0.00433786796564404));
#15691=CARTESIAN_POINT('',(0.0178945756234857,-0.00783786796564404,-0.00433786796564403));
#15692=CARTESIAN_POINT('',(0.019125,-0.00783786796564404,-0.00433786796564403));
#15693=CARTESIAN_POINT('',(0.019125,-0.0068,-0.0023));
#15694=CARTESIAN_POINT('',(0.019125,-0.0068,-0.0016));
#15695=CARTESIAN_POINT('',(0.0173042168579901,-0.0068,-0.0016));
#15696=CARTESIAN_POINT('',(0.0175268044568716,-0.0068,-0.00234195866293851));
#15697=CARTESIAN_POINT('',(0.0175268032232741,-0.0068000004293668,-0.0023419590336756));
#15698=CARTESIAN_POINT('',(0.00827394735363041,-0.0068,-0.00512274999351602));
#15699=CARTESIAN_POINT('',(0.0177374502388108,-0.0068,-0.00317573593128807));
#15700=CARTESIAN_POINT('',(0.019125,-0.0068,-0.00317573593128807));
#15701=CARTESIAN_POINT('',(0.019125,-0.0071,-0.0016));
#15702=CARTESIAN_POINT('',(0.0172230229881683,-0.0071,-0.0013));
#15703=CARTESIAN_POINT('',(0.0172230342206198,-0.00696623392875978,-0.0013));
#15704=CARTESIAN_POINT('',(0.0172500988438937,-0.00679999999999998,-0.00141960680588125));
#15705=CARTESIAN_POINT('',(0.0173042168579901,-0.0068,-0.00160000000000004));
#15706=CARTESIAN_POINT('',(0.019125,-0.0071,-0.00317573593128807));
#15707=CARTESIAN_POINT('',(0.0177374502388099,-0.0068,-0.00317573593128361));
#15708=CARTESIAN_POINT('',(0.0177519456201295,-0.00679999999999883,-0.00325427574762258));
#15709=CARTESIAN_POINT('',(0.0177664410014491,-0.00683233192891407,-0.00333233192891156));
#15710=CARTESIAN_POINT('',(0.0177809363827687,-0.00688786796563925,-0.00338786796563925));
#15711=CARTESIAN_POINT('',(0.019125,-0.00805,-0.00412573593128807));
#15712=CARTESIAN_POINT('',(0.0178945756234857,-0.00783786796564396,-0.00433786796564396));
#15713=CARTESIAN_POINT('',(0.0179026024170675,-0.00794893975118725,-0.00444893975118732));
#15714=CARTESIAN_POINT('',(0.0179026024170675,-0.00815105967299138,-0.00444894032700869));
#15715=CARTESIAN_POINT('',(0.0178945756234857,-0.00826213203435604,-0.00433786796564396));
#15716=CARTESIAN_POINT('',(0.019125,-0.009,-0.00317573593128807));
#15717=CARTESIAN_POINT('',(0.0177809363827702,-0.00921213203435329,-0.00338786796564671));
#15718=CARTESIAN_POINT('',(0.017766441001429,-0.00926766807115556,-0.00333233192884584));
#15719=CARTESIAN_POINT('',(0.0177519456200879,-0.00930000000008186,-0.00325427574742062));
#15720=CARTESIAN_POINT('',(0.0177374502387468,-0.0093,-0.00317573593097539));
#15721=CARTESIAN_POINT('',(0.019125,-0.009,-0.0016));
#15722=CARTESIAN_POINT('',(0.0173042168579901,-0.0093,-0.00159999999999997));
#15723=CARTESIAN_POINT('',(0.0172501010810112,-0.00929999999999998,-0.00141961381276389));
#15724=CARTESIAN_POINT('',(0.0172230364577373,-0.00913377307812287,-0.0013));
#15725=CARTESIAN_POINT('',(0.0172230229881683,-0.009,-0.0013));
#15726=CARTESIAN_POINT('',(0.0180870203864631,-0.00912185003912861,-0.00423798554398901));
#15727=CARTESIAN_POINT('',(0.0180870203864631,-0.00840728319042836,-0.00423798554398901));
#15728=CARTESIAN_POINT('',(0.0180870203864631,-0.0076927163417281,-0.00423798554398901));
#15729=CARTESIAN_POINT('',(0.0180870203864631,-0.00697814949302785,-0.00423798554398901));
#15730=CARTESIAN_POINT('',(0.0180389531863418,-0.00912185003912861,-0.0035910269325313));
#15731=CARTESIAN_POINT('',(0.0180389531863418,-0.00840728319042836,-0.0035910269325313));
#15732=CARTESIAN_POINT('',(0.0180389531863418,-0.0076927163417281,-0.0035910269325313));
#15733=CARTESIAN_POINT('',(0.0180389531863418,-0.00697814949302785,-0.0035910269325313));
#15734=CARTESIAN_POINT('',(0.0179160696288261,-0.00912185003912861,-0.00293986144647671));
#15735=CARTESIAN_POINT('',(0.0179160696288261,-0.00840728319042836,-0.00293986144647671));
#15736=CARTESIAN_POINT('',(0.0179160696288261,-0.0076927163417281,-0.00293986144647671));
#15737=CARTESIAN_POINT('',(0.0179160696288261,-0.00697814949302785,-0.00293986144647671));
#15738=CARTESIAN_POINT('',(0.0177183697139159,-0.00912185003912861,-0.00228448908582524));
#15739=CARTESIAN_POINT('',(0.0177183697139159,-0.00840728319042836,-0.00228448908582524));
#15740=CARTESIAN_POINT('',(0.0177183697139158,-0.0076927163417281,-0.00228448908582524));
#15741=CARTESIAN_POINT('',(0.0177183697139159,-0.00697814949302785,-0.00228448908582524));
#15742=CARTESIAN_POINT('',(0.0179333837336648,-0.0070000000000006,-0.00313561030862248));
#15743=CARTESIAN_POINT('',(0.0179423852036959,-0.00698402893205008,-0.00317956450459294));
#15744=CARTESIAN_POINT('',(0.0179492537986252,-0.0070006608736858,-0.00321477968442952));
#15745=CARTESIAN_POINT('',(0.0179524197904487,-0.00701138225952425,-0.00323111209422689));
#15746=CARTESIAN_POINT('',(0.0179524197904487,-0.00701138225952363,-0.00323111209422714));
#15747=CARTESIAN_POINT('',(0.0179333837336648,-0.0070000000000006,-0.00313561030862248));
#15748=CARTESIAN_POINT('',(0.0177183676714303,-0.00700000213271525,-0.00228448969963799));
#15749=CARTESIAN_POINT('',(0.017802618242522,-0.00700000717416845,-0.00256481919940841));
#15750=CARTESIAN_POINT('',(0.0178743793648382,-0.00700001221562166,-0.00284890220808107));
#15751=CARTESIAN_POINT('',(0.0179333668304873,-0.00700001725707487,-0.00313561378594427));
#15752=CARTESIAN_POINT('',(0.0177183689535054,-0.00700000062757179,-0.00228448931516226));
#15753=CARTESIAN_POINT('',(0.0177183697139159,-0.01,-0.00228448908582524));
#15754=CARTESIAN_POINT('',(0.0177183685779465,-0.00909999898028333,-0.00228448942801074));
#15755=CARTESIAN_POINT('',(0.0179333661075099,-0.00909998200478352,-0.00313561393484733));
#15756=CARTESIAN_POINT('',(0.017874374337196,-0.00909998690013901,-0.0028489033429835));
#15757=CARTESIAN_POINT('',(0.0178026131425735,-0.00909999179549452,-0.00256482064317201));
#15758=CARTESIAN_POINT('',(0.0177183665447533,-0.00909999669085002,-0.00228449003818277));
#15759=CARTESIAN_POINT('',(0.0179333837336422,-0.0091,-0.00313561030851233));
#15760=CARTESIAN_POINT('',(0.0179524197904494,-0.0090886177404732,-0.00323111209423079));
#15761=CARTESIAN_POINT('',(0.0179475811854839,-0.00910500281595286,-0.00320615117090839));
#15762=CARTESIAN_POINT('',(0.01794159451224,-0.00911456739425525,-0.0031757035566469));
#15763=CARTESIAN_POINT('',(0.0179333837336416,-0.00909999999995818,-0.00313561030850903));
#15764=CARTESIAN_POINT('',(0.0179524197904494,-0.0090886177404732,-0.00323111209423079));
#15765=CARTESIAN_POINT('',(0.0180834300670094,-0.00812819588836895,-0.00418937910289917));
#15766=CARTESIAN_POINT('',(0.0180790234312968,-0.00818546274329975,-0.00413219302904265));
#15767=CARTESIAN_POINT('',(0.0180639076966549,-0.00834832084724762,-0.00396960525031672));
#15768=CARTESIAN_POINT('',(0.0180325702461352,-0.00861760872174713,-0.00370085663511055));
#15769=CARTESIAN_POINT('',(0.0179889415436606,-0.00888988017324259,-0.00342928460459357));
#15770=CARTESIAN_POINT('',(0.0179612290336055,-0.00904303910703157,-0.00327655635854046));
#15771=CARTESIAN_POINT('',(0.0179524197904494,-0.00908861774047287,-0.00323111209423063));
#15772=CARTESIAN_POINT('',(0.0180834300670094,-0.00812819588836895,-0.00418937910289917));
#15773=CARTESIAN_POINT('',(0.0180834300670094,-0.00797180411163102,-0.00418937910289916));
#15774=CARTESIAN_POINT('',(0.0180862650621981,-0.00800215822851184,-0.00422616958316841));
#15775=CARTESIAN_POINT('',(0.01808618569777,-0.00804715354953079,-0.00422745571571135));
#15776=CARTESIAN_POINT('',(0.0180860918830668,-0.00809969565420773,-0.00422392219190804));
#15777=CARTESIAN_POINT('',(0.0180834300670094,-0.00812819588836899,-0.00418937910289917));
#15778=CARTESIAN_POINT('',(0.0180834300670094,-0.00797180411163102,-0.00418937910289916));
#15779=CARTESIAN_POINT('',(0.0179524197904487,-0.00701138225952363,-0.00323111209422714));
#15780=CARTESIAN_POINT('',(0.0179541822104199,-0.00702050094246704,-0.0032402038944615));
#15781=CARTESIAN_POINT('',(0.0179624018892165,-0.00706101789102162,-0.00328059694962854));
#15782=CARTESIAN_POINT('',(0.017998971910906,-0.00726905052541576,-0.00348805738500313));
#15783=CARTESIAN_POINT('',(0.0180128562032672,-0.00736011004645217,-0.00357889168299691));
#15784=CARTESIAN_POINT('',(0.0180354233802384,-0.00751102070526243,-0.00372943461112651));
#15785=CARTESIAN_POINT('',(0.018065069685942,-0.00775889557370667,-0.00397680308237638));
#15786=CARTESIAN_POINT('',(0.0180789509021634,-0.0079135946976664,-0.00413125179935009));
#15787=CARTESIAN_POINT('',(0.0180834300670094,-0.00797180411163106,-0.00418937910289919));
#15788=CARTESIAN_POINT('',(0.0176023661831359,-0.01,-0.00189781064989211));
#15789=CARTESIAN_POINT('',(0.0174804925652816,-0.00899999999998099,-0.00149156525704423));
#15790=CARTESIAN_POINT('',(0.0174803179087847,-0.00905350758765834,-0.00149098306872117));
#15791=CARTESIAN_POINT('',(0.017482835035443,-0.00907871247363353,-0.00149937349091546));
#15792=CARTESIAN_POINT('',(0.0174957821150343,-0.0091,-0.00154253042288672));
#15793=CARTESIAN_POINT('',(0.0174804925652816,-0.00899999999998099,-0.00149156525704423));
#15794=CARTESIAN_POINT('',(0.0174957821150343,-0.0091,-0.00154253042288671));
#15795=CARTESIAN_POINT('',(0.0177183697139159,-0.0091,-0.00228448908582524));
#15796=CARTESIAN_POINT('',(0.0175130229881683,-0.007,-0.0016));
#15797=CARTESIAN_POINT('',(0.0174957821150343,-0.007,-0.00154253042288675));
#15798=CARTESIAN_POINT('',(0.0174957821150343,-0.007,-0.00154253042288674));
#15799=CARTESIAN_POINT('',(0.017489145089502,-0.00701091213204386,-0.00152040700444561));
#15800=CARTESIAN_POINT('',(0.0174785295657429,-0.00705456022839146,-0.00148502192524869));
#15801=CARTESIAN_POINT('',(0.0174804894015732,-0.00707118571172847,-0.00149155471134976));
#15802=CARTESIAN_POINT('',(0.0174804925652816,-0.0071,-0.00149156525704423));
#15803=CARTESIAN_POINT('',(0.0174804925652816,-0.0071,-0.00149156525704423));
#15804=CARTESIAN_POINT('',(0.0174804925652816,-0.009,-0.00149156525704423));
#15805=CARTESIAN_POINT('',(0.0179524197904487,-0.00701138225952425,-0.00323111209422689));
#15806=CARTESIAN_POINT('',(0.0179492537986252,-0.0070006608736858,-0.00321477968442951));
#15807=CARTESIAN_POINT('',(0.0179423852036959,-0.00698402893205008,-0.00317956450459294));
#15808=CARTESIAN_POINT('',(0.0179333837336648,-0.0070000000000006,-0.00313561030862248));
#15809=CARTESIAN_POINT('',(0.0177809363827687,-0.00688786796563926,-0.00338786796563925));
#15810=CARTESIAN_POINT('',(0.0177746073843153,-0.00685670994466497,-0.00335670994466356));
#15811=CARTESIAN_POINT('',(0.0177611554574894,-0.00679999999999828,-0.00329148825495063));
#15812=CARTESIAN_POINT('',(0.0177374502388099,-0.0068,-0.00317573593128361));
#15813=CARTESIAN_POINT('',(0.0179524197904487,-0.00701138225952425,-0.00323111209422689));
#15814=CARTESIAN_POINT('',(0.0178952586545553,-0.00697021082822925,-0.00328336405136434));
#15815=CARTESIAN_POINT('',(0.017838097518662,-0.00692903939693426,-0.0033356160085018));
#15816=CARTESIAN_POINT('',(0.0177809363827687,-0.00688786796563926,-0.00338786796563925));
#15817=CARTESIAN_POINT('',(0.0179333668304877,-0.00700001725707516,-0.00313561378594483));
#15818=CARTESIAN_POINT('',(0.0178680555446669,-0.00693335046157467,-0.00314898776386664));
#15819=CARTESIAN_POINT('',(0.0178027445059166,-0.00686668366607416,-0.00316236294556402));
#15820=CARTESIAN_POINT('',(0.0177374337142703,-0.00680001687057366,-0.00317573933103013));
#15821=CARTESIAN_POINT('',(0.00827394735363041,-0.00680000000000333,-0.00512274999351938));
#15822=CARTESIAN_POINT('',(0.017718369634096,-0.00699999991666558,-0.00228448910977121));
#15823=CARTESIAN_POINT('',(0.0176545145750212,-0.00693333327777705,-0.00230364562749365));
#15824=CARTESIAN_POINT('',(0.0175906595159464,-0.00686666663888853,-0.00232280214521608));
#15825=CARTESIAN_POINT('',(0.0175268044568717,-0.0068,-0.00234195866293851));
#15826=CARTESIAN_POINT('',(0.0180834300670094,-0.00797180411163106,-0.00418937910289919));
#15827=CARTESIAN_POINT('',(0.0180744717373174,-0.00785538528370174,-0.004073124495801));
#15828=CARTESIAN_POINT('',(0.0180547210478655,-0.00765625364725683,-0.00387434502738551));
#15829=CARTESIAN_POINT('',(0.0180236664984023,-0.00743248926762991,-0.00365109482627858));
#15830=CARTESIAN_POINT('',(0.0180180622200305,-0.00739464642629424,-0.00361334346399918));
#15831=CARTESIAN_POINT('',(0.018008663883293,-0.00733294815763386,-0.00355179753469578));
#15832=CARTESIAN_POINT('',(0.0180035906116303,-0.00730022413359494,-0.00351915544526089));
#15833=CARTESIAN_POINT('',(0.0179867913004057,-0.00719888587945066,-0.00341808394561843));
#15834=CARTESIAN_POINT('',(0.017974617009099,-0.00712980264255759,-0.00334919108940954));
#15835=CARTESIAN_POINT('',(0.0179582669371656,-0.00704131887667307,-0.00326095976072222));
#15836=CARTESIAN_POINT('',(0.0179541822104199,-0.00702050094246704,-0.0032402038944615));
#15837=CARTESIAN_POINT('',(0.0179524197904487,-0.00701138225952363,-0.00323111209422714));
#15838=CARTESIAN_POINT('',(0.0178945756234856,-0.00783786796564404,-0.00433786796564404));
#15839=CARTESIAN_POINT('',(0.0178878600373832,-0.00772290217356885,-0.00422290217356885));
#15840=CARTESIAN_POINT('',(0.0178718476438245,-0.00752607603432099,-0.00402607603432099));
#15841=CARTESIAN_POINT('',(0.0178448240013826,-0.00730471630423999,-0.00380471630423999));
#15842=CARTESIAN_POINT('',(0.0178398948436836,-0.00726727227732061,-0.00376727227732061));
#15843=CARTESIAN_POINT('',(0.0178315925754751,-0.00720621877635612,-0.00370621877635612));
#15844=CARTESIAN_POINT('',(0.0178270989844382,-0.00717383474895292,-0.00367383474895292));
#15845=CARTESIAN_POINT('',(0.0178120759230634,-0.00707352738860867,-0.00357352738860867));
#15846=CARTESIAN_POINT('',(0.0178011002200024,-0.00700513262329759,-0.00350513262329758));
#15847=CARTESIAN_POINT('',(0.0177862732156533,-0.00691751668974886,-0.00341751668974886));
#15848=CARTESIAN_POINT('',(0.0177825429570759,-0.00689689804989135,-0.00339689804989135));
#15849=CARTESIAN_POINT('',(0.0177809363827693,-0.0068878679656418,-0.0033878679656418));
#15850=CARTESIAN_POINT('',(0.0180834300670094,-0.00797180411163106,-0.00418937910289919));
#15851=CARTESIAN_POINT('',(0.0180204785858348,-0.00792715872963539,-0.00423887539048081));
#15852=CARTESIAN_POINT('',(0.0179575271046603,-0.00788251334763971,-0.00428837167806242));
#15853=CARTESIAN_POINT('',(0.0178945756234856,-0.00783786796564404,-0.00433786796564404));
#15854=CARTESIAN_POINT('',(0.0176023661831359,-0.007,-0.00189781064989211));
#15855=CARTESIAN_POINT('',(0.0173042168579901,-0.0068,-0.00160000000000001));
#15856=CARTESIAN_POINT('',(0.0173680719436715,-0.00686666666666667,-0.00158084347429559));
#15857=CARTESIAN_POINT('',(0.0174319270293529,-0.00693333333333333,-0.00156168694859117));
#15858=CARTESIAN_POINT('',(0.0174957821150343,-0.007,-0.00154253042288675));
#15859=CARTESIAN_POINT('',(0.0180834300670094,-0.00812819588836899,-0.00418937910289917));
#15860=CARTESIAN_POINT('',(0.0180860918830668,-0.00809969565420773,-0.00422392219190804));
#15861=CARTESIAN_POINT('',(0.0180861967430068,-0.00807046064684408,-0.00422645378477142));
#15862=CARTESIAN_POINT('',(0.0180861747562985,-0.0080383300447459,-0.00422614931005148));
#15863=CARTESIAN_POINT('',(0.0180860767260338,-0.00802846555330501,-0.00422477695578671));
#15864=CARTESIAN_POINT('',(0.0180854504423203,-0.00800413455175256,-0.00421619441610852));
#15865=CARTESIAN_POINT('',(0.0180848475646038,-0.00798698117007143,-0.00420777434303379));
#15866=CARTESIAN_POINT('',(0.0180834300670094,-0.00797180411163102,-0.00418937910289916));
#15867=CARTESIAN_POINT('',(0.0178945756234856,-0.00826213203435604,-0.00433786796564396));
#15868=CARTESIAN_POINT('',(0.0179006146477361,-0.00817856582862395,-0.00442143417137611));
#15869=CARTESIAN_POINT('',(0.0179006171204978,-0.00810388146865503,-0.00442620053109789));
#15870=CARTESIAN_POINT('',(0.0179005711693012,-0.00801926813800115,-0.00442548766148976));
#15871=CARTESIAN_POINT('',(0.0179003692370413,-0.00799333647954603,-0.00442229001562945));
#15872=CARTESIAN_POINT('',(0.0178990426200829,-0.00792843178660972,-0.00440209846308804));
#15873=CARTESIAN_POINT('',(0.0178977980604917,-0.00788245885096004,-0.00438245885096007));
#15874=CARTESIAN_POINT('',(0.0178945756234856,-0.00783786796564396,-0.00433786796564396));
#15875=CARTESIAN_POINT('',(0.0180834300670094,-0.00812819588836899,-0.00418937910289917));
#15876=CARTESIAN_POINT('',(0.0180204785858348,-0.00817284127036467,-0.00423887539048077));
#15877=CARTESIAN_POINT('',(0.0179575271046603,-0.00821748665236036,-0.00428837167806236));
#15878=CARTESIAN_POINT('',(0.0178945756234856,-0.00826213203435604,-0.00433786796564396));
#15879=CARTESIAN_POINT('',(0.0174957821150343,-0.007,-0.00154253042288675));
#15880=CARTESIAN_POINT('',(0.0174896173776146,-0.00701013562904226,-0.00152198129815432));
#15881=CARTESIAN_POINT('',(0.0174842545795431,-0.00702776645476455,-0.00150410530458265));
#15882=CARTESIAN_POINT('',(0.0174803828186889,-0.00705782363532595,-0.00149119943506845));
#15883=CARTESIAN_POINT('',(0.017479941587206,-0.00706768962219466,-0.00148972866345881));
#15884=CARTESIAN_POINT('',(0.0174798210802305,-0.0070763708854923,-0.0014893269735406));
#15885=CARTESIAN_POINT('',(0.017479811752179,-0.00707719559248171,-0.00148929588003571));
#15886=CARTESIAN_POINT('',(0.0174799404627298,-0.0070845389003179,-0.00148972491520504));
#15887=CARTESIAN_POINT('',(0.0174804915735427,-0.00709096748349647,-0.00149156195124821));
#15888=CARTESIAN_POINT('',(0.0174804925652816,-0.0071,-0.00149156525704423));
#15889=CARTESIAN_POINT('',(0.0173042168579901,-0.0068,-0.00160000000000003));
#15890=CARTESIAN_POINT('',(0.0172884053343634,-0.0068,-0.0015472949756469));
#15891=CARTESIAN_POINT('',(0.0172711250516871,-0.00681300070478862,-0.00148673516232546));
#15892=CARTESIAN_POINT('',(0.0172475285201964,-0.00687510409927799,-0.00139820502096249));
#15893=CARTESIAN_POINT('',(0.0172405278492202,-0.00690448501574407,-0.00137081207742933));
#15894=CARTESIAN_POINT('',(0.0172345486341755,-0.00693810802788069,-0.00134705871710309));
#15895=CARTESIAN_POINT('',(0.0172339672593517,-0.00694103733803313,-0.00134474652085823));
#15896=CARTESIAN_POINT('',(0.0172291871562842,-0.00697738012342685,-0.00132543155246322));
#15897=CARTESIAN_POINT('',(0.017223030544699,-0.00701001007910802,-0.00129999999999994));
#15898=CARTESIAN_POINT('',(0.0172230229881683,-0.00710000000000018,-0.0013));
#15899=CARTESIAN_POINT('',(0.0174804925652816,-0.0071,-0.00149156525704423));
#15900=CARTESIAN_POINT('',(0.0173946693729105,-0.0071,-0.00142771017136282));
#15901=CARTESIAN_POINT('',(0.0173088461805394,-0.0071,-0.00136385508568141));
#15902=CARTESIAN_POINT('',(0.0172230229881683,-0.0071,-0.0013));
#15903=CARTESIAN_POINT('',(0.0179524197904494,-0.00908861774047287,-0.00323111209423063));
#15904=CARTESIAN_POINT('',(0.0179700382767615,-0.00899746047359027,-0.00332200062285028));
#15905=CARTESIAN_POINT('',(0.0180070742025325,-0.00878774183523375,-0.00353113878555269));
#15906=CARTESIAN_POINT('',(0.0180539692057529,-0.00844847013392583,-0.00386963334623147));
#15907=CARTESIAN_POINT('',(0.0180746167955842,-0.00824272959823056,-0.00407500695518612));
#15908=CARTESIAN_POINT('',(0.0180834300670094,-0.00812819588836895,-0.00418937910289917));
#15909=CARTESIAN_POINT('',(0.0177809363827699,-0.00921213203435473,-0.00338786796564527));
#15910=CARTESIAN_POINT('',(0.0177970007731131,-0.00912183884929395,-0.00347816115070604));
#15911=CARTESIAN_POINT('',(0.0178303993043195,-0.00891422064686043,-0.00368577935313957));
#15912=CARTESIAN_POINT('',(0.0178711791006681,-0.00857859914868576,-0.00402140085131424));
#15913=CARTESIAN_POINT('',(0.0178879690240262,-0.00837523219286574,-0.00422476780713426));
#15914=CARTESIAN_POINT('',(0.0178945756234856,-0.00826213203435597,-0.00433786796564403));
#15915=CARTESIAN_POINT('',(0.0179524197904494,-0.00908861774047287,-0.00323111209423063));
#15916=CARTESIAN_POINT('',(0.0178952586545563,-0.00912978917176682,-0.00328336405136884));
#15917=CARTESIAN_POINT('',(0.0178380975186631,-0.00917096060306078,-0.00333561600850705));
#15918=CARTESIAN_POINT('',(0.0177809363827699,-0.00921213203435473,-0.00338786796564527));
#15919=CARTESIAN_POINT('',(0.0174804925652816,-0.01,-0.00149156525704423));
#15920=CARTESIAN_POINT('',(0.0172230229881683,-0.00899999999981715,-0.0013));
#15921=CARTESIAN_POINT('',(0.0173088461805394,-0.00899999999987176,-0.00136385508568141));
#15922=CARTESIAN_POINT('',(0.0173946693729105,-0.00899999999992637,-0.00142771017136282));
#15923=CARTESIAN_POINT('',(0.0174804925652816,-0.00899999999998099,-0.00149156525704423));
#15924=CARTESIAN_POINT('',(0.0179333837336416,-0.00909999999995818,-0.00313561030850903));
#15925=CARTESIAN_POINT('',(0.01794159451224,-0.00911456739425525,-0.0031757035566469));
#15926=CARTESIAN_POINT('',(0.0179475811854839,-0.00910500281595286,-0.00320615117090839));
#15927=CARTESIAN_POINT('',(0.0179524197904494,-0.0090886177404732,-0.00323111209423079));
#15928=CARTESIAN_POINT('',(0.0177374502387468,-0.0093,-0.00317573593097539));
#15929=CARTESIAN_POINT('',(0.0177594024286848,-0.00930000000011172,-0.00328292815897339));
#15930=CARTESIAN_POINT('',(0.0177711501826326,-0.00926030954685847,-0.00333969045314274));
#15931=CARTESIAN_POINT('',(0.0177809363827701,-0.00921213203435329,-0.00338786796564671));
#15932=CARTESIAN_POINT('',(0.0177373778905801,-0.00930003871435666,-0.00317575076389054));
#15933=CARTESIAN_POINT('',(0.0178027070447445,-0.00923335314449197,-0.00316237059575198));
#15934=CARTESIAN_POINT('',(0.0178680364504059,-0.00916666757462728,-0.00314899165273272));
#15935=CARTESIAN_POINT('',(0.0179333661075298,-0.00909998200476259,-0.00313561393483982));
#15936=CARTESIAN_POINT('',(0.0174804925652816,-0.00899999999998099,-0.00149156525704423));
#15937=CARTESIAN_POINT('',(0.0174804914195158,-0.00900950846200445,-0.00149156143782496));
#15938=CARTESIAN_POINT('',(0.0174797796218957,-0.00901619643365886,-0.00148918877909134));
#15939=CARTESIAN_POINT('',(0.0174799113500658,-0.0090338905184678,-0.00148962787299188));
#15940=CARTESIAN_POINT('',(0.0174805554944136,-0.00904401953048196,-0.00149177502081745));
#15941=CARTESIAN_POINT('',(0.0174845086232538,-0.00907307340741208,-0.00150495211695163));
#15942=CARTESIAN_POINT('',(0.0174896877281076,-0.00908997963815118,-0.0015222157997975));
#15943=CARTESIAN_POINT('',(0.0174957821150343,-0.0091,-0.00154253042288671));
#15944=CARTESIAN_POINT('',(0.0172230229881683,-0.00899999999981715,-0.0013));
#15945=CARTESIAN_POINT('',(0.0172230324890893,-0.00909435843412836,-0.00129999999994249));
#15946=CARTESIAN_POINT('',(0.0172294866454946,-0.00913137937241796,-0.00132686065923841));
#15947=CARTESIAN_POINT('',(0.0172415676347955,-0.00920309735864304,-0.00137501755206053));
#15948=CARTESIAN_POINT('',(0.0172489090953835,-0.0092292944719528,-0.001403472951035));
#15949=CARTESIAN_POINT('',(0.0172719338902216,-0.00928740349162442,-0.00148957094415821));
#15950=CARTESIAN_POINT('',(0.0172885570413409,-0.0093,-0.00154780053478194));
#15951=CARTESIAN_POINT('',(0.0173042168579901,-0.0093,-0.00159999999999997));
#15952=CARTESIAN_POINT('',(0.0174957821150343,-0.0091,-0.00154253042288673));
#15953=CARTESIAN_POINT('',(0.0174319270293529,-0.00916666666666667,-0.00156168694859115));
#15954=CARTESIAN_POINT('',(0.0173680719436715,-0.00923333333333333,-0.00158084347429558));
#15955=CARTESIAN_POINT('',(0.0173042168579901,-0.0093,-0.0016));
#15956=CARTESIAN_POINT('',(0.00827081565497572,-0.00930000000000294,-0.0051235511824403));
#15957=CARTESIAN_POINT('',(0.0175268045526518,-0.00929999990000259,-0.00234195863420447));
#15958=CARTESIAN_POINT('',(0.0175906595797995,-0.00923333329444688,-0.00232280212606015));
#15959=CARTESIAN_POINT('',(0.0176545146069473,-0.00916666668889118,-0.00230364561791583));
#15960=CARTESIAN_POINT('',(0.017718369634095,-0.00910000008333547,-0.00228448910977151));
#15961=CARTESIAN_POINT('',(0.0176023661831359,-0.0091,-0.00189781064989211));
#15962=CARTESIAN_POINT('',(0.,0.,0.));
#15963=CARTESIAN_POINT('',(0.014375,-0.0019,-0.00325));
#15964=CARTESIAN_POINT('',(0.015625,-0.0019,-0.00325));
#15965=CARTESIAN_POINT('',(0.015625,-0.0019,-0.0012));
#15966=CARTESIAN_POINT('',(0.015625,-0.0019,-0.0053));
#15967=CARTESIAN_POINT('',(0.014375,-0.0019,-0.0012));
#15968=CARTESIAN_POINT('',(0.014375,-0.0019,-0.0012));
#15969=CARTESIAN_POINT('',(0.014375,-0.0019,-0.00325));
#15970=CARTESIAN_POINT('',(0.014375,-0.0019,-0.0053));
#15971=CARTESIAN_POINT('',(0.014375,-0.0019,-0.0053));
#15972=CARTESIAN_POINT('',(0.014375,-5.E-05,-0.0012));
#15973=CARTESIAN_POINT('',(0.015625,-5.E-05,-0.0012));
#15974=CARTESIAN_POINT('',(0.015625,0.0018,-0.0012));
#15975=CARTESIAN_POINT('',(0.014375,0.0018,-0.0012));
#15976=CARTESIAN_POINT('',(0.014375,0.0018,-0.0012));
#15977=CARTESIAN_POINT('',(0.014375,-5.E-05,-0.0012));
#15978=CARTESIAN_POINT('',(0.014375,0.0018,-0.00325));
#15979=CARTESIAN_POINT('',(0.015625,0.0018,-0.00325));
#15980=CARTESIAN_POINT('',(0.015625,0.0018,-0.0053));
#15981=CARTESIAN_POINT('',(0.014375,0.0018,-0.0053));
#15982=CARTESIAN_POINT('',(0.014375,0.0018,-0.0053));
#15983=CARTESIAN_POINT('',(0.014375,0.0018,-0.00325));
#15984=CARTESIAN_POINT('',(0.014375,-5.00000000000014E-05,-0.0053));
#15985=CARTESIAN_POINT('',(0.015625,-5.00000000000014E-05,-0.0053));
#15986=CARTESIAN_POINT('',(0.014375,-5.00000000000014E-05,-0.0053));
#15987=CARTESIAN_POINT('',(0.014375,0.,-0.00325));
#15988=CARTESIAN_POINT('',(0.015625,0.,-0.00325));
#15989=CARTESIAN_POINT('',(0.015625,-0.000675,-0.003925));
#15990=CARTESIAN_POINT('',(0.015625,-0.000262132034355965,-0.00433786796564403));
#15991=CARTESIAN_POINT('',(0.015625,-0.00121213203435596,-0.00338786796564404));
#15992=CARTESIAN_POINT('',(0.015625,-0.001,-0.00317573593128807));
#15993=CARTESIAN_POINT('',(0.015625,-0.0013,-0.00317573593128807));
#15994=CARTESIAN_POINT('',(0.015625,-0.0013,-0.0023));
#15995=CARTESIAN_POINT('',(0.015625,-0.0013,-0.0016));
#15996=CARTESIAN_POINT('',(0.015625,-0.001,-0.0016));
#15997=CARTESIAN_POINT('',(0.015625,-0.001,-0.0013));
#15998=CARTESIAN_POINT('',(0.015625,-5.E-05,-0.0013));
#15999=CARTESIAN_POINT('',(0.015625,0.0009,-0.0013));
#16000=CARTESIAN_POINT('',(0.015625,0.0009,-0.0016));
#16001=CARTESIAN_POINT('',(0.015625,0.0012,-0.0016));
#16002=CARTESIAN_POINT('',(0.015625,0.0012,-0.0023));
#16003=CARTESIAN_POINT('',(0.015625,0.0012,-0.00317573593128807));
#16004=CARTESIAN_POINT('',(0.015625,0.0009,-0.00317573593128807));
#16005=CARTESIAN_POINT('',(0.015625,0.00111213203435596,-0.00338786796564404));
#16006=CARTESIAN_POINT('',(0.015625,0.000575,-0.003925));
#16007=CARTESIAN_POINT('',(0.015625,0.000162132034355965,-0.00433786796564403));
#16008=CARTESIAN_POINT('',(0.015625,-5.E-05,-0.00412573593128807));
#16009=CARTESIAN_POINT('',(0.019125,-5.E-05,-0.0013));
#16010=CARTESIAN_POINT('',(0.019125,-0.001,-0.0013));
#16011=CARTESIAN_POINT('',(0.017227583205044,-0.000999999999907996,-0.0013));
#16012=CARTESIAN_POINT('',(0.0172230229881683,0.0009,-0.0013));
#16013=CARTESIAN_POINT('',(0.0172230229881683,0.0009,-0.0013));
#16014=CARTESIAN_POINT('',(0.019125,0.0009,-0.0013));
#16015=CARTESIAN_POINT('',(0.019125,-0.0013,-0.0023));
#16016=CARTESIAN_POINT('',(0.00827081566130026,-0.0013,-0.00512355118087604));
#16017=CARTESIAN_POINT('',(0.0177373353352034,-0.0013,-0.00317573593128807));
#16018=CARTESIAN_POINT('',(0.0175268034601907,-0.00129999875898708,-0.00234195896351818));
#16019=CARTESIAN_POINT('',(0.017321457731124,-0.0013,-0.00165746957711327));
#16020=CARTESIAN_POINT('',(0.0173042168579901,-0.0013,-0.0016));
#16021=CARTESIAN_POINT('',(0.019125,-0.0013,-0.0016));
#16022=CARTESIAN_POINT('',(0.019125,-0.0013,-0.00317573593128807));
#16023=CARTESIAN_POINT('',(0.019125,-0.000675,-0.003925));
#16024=CARTESIAN_POINT('',(0.019125,-0.000262132034355965,-0.00433786796564403));
#16025=CARTESIAN_POINT('',(0.0178956131785454,-0.000262132034355965,-0.00433786796564403));
#16026=CARTESIAN_POINT('',(0.0178945756234857,-0.000262132034355996,-0.004337867965644));
#16027=CARTESIAN_POINT('',(0.0178765288827011,-0.000571079058672677,-0.00402892094132732));
#16028=CARTESIAN_POINT('',(0.0178386491357959,-0.000887745725338914,-0.00371225427466109));
#16029=CARTESIAN_POINT('',(0.0177809363827698,-0.00121213203435471,-0.00338786796564529));
#16030=CARTESIAN_POINT('',(0.0177809363827696,-0.00121213203435596,-0.00338786796564404));
#16031=CARTESIAN_POINT('',(0.019125,-0.00121213203435596,-0.00338786796564404));
#16032=CARTESIAN_POINT('',(0.019125,0.000575,-0.003925));
#16033=CARTESIAN_POINT('',(0.019125,0.00111213203435596,-0.00338786796564404));
#16034=CARTESIAN_POINT('',(0.0177809363827693,0.00111213203435596,-0.00338786796564404));
#16035=CARTESIAN_POINT('',(0.0177809363827692,0.00111213203435816,-0.00338786796564184));
#16036=CARTESIAN_POINT('',(0.0178386491204262,0.00078774561708123,-0.00371225438291877));
#16037=CARTESIAN_POINT('',(0.0178765288673317,0.000471078950413831,-0.00402892104958617));
#16038=CARTESIAN_POINT('',(0.0178945756234857,0.000162132034355959,-0.00433786796564404));
#16039=CARTESIAN_POINT('',(0.0178945756234857,0.000162132034355965,-0.00433786796564403));
#16040=CARTESIAN_POINT('',(0.019125,0.000162132034355965,-0.00433786796564403));
#16041=CARTESIAN_POINT('',(0.019125,0.0012,-0.0023));
#16042=CARTESIAN_POINT('',(0.019125,0.0012,-0.0016));
#16043=CARTESIAN_POINT('',(0.0173042168579901,0.0012,-0.0016));
#16044=CARTESIAN_POINT('',(0.0175268044568716,0.0012,-0.00234195866293851));
#16045=CARTESIAN_POINT('',(0.0175268032232747,0.0011999995706332,-0.00234195903367543));
#16046=CARTESIAN_POINT('',(0.0082739473540563,0.0012,-0.00512274999341562));
#16047=CARTESIAN_POINT('',(0.0177374502388108,0.0012,-0.00317573593128807));
#16048=CARTESIAN_POINT('',(0.019125,0.0012,-0.00317573593128807));
#16049=CARTESIAN_POINT('',(0.019125,0.0009,-0.0016));
#16050=CARTESIAN_POINT('',(0.0172230229881683,0.0009,-0.0013));
#16051=CARTESIAN_POINT('',(0.0172230342206198,0.00103376607123995,-0.0013));
#16052=CARTESIAN_POINT('',(0.0172500988438937,0.00120000000000001,-0.00141960680588098));
#16053=CARTESIAN_POINT('',(0.0173042168579901,0.0012,-0.00160000000000002));
#16054=CARTESIAN_POINT('',(0.019125,0.0009,-0.00317573593128807));
#16055=CARTESIAN_POINT('',(0.0177374502388099,0.0012,-0.00317573593128357));
#16056=CARTESIAN_POINT('',(0.0177519456201295,0.00120000000000118,-0.00325427574762248));
#16057=CARTESIAN_POINT('',(0.017766441001449,0.00116766807108601,-0.0033323319289114));
#16058=CARTESIAN_POINT('',(0.0177809363827686,0.00111213203436091,-0.00338786796563909));
#16059=CARTESIAN_POINT('',(0.019125,-5.E-05,-0.00412573593128807));
#16060=CARTESIAN_POINT('',(0.0178945756234857,0.000162132034355993,-0.00433786796564401));
#16061=CARTESIAN_POINT('',(0.0179026024170671,5.10602488005454E-05,-0.00444893975119948));
#16062=CARTESIAN_POINT('',(0.0179026024170671,-0.000151059673003488,-0.00444894032699651));
#16063=CARTESIAN_POINT('',(0.0178945756234857,-0.000262132034355963,-0.00433786796564404));
#16064=CARTESIAN_POINT('',(0.019125,-0.001,-0.00317573593128807));
#16065=CARTESIAN_POINT('',(0.0177809363827702,-0.00121213203435321,-0.00338786796564679));
#16066=CARTESIAN_POINT('',(0.0177664410014291,-0.00126766807115552,-0.00333233192884592));
#16067=CARTESIAN_POINT('',(0.0177519456200879,-0.00130000000008186,-0.00325427574742067));
#16068=CARTESIAN_POINT('',(0.0177374502387468,-0.0013,-0.0031757359309754));
#16069=CARTESIAN_POINT('',(0.019125,-0.001,-0.0016));
#16070=CARTESIAN_POINT('',(0.0173042168579901,-0.0013,-0.00159999999999996));
#16071=CARTESIAN_POINT('',(0.0172501010810112,-0.00129999999999998,-0.00141961381275737));
#16072=CARTESIAN_POINT('',(0.0172230364577373,-0.00113377307811636,-0.0013));
#16073=CARTESIAN_POINT('',(0.0172230229881683,-0.000999999999999999,-0.0013));
#16074=CARTESIAN_POINT('',(0.0180870203864632,-0.00112185003912846,-0.00423798554399079));
#16075=CARTESIAN_POINT('',(0.0180870203864632,-0.000407283190428201,-0.00423798554399079));
#16076=CARTESIAN_POINT('',(0.0180870203864632,0.00030728365827206,-0.00423798554399079));
#16077=CARTESIAN_POINT('',(0.0180870203864632,0.00102185050697232,-0.00423798554399079));
#16078=CARTESIAN_POINT('',(0.018038953186342,-0.00112185003912846,-0.00359102693253251));
#16079=CARTESIAN_POINT('',(0.018038953186342,-0.000407283190428201,-0.00359102693253251));
#16080=CARTESIAN_POINT('',(0.018038953186342,0.00030728365827206,-0.00359102693253251));
#16081=CARTESIAN_POINT('',(0.018038953186342,0.00102185050697232,-0.00359102693253251));
#16082=CARTESIAN_POINT('',(0.0179160696288263,-0.00112185003912846,-0.00293986144647732));
#16083=CARTESIAN_POINT('',(0.0179160696288263,-0.000407283190428201,-0.00293986144647733));
#16084=CARTESIAN_POINT('',(0.0179160696288263,0.00030728365827206,-0.00293986144647732));
#16085=CARTESIAN_POINT('',(0.0179160696288263,0.00102185050697232,-0.00293986144647733));
#16086=CARTESIAN_POINT('',(0.0177183697139159,-0.00112185003912846,-0.00228448908582524));
#16087=CARTESIAN_POINT('',(0.0177183697139159,-0.000407283190428201,-0.00228448908582524));
#16088=CARTESIAN_POINT('',(0.0177183697139159,0.00030728365827206,-0.00228448908582524));
#16089=CARTESIAN_POINT('',(0.0177183697139159,0.00102185050697232,-0.00228448908582524));
#16090=CARTESIAN_POINT('',(0.0179333837336648,0.000999999999999398,-0.00313561030862247));
#16091=CARTESIAN_POINT('',(0.0179423852036958,0.00101597106795004,-0.00317956450459271));
#16092=CARTESIAN_POINT('',(0.0179492537986253,0.000999339126314131,-0.00321477968442992));
#16093=CARTESIAN_POINT('',(0.0179524197904487,0.000988617740475813,-0.00323111209422681));
#16094=CARTESIAN_POINT('',(0.0179524197904487,0.000988617740476327,-0.00323111209422719));
#16095=CARTESIAN_POINT('',(0.0179333837336648,0.000999999999999398,-0.00313561030862247));
#16096=CARTESIAN_POINT('',(0.0177183676714301,0.000999997867284528,-0.00228448969963805));
#16097=CARTESIAN_POINT('',(0.0178026182425224,0.000999992825831381,-0.0025648191994083));
#16098=CARTESIAN_POINT('',(0.0178743793648387,0.000999987784378234,-0.00284890220808097));
#16099=CARTESIAN_POINT('',(0.0179333668304873,0.000999982742925088,-0.00313561378594428));
#16100=CARTESIAN_POINT('',(0.0177183689535054,0.000999999372428161,-0.00228448931516228));
#16101=CARTESIAN_POINT('',(0.0177183697139159,-0.002,-0.00228448908582524));
#16102=CARTESIAN_POINT('',(0.0177183685779456,-0.00109999898028242,-0.002284489428011));
#16103=CARTESIAN_POINT('',(0.0179333661075086,-0.00109998200478217,-0.00313561393484761));
#16104=CARTESIAN_POINT('',(0.0178743743372027,-0.00109998690013721,-0.0028489033429821));
#16105=CARTESIAN_POINT('',(0.0178026131425796,-0.00109999179549225,-0.00256482064317028));
#16106=CARTESIAN_POINT('',(0.0177183665447507,-0.0010999966908473,-0.00228449003818356));
#16107=CARTESIAN_POINT('',(0.0179333837336422,-0.0011,-0.00313561030851234));
#16108=CARTESIAN_POINT('',(0.0179524197904494,-0.00108861774047318,-0.00323111209423083));
#16109=CARTESIAN_POINT('',(0.0179475811854839,-0.00110500281595295,-0.0032061511709081));
#16110=CARTESIAN_POINT('',(0.01794159451224,-0.00111456739425507,-0.00317570355664718));
#16111=CARTESIAN_POINT('',(0.0179333837336416,-0.00109999999995818,-0.00313561030850904));
#16112=CARTESIAN_POINT('',(0.0179524197904494,-0.00108861774047318,-0.00323111209423083));
#16113=CARTESIAN_POINT('',(0.0180834300670094,-0.000128195888368977,-0.00418937910289915));
#16114=CARTESIAN_POINT('',(0.0180790234312968,-0.000185462743299225,-0.00413219302904289));
#16115=CARTESIAN_POINT('',(0.0180639076966548,-0.000348320847248014,-0.0039696052503165));
#16116=CARTESIAN_POINT('',(0.0180325702461352,-0.00061760872174714,-0.00370085663511053));
#16117=CARTESIAN_POINT('',(0.0179889415436607,-0.000889880173242169,-0.00342928460459382));
#16118=CARTESIAN_POINT('',(0.0179612290336054,-0.00104303910703208,-0.00327655635854026));
#16119=CARTESIAN_POINT('',(0.0179524197904494,-0.00108861774047284,-0.00323111209423065));
#16120=CARTESIAN_POINT('',(0.0180834300670094,-0.000128195888368977,-0.00418937910289915));
#16121=CARTESIAN_POINT('',(0.0180834300670094,2.81958883689684E-05,-0.00418937910289918));
#16122=CARTESIAN_POINT('',(0.0180862650621981,-2.15822851162128E-06,-0.00422616958316848));
#16123=CARTESIAN_POINT('',(0.01808618569777,-4.71535495313245E-05,-0.00422745571571112));
#16124=CARTESIAN_POINT('',(0.0180860918830669,-9.96956542069711E-05,-0.00422392219190842));
#16125=CARTESIAN_POINT('',(0.0180834300670094,-0.000128195888368966,-0.0041893791028992));
#16126=CARTESIAN_POINT('',(0.0180834300670094,2.81958883689684E-05,-0.00418937910289918));
#16127=CARTESIAN_POINT('',(0.0179524197904487,0.000988617740476327,-0.00323111209422719));
#16128=CARTESIAN_POINT('',(0.0179541822104199,0.000979499057532538,-0.00324020389446168));
#16129=CARTESIAN_POINT('',(0.0179624018892166,0.000938982108978441,-0.0032805969496286));
#16130=CARTESIAN_POINT('',(0.017998971910906,0.00073094947458412,-0.00348805738500323));
#16131=CARTESIAN_POINT('',(0.0180128562032672,0.000639889953547786,-0.00357889168299697));
#16132=CARTESIAN_POINT('',(0.0180354233802384,0.000488979294737491,-0.00372943461112653));
#16133=CARTESIAN_POINT('',(0.018065069685942,0.000241104426293505,-0.00397680308237668));
#16134=CARTESIAN_POINT('',(0.0180789509021634,8.64053023337816E-05,-0.00413125179935028));
#16135=CARTESIAN_POINT('',(0.0180834300670094,2.81958883689398E-05,-0.00418937910289919));
#16136=CARTESIAN_POINT('',(0.0176023661831359,-0.002,-0.00189781064989211));
#16137=CARTESIAN_POINT('',(0.0174804925652816,-0.000999999999980867,-0.00149156525704423));
#16138=CARTESIAN_POINT('',(0.0174803179087848,-0.00105350758765889,-0.00149098306872149));
#16139=CARTESIAN_POINT('',(0.0174828350354428,-0.00107871247363299,-0.00149937349091508));
#16140=CARTESIAN_POINT('',(0.0174957821150343,-0.0011,-0.00154253042288672));
#16141=CARTESIAN_POINT('',(0.0174804925652816,-0.000999999999980866,-0.00149156525704423));
#16142=CARTESIAN_POINT('',(0.0174957821150343,-0.0011,-0.00154253042288671));
#16143=CARTESIAN_POINT('',(0.0177183697139159,-0.0011,-0.00228448908582524));
#16144=CARTESIAN_POINT('',(0.0175130229881683,0.001,-0.0016));
#16145=CARTESIAN_POINT('',(0.0174957821150343,0.001,-0.00154253042288674));
#16146=CARTESIAN_POINT('',(0.0174957821150343,0.000999999999999998,-0.00154253042288674));
#16147=CARTESIAN_POINT('',(0.017489145089502,0.000989087867956184,-0.00152040700444562));
#16148=CARTESIAN_POINT('',(0.0174785295657429,0.000945439771608471,-0.00148502192524866));
#16149=CARTESIAN_POINT('',(0.0174804894015732,0.000928814288271525,-0.00149155471134976));
#16150=CARTESIAN_POINT('',(0.0174804925652816,0.000899999999999998,-0.00149156525704423));
#16151=CARTESIAN_POINT('',(0.0174804925652816,0.000899999999999981,-0.00149156525704423));
#16152=CARTESIAN_POINT('',(0.0174804925652816,-0.001,-0.00149156525704423));
#16153=CARTESIAN_POINT('',(0.0179524197904487,0.000988617740475813,-0.00323111209422681));
#16154=CARTESIAN_POINT('',(0.0179492537986253,0.000999339126314131,-0.00321477968442992));
#16155=CARTESIAN_POINT('',(0.0179423852036958,0.00101597106795004,-0.00317956450459271));
#16156=CARTESIAN_POINT('',(0.0179333837336648,0.000999999999999398,-0.00313561030862247));
#16157=CARTESIAN_POINT('',(0.0177809363827686,0.00111213203436091,-0.00338786796563909));
#16158=CARTESIAN_POINT('',(0.017774607384316,0.00114329005533477,-0.00335670994466377));
#16159=CARTESIAN_POINT('',(0.0177611554574895,0.00120000000000173,-0.00329148825495058));
#16160=CARTESIAN_POINT('',(0.0177374502388099,0.0012,-0.00317573593128357));
#16161=CARTESIAN_POINT('',(0.0179524197904487,0.000988617740475813,-0.00323111209422681));
#16162=CARTESIAN_POINT('',(0.0178952586545553,0.00102978917177085,-0.00328336405136423));
#16163=CARTESIAN_POINT('',(0.017838097518662,0.00107096060306588,-0.00333561600850166));
#16164=CARTESIAN_POINT('',(0.0177809363827686,0.00111213203436091,-0.00338786796563909));
#16165=CARTESIAN_POINT('',(0.0179333668304877,0.000999982742924788,-0.00313561378594482));
#16166=CARTESIAN_POINT('',(0.0178680555446669,0.00106664953842536,-0.00314898776386662));
#16167=CARTESIAN_POINT('',(0.0178027445059167,0.00113331633392594,-0.00316236294556397));
#16168=CARTESIAN_POINT('',(0.0177374337142704,0.00119998312942651,-0.00317573933103006));
#16169=CARTESIAN_POINT('',(0.0082739473540563,0.0012,-0.00512274999341562));
#16170=CARTESIAN_POINT('',(0.017718369634096,0.00100000008333443,-0.00228448910977122));
#16171=CARTESIAN_POINT('',(0.0176545145750212,0.00106666672222296,-0.00230364562749365));
#16172=CARTESIAN_POINT('',(0.0175906595159464,0.00113333336111148,-0.00232280214521608));
#16173=CARTESIAN_POINT('',(0.0175268044568717,0.0012,-0.00234195866293851));
#16174=CARTESIAN_POINT('',(0.0180834300670094,2.81958883689398E-05,-0.00418937910289919));
#16175=CARTESIAN_POINT('',(0.0180744717373174,0.000144614716298623,-0.00407312449580137));
#16176=CARTESIAN_POINT('',(0.0180547210478655,0.000343746352743168,-0.0038743450273857));
#16177=CARTESIAN_POINT('',(0.0180236664984023,0.000567510732370029,-0.0036510948262786));
#16178=CARTESIAN_POINT('',(0.0180180622200305,0.000605353573706081,-0.00361334346399887));
#16179=CARTESIAN_POINT('',(0.018008663883293,0.000667051842365694,-0.00355179753469621));
#16180=CARTESIAN_POINT('',(0.0180035906116302,0.000699775866405222,-0.00351915544526078));
#16181=CARTESIAN_POINT('',(0.0179867913004057,0.00080111412054901,-0.00341808394561872));
#16182=CARTESIAN_POINT('',(0.0179746170090991,0.000870197357441967,-0.00334919108941006));
#16183=CARTESIAN_POINT('',(0.0179582669371655,0.000958681123327187,-0.0032609597607219));
#16184=CARTESIAN_POINT('',(0.0179541822104199,0.000979499057532538,-0.00324020389446168));
#16185=CARTESIAN_POINT('',(0.0179524197904487,0.000988617740476327,-0.00323111209422719));
#16186=CARTESIAN_POINT('',(0.0178945756234856,0.000162132034355959,-0.00433786796564404));
#16187=CARTESIAN_POINT('',(0.017887860037384,0.000277097826431028,-0.00422290217356897));
#16188=CARTESIAN_POINT('',(0.0178718476438237,0.000473923965679093,-0.0040260760343209));
#16189=CARTESIAN_POINT('',(0.0178448240013828,0.000695283695759922,-0.00380471630424008));
#16190=CARTESIAN_POINT('',(0.0178398948436835,0.000732727722679631,-0.00376727227732036));
#16191=CARTESIAN_POINT('',(0.0178315925754752,0.000793781223643525,-0.00370621877635647));
#16192=CARTESIAN_POINT('',(0.0178270989844379,0.0008261652510472,-0.0036738347489528));
#16193=CARTESIAN_POINT('',(0.0178120759230636,0.000926472611391045,-0.00357352738860895));
#16194=CARTESIAN_POINT('',(0.0178011002200024,0.000994867376701978,-0.00350513262329802));
#16195=CARTESIAN_POINT('',(0.0177862732156533,0.00108248331025139,-0.00341751668974861));
#16196=CARTESIAN_POINT('',(0.0177825429570756,0.00110310195010835,-0.00339689804989165));
#16197=CARTESIAN_POINT('',(0.0177809363827693,0.00111213203435815,-0.00338786796564185));
#16198=CARTESIAN_POINT('',(0.0180834300670094,2.81958883689398E-05,-0.00418937910289919));
#16199=CARTESIAN_POINT('',(0.0180204785858348,7.28412703646127E-05,-0.00423887539048081));
#16200=CARTESIAN_POINT('',(0.0179575271046603,0.000117486652360286,-0.00428837167806242));
#16201=CARTESIAN_POINT('',(0.0178945756234856,0.000162132034355959,-0.00433786796564404));
#16202=CARTESIAN_POINT('',(0.0176023661831359,0.001,-0.00189781064989211));
#16203=CARTESIAN_POINT('',(0.0173042168579901,0.0012,-0.00160000000000001));
#16204=CARTESIAN_POINT('',(0.0173680719436715,0.00113333333333333,-0.00158084347429559));
#16205=CARTESIAN_POINT('',(0.0174319270293529,0.00106666666666667,-0.00156168694859116));
#16206=CARTESIAN_POINT('',(0.0174957821150343,0.001,-0.00154253042288674));
#16207=CARTESIAN_POINT('',(0.0180834300670094,-0.000128195888368966,-0.0041893791028992));
#16208=CARTESIAN_POINT('',(0.0180860918830669,-9.96956542069711E-05,-0.00422392219190842));
#16209=CARTESIAN_POINT('',(0.0180861967430068,-7.04606468457906E-05,-0.00422645378477148));
#16210=CARTESIAN_POINT('',(0.0180861747562985,-3.83300447450699E-05,-0.00422614931005144));
#16211=CARTESIAN_POINT('',(0.0180860767260338,-2.84655533051364E-05,-0.0042247769557867));
#16212=CARTESIAN_POINT('',(0.0180854504423203,-4.13455175245796E-06,-0.00421619441610854));
#16213=CARTESIAN_POINT('',(0.0180848475646038,1.30188299286739E-05,-0.00420777434303383));
#16214=CARTESIAN_POINT('',(0.0180834300670094,2.81958883689684E-05,-0.00418937910289918));
#16215=CARTESIAN_POINT('',(0.0178945756234856,-0.000262132034355963,-0.00433786796564403));
#16216=CARTESIAN_POINT('',(0.0179006146477365,-0.000178565828622317,-0.00442143417137768));
#16217=CARTESIAN_POINT('',(0.0179006171204978,-0.000103881468659493,-0.00442620053109792));
#16218=CARTESIAN_POINT('',(0.0179005711693012,-1.92681379989834E-05,-0.00442548766148974));
#16219=CARTESIAN_POINT('',(0.0179003692370413,6.66352045370488E-06,-0.00442229001562953));
#16220=CARTESIAN_POINT('',(0.017899042620083,7.15682133904636E-05,-0.00440209846308799));
#16221=CARTESIAN_POINT('',(0.0178977980604912,0.000117541149039968,-0.00438245885096004));
#16222=CARTESIAN_POINT('',(0.0178945756234856,0.000162132034355993,-0.00433786796564401));
#16223=CARTESIAN_POINT('',(0.0180834300670094,-0.000128195888368966,-0.0041893791028992));
#16224=CARTESIAN_POINT('',(0.0180204785858348,-0.000172841270364632,-0.00423887539048081));
#16225=CARTESIAN_POINT('',(0.0179575271046603,-0.000217486652360297,-0.00428837167806242));
#16226=CARTESIAN_POINT('',(0.0178945756234856,-0.000262132034355963,-0.00433786796564403));
#16227=CARTESIAN_POINT('',(0.0174957821150343,0.001,-0.00154253042288674));
#16228=CARTESIAN_POINT('',(0.0174896173776143,0.000989864370957294,-0.00152198129815333));
#16229=CARTESIAN_POINT('',(0.0174842545795433,0.00097223354523723,-0.00150410530458344));
#16230=CARTESIAN_POINT('',(0.0174803828186887,0.00094217636467313,-0.00149119943506804));
#16231=CARTESIAN_POINT('',(0.017479941587206,0.000932310377805724,-0.00148972866345882));
#16232=CARTESIAN_POINT('',(0.0174798210802305,0.000923629114507562,-0.0014893269735406));
#16233=CARTESIAN_POINT('',(0.017479811752179,0.000922804407518103,-0.00148929588003573));
#16234=CARTESIAN_POINT('',(0.0174799404627298,0.000915461099682287,-0.00148972491520502));
#16235=CARTESIAN_POINT('',(0.0174804915735427,0.000909032516503407,-0.00149156195124821));
#16236=CARTESIAN_POINT('',(0.0174804925652816,0.00089999999999998,-0.00149156525704423));
#16237=CARTESIAN_POINT('',(0.0173042168579901,0.0012,-0.0016));
#16238=CARTESIAN_POINT('',(0.0172884053343623,0.0012,-0.00154729497564301));
#16239=CARTESIAN_POINT('',(0.0172711250516883,0.00118699929521511,-0.00148673516233075));
#16240=CARTESIAN_POINT('',(0.0172475285201957,0.00112489590072007,-0.00139820502095974));
#16241=CARTESIAN_POINT('',(0.0172405278492205,0.0010955149842574,-0.00137081207743038));
#16242=CARTESIAN_POINT('',(0.0172345486341754,0.00106189197211879,-0.00134705871710271));
#16243=CARTESIAN_POINT('',(0.0172339672593515,0.00105896266196591,-0.00134474652085772));
#16244=CARTESIAN_POINT('',(0.0172291871562843,0.00102261987657409,-0.00132543155246372));
#16245=CARTESIAN_POINT('',(0.017223030544699,0.000989989920891481,-0.00129999999999994));
#16246=CARTESIAN_POINT('',(0.0172230229881683,0.000899999999999808,-0.0013));
#16247=CARTESIAN_POINT('',(0.0174804925652816,0.0009,-0.00149156525704423));
#16248=CARTESIAN_POINT('',(0.0173946693729105,0.0009,-0.00142771017136282));
#16249=CARTESIAN_POINT('',(0.0173088461805394,0.0009,-0.00136385508568141));
#16250=CARTESIAN_POINT('',(0.0172230229881683,0.0009,-0.0013));
#16251=CARTESIAN_POINT('',(0.0179524197904494,-0.00108861774047284,-0.00323111209423065));
#16252=CARTESIAN_POINT('',(0.0179700382767614,-0.000997460473591312,-0.00332200062284986));
#16253=CARTESIAN_POINT('',(0.0180070742025326,-0.000787741835232409,-0.00353113878555336));
#16254=CARTESIAN_POINT('',(0.0180539692057528,-0.000448470133927172,-0.00386963334623079));
#16255=CARTESIAN_POINT('',(0.0180746167955842,-0.000242729598229473,-0.00407500695518663));
#16256=CARTESIAN_POINT('',(0.0180834300670094,-0.000128195888368977,-0.00418937910289915));
#16257=CARTESIAN_POINT('',(0.0177809363827699,-0.0012121320343547,-0.0033878679656453));
#16258=CARTESIAN_POINT('',(0.0177970007731109,-0.00112183884929431,-0.00347816115070568));
#16259=CARTESIAN_POINT('',(0.0178303993043195,-0.000914220646859679,-0.00368577935314032));
#16260=CARTESIAN_POINT('',(0.0178711791006681,-0.00057859914868651,-0.00402140085131348));
#16261=CARTESIAN_POINT('',(0.017887969024028,-0.000375232192865193,-0.00422476780713481));
#16262=CARTESIAN_POINT('',(0.0178945756234856,-0.000262132034355995,-0.004337867965644));
#16263=CARTESIAN_POINT('',(0.0179524197904494,-0.00108861774047284,-0.00323111209423065));
#16264=CARTESIAN_POINT('',(0.0178952586545563,-0.0011297891717668,-0.00328336405136887));
#16265=CARTESIAN_POINT('',(0.0178380975186631,-0.00117096060306075,-0.00333561600850708));
#16266=CARTESIAN_POINT('',(0.0177809363827699,-0.0012121320343547,-0.0033878679656453));
#16267=CARTESIAN_POINT('',(0.0174804925652816,-0.002,-0.00149156525704423));
#16268=CARTESIAN_POINT('',(0.0172230229881683,-0.000999999999815992,-0.0013));
#16269=CARTESIAN_POINT('',(0.0173088461805394,-0.00099999999987095,-0.00136385508568141));
#16270=CARTESIAN_POINT('',(0.0173946693729105,-0.000999999999925908,-0.00142771017136282));
#16271=CARTESIAN_POINT('',(0.0174804925652816,-0.000999999999980866,-0.00149156525704423));
#16272=CARTESIAN_POINT('',(0.0179333837336416,-0.00109999999995818,-0.00313561030850904));
#16273=CARTESIAN_POINT('',(0.01794159451224,-0.00111456739425507,-0.00317570355664718));
#16274=CARTESIAN_POINT('',(0.0179475811854839,-0.00110500281595295,-0.0032061511709081));
#16275=CARTESIAN_POINT('',(0.0179524197904494,-0.00108861774047318,-0.00323111209423083));
#16276=CARTESIAN_POINT('',(0.0177374502387468,-0.0013,-0.0031757359309754));
#16277=CARTESIAN_POINT('',(0.0177594024286855,-0.00130000000011172,-0.00328292815897334));
#16278=CARTESIAN_POINT('',(0.0177711501826326,-0.00126030954685859,-0.00333969045314266));
#16279=CARTESIAN_POINT('',(0.0177809363827702,-0.00121213203435321,-0.00338786796564679));
#16280=CARTESIAN_POINT('',(0.0177373778905791,-0.00130003871435504,-0.00317575076389076));
#16281=CARTESIAN_POINT('',(0.0178027070447434,-0.00123335314449044,-0.00316237059575226));
#16282=CARTESIAN_POINT('',(0.0178680364504047,-0.00116666757462584,-0.00314899165273301));
#16283=CARTESIAN_POINT('',(0.0179333661075284,-0.00109998200476124,-0.0031356139348401));
#16284=CARTESIAN_POINT('',(0.0174804925652816,-0.000999999999980866,-0.00149156525704423));
#16285=CARTESIAN_POINT('',(0.0174804914195158,-0.00100950846200442,-0.00149156143782503));
#16286=CARTESIAN_POINT('',(0.0174797796218957,-0.00101619643365881,-0.00148918877909133));
#16287=CARTESIAN_POINT('',(0.0174799113500658,-0.00103389051846783,-0.00148962787299189));
#16288=CARTESIAN_POINT('',(0.0174805554944135,-0.00104401953048177,-0.00149177502081737));
#16289=CARTESIAN_POINT('',(0.0174845086232538,-0.00107307340741239,-0.00150495211695177));
#16290=CARTESIAN_POINT('',(0.0174896877281075,-0.00108997963815096,-0.00152221579979737));
#16291=CARTESIAN_POINT('',(0.0174957821150343,-0.0011,-0.00154253042288671));
#16292=CARTESIAN_POINT('',(0.0172230229881683,-0.000999999999815992,-0.0013));
#16293=CARTESIAN_POINT('',(0.0172230324890893,-0.0010943584341283,-0.00129999999994212));
#16294=CARTESIAN_POINT('',(0.0172294866454946,-0.00113137937241785,-0.00132686065923833));
#16295=CARTESIAN_POINT('',(0.0172415676347955,-0.00120309735864312,-0.00137501755206058));
#16296=CARTESIAN_POINT('',(0.0172489090953834,-0.00122929447195243,-0.00140347295103447));
#16297=CARTESIAN_POINT('',(0.0172719338902219,-0.00128740349162504,-0.00148957094415909));
#16298=CARTESIAN_POINT('',(0.0172885570413412,-0.0013,-0.0015478005347811));
#16299=CARTESIAN_POINT('',(0.0173042168579901,-0.0013,-0.00159999999999996));
#16300=CARTESIAN_POINT('',(0.0174957821150343,-0.0011,-0.00154253042288673));
#16301=CARTESIAN_POINT('',(0.0174319270293529,-0.00116666666666667,-0.00156168694859115));
#16302=CARTESIAN_POINT('',(0.0173680719436715,-0.00123333333333333,-0.00158084347429558));
#16303=CARTESIAN_POINT('',(0.0173042168579901,-0.0013,-0.0016));
#16304=CARTESIAN_POINT('',(0.00827081566130026,-0.0013,-0.00512355118087604));
#16305=CARTESIAN_POINT('',(0.0175268045526518,-0.00129999990000259,-0.00234195863420447));
#16306=CARTESIAN_POINT('',(0.0175906595797995,-0.00123333329444689,-0.00232280212606015));
#16307=CARTESIAN_POINT('',(0.0176545146069473,-0.00116666668889118,-0.00230364561791583));
#16308=CARTESIAN_POINT('',(0.017718369634095,-0.00110000008333547,-0.00228448910977152));
#16309=CARTESIAN_POINT('',(0.0176023661831359,-0.0011,-0.00189781064989211));
#16310=MECHANICAL_DESIGN_GEOMETRIC_PRESENTATION_REPRESENTATION('',(#8331),#16315);
#16311=MECHANICAL_DESIGN_GEOMETRIC_PRESENTATION_REPRESENTATION('',(#8332),#16316);
#16312=MECHANICAL_DESIGN_GEOMETRIC_PRESENTATION_REPRESENTATION('',(#8333),#16317);
#16313=MECHANICAL_DESIGN_GEOMETRIC_PRESENTATION_REPRESENTATION('',(#8334),#16318);
#16314=MECHANICAL_DESIGN_GEOMETRIC_PRESENTATION_REPRESENTATION('',(#8335),#16319);
#16315=(
GEOMETRIC_REPRESENTATION_CONTEXT(3)
GLOBAL_UNCERTAINTY_ASSIGNED_CONTEXT((#16320))
GLOBAL_UNIT_ASSIGNED_CONTEXT((#16335,#16330,#16325))
REPRESENTATION_CONTEXT('Part 5','TOP_LEVEL_ASSEMBLY_PART')
);
#16316=(
GEOMETRIC_REPRESENTATION_CONTEXT(3)
GLOBAL_UNCERTAINTY_ASSIGNED_CONTEXT((#16321))
GLOBAL_UNIT_ASSIGNED_CONTEXT((#16336,#16331,#16326))
REPRESENTATION_CONTEXT('Cover','TOP_LEVEL_ASSEMBLY_PART')
);
#16317=(
GEOMETRIC_REPRESENTATION_CONTEXT(3)
GLOBAL_UNCERTAINTY_ASSIGNED_CONTEXT((#16322))
GLOBAL_UNIT_ASSIGNED_CONTEXT((#16337,#16332,#16327))
REPRESENTATION_CONTEXT('Case','TOP_LEVEL_ASSEMBLY_PART')
);
#16318=(
GEOMETRIC_REPRESENTATION_CONTEXT(3)
GLOBAL_UNCERTAINTY_ASSIGNED_CONTEXT((#16323))
GLOBAL_UNIT_ASSIGNED_CONTEXT((#16338,#16333,#16328))
REPRESENTATION_CONTEXT('Button','TOP_LEVEL_ASSEMBLY_PART')
);
#16319=(
GEOMETRIC_REPRESENTATION_CONTEXT(3)
GLOBAL_UNCERTAINTY_ASSIGNED_CONTEXT((#16324))
GLOBAL_UNIT_ASSIGNED_CONTEXT((#16339,#16334,#16329))
REPRESENTATION_CONTEXT('Part 4','TOP_LEVEL_ASSEMBLY_PART')
);
#16320=UNCERTAINTY_MEASURE_WITH_UNIT(LENGTH_MEASURE(2.02E-05),#16335,'DISTANCE_ACCURACY_VALUE','Maximum Tolerance applied to model');
#16321=UNCERTAINTY_MEASURE_WITH_UNIT(LENGTH_MEASURE(2.E-05),#16336,'DISTANCE_ACCURACY_VALUE','Maximum Tolerance applied to model');
#16322=UNCERTAINTY_MEASURE_WITH_UNIT(LENGTH_MEASURE(3.E-05),#16337,'DISTANCE_ACCURACY_VALUE','Maximum Tolerance applied to model');
#16323=UNCERTAINTY_MEASURE_WITH_UNIT(LENGTH_MEASURE(2.02E-05),#16338,'DISTANCE_ACCURACY_VALUE','Maximum Tolerance applied to model');
#16324=UNCERTAINTY_MEASURE_WITH_UNIT(LENGTH_MEASURE(2.02E-05),#16339,'DISTANCE_ACCURACY_VALUE','Maximum Tolerance applied to model');
#16325=(
NAMED_UNIT(*)
SI_UNIT($,.STERADIAN.)
SOLID_ANGLE_UNIT()
);
#16326=(
NAMED_UNIT(*)
SI_UNIT($,.STERADIAN.)
SOLID_ANGLE_UNIT()
);
#16327=(
NAMED_UNIT(*)
SI_UNIT($,.STERADIAN.)
SOLID_ANGLE_UNIT()
);
#16328=(
NAMED_UNIT(*)
SI_UNIT($,.STERADIAN.)
SOLID_ANGLE_UNIT()
);
#16329=(
NAMED_UNIT(*)
SI_UNIT($,.STERADIAN.)
SOLID_ANGLE_UNIT()
);
#16330=(
NAMED_UNIT(*)
PLANE_ANGLE_UNIT()
SI_UNIT($,.RADIAN.)
);
#16331=(
NAMED_UNIT(*)
PLANE_ANGLE_UNIT()
SI_UNIT($,.RADIAN.)
);
#16332=(
NAMED_UNIT(*)
PLANE_ANGLE_UNIT()
SI_UNIT($,.RADIAN.)
);
#16333=(
NAMED_UNIT(*)
PLANE_ANGLE_UNIT()
SI_UNIT($,.RADIAN.)
);
#16334=(
NAMED_UNIT(*)
PLANE_ANGLE_UNIT()
SI_UNIT($,.RADIAN.)
);
#16335=(
LENGTH_UNIT()
NAMED_UNIT(*)
SI_UNIT($,.METRE.)
);
#16336=(
LENGTH_UNIT()
NAMED_UNIT(*)
SI_UNIT($,.METRE.)
);
#16337=(
LENGTH_UNIT()
NAMED_UNIT(*)
SI_UNIT($,.METRE.)
);
#16338=(
LENGTH_UNIT()
NAMED_UNIT(*)
SI_UNIT($,.METRE.)
);
#16339=(
LENGTH_UNIT()
NAMED_UNIT(*)
SI_UNIT($,.METRE.)
);
#16340=PRODUCT_DEFINITION_SHAPE('','',#16345);
#16341=PRODUCT_DEFINITION_SHAPE('','',#16346);
#16342=PRODUCT_DEFINITION_SHAPE('','',#16347);
#16343=PRODUCT_DEFINITION_SHAPE('','',#16348);
#16344=PRODUCT_DEFINITION_SHAPE('','',#16349);
#16345=PRODUCT_DEFINITION('','',#16355,#16350);
#16346=PRODUCT_DEFINITION('','',#16356,#16351);
#16347=PRODUCT_DEFINITION('','',#16357,#16352);
#16348=PRODUCT_DEFINITION('','',#16358,#16353);
#16349=PRODUCT_DEFINITION('','',#16359,#16354);
#16350=PRODUCT_DEFINITION_CONTEXT('',#16385,'design');
#16351=PRODUCT_DEFINITION_CONTEXT('',#16386,'design');
#16352=PRODUCT_DEFINITION_CONTEXT('',#16387,'design');
#16353=PRODUCT_DEFINITION_CONTEXT('',#16388,'design');
#16354=PRODUCT_DEFINITION_CONTEXT('',#16389,'design');
#16355=PRODUCT_DEFINITION_FORMATION_WITH_SPECIFIED_SOURCE('','',#16365,.NOT_KNOWN.);
#16356=PRODUCT_DEFINITION_FORMATION_WITH_SPECIFIED_SOURCE('','',#16366,.NOT_KNOWN.);
#16357=PRODUCT_DEFINITION_FORMATION_WITH_SPECIFIED_SOURCE('','',#16367,.NOT_KNOWN.);
#16358=PRODUCT_DEFINITION_FORMATION_WITH_SPECIFIED_SOURCE('','',#16368,.NOT_KNOWN.);
#16359=PRODUCT_DEFINITION_FORMATION_WITH_SPECIFIED_SOURCE('','',#16369,.NOT_KNOWN.);
#16360=PRODUCT_RELATED_PRODUCT_CATEGORY('','',(#16365));
#16361=PRODUCT_RELATED_PRODUCT_CATEGORY('','',(#16366));
#16362=PRODUCT_RELATED_PRODUCT_CATEGORY('','',(#16367));
#16363=PRODUCT_RELATED_PRODUCT_CATEGORY('','',(#16368));
#16364=PRODUCT_RELATED_PRODUCT_CATEGORY('','',(#16369));
#16365=PRODUCT('Part 5','Part 5','Part 5',(#16375));
#16366=PRODUCT('Cover','Cover','Cover',(#16376));
#16367=PRODUCT('Case','Case','Case',(#16377));
#16368=PRODUCT('Button','Button','Button',(#16378));
#16369=PRODUCT('Part 4','Part 4','Part 4',(#16379));
#16370=PRODUCT_CATEGORY('','');
#16371=PRODUCT_CATEGORY('','');
#16372=PRODUCT_CATEGORY('','');
#16373=PRODUCT_CATEGORY('','');
#16374=PRODUCT_CATEGORY('','');
#16375=PRODUCT_CONTEXT('',#16385,'mechanical');
#16376=PRODUCT_CONTEXT('',#16386,'mechanical');
#16377=PRODUCT_CONTEXT('',#16387,'mechanical');
#16378=PRODUCT_CONTEXT('',#16388,'mechanical');
#16379=PRODUCT_CONTEXT('',#16389,'mechanical');
#16380=APPLICATION_PROTOCOL_DEFINITION('international standard','ap242_managed_model_based_3d_engineering',2020,#16385);
#16381=APPLICATION_PROTOCOL_DEFINITION('international standard','ap242_managed_model_based_3d_engineering',2020,#16386);
#16382=APPLICATION_PROTOCOL_DEFINITION('international standard','ap242_managed_model_based_3d_engineering',2020,#16387);
#16383=APPLICATION_PROTOCOL_DEFINITION('international standard','ap242_managed_model_based_3d_engineering',2020,#16388);
#16384=APPLICATION_PROTOCOL_DEFINITION('international standard','ap242_managed_model_based_3d_engineering',2020,#16389);
#16385=APPLICATION_CONTEXT('managed model based 3d engineering');
#16386=APPLICATION_CONTEXT('managed model based 3d engineering');
#16387=APPLICATION_CONTEXT('managed model based 3d engineering');
#16388=APPLICATION_CONTEXT('managed model based 3d engineering');
#16389=APPLICATION_CONTEXT('managed model based 3d engineering');
ENDSEC;
END-ISO-10303-21;
